HASH_ROUTE token=0 layer=0 children=755,649,779,713 grandchildren=7550,6490,7790,7130
HASH_ROUTE token=0 layer=1 children=527,689,504,663 grandchildren=5270,6890,5040,6630
HASH_ROUTE token=0 layer=2 children=352,830,36,991 grandchildren=3520,8300,360,9910
HASH_ROUTE token=0 layer=3 children=623,613,535,554 grandchildren=6230,6130,5350,5540
HASH_ROUTE token=0 layer=4 children=465,434,1260,452 grandchildren=4650,4340,12600,4520
HASH_ROUTE token=0 layer=5 children=320,809,963,168 grandchildren=3200,8090,9630,1680
HASH_ROUTE token=0 layer=6 children=461,785,620,946 grandchildren=4610,7850,6200,9460
HASH_ROUTE token=0 layer=7 children=148,99,38,621 grandchildren=1480,990,380,6210
HASH_ROUTE token=0 layer=8 children=1014,697,1100,786 grandchildren=10140,6970,11000,7860
HASH_ROUTE token=0 layer=9 children=131,55,938,156 grandchildren=1310,550,9380,1560
HASH_ROUTE token=0 layer=10 children=616,626,540,587 grandchildren=6160,6260,5400,5870
HASH_ROUTE token=0 layer=11 children=916,1077,866,753 grandchildren=9160,10770,8660,7530
HASH_ROUTE token=0 layer=12 children=359,839,1151,512 grandchildren=3590,8390,11510,5120
HASH_ROUTE token=0 layer=13 children=324,167,489,361 grandchildren=3240,1670,4890,3610
HASH_ROUTE token=0 layer=14 children=1102,1264,1096,947 grandchildren=11020,12640,10960,9470
HASH_ROUTE token=0 layer=15 children=767,127,1080,678 grandchildren=7670,1270,10800,6780
HASH_ROUTE token=0 layer=16 children=921,600,889,124 grandchildren=9210,6000,8890,1240
HASH_ROUTE token=0 layer=17 children=893,954,801,91 grandchildren=8930,9540,8010,910
HASH_ROUTE token=0 layer=18 children=740,1226,268,721 grandchildren=7400,12260,2680,7210
HASH_ROUTE token=0 layer=19 children=322,647,1121,482 grandchildren=3220,6470,11210,4820
HASH_ROUTE token=0 layer=20 children=1264,309,1223,786 grandchildren=12640,3090,12230,7860
HASH_ROUTE token=0 layer=21 children=1180,1238,700,65 grandchildren=11800,12380,7000,650
HASH_ROUTE token=0 layer=22 children=939,295,1090,772 grandchildren=9390,2950,10900,7720
HASH_ROUTE token=0 layer=23 children=109,45,71,261 grandchildren=1090,450,710,2610
HASH_ROUTE token=1 layer=0 children=326,367,434,441 grandchildren=3260,3670,4340,4410
HASH_ROUTE token=1 layer=1 children=172,207,810,843 grandchildren=1720,2070,8100,8430
HASH_ROUTE token=1 layer=2 children=899,576,815,417 grandchildren=8990,5760,8150,4170
HASH_ROUTE token=1 layer=3 children=931,1090,130,294 grandchildren=9310,10900,1300,2940
HASH_ROUTE token=1 layer=4 children=635,317,959,475 grandchildren=6350,3170,9590,4750
HASH_ROUTE token=1 layer=5 children=1212,1130,1174,252 grandchildren=12120,11300,11740,2520
HASH_ROUTE token=1 layer=6 children=289,761,310,197 grandchildren=2890,7610,3100,1970
HASH_ROUTE token=1 layer=7 children=611,521,514,536 grandchildren=6110,5210,5140,5360
HASH_ROUTE token=1 layer=8 children=788,1105,627,944 grandchildren=7880,11050,6270,9440
HASH_ROUTE token=1 layer=9 children=838,513,191,892 grandchildren=8380,5130,1910,8920
HASH_ROUTE token=1 layer=10 children=240,275,187,727 grandchildren=2400,2750,1870,7270
HASH_ROUTE token=1 layer=11 children=10,490,6,173 grandchildren=100,4900,60,1730
HASH_ROUTE token=1 layer=12 children=684,1003,748,772 grandchildren=6840,10030,7480,7720
HASH_ROUTE token=1 layer=13 children=946,147,1260,1105 grandchildren=9460,1470,12600,11050
HASH_ROUTE token=1 layer=14 children=613,936,777,294 grandchildren=6130,9360,7770,2940
HASH_ROUTE token=1 layer=15 children=343,472,827,410 grandchildren=3430,4720,8270,4100
HASH_ROUTE token=1 layer=16 children=429,325,413,434 grandchildren=4290,3250,4130,4340
HASH_ROUTE token=1 layer=17 children=983,1060,662,1056 grandchildren=9830,10600,6620,10560
HASH_ROUTE token=1 layer=18 children=161,186,248,283 grandchildren=1610,1860,2480,2830
HASH_ROUTE token=1 layer=19 children=652,712,778,15 grandchildren=6520,7120,7780,150
HASH_ROUTE token=1 layer=20 children=318,634,178,278 grandchildren=3180,6340,1780,2780
HASH_ROUTE token=1 layer=21 children=10,40,93,335 grandchildren=100,400,930,3350
HASH_ROUTE token=1 layer=22 children=1247,1123,1084,969 grandchildren=12470,11230,10840,9690
HASH_ROUTE token=1 layer=23 children=34,124,44,86 grandchildren=340,1240,440,860
HASH_ROUTE token=2 layer=0 children=960,321,1089,1128 grandchildren=9600,3210,10890,11280
HASH_ROUTE token=2 layer=1 children=295,189,244,160 grandchildren=2950,1890,2440,1600
HASH_ROUTE token=2 layer=2 children=330,973,18,499 grandchildren=3300,9730,180,4990
HASH_ROUTE token=2 layer=3 children=107,1221,267,421 grandchildren=1070,12210,2670,4210
HASH_ROUTE token=2 layer=4 children=200,364,287,449 grandchildren=2000,3640,2870,4490
HASH_ROUTE token=2 layer=5 children=1213,1173,1134,252 grandchildren=12130,11730,11340,2520
HASH_ROUTE token=2 layer=6 children=246,725,1209,88 grandchildren=2460,7250,12090,880
HASH_ROUTE token=2 layer=7 children=697,52,219,534 grandchildren=6970,520,2190,5340
HASH_ROUTE token=2 layer=8 children=311,950,792,1117 grandchildren=3110,9500,7920,11170
HASH_ROUTE token=2 layer=9 children=312,257,957,795 grandchildren=3120,2570,9570,7950
HASH_ROUTE token=2 layer=10 children=545,591,707,1181 grandchildren=5450,5910,7070,11810
HASH_ROUTE token=2 layer=11 children=43,77,61,24 grandchildren=430,770,610,240
HASH_ROUTE token=2 layer=12 children=378,696,850,217 grandchildren=3780,6960,8500,2170
HASH_ROUTE token=2 layer=13 children=86,147,91,50 grandchildren=860,1470,910,500
HASH_ROUTE token=2 layer=14 children=293,196,248,282 grandchildren=2930,1960,2480,2820
HASH_ROUTE token=2 layer=15 children=1003,363,997,351 grandchildren=10030,3630,9970,3510
HASH_ROUTE token=2 layer=16 children=452,418,434,1253 grandchildren=4520,4180,4340,12530
HASH_ROUTE token=2 layer=17 children=180,215,238,1144 grandchildren=1800,2150,2380,11440
HASH_ROUTE token=2 layer=18 children=100,909,429,261 grandchildren=1000,9090,4290,2610
HASH_ROUTE token=2 layer=19 children=676,744,705,1152 grandchildren=6760,7440,7050,11520
HASH_ROUTE token=2 layer=20 children=213,319,244,198 grandchildren=2130,3190,2440,1980
HASH_ROUTE token=2 layer=21 children=33,46,70,831 grandchildren=330,460,700,8310
HASH_ROUTE token=2 layer=22 children=269,428,742,179 grandchildren=2690,4280,7420,1790
HASH_ROUTE token=2 layer=23 children=1037,235,1017,1064 grandchildren=10370,2350,10170,10640
HASH_ROUTE token=3 layer=0 children=901,100,422,951 grandchildren=9010,1000,4220,9510
HASH_ROUTE token=3 layer=1 children=259,189,203,242 grandchildren=2590,1890,2030,2420
HASH_ROUTE token=3 layer=2 children=867,382,891,1024 grandchildren=8670,3820,8910,10240
HASH_ROUTE token=3 layer=3 children=1229,107,740,1154 grandchildren=12290,1070,7400,11540
HASH_ROUTE token=3 layer=4 children=444,382,281,365 grandchildren=4440,3820,2810,3650
HASH_ROUTE token=3 layer=5 children=389,410,865,891 grandchildren=3890,4100,8650,8910
HASH_ROUTE token=3 layer=6 children=728,1203,676,243 grandchildren=7280,12030,6760,2430
HASH_ROUTE token=3 layer=7 children=219,1018,854,294 grandchildren=2190,10180,8540,2940
HASH_ROUTE token=3 layer=8 children=102,58,149,583 grandchildren=1020,580,1490,5830
HASH_ROUTE token=3 layer=9 children=246,314,182,251 grandchildren=2460,3140,1820,2510
HASH_ROUTE token=3 layer=10 children=884,1045,1203,932 grandchildren=8840,10450,12030,9320
HASH_ROUTE token=3 layer=11 children=159,56,956,853 grandchildren=1590,560,9560,8530
HASH_ROUTE token=3 layer=12 children=169,247,213,223 grandchildren=1690,2470,2130,2230
HASH_ROUTE token=3 layer=13 children=729,779,737,787 grandchildren=7290,7790,7370,7870
HASH_ROUTE token=3 layer=14 children=936,855,777,920 grandchildren=9360,8550,7770,9200
HASH_ROUTE token=3 layer=15 children=474,363,371,345 grandchildren=4740,3630,3710,3450
HASH_ROUTE token=3 layer=16 children=251,418,223,381 grandchildren=2510,4180,2230,3810
HASH_ROUTE token=3 layer=17 children=1144,1179,1153,1222 grandchildren=11440,11790,11530,12220
HASH_ROUTE token=3 layer=18 children=151,1114,477,100 grandchildren=1510,11140,4770,1000
HASH_ROUTE token=3 layer=19 children=1208,242,724,1151 grandchildren=12080,2420,7240,11510
HASH_ROUTE token=3 layer=20 children=347,185,362,375 grandchildren=3470,1850,3620,3750
HASH_ROUTE token=3 layer=21 children=143,1262,464,71 grandchildren=1430,12620,4640,710
HASH_ROUTE token=3 layer=22 children=281,238,243,161 grandchildren=2810,2380,2430,1610
HASH_ROUTE token=3 layer=23 children=199,309,213,261 grandchildren=1990,3090,2130,2610
HASH_ROUTE token=4 layer=0 children=106,52,9,908 grandchildren=1060,520,90,9080
HASH_ROUTE token=4 layer=1 children=294,610,934,137 grandchildren=2940,6100,9340,1370
HASH_ROUTE token=4 layer=2 children=570,610,1219,522 grandchildren=5700,6100,12190,5220
HASH_ROUTE token=4 layer=3 children=436,382,273,225 grandchildren=4360,3820,2730,2250
HASH_ROUTE token=4 layer=4 children=247,881,569,724 grandchildren=2470,8810,5690,7240
HASH_ROUTE token=4 layer=5 children=528,202,576,258 grandchildren=5280,2020,5760,2580
HASH_ROUTE token=4 layer=6 children=685,363,1161,520 grandchildren=6850,3630,11610,5200
HASH_ROUTE token=4 layer=7 children=306,177,787,654 grandchildren=3060,1770,7870,6540
HASH_ROUTE token=4 layer=8 children=842,823,902,859 grandchildren=8420,8230,9020,8590
HASH_ROUTE token=4 layer=9 children=774,700,791,721 grandchildren=7740,7000,7910,7210
HASH_ROUTE token=4 layer=10 children=401,240,80,724 grandchildren=4010,2400,800,7240
HASH_ROUTE token=4 layer=11 children=333,1132,401,656 grandchildren=3330,11320,4010,6560
HASH_ROUTE token=4 layer=12 children=981,184,664,1027 grandchildren=9810,1840,6640,10270
HASH_ROUTE token=4 layer=13 children=999,352,676,835 grandchildren=9990,3520,6760,8350
HASH_ROUTE token=4 layer=14 children=178,289,269,338 grandchildren=1780,2890,2690,3380
HASH_ROUTE token=4 layer=15 children=1117,993,1027,1016 grandchildren=11170,9930,10270,10160
HASH_ROUTE token=4 layer=16 children=856,908,816,895 grandchildren=8560,9080,8160,8950
HASH_ROUTE token=4 layer=17 children=1017,1091,968,375 grandchildren=10170,10910,9680,3750
HASH_ROUTE token=4 layer=18 children=766,928,689,703 grandchildren=7660,9280,6890,7030
HASH_ROUTE token=4 layer=19 children=789,708,1261,1187 grandchildren=7890,7080,12610,11870
HASH_ROUTE token=4 layer=20 children=1116,1021,977,966 grandchildren=11160,10210,9770,9660
HASH_ROUTE token=4 layer=21 children=72,717,872,237 grandchildren=720,7170,8720,2370
HASH_ROUTE token=4 layer=22 children=265,246,288,101 grandchildren=2650,2460,2880,1010
HASH_ROUTE token=4 layer=23 children=606,283,1083,505 grandchildren=6060,2830,10830,5050
HASH_ROUTE token=5 layer=0 children=646,689,962,1007 grandchildren=6460,6890,9620,10070
HASH_ROUTE token=5 layer=1 children=241,184,276,177 grandchildren=2410,1840,2760,1770
HASH_ROUTE token=5 layer=2 children=656,749,739,679 grandchildren=6560,7490,7390,6790
HASH_ROUTE token=5 layer=3 children=758,771,915,1079 grandchildren=7580,7710,9150,10790
HASH_ROUTE token=5 layer=4 children=294,615,172,499 grandchildren=2940,6150,1720,4990
HASH_ROUTE token=5 layer=5 children=1212,891,1173,1129 grandchildren=12120,8910,11730,11290
HASH_ROUTE token=5 layer=6 children=734,671,779,668 grandchildren=7340,6710,7790,6680
HASH_ROUTE token=5 layer=7 children=224,65,541,249 grandchildren=2240,650,5410,2490
HASH_ROUTE token=5 layer=8 children=308,269,1106,1066 grandchildren=3080,2690,11060,10660
HASH_ROUTE token=5 layer=9 children=868,226,824,925 grandchildren=8680,2260,8240,9250
HASH_ROUTE token=5 layer=10 children=358,30,435,832 grandchildren=3580,300,4350,8320
HASH_ROUTE token=5 layer=11 children=1211,1167,737,578 grandchildren=12110,11670,7370,5780
HASH_ROUTE token=5 layer=12 children=1084,984,1043,1004 grandchildren=10840,9840,10430,10040
HASH_ROUTE token=5 layer=13 children=133,1091,35,997 grandchildren=1330,10910,350,9970
HASH_ROUTE token=5 layer=14 children=261,289,225,198 grandchildren=2610,2890,2250,1980
HASH_ROUTE token=5 layer=15 children=1029,1016,382,374 grandchildren=10290,10160,3820,3740
HASH_ROUTE token=5 layer=16 children=1174,373,1017,1213 grandchildren=11740,3730,10170,12130
HASH_ROUTE token=5 layer=17 children=507,983,535,613 grandchildren=5070,9830,5350,6130
HASH_ROUTE token=5 layer=18 children=690,707,1017,781 grandchildren=6900,7070,10170,7810
HASH_ROUTE token=5 layer=19 children=789,678,1263,770 grandchildren=7890,6780,12630,7700
HASH_ROUTE token=5 layer=20 children=227,704,266,319 grandchildren=2270,7040,2660,3190
HASH_ROUTE token=5 layer=21 children=72,718,870,558 grandchildren=720,7180,8700,5580
HASH_ROUTE token=5 layer=22 children=464,343,621,502 grandchildren=4640,3430,6210,5020
HASH_ROUTE token=5 layer=23 children=1147,982,180,824 grandchildren=11470,9820,1800,8240
HASH_ROUTE token=6 layer=0 children=805,955,932,853 grandchildren=8050,9550,9320,8530
HASH_ROUTE token=6 layer=1 children=209,242,841,1006 grandchildren=2090,2420,8410,10060
HASH_ROUTE token=6 layer=2 children=447,358,766,921 grandchildren=4470,3580,7660,9210
HASH_ROUTE token=6 layer=3 children=791,673,155,775 grandchildren=7910,6730,1550,7750
HASH_ROUTE token=6 layer=4 children=292,186,169,193 grandchildren=2920,1860,1690,1930
HASH_ROUTE token=6 layer=5 children=891,1212,809,1129 grandchildren=8910,12120,8090,11290
HASH_ROUTE token=6 layer=6 children=430,353,398,422 grandchildren=4300,3530,3980,4220
HASH_ROUTE token=6 layer=7 children=1189,226,1251,299 grandchildren=11890,2260,12510,2990
HASH_ROUTE token=6 layer=8 children=1175,1266,1252,1128 grandchildren=11750,12660,12520,11280
HASH_ROUTE token=6 layer=9 children=185,220,314,272 grandchildren=1850,2200,3140,2720
HASH_ROUTE token=6 layer=10 children=1272,1157,1252,959 grandchildren=12720,11570,12520,9590
HASH_ROUTE token=6 layer=11 children=733,411,93,896 grandchildren=7330,4110,930,8960
HASH_ROUTE token=6 layer=12 children=1088,1247,1056,1219 grandchildren=10880,12470,10560,12190
HASH_ROUTE token=6 layer=13 children=735,676,774,760 grandchildren=7350,6760,7740,7600
HASH_ROUTE token=6 layer=14 children=429,588,261,904 grandchildren=4290,5880,2610,9040
HASH_ROUTE token=6 layer=15 children=1187,1232,1177,1153 grandchildren=11870,12320,11770,11530
HASH_ROUTE token=6 layer=16 children=217,533,1017,270 grandchildren=2170,5330,10170,2700
HASH_ROUTE token=6 layer=17 children=507,343,530,987 grandchildren=5070,3430,5300,9870
HASH_ROUTE token=6 layer=18 children=300,257,179,248 grandchildren=3000,2570,1790,2480
HASH_ROUTE token=6 layer=19 children=1263,789,1159,678 grandchildren=12630,7890,11590,6780
HASH_ROUTE token=6 layer=20 children=227,282,314,265 grandchildren=2270,2820,3140,2650
HASH_ROUTE token=6 layer=21 children=72,555,21,717 grandchildren=720,5550,210,7170
HASH_ROUTE token=6 layer=22 children=1067,269,1110,1049 grandchildren=10670,2690,11100,10490
HASH_ROUTE token=6 layer=23 children=184,1141,981,261 grandchildren=1840,11410,9810,2610
HASH_ROUTE token=7 layer=0 children=50,4,43,120 grandchildren=500,40,430,1200
HASH_ROUTE token=7 layer=1 children=175,657,15,331 grandchildren=1750,6570,150,3310
HASH_ROUTE token=7 layer=2 children=896,738,410,577 grandchildren=8960,7380,4100,5770
HASH_ROUTE token=7 layer=3 children=1230,597,1188,548 grandchildren=12300,5970,11880,5480
HASH_ROUTE token=7 layer=4 children=294,181,194,312 grandchildren=2940,1810,1940,3120
HASH_ROUTE token=7 layer=5 children=1212,1173,1238,1223 grandchildren=12120,11730,12380,12230
HASH_ROUTE token=7 layer=6 children=683,734,792,729 grandchildren=6830,7340,7920,7290
HASH_ROUTE token=7 layer=7 children=224,240,276,294 grandchildren=2240,2400,2760,2940
HASH_ROUTE token=7 layer=8 children=841,944,203,309 grandchildren=8410,9440,2030,3090
HASH_ROUTE token=7 layer=9 children=291,310,939,959 grandchildren=2910,3100,9390,9590
HASH_ROUTE token=7 layer=10 children=592,547,610,497 grandchildren=5920,5470,6100,4970
HASH_ROUTE token=7 layer=11 children=752,695,665,670 grandchildren=7520,6950,6650,6700
HASH_ROUTE token=7 layer=12 children=183,984,298,1098 grandchildren=1830,9840,2980,10980
HASH_ROUTE token=7 layer=13 children=495,976,579,625 grandchildren=4950,9760,5790,6250
HASH_ROUTE token=7 layer=14 children=269,588,904,192 grandchildren=2690,5880,9040,1920
HASH_ROUTE token=7 layer=15 children=1248,1274,1253,1266 grandchildren=12480,12740,12530,12660
HASH_ROUTE token=7 layer=16 children=1055,1213,895,251 grandchildren=10550,12130,8950,2510
HASH_ROUTE token=7 layer=17 children=545,507,611,486 grandchildren=5450,5070,6110,4860
HASH_ROUTE token=7 layer=18 children=244,318,287,184 grandchildren=2440,3180,2870,1840
HASH_ROUTE token=7 layer=19 children=789,1266,305,723 grandchildren=7890,12660,3050,7230
HASH_ROUTE token=7 layer=20 children=227,1024,387,240 grandchildren=2270,10240,3870,2400
HASH_ROUTE token=7 layer=21 children=144,72,949,10 grandchildren=1440,720,9490,100
HASH_ROUTE token=7 layer=22 children=309,287,269,249 grandchildren=3090,2870,2690,2490
HASH_ROUTE token=7 layer=23 children=666,702,764,985 grandchildren=6660,7020,7640,9850
HASH_ROUTE token=8 layer=0 children=320,807,166,1126 grandchildren=3200,8070,1660,11260
HASH_ROUTE token=8 layer=1 children=274,240,436,210 grandchildren=2740,2400,4360,2100
HASH_ROUTE token=8 layer=2 children=737,419,745,659 grandchildren=7370,4190,7450,6590
HASH_ROUTE token=8 layer=3 children=343,451,414,369 grandchildren=3430,4510,4140,3690
HASH_ROUTE token=8 layer=4 children=294,191,771,318 grandchildren=2940,1910,7710,3180
HASH_ROUTE token=8 layer=5 children=1223,1183,582,1062 grandchildren=12230,11830,5820,10620
HASH_ROUTE token=8 layer=6 children=670,794,779,668 grandchildren=6700,7940,7790,6680
HASH_ROUTE token=8 layer=7 children=405,1041,563,1203 grandchildren=4050,10410,5630,12030
HASH_ROUTE token=8 layer=8 children=202,308,1000,1106 grandchildren=2020,3080,10000,11060
HASH_ROUTE token=8 layer=9 children=806,925,862,884 grandchildren=8060,9250,8620,8840
HASH_ROUTE token=8 layer=10 children=675,835,763,355 grandchildren=6750,8350,7630,3550
HASH_ROUTE token=8 layer=11 children=1231,753,272,1211 grandchildren=12310,7530,2720,12110
HASH_ROUTE token=8 layer=12 children=992,1043,1089,1057 grandchildren=9920,10430,10890,10570
HASH_ROUTE token=8 layer=13 children=1255,614,1265,1210 grandchildren=12550,6140,12650,12100
HASH_ROUTE token=8 layer=14 children=135,36,614,1090 grandchildren=1350,360,6140,10900
HASH_ROUTE token=8 layer=15 children=1239,1179,1210,1186 grandchildren=12390,11790,12100,11860
HASH_ROUTE token=8 layer=16 children=1178,533,1131,213 grandchildren=11780,5330,11310,2130
HASH_ROUTE token=8 layer=17 children=1065,987,587,1017 grandchildren=10650,9870,5870,10170
HASH_ROUTE token=8 layer=18 children=282,768,248,726 grandchildren=2820,7680,2480,7260
HASH_ROUTE token=8 layer=19 children=242,305,179,239 grandchildren=2420,3050,1790,2390
HASH_ROUTE token=8 layer=20 children=1024,387,224,998 grandchildren=10240,3870,2240,9980
HASH_ROUTE token=8 layer=21 children=872,76,826,235 grandchildren=8720,760,8260,2350
HASH_ROUTE token=8 layer=22 children=265,314,306,243 grandchildren=2650,3140,3060,2430
HASH_ROUTE token=8 layer=23 children=755,769,1070,1083 grandchildren=7550,7690,10700,10830
HASH_ROUTE token=9 layer=0 children=939,955,864,847 grandchildren=9390,9550,8640,8470
HASH_ROUTE token=9 layer=1 children=207,265,172,229 grandchildren=2070,2650,1720,2290
HASH_ROUTE token=9 layer=2 children=575,418,891,1217 grandchildren=5750,4180,8910,12170
HASH_ROUTE token=9 layer=3 children=1195,1223,554,585 grandchildren=11950,12230,5540,5850
HASH_ROUTE token=9 layer=4 children=822,900,186,937 grandchildren=8220,9000,1860,9370
HASH_ROUTE token=9 layer=5 children=844,871,205,529 grandchildren=8440,8710,2050,5290
HASH_ROUTE token=9 layer=6 children=395,366,1034,1002 grandchildren=3950,3660,10340,10020
HASH_ROUTE token=9 layer=7 children=202,1168,240,1209 grandchildren=2020,11680,2400,12090
HASH_ROUTE token=9 layer=8 children=950,795,1272,158 grandchildren=9500,7950,12720,1580
HASH_ROUTE token=9 layer=9 children=328,350,8,484 grandchildren=3280,3500,80,4840
HASH_ROUTE token=9 layer=10 children=360,470,358,321 grandchildren=3600,4700,3580,3210
HASH_ROUTE token=9 layer=11 children=1219,1132,1204,1129 grandchildren=12190,11320,12040,11290
HASH_ROUTE token=9 layer=12 children=985,1038,1062,1050 grandchildren=9850,10380,10620,10500
HASH_ROUTE token=9 layer=13 children=1105,787,979,654 grandchildren=11050,7870,9790,6540
HASH_ROUTE token=9 layer=14 children=267,285,313,212 grandchildren=2670,2850,3130,2120
HASH_ROUTE token=9 layer=15 children=1239,1273,1186,1251 grandchildren=12390,12730,11860,12510
HASH_ROUTE token=9 layer=16 children=1051,97,570,964 grandchildren=10510,970,5700,9640
HASH_ROUTE token=9 layer=17 children=594,494,530,545 grandchildren=5940,4940,5300,5450
HASH_ROUTE token=9 layer=18 children=796,318,1276,785 grandchildren=7960,3180,12760,7850
HASH_ROUTE token=9 layer=19 children=784,143,305,467 grandchildren=7840,1430,3050,4670
HASH_ROUTE token=9 layer=20 children=1112,1092,1271,1258 grandchildren=11120,10920,12710,12580
HASH_ROUTE token=9 layer=21 children=74,152,718,106 grandchildren=740,1520,7180,1060
HASH_ROUTE token=9 layer=22 children=317,249,173,1110 grandchildren=3170,2490,1730,11100
HASH_ROUTE token=9 layer=23 children=1191,1141,1202,1037 grandchildren=11910,11410,12020,10370
HASH_ROUTE token=10 layer=0 children=153,50,72,65 grandchildren=1530,500,720,650
HASH_ROUTE token=10 layer=1 children=175,297,333,653 grandchildren=1750,2970,3330,6530
HASH_ROUTE token=10 layer=2 children=1061,424,1225,901 grandchildren=10610,4240,12250,9010
HASH_ROUTE token=10 layer=3 children=106,68,18,900 grandchildren=1060,680,180,9000
HASH_ROUTE token=10 layer=4 children=186,299,311,229 grandchildren=1860,2990,3110,2290
HASH_ROUTE token=10 layer=5 children=1272,1213,1174,1130 grandchildren=12720,12130,11740,11300
HASH_ROUTE token=10 layer=6 children=129,442,760,288 grandchildren=1290,4420,7600,2880
HASH_ROUTE token=10 layer=7 children=934,137,617,459 grandchildren=9340,1370,6170,4590
HASH_ROUTE token=10 layer=8 children=1110,953,314,1043 grandchildren=11100,9530,3140,10430
HASH_ROUTE token=10 layer=9 children=955,314,897,913 grandchildren=9550,3140,8970,9130
HASH_ROUTE token=10 layer=10 children=347,1147,180,446 grandchildren=3470,11470,1800,4460
HASH_ROUTE token=10 layer=11 children=24,1142,32,1154 grandchildren=240,11420,320,11540
HASH_ROUTE token=10 layer=12 children=374,327,219,478 grandchildren=3740,3270,2190,4780
HASH_ROUTE token=10 layer=13 children=786,148,943,463 grandchildren=7860,1480,9430,4630
HASH_ROUTE token=10 layer=14 children=693,777,537,616 grandchildren=6930,7770,5370,6160
HASH_ROUTE token=10 layer=15 children=995,1024,1040,831 grandchildren=9950,10240,10400,8310
HASH_ROUTE token=10 layer=16 children=431,365,1076,346 grandchildren=4310,3650,10760,3460
HASH_ROUTE token=10 layer=17 children=981,188,1144,509 grandchildren=9810,1880,11440,5090
HASH_ROUTE token=10 layer=18 children=382,320,454,364 grandchildren=3820,3200,4540,3640
HASH_ROUTE token=10 layer=19 children=606,446,523,120 grandchildren=6060,4460,5230,1200
HASH_ROUTE token=10 layer=20 children=766,734,642,667 grandchildren=7660,7340,6420,6670
HASH_ROUTE token=10 layer=21 children=1030,552,870,236 grandchildren=10300,5520,8700,2360
HASH_ROUTE token=10 layer=22 children=178,265,13,102 grandchildren=1780,2650,130,1020
HASH_ROUTE token=10 layer=23 children=945,620,820,861 grandchildren=9450,6200,8200,8610
HASH_ROUTE token=11 layer=0 children=755,649,779,713 grandchildren=7550,6490,7790,7130
HASH_ROUTE token=11 layer=1 children=527,689,504,663 grandchildren=5270,6890,5040,6630
HASH_ROUTE token=11 layer=2 children=352,830,36,991 grandchildren=3520,8300,360,9910
HASH_ROUTE token=11 layer=3 children=623,613,535,554 grandchildren=6230,6130,5350,5540
HASH_ROUTE token=11 layer=4 children=465,434,1260,452 grandchildren=4650,4340,12600,4520
HASH_ROUTE token=11 layer=5 children=320,809,963,168 grandchildren=3200,8090,9630,1680
HASH_ROUTE token=11 layer=6 children=461,785,620,946 grandchildren=4610,7850,6200,9460
HASH_ROUTE token=11 layer=7 children=148,99,38,621 grandchildren=1480,990,380,6210
HASH_ROUTE token=11 layer=8 children=1014,697,1100,786 grandchildren=10140,6970,11000,7860
HASH_ROUTE token=11 layer=9 children=131,55,938,156 grandchildren=1310,550,9380,1560
HASH_ROUTE token=11 layer=10 children=616,626,540,587 grandchildren=6160,6260,5400,5870
HASH_ROUTE token=11 layer=11 children=916,1077,866,753 grandchildren=9160,10770,8660,7530
HASH_ROUTE token=11 layer=12 children=359,839,1151,512 grandchildren=3590,8390,11510,5120
HASH_ROUTE token=11 layer=13 children=324,167,489,361 grandchildren=3240,1670,4890,3610
HASH_ROUTE token=11 layer=14 children=1102,1264,1096,947 grandchildren=11020,12640,10960,9470
HASH_ROUTE token=11 layer=15 children=767,127,1080,678 grandchildren=7670,1270,10800,6780
HASH_ROUTE token=11 layer=16 children=921,600,889,124 grandchildren=9210,6000,8890,1240
HASH_ROUTE token=11 layer=17 children=893,954,801,91 grandchildren=8930,9540,8010,910
HASH_ROUTE token=11 layer=18 children=740,1226,268,721 grandchildren=7400,12260,2680,7210
HASH_ROUTE token=11 layer=19 children=322,647,1121,482 grandchildren=3220,6470,11210,4820
HASH_ROUTE token=11 layer=20 children=1264,309,1223,786 grandchildren=12640,3090,12230,7860
HASH_ROUTE token=11 layer=21 children=1180,1238,700,65 grandchildren=11800,12380,7000,650
HASH_ROUTE token=11 layer=22 children=939,295,1090,772 grandchildren=9390,2950,10900,7720
HASH_ROUTE token=11 layer=23 children=109,45,71,261 grandchildren=1090,450,710,2610
HASH_ROUTE token=12 layer=0 children=447,376,327,418 grandchildren=4470,3760,3270,4180
HASH_ROUTE token=12 layer=1 children=201,241,841,49 grandchildren=2010,2410,8410,490
HASH_ROUTE token=12 layer=2 children=753,596,276,657 grandchildren=7530,5960,2760,6570
HASH_ROUTE token=12 layer=3 children=27,106,984,133 grandchildren=270,1060,9840,1330
HASH_ROUTE token=12 layer=4 children=168,186,236,3 grandchildren=1680,1860,2360,30
HASH_ROUTE token=12 layer=5 children=301,256,940,1103 grandchildren=3010,2560,9400,11030
HASH_ROUTE token=12 layer=6 children=794,720,730,676 grandchildren=7940,7200,7300,6760
HASH_ROUTE token=12 layer=7 children=926,766,950,821 grandchildren=9260,7660,9500,8210
HASH_ROUTE token=12 layer=8 children=369,1009,420,456 grandchildren=3690,10090,4200,4560
HASH_ROUTE token=12 layer=9 children=897,830,906,954 grandchildren=8970,8300,9060,9540
HASH_ROUTE token=12 layer=10 children=242,215,1040,166 grandchildren=2420,2150,10400,1660
HASH_ROUTE token=12 layer=11 children=954,874,790,154 grandchildren=9540,8740,7900,1540
HASH_ROUTE token=12 layer=12 children=805,884,6,321 grandchildren=8050,8840,60,3210
HASH_ROUTE token=12 layer=13 children=70,712,89,728 grandchildren=700,7120,890,7280
HASH_ROUTE token=12 layer=14 children=552,230,871,571 grandchildren=5520,2300,8710,5710
HASH_ROUTE token=12 layer=15 children=345,455,828,939 grandchildren=3450,4550,8280,9390
HASH_ROUTE token=12 layer=16 children=325,437,5,114 grandchildren=3250,4370,50,1140
HASH_ROUTE token=12 layer=17 children=1081,605,1248,980 grandchildren=10810,6050,12480,9800
HASH_ROUTE token=12 layer=18 children=172,335,970,818 grandchildren=1720,3350,9700,8180
HASH_ROUTE token=12 layer=19 children=677,648,653,712 grandchildren=6770,6480,6530,7120
HASH_ROUTE token=12 layer=20 children=1073,599,758,1117 grandchildren=10730,5990,7580,11170
HASH_ROUTE token=12 layer=21 children=1058,1022,967,731 grandchildren=10580,10220,9670,7310
HASH_ROUTE token=12 layer=22 children=162,961,809,265 grandchildren=1620,9610,8090,2650
HASH_ROUTE token=12 layer=23 children=671,39,1152,764 grandchildren=6710,390,11520,7640
HASH_ROUTE token=13 layer=0 children=125,153,41,449 grandchildren=1250,1530,410,4490
HASH_ROUTE token=13 layer=1 children=189,171,297,261 grandchildren=1890,1710,2970,2610
HASH_ROUTE token=13 layer=2 children=818,945,822,863 grandchildren=8180,9450,8220,8630
HASH_ROUTE token=13 layer=3 children=106,4,26,741 grandchildren=1060,40,260,7410
HASH_ROUTE token=13 layer=4 children=299,167,180,213 grandchildren=2990,1670,1800,2130
HASH_ROUTE token=13 layer=5 children=897,1210,252,576 grandchildren=8970,12100,2520,5760
HASH_ROUTE token=13 layer=6 children=1160,682,200,1209 grandchildren=11600,6820,2000,12090
HASH_ROUTE token=13 layer=7 children=948,937,622,825 grandchildren=9480,9370,6220,8250
HASH_ROUTE token=13 layer=8 children=953,942,882,1276 grandchildren=9530,9420,8820,12760
HASH_ROUTE token=13 layer=9 children=257,314,1217,897 grandchildren=2570,3140,12170,8970
HASH_ROUTE token=13 layer=10 children=724,752,641,666 grandchildren=7240,7520,6410,6660
HASH_ROUTE token=13 layer=11 children=56,134,78,67 grandchildren=560,1340,780,670
HASH_ROUTE token=13 layer=12 children=634,955,504,820 grandchildren=6340,9550,5040,8200
HASH_ROUTE token=13 layer=13 children=760,731,127,91 grandchildren=7600,7310,1270,910
HASH_ROUTE token=13 layer=14 children=631,314,525,512 grandchildren=6310,3140,5250,5120
HASH_ROUTE token=13 layer=15 children=380,345,439,371 grandchildren=3800,3450,4390,3710
HASH_ROUTE token=13 layer=16 children=419,328,437,474 grandchildren=4190,3280,4370,4740
HASH_ROUTE token=13 layer=17 children=184,343,190,223 grandchildren=1840,3430,1900,2230
HASH_ROUTE token=13 layer=18 children=308,210,261,196 grandchildren=3080,2100,2610,1960
HASH_ROUTE token=13 layer=19 children=744,266,900,705 grandchildren=7440,2660,9000,7050
HASH_ROUTE token=13 layer=20 children=1163,529,201,1002 grandchildren=11630,5290,2010,10020
HASH_ROUTE token=13 layer=21 children=126,38,18,6 grandchildren=1260,380,180,60
HASH_ROUTE token=13 layer=22 children=281,929,178,1247 grandchildren=2810,9290,1780,12470
HASH_ROUTE token=13 layer=23 children=235,717,289,71 grandchildren=2350,7170,2890,710
HASH_ROUTE token=14 layer=0 children=153,955,479,65 grandchildren=1530,9550,4790,650
HASH_ROUTE token=14 layer=1 children=297,281,244,180 grandchildren=2970,2810,2440,1800
HASH_ROUTE token=14 layer=2 children=1205,1225,404,242 grandchildren=12050,12250,4040,2420
HASH_ROUTE token=14 layer=3 children=100,15,68,158 grandchildren=1000,150,680,1580
HASH_ROUTE token=14 layer=4 children=180,295,162,209 grandchildren=1800,2950,1620,2090
HASH_ROUTE token=14 layer=5 children=1212,258,1174,897 grandchildren=12120,2580,11740,8970
HASH_ROUTE token=14 layer=6 children=727,683,761,737 grandchildren=7270,6830,7610,7370
HASH_ROUTE token=14 layer=7 children=139,931,777,617 grandchildren=1390,9310,7770,6170
HASH_ROUTE token=14 layer=8 children=1040,1117,1011,882 grandchildren=10400,11170,10110,8820
HASH_ROUTE token=14 layer=9 children=252,316,897,953 grandchildren=2520,3160,8970,9530
HASH_ROUTE token=14 layer=10 children=1233,1251,1276,1144 grandchildren=12330,12510,12760,11440
HASH_ROUTE token=14 layer=11 children=58,41,134,853 grandchildren=580,410,1340,8530
HASH_ROUTE token=14 layer=12 children=374,327,217,167 grandchildren=3740,3270,2170,1670
HASH_ROUTE token=14 layer=13 children=881,890,953,943 grandchildren=8810,8900,9530,9430
HASH_ROUTE token=14 layer=14 children=567,590,528,580 grandchildren=5670,5900,5280,5800
HASH_ROUTE token=14 layer=15 children=971,1041,1115,1080 grandchildren=9710,10410,11150,10800
HASH_ROUTE token=14 layer=16 children=361,437,349,419 grandchildren=3610,4370,3490,4190
HASH_ROUTE token=14 layer=17 children=295,188,317,167 grandchildren=2950,1880,3170,1670
HASH_ROUTE token=14 layer=18 children=842,1001,909,45 grandchildren=8420,10010,9090,450
HASH_ROUTE token=14 layer=19 children=353,673,363,687 grandchildren=3530,6730,3630,6870
HASH_ROUTE token=14 layer=20 children=536,553,513,613 grandchildren=5360,5530,5130,6130
HASH_ROUTE token=14 layer=21 children=844,833,1006,871 grandchildren=8440,8330,10060,8710
HASH_ROUTE token=14 layer=22 children=269,178,230,312 grandchildren=2690,1780,2300,3120
HASH_ROUTE token=14 layer=23 children=1164,1245,1186,1194 grandchildren=11640,12450,11860,11940
HASH_ROUTE token=15 layer=0 children=371,1017,474,1174 grandchildren=3710,10170,4740,11740
HASH_ROUTE token=15 layer=1 children=246,252,171,274 grandchildren=2460,2520,1710,2740
HASH_ROUTE token=15 layer=2 children=456,295,420,405 grandchildren=4560,2950,4200,4050
HASH_ROUTE token=15 layer=3 children=355,517,450,614 grandchildren=3550,5170,4500,6140
HASH_ROUTE token=15 layer=4 children=493,552,571,529 grandchildren=4930,5520,5710,5290
HASH_ROUTE token=15 layer=5 children=625,596,558,940 grandchildren=6250,5960,5580,9400
HASH_ROUTE token=15 layer=6 children=732,1051,673,750 grandchildren=7320,10510,6730,7500
HASH_ROUTE token=15 layer=7 children=466,425,402,1103 grandchildren=4660,4250,4020,11030
HASH_ROUTE token=15 layer=8 children=148,941,786,1266 grandchildren=1480,9410,7860,12660
HASH_ROUTE token=15 layer=9 children=185,824,1140,660 grandchildren=1850,8240,11400,6600
HASH_ROUTE token=15 layer=10 children=242,722,277,750 grandchildren=2420,7220,2770,7500
HASH_ROUTE token=15 layer=11 children=677,703,656,737 grandchildren=6770,7030,6560,7370
HASH_ROUTE token=15 layer=12 children=714,688,664,641 grandchildren=7140,6880,6640,6410
HASH_ROUTE token=15 layer=13 children=895,735,1213,838 grandchildren=8950,7350,12130,8380
HASH_ROUTE token=15 layer=14 children=813,172,14,901 grandchildren=8130,1720,140,9010
HASH_ROUTE token=15 layer=15 children=1235,751,1251,1266 grandchildren=12350,7510,12510,12660
HASH_ROUTE token=15 layer=16 children=470,315,950,430 grandchildren=4700,3150,9500,4300
HASH_ROUTE token=15 layer=17 children=1029,546,1067,984 grandchildren=10290,5460,10670,9840
HASH_ROUTE token=15 layer=18 children=570,250,1058,625 grandchildren=5700,2500,10580,6250
HASH_ROUTE token=15 layer=19 children=462,357,397,789 grandchildren=4620,3570,3970,7890
HASH_ROUTE token=15 layer=20 children=229,1026,1186,313 grandchildren=2290,10260,11860,3130
HASH_ROUTE token=15 layer=21 children=76,719,237,878 grandchildren=760,7190,2370,8780
HASH_ROUTE token=15 layer=22 children=583,269,428,101 grandchildren=5830,2690,4280,1010
HASH_ROUTE token=15 layer=23 children=256,180,579,261 grandchildren=2560,1800,5790,2610
HASH_ROUTE token=16 layer=0 children=449,1089,322,762 grandchildren=4490,10890,3220,7620
HASH_ROUTE token=16 layer=1 children=184,249,250,345 grandchildren=1840,2490,2500,3450
HASH_ROUTE token=16 layer=2 children=778,655,684,753 grandchildren=7780,6550,6840,7530
HASH_ROUTE token=16 layer=3 children=1250,931,617,451 grandchildren=12500,9310,6170,4510
HASH_ROUTE token=16 layer=4 children=318,280,959,292 grandchildren=3180,2800,9590,2920
HASH_ROUTE token=16 layer=5 children=442,928,403,1249 grandchildren=4420,9280,4030,12490
HASH_ROUTE token=16 layer=6 children=1073,1036,990,1055 grandchildren=10730,10360,9900,10550
HASH_ROUTE token=16 layer=7 children=340,356,404,368 grandchildren=3400,3560,4040,3680
HASH_ROUTE token=16 layer=8 children=856,930,217,1177 grandchildren=8560,9300,2170,11770
HASH_ROUTE token=16 layer=9 children=808,951,828,167 grandchildren=8080,9510,8280,1670
HASH_ROUTE token=16 layer=10 children=832,904,928,823 grandchildren=8320,9040,9280,8230
HASH_ROUTE token=16 layer=11 children=705,545,688,670 grandchildren=7050,5450,6880,6700
HASH_ROUTE token=16 layer=12 children=516,541,508,586 grandchildren=5160,5410,5080,5860
HASH_ROUTE token=16 layer=13 children=1256,772,1235,759 grandchildren=12560,7720,12350,7590
HASH_ROUTE token=16 layer=14 children=767,929,120,283 grandchildren=7670,9290,1200,2830
HASH_ROUTE token=16 layer=15 children=1273,1238,797,632 grandchildren=12730,12380,7970,6320
HASH_ROUTE token=16 layer=16 children=410,1219,1050,389 grandchildren=4100,12190,10500,3890
HASH_ROUTE token=16 layer=17 children=344,982,429,1064 grandchildren=3440,9820,4290,10640
HASH_ROUTE token=16 layer=18 children=1107,1061,970,1072 grandchildren=11070,10610,9700,10720
HASH_ROUTE token=16 layer=19 children=39,1159,355,15 grandchildren=390,11590,3550,150
HASH_ROUTE token=16 layer=20 children=274,225,247,183 grandchildren=2740,2250,2470,1830
HASH_ROUTE token=16 layer=21 children=870,949,828,396 grandchildren=8700,9490,8280,3960
HASH_ROUTE token=16 layer=22 children=944,907,827,813 grandchildren=9440,9070,8270,8130
HASH_ROUTE token=16 layer=23 children=36,517,199,675 grandchildren=360,5170,1990,6750
HASH_ROUTE token=17 layer=0 children=7,41,150,805 grandchildren=70,410,1500,8050
HASH_ROUTE token=17 layer=1 children=446,288,423,261 grandchildren=4460,2880,4230,2610
HASH_ROUTE token=17 layer=2 children=730,749,656,765 grandchildren=7300,7490,6560,7650
HASH_ROUTE token=17 layer=3 children=746,664,771,648 grandchildren=7460,6640,7710,6480
HASH_ROUTE token=17 layer=4 children=259,169,180,294 grandchildren=2590,1690,1800,2940
HASH_ROUTE token=17 layer=5 children=958,479,842,861 grandchildren=9580,4790,8420,8610
HASH_ROUTE token=17 layer=6 children=904,422,879,923 grandchildren=9040,4220,8790,9230
HASH_ROUTE token=17 layer=7 children=225,707,204,688 grandchildren=2250,7070,2040,6880
HASH_ROUTE token=17 layer=8 children=948,146,304,460 grandchildren=9480,1460,3040,4600
HASH_ROUTE token=17 layer=9 children=734,742,896,904 grandchildren=7340,7420,8960,9040
HASH_ROUTE token=17 layer=10 children=325,647,477,413 grandchildren=3250,6470,4770,4130
HASH_ROUTE token=17 layer=11 children=1162,363,1234,1182 grandchildren=11620,3630,12340,11820
HASH_ROUTE token=17 layer=12 children=508,481,1141,1126 grandchildren=5080,4810,11410,11260
HASH_ROUTE token=17 layer=13 children=921,830,767,673 grandchildren=9210,8300,7670,6730
HASH_ROUTE token=17 layer=14 children=813,901,18,929 grandchildren=8130,9010,180,9290
HASH_ROUTE token=17 layer=15 children=763,694,1080,605 grandchildren=7630,6940,10800,6050
HASH_ROUTE token=17 layer=16 children=550,231,492,583 grandchildren=5500,2310,4920,5830
HASH_ROUTE token=17 layer=17 children=507,601,594,347 grandchildren=5070,6010,5940,3470
HASH_ROUTE token=17 layer=18 children=1163,686,522,841 grandchildren=11630,6860,5220,8410
HASH_ROUTE token=17 layer=19 children=329,462,478,350 grandchildren=3290,4620,4780,3500
HASH_ROUTE token=17 layer=20 children=474,318,386,229 grandchildren=4740,3180,3860,2290
HASH_ROUTE token=17 layer=21 children=76,555,33,715 grandchildren=760,5550,330,7150
HASH_ROUTE token=17 layer=22 children=460,428,335,405 grandchildren=4600,4280,3350,4050
HASH_ROUTE token=17 layer=23 children=24,140,64,154 grandchildren=240,1400,640,1540
HASH_ROUTE token=18 layer=0 children=127,2,441,23 grandchildren=1270,20,4410,230
HASH_ROUTE token=18 layer=1 children=369,349,204,424 grandchildren=3690,3490,2040,4240
HASH_ROUTE token=18 layer=2 children=419,1213,442,1241 grandchildren=4190,12130,4420,12410
HASH_ROUTE token=18 layer=3 children=459,1092,342,931 grandchildren=4590,10920,3420,9310
HASH_ROUTE token=18 layer=4 children=266,101,1064,174 grandchildren=2660,1010,10640,1740
HASH_ROUTE token=18 layer=5 children=1248,1258,440,1212 grandchildren=12480,12580,4400,12120
HASH_ROUTE token=18 layer=6 children=431,273,415,253 grandchildren=4310,2730,4150,2530
HASH_ROUTE token=18 layer=7 children=314,296,215,224 grandchildren=3140,2960,2150,2240
HASH_ROUTE token=18 layer=8 children=1067,1000,1095,904 grandchildren=10670,10000,10950,9040
HASH_ROUTE token=18 layer=9 children=649,767,808,921 grandchildren=6490,7670,8080,9210
HASH_ROUTE token=18 layer=10 children=351,677,335,196 grandchildren=3510,6770,3350,1960
HASH_ROUTE token=18 layer=11 children=472,350,435,153 grandchildren=4720,3500,4350,1530
HASH_ROUTE token=18 layer=12 children=506,635,619,528 grandchildren=5060,6350,6190,5280
HASH_ROUTE token=18 layer=13 children=517,30,508,832 grandchildren=5170,300,5080,8320
HASH_ROUTE token=18 layer=14 children=978,813,179,1087 grandchildren=9780,8130,1790,10870
HASH_ROUTE token=18 layer=15 children=1029,1078,1095,1016 grandchildren=10290,10780,10950,10160
HASH_ROUTE token=18 layer=16 children=338,650,18,1139 grandchildren=3380,6500,180,11390
HASH_ROUTE token=18 layer=17 children=594,527,507,587 grandchildren=5940,5270,5070,5870
HASH_ROUTE token=18 layer=18 children=685,841,762,528 grandchildren=6850,8410,7620,5280
HASH_ROUTE token=18 layer=19 children=1265,941,789,466 grandchildren=12650,9410,7890,4660
HASH_ROUTE token=18 layer=20 children=317,474,792,264 grandchildren=3170,4740,7920,2640
HASH_ROUTE token=18 layer=21 children=72,715,555,35 grandchildren=720,7150,5550,350
HASH_ROUTE token=18 layer=22 children=307,295,171,245 grandchildren=3070,2950,1710,2450
HASH_ROUTE token=18 layer=23 children=125,928,25,1083 grandchildren=1250,9280,250,10830
HASH_ROUTE token=19 layer=0 children=150,950,5,806 grandchildren=1500,9500,50,8060
HASH_ROUTE token=19 layer=1 children=496,500,569,975 grandchildren=4960,5000,5690,9750
HASH_ROUTE token=19 layer=2 children=765,773,705,659 grandchildren=7650,7730,7050,6590
HASH_ROUTE token=19 layer=3 children=855,897,216,536 grandchildren=8550,8970,2160,5360
HASH_ROUTE token=19 layer=4 children=237,180,259,294 grandchildren=2370,1800,2590,2940
HASH_ROUTE token=19 layer=5 children=844,865,364,388 grandchildren=8440,8650,3640,3880
HASH_ROUTE token=19 layer=6 children=431,351,417,1076 grandchildren=4310,3510,4170,10760
HASH_ROUTE token=19 layer=7 children=408,245,369,80 grandchildren=4080,2450,3690,800
HASH_ROUTE token=19 layer=8 children=1264,308,624,1104 grandchildren=12640,3080,6240,11040
HASH_ROUTE token=19 layer=9 children=763,734,799,283 grandchildren=7630,7340,7990,2830
HASH_ROUTE token=19 layer=10 children=642,650,671,322 grandchildren=6420,6500,6710,3220
HASH_ROUTE token=19 layer=11 children=1136,657,1162,1219 grandchildren=11360,6570,11620,12190
HASH_ROUTE token=19 layer=12 children=668,1145,185,799 grandchildren=6680,11450,1850,7990
HASH_ROUTE token=19 layer=13 children=1255,616,133,298 grandchildren=12550,6160,1330,2980
HASH_ROUTE token=19 layer=14 children=674,196,833,357 grandchildren=6740,1960,8330,3570
HASH_ROUTE token=19 layer=15 children=1090,1105,450,460 grandchildren=10900,11050,4500,4600
HASH_ROUTE token=19 layer=16 children=417,1212,895,427 grandchildren=4170,12120,8950,4270
HASH_ROUTE token=19 layer=17 children=594,486,532,613 grandchildren=5940,4860,5320,6130
HASH_ROUTE token=19 layer=18 children=726,1207,719,568 grandchildren=7260,12070,7190,5680
HASH_ROUTE token=19 layer=19 children=789,1266,644,462 grandchildren=7890,12660,6440,4620
HASH_ROUTE token=19 layer=20 children=704,229,1021,744 grandchildren=7040,2290,10210,7440
HASH_ROUTE token=19 layer=21 children=72,41,33,50 grandchildren=720,410,330,500
HASH_ROUTE token=19 layer=22 children=428,464,391,269 grandchildren=4280,4640,3910,2690
HASH_ROUTE token=19 layer=23 children=20,508,824,108 grandchildren=200,5080,8240,1080
HASH_ROUTE token=20 layer=0 children=1002,202,365,961 grandchildren=10020,2020,3650,9610
HASH_ROUTE token=20 layer=1 children=280,244,444,278 grandchildren=2800,2440,4440,2780
HASH_ROUTE token=20 layer=2 children=656,334,495,696 grandchildren=6560,3340,4950,6960
HASH_ROUTE token=20 layer=3 children=771,931,669,133 grandchildren=7710,9310,6690,1330
HASH_ROUTE token=20 layer=4 children=294,261,193,318 grandchildren=2940,2610,1930,3180
HASH_ROUTE token=20 layer=5 children=1179,1275,1123,1166 grandchildren=11790,12750,11230,11660
HASH_ROUTE token=20 layer=6 children=671,779,654,734 grandchildren=6710,7790,6540,7340
HASH_ROUTE token=20 layer=7 children=80,67,563,240 grandchildren=800,670,5630,2400
HASH_ROUTE token=20 layer=8 children=140,100,1106,621 grandchildren=1400,1000,11060,6210
HASH_ROUTE token=20 layer=9 children=925,762,289,835 grandchildren=9250,7620,2890,8350
HASH_ROUTE token=20 layer=10 children=914,899,437,830 grandchildren=9140,8990,4370,8300
HASH_ROUTE token=20 layer=11 children=1211,1206,257,242 grandchildren=12110,12060,2570,2420
HASH_ROUTE token=20 layer=12 children=1045,1200,984,1145 grandchildren=10450,12000,9840,11450
HASH_ROUTE token=20 layer=13 children=511,34,192,997 grandchildren=5110,340,1920,9970
HASH_ROUTE token=20 layer=14 children=261,429,288,192 grandchildren=2610,4290,2880,1920
HASH_ROUTE token=20 layer=15 children=976,1133,1098,1251 grandchildren=9760,11330,10980,12510
HASH_ROUTE token=20 layer=16 children=373,401,332,412 grandchildren=3730,4010,3320,4120
HASH_ROUTE token=20 layer=17 children=594,437,521,533 grandchildren=5940,4370,5210,5330
HASH_ROUTE token=20 layer=18 children=710,1033,237,393 grandchildren=7100,10330,2370,3930
HASH_ROUTE token=20 layer=19 children=789,1269,145,672 grandchildren=7890,12690,1450,6720
HASH_ROUTE token=20 layer=20 children=792,704,470,387 grandchildren=7920,7040,4700,3870
HASH_ROUTE token=20 layer=21 children=290,930,300,949 grandchildren=2900,9300,3000,9490
HASH_ROUTE token=20 layer=22 children=339,389,428,459 grandchildren=3390,3890,4280,4590
HASH_ROUTE token=20 layer=23 children=449,606,416,579 grandchildren=4490,6060,4160,5790
HASH_ROUTE token=21 layer=0 children=153,50,72,65 grandchildren=1530,500,720,650
HASH_ROUTE token=21 layer=1 children=175,297,333,653 grandchildren=1750,2970,3330,6530
HASH_ROUTE token=21 layer=2 children=1061,424,905,1225 grandchildren=10610,4240,9050,12250
HASH_ROUTE token=21 layer=3 children=106,68,18,900 grandchildren=1060,680,180,9000
HASH_ROUTE token=21 layer=4 children=186,294,312,194 grandchildren=1860,2940,3120,1940
HASH_ROUTE token=21 layer=5 children=1274,1213,1179,1130 grandchildren=12740,12130,11790,11300
HASH_ROUTE token=21 layer=6 children=129,448,765,280 grandchildren=1290,4480,7650,2800
HASH_ROUTE token=21 layer=7 children=137,934,617,456 grandchildren=1370,9340,6170,4560
HASH_ROUTE token=21 layer=8 children=1110,953,314,1274 grandchildren=11100,9530,3140,12740
HASH_ROUTE token=21 layer=9 children=955,314,897,913 grandchildren=9550,3140,8970,9130
HASH_ROUTE token=21 layer=10 children=1145,347,180,1244 grandchildren=11450,3470,1800,12440
HASH_ROUTE token=21 layer=11 children=24,1142,30,1156 grandchildren=240,11420,300,11560
HASH_ROUTE token=21 layer=12 children=374,327,219,478 grandchildren=3740,3270,2190,4780
HASH_ROUTE token=21 layer=13 children=148,786,943,463 grandchildren=1480,7860,9430,4630
HASH_ROUTE token=21 layer=14 children=777,696,616,537 grandchildren=7770,6960,6160,5370
HASH_ROUTE token=21 layer=15 children=995,1024,1040,839 grandchildren=9950,10240,10400,8390
HASH_ROUTE token=21 layer=16 children=431,365,346,1076 grandchildren=4310,3650,3460,10760
HASH_ROUTE token=21 layer=17 children=981,349,509,188 grandchildren=9810,3490,5090,1880
HASH_ROUTE token=21 layer=18 children=325,380,364,964 grandchildren=3250,3800,3640,9640
HASH_ROUTE token=21 layer=19 children=606,446,523,120 grandchildren=6060,4460,5230,1200
HASH_ROUTE token=21 layer=20 children=766,730,667,642 grandchildren=7660,7300,6670,6420
HASH_ROUTE token=21 layer=21 children=1030,552,870,236 grandchildren=10300,5520,8700,2360
HASH_ROUTE token=21 layer=22 children=265,178,102,13 grandchildren=2650,1780,1020,130
HASH_ROUTE token=21 layer=23 children=945,620,820,861 grandchildren=9450,6200,8200,8610
HASH_ROUTE token=22 layer=0 children=755,649,779,713 grandchildren=7550,6490,7790,7130
HASH_ROUTE token=22 layer=1 children=527,689,504,663 grandchildren=5270,6890,5040,6630
HASH_ROUTE token=22 layer=2 children=352,830,36,991 grandchildren=3520,8300,360,9910
HASH_ROUTE token=22 layer=3 children=623,613,535,554 grandchildren=6230,6130,5350,5540
HASH_ROUTE token=22 layer=4 children=465,434,1260,452 grandchildren=4650,4340,12600,4520
HASH_ROUTE token=22 layer=5 children=320,809,963,168 grandchildren=3200,8090,9630,1680
HASH_ROUTE token=22 layer=6 children=461,785,620,946 grandchildren=4610,7850,6200,9460
HASH_ROUTE token=22 layer=7 children=148,99,38,621 grandchildren=1480,990,380,6210
HASH_ROUTE token=22 layer=8 children=1014,697,1100,786 grandchildren=10140,6970,11000,7860
HASH_ROUTE token=22 layer=9 children=131,55,938,156 grandchildren=1310,550,9380,1560
HASH_ROUTE token=22 layer=10 children=616,626,540,587 grandchildren=6160,6260,5400,5870
HASH_ROUTE token=22 layer=11 children=916,1077,866,753 grandchildren=9160,10770,8660,7530
HASH_ROUTE token=22 layer=12 children=359,839,1151,512 grandchildren=3590,8390,11510,5120
HASH_ROUTE token=22 layer=13 children=324,167,489,361 grandchildren=3240,1670,4890,3610
HASH_ROUTE token=22 layer=14 children=1102,1264,1096,947 grandchildren=11020,12640,10960,9470
HASH_ROUTE token=22 layer=15 children=767,127,1080,678 grandchildren=7670,1270,10800,6780
HASH_ROUTE token=22 layer=16 children=921,600,889,124 grandchildren=9210,6000,8890,1240
HASH_ROUTE token=22 layer=17 children=893,954,801,91 grandchildren=8930,9540,8010,910
HASH_ROUTE token=22 layer=18 children=740,1226,268,721 grandchildren=7400,12260,2680,7210
HASH_ROUTE token=22 layer=19 children=322,647,1121,482 grandchildren=3220,6470,11210,4820
HASH_ROUTE token=22 layer=20 children=1264,309,1223,786 grandchildren=12640,3090,12230,7860
HASH_ROUTE token=22 layer=21 children=1180,1238,700,65 grandchildren=11800,12380,7000,650
HASH_ROUTE token=22 layer=22 children=939,295,1090,772 grandchildren=9390,2950,10900,7720
HASH_ROUTE token=22 layer=23 children=109,45,71,261 grandchildren=1090,450,710,2610
HASH_ROUTE token=23 layer=0 children=441,322,414,927 grandchildren=4410,3220,4140,9270
HASH_ROUTE token=23 layer=1 children=879,909,233,937 grandchildren=8790,9090,2330,9370
HASH_ROUTE token=23 layer=2 children=48,117,144,842 grandchildren=480,1170,1440,8420
HASH_ROUTE token=23 layer=3 children=618,554,525,497 grandchildren=6180,5540,5250,4970
HASH_ROUTE token=23 layer=4 children=261,312,164,194 grandchildren=2610,3120,1640,1940
HASH_ROUTE token=23 layer=5 children=1212,1174,252,892 grandchildren=12120,11740,2520,8920
HASH_ROUTE token=23 layer=6 children=725,681,1204,761 grandchildren=7250,6810,12040,7610
HASH_ROUTE token=23 layer=7 children=137,52,773,692 grandchildren=1370,520,7730,6920
HASH_ROUTE token=23 layer=8 children=950,1117,794,823 grandchildren=9500,11170,7940,8230
HASH_ROUTE token=23 layer=9 children=257,314,1219,1277 grandchildren=2570,3140,12190,12770
HASH_ROUTE token=23 layer=10 children=662,1140,676,722 grandchildren=6620,11400,6760,7220
HASH_ROUTE token=23 layer=11 children=61,1,52,40 grandchildren=610,10,520,400
HASH_ROUTE token=23 layer=12 children=803,322,1124,480 grandchildren=8030,3220,11240,4800
HASH_ROUTE token=23 layer=13 children=143,84,98,782 grandchildren=1430,840,980,7820
HASH_ROUTE token=23 layer=14 children=520,200,840,614 grandchildren=5200,2000,8400,6140
HASH_ROUTE token=23 layer=15 children=357,415,338,398 grandchildren=3570,4150,3380,3980
HASH_ROUTE token=23 layer=16 children=1092,456,1083,771 grandchildren=10920,4560,10830,7710
HASH_ROUTE token=23 layer=17 children=1204,1127,1230,1189 grandchildren=12040,11270,12300,11890
HASH_ROUTE token=23 layer=18 children=203,44,364,1006 grandchildren=2030,440,3640,10060
HASH_ROUTE token=23 layer=19 children=305,941,267,903 grandchildren=3050,9410,2670,9030
HASH_ROUTE token=23 layer=20 children=357,1155,349,1147 grandchildren=3570,11550,3490,11470
HASH_ROUTE token=23 layer=21 children=70,130,60,101 grandchildren=700,1300,600,1010
HASH_ROUTE token=23 layer=22 children=178,254,282,495 grandchildren=1780,2540,2820,4950
HASH_ROUTE token=23 layer=23 children=179,245,972,1042 grandchildren=1790,2450,9720,10420
HASH_ROUTE token=24 layer=0 children=857,925,936,842 grandchildren=8570,9250,9360,8420
HASH_ROUTE token=24 layer=1 children=298,453,130,938 grandchildren=2980,4530,1300,9380
HASH_ROUTE token=24 layer=2 children=896,817,418,739 grandchildren=8960,8170,4180,7390
HASH_ROUTE token=24 layer=3 children=936,775,299,616 grandchildren=9360,7750,2990,6160
HASH_ROUTE token=24 layer=4 children=259,220,294,164 grandchildren=2590,2200,2940,1640
HASH_ROUTE token=24 layer=5 children=418,377,897,858 grandchildren=4180,3770,8970,8580
HASH_ROUTE token=24 layer=6 children=251,410,200,367 grandchildren=2510,4100,2000,3670
HASH_ROUTE token=24 layer=7 children=126,13,137,51 grandchildren=1260,130,1370,510
HASH_ROUTE token=24 layer=8 children=953,919,942,314 grandchildren=9530,9190,9420,3140
HASH_ROUTE token=24 layer=9 children=892,801,852,573 grandchildren=8920,8010,8520,5730
HASH_ROUTE token=24 layer=10 children=1149,982,188,349 grandchildren=11490,9820,1880,3490
HASH_ROUTE token=24 layer=11 children=56,34,695,115 grandchildren=560,340,6950,1150
HASH_ROUTE token=24 layer=12 children=487,1125,594,586 grandchildren=4870,11250,5940,5860
HASH_ROUTE token=24 layer=13 children=148,783,88,944 grandchildren=1480,7830,880,9440
HASH_ROUTE token=24 layer=14 children=880,565,242,905 grandchildren=8800,5650,2420,9050
HASH_ROUTE token=24 layer=15 children=972,991,1112,338 grandchildren=9720,9910,11120,3380
HASH_ROUTE token=24 layer=16 children=432,368,390,459 grandchildren=4320,3680,3900,4590
HASH_ROUTE token=24 layer=17 children=981,509,1022,542 grandchildren=9810,5090,10220,5420
HASH_ROUTE token=24 layer=18 children=1024,1094,1033,1084 grandchildren=10240,10940,10330,10840
HASH_ROUTE token=24 layer=19 children=312,162,237,216 grandchildren=3120,1620,2370,2160
HASH_ROUTE token=24 layer=20 children=985,1073,994,342 grandchildren=9850,10730,9940,3420
HASH_ROUTE token=24 layer=21 children=899,410,254,99 grandchildren=8990,4100,2540,990
HASH_ROUTE token=24 layer=22 children=268,1065,742,312 grandchildren=2680,10650,7420,3120
HASH_ROUTE token=24 layer=23 children=756,694,1073,684 grandchildren=7560,6940,10730,6840
HASH_ROUTE token=25 layer=0 children=932,949,911,805 grandchildren=9320,9490,9110,8050
HASH_ROUTE token=25 layer=1 children=458,336,772,295 grandchildren=4580,3360,7720,2950
HASH_ROUTE token=25 layer=2 children=358,448,366,330 grandchildren=3580,4480,3660,3300
HASH_ROUTE token=25 layer=3 children=775,933,676,1093 grandchildren=7750,9330,6760,10930
HASH_ROUTE token=25 layer=4 children=135,290,459,938 grandchildren=1350,2900,4590,9380
HASH_ROUTE token=25 layer=5 children=913,844,809,435 grandchildren=9130,8440,8090,4350
HASH_ROUTE token=25 layer=6 children=739,418,786,461 grandchildren=7390,4180,7860,4610
HASH_ROUTE token=25 layer=7 children=435,1075,597,113 grandchildren=4350,10750,5970,1130
HASH_ROUTE token=25 layer=8 children=42,86,137,148 grandchildren=420,860,1370,1480
HASH_ROUTE token=25 layer=9 children=633,953,471,156 grandchildren=6330,9530,4710,1560
HASH_ROUTE token=25 layer=10 children=1262,1189,1232,1274 grandchildren=12620,11890,12320,12740
HASH_ROUTE token=25 layer=11 children=797,630,472,157 grandchildren=7970,6300,4720,1570
HASH_ROUTE token=25 layer=12 children=1146,1151,1178,1228 grandchildren=11460,11510,11780,12280
HASH_ROUTE token=25 layer=13 children=769,650,787,608 grandchildren=7690,6500,7870,6080
HASH_ROUTE token=25 layer=14 children=864,542,69,225 grandchildren=8640,5420,690,2250
HASH_ROUTE token=25 layer=15 children=126,54,1246,30 grandchildren=1260,540,12460,300
HASH_ROUTE token=25 layer=16 children=428,419,331,395 grandchildren=4280,4190,3310,3950
HASH_ROUTE token=25 layer=17 children=591,622,521,553 grandchildren=5910,6220,5210,5530
HASH_ROUTE token=25 layer=18 children=943,307,782,1107 grandchildren=9430,3070,7820,11070
HASH_ROUTE token=25 layer=19 children=944,783,300,1100 grandchildren=9440,7830,3000,11000
HASH_ROUTE token=25 layer=20 children=224,269,254,288 grandchildren=2240,2690,2540,2880
HASH_ROUTE token=25 layer=21 children=81,76,37,728 grandchildren=810,760,370,7280
HASH_ROUTE token=25 layer=22 children=170,288,333,813 grandchildren=1700,2880,3330,8130
HASH_ROUTE token=25 layer=23 children=103,125,72,21 grandchildren=1030,1250,720,210
HASH_ROUTE token=26 layer=0 children=326,367,421,642 grandchildren=3260,3670,4210,6420
HASH_ROUTE token=26 layer=1 children=779,297,135,455 grandchildren=7790,2970,1350,4550
HASH_ROUTE token=26 layer=2 children=748,108,674,37 grandchildren=7480,1080,6740,370
HASH_ROUTE token=26 layer=3 children=1093,130,291,616 grandchildren=10930,1300,2910,6160
HASH_ROUTE token=26 layer=4 children=776,298,660,130 grandchildren=7760,2980,6600,1300
HASH_ROUTE token=26 layer=5 children=913,435,597,270 grandchildren=9130,4350,5970,2700
HASH_ROUTE token=26 layer=6 children=1102,1115,1060,1052 grandchildren=11020,11150,10600,10520
HASH_ROUTE token=26 layer=7 children=1005,1042,1073,360 grandchildren=10050,10420,10730,3600
HASH_ROUTE token=26 layer=8 children=489,520,616,805 grandchildren=4890,5200,6160,8050
HASH_ROUTE token=26 layer=9 children=118,44,156,750 grandchildren=1180,440,1560,7500
HASH_ROUTE token=26 layer=10 children=1048,1086,1058,1075 grandchildren=10480,10860,10580,10750
HASH_ROUTE token=26 layer=11 children=897,734,908,1058 grandchildren=8970,7340,9080,10580
HASH_ROUTE token=26 layer=12 children=545,1186,863,555 grandchildren=5450,11860,8630,5550
HASH_ROUTE token=26 layer=13 children=1260,626,1246,469 grandchildren=12600,6260,12460,4690
HASH_ROUTE token=26 layer=14 children=880,928,835,939 grandchildren=8800,9280,8350,9390
HASH_ROUTE token=26 layer=15 children=1246,762,444,126 grandchildren=12460,7620,4440,1260
HASH_ROUTE token=26 layer=16 children=380,324,428,419 grandchildren=3800,3240,4280,4190
HASH_ROUTE token=26 layer=17 children=591,609,527,622 grandchildren=5910,6090,5270,6220
HASH_ROUTE token=26 layer=18 children=280,241,304,184 grandchildren=2800,2410,3040,1840
HASH_ROUTE token=26 layer=19 children=300,949,1100,199 grandchildren=3000,9490,11000,1990
HASH_ROUTE token=26 layer=20 children=224,269,258,288 grandchildren=2240,2690,2580,2880
HASH_ROUTE token=26 layer=21 children=785,718,949,870 grandchildren=7850,7180,9490,8700
HASH_ROUTE token=26 layer=22 children=283,232,170,312 grandchildren=2830,2320,1700,3120
HASH_ROUTE token=26 layer=23 children=23,48,103,114 grandchildren=230,480,1030,1140
HASH_ROUTE token=27 layer=0 children=955,846,932,901 grandchildren=9550,8460,9320,9010
HASH_ROUTE token=27 layer=1 children=295,779,615,172 grandchildren=2950,7790,6150,1720
HASH_ROUTE token=27 layer=2 children=350,366,994,196 grandchildren=3500,3660,9940,1960
HASH_ROUTE token=27 layer=3 children=18,973,66,336 grandchildren=180,9730,660,3360
HASH_ROUTE token=27 layer=4 children=665,776,189,294 grandchildren=6650,7760,1890,2940
HASH_ROUTE token=27 layer=5 children=525,597,45,114 grandchildren=5250,5970,450,1140
HASH_ROUTE token=27 layer=6 children=416,353,468,475 grandchildren=4160,3530,4680,4750
HASH_ROUTE token=27 layer=7 children=360,409,48,437 grandchildren=3600,4090,480,4370
HASH_ROUTE token=27 layer=8 children=520,843,481,490 grandchildren=5200,8430,4810,4900
HASH_ROUTE token=27 layer=9 children=246,311,187,882 grandchildren=2460,3110,1870,8820
HASH_ROUTE token=27 layer=10 children=962,1044,976,1127 grandchildren=9620,10440,9760,11270
HASH_ROUTE token=27 layer=11 children=17,65,118,655 grandchildren=170,650,1180,6550
HASH_ROUTE token=27 layer=12 children=546,631,485,533 grandchildren=5460,6310,4850,5330
HASH_ROUTE token=27 layer=13 children=628,784,461,596 grandchildren=6280,7840,4610,5960
HASH_ROUTE token=27 layer=14 children=881,862,814,568 grandchildren=8810,8620,8140,5680
HASH_ROUTE token=27 layer=15 children=994,832,1153,673 grandchildren=9940,8320,11530,6730
HASH_ROUTE token=27 layer=16 children=1065,428,1058,419 grandchildren=10650,4280,10580,4190
HASH_ROUTE token=27 layer=17 children=504,594,545,530 grandchildren=5040,5940,5450,5300
HASH_ROUTE token=27 layer=18 children=1260,1249,1274,949 grandchildren=12600,12490,12740,9490
HASH_ROUTE token=27 layer=19 children=787,300,1108,744 grandchildren=7870,3000,11080,7440
HASH_ROUTE token=27 layer=20 children=318,264,289,251 grandchildren=3180,2640,2890,2510
HASH_ROUTE token=27 layer=21 children=72,718,152,799 grandchildren=720,7180,1520,7990
HASH_ROUTE token=27 layer=22 children=302,170,288,317 grandchildren=3020,1700,2880,3170
HASH_ROUTE token=27 layer=23 children=72,103,551,1037 grandchildren=720,1030,5510,10370
HASH_ROUTE token=28 layer=0 children=846,801,937,955 grandchildren=8460,8010,9370,9550
HASH_ROUTE token=28 layer=1 children=660,744,184,501 grandchildren=6600,7440,1840,5010
HASH_ROUTE token=28 layer=2 children=358,420,196,443 grandchildren=3580,4200,1960,4430
HASH_ROUTE token=28 layer=3 children=610,778,548,506 grandchildren=6100,7780,5480,5060
HASH_ROUTE token=28 layer=4 children=294,135,938,182 grandchildren=2940,1350,9380,1820
HASH_ROUTE token=28 layer=5 children=520,591,44,844 grandchildren=5200,5910,440,8440
HASH_ROUTE token=28 layer=6 children=468,358,418,786 grandchildren=4680,3580,4180,7860
HASH_ROUTE token=28 layer=7 children=514,625,528,591 grandchildren=5140,6250,5280,5910
HASH_ROUTE token=28 layer=8 children=48,843,7,525 grandchildren=480,8430,70,5250
HASH_ROUTE token=28 layer=9 children=632,611,478,536 grandchildren=6320,6110,4780,5360
HASH_ROUTE token=28 layer=10 children=1026,1112,1064,1098 grandchildren=10260,11120,10640,10980
HASH_ROUTE token=28 layer=11 children=37,671,150,794 grandchildren=370,6710,1500,7940
HASH_ROUTE token=28 layer=12 children=506,527,181,206 grandchildren=5060,5270,1810,2060
HASH_ROUTE token=28 layer=13 children=631,316,1276,628 grandchildren=6310,3160,12760,6280
HASH_ROUTE token=28 layer=14 children=30,14,127,117 grandchildren=300,140,1270,1170
HASH_ROUTE token=28 layer=15 children=432,1073,1239,386 grandchildren=4320,10730,12390,3860
HASH_ROUTE token=28 layer=16 children=1065,1032,1020,428 grandchildren=10650,10320,10200,4280
HASH_ROUTE token=28 layer=17 children=591,633,521,507 grandchildren=5910,6330,5210,5070
HASH_ROUTE token=28 layer=18 children=284,307,763,789 grandchildren=2840,3070,7630,7890
HASH_ROUTE token=28 layer=19 children=948,833,300,197 grandchildren=9480,8330,3000,1970
HASH_ROUTE token=28 layer=20 children=288,269,254,224 grandchildren=2880,2690,2540,2240
HASH_ROUTE token=28 layer=21 children=81,727,79,35 grandchildren=810,7270,790,350
HASH_ROUTE token=28 layer=22 children=813,498,926,607 grandchildren=8130,4980,9260,6070
HASH_ROUTE token=28 layer=23 children=1055,93,1084,986 grandchildren=10550,930,10840,9860
HASH_ROUTE token=29 layer=0 children=847,955,805,944 grandchildren=8470,9550,8050,9440
HASH_ROUTE token=29 layer=1 children=200,175,261,297 grandchildren=2000,1750,2610,2970
HASH_ROUTE token=29 layer=2 children=350,1158,410,339 grandchildren=3500,11580,4100,3390
HASH_ROUTE token=29 layer=3 children=130,64,610,291 grandchildren=1300,640,6100,2910
HASH_ROUTE token=29 layer=4 children=135,935,21,828 grandchildren=1350,9350,210,8280
HASH_ROUTE token=29 layer=5 children=364,435,844,916 grandchildren=3640,4350,8440,9160
HASH_ROUTE token=29 layer=6 children=1102,462,946,1115 grandchildren=11020,4620,9460,11150
HASH_ROUTE token=29 layer=7 children=1042,81,409,562 grandchildren=10420,810,4090,5620
HASH_ROUTE token=29 layer=8 children=487,575,522,557 grandchildren=4870,5750,5220,5570
HASH_ROUTE token=29 layer=9 children=156,959,112,14 grandchildren=1560,9590,1120,140
HASH_ROUTE token=29 layer=10 children=1049,1202,1079,727 grandchildren=10490,12020,10790,7270
HASH_ROUTE token=29 layer=11 children=93,145,575,30 grandchildren=930,1450,5750,300
HASH_ROUTE token=29 layer=12 children=506,181,522,559 grandchildren=5060,1810,5220,5590
HASH_ROUTE token=29 layer=13 children=626,551,633,568 grandchildren=6260,5510,6330,5680
HASH_ROUTE token=29 layer=14 children=562,613,623,884 grandchildren=5620,6130,6230,8840
HASH_ROUTE token=29 layer=15 children=1246,602,444,762 grandchildren=12460,6020,4440,7620
HASH_ROUTE token=29 layer=16 children=421,419,1065,398 grandchildren=4210,4190,10650,3980
HASH_ROUTE token=29 layer=17 children=591,549,527,553 grandchildren=5910,5490,5270,5530
HASH_ROUTE token=29 layer=18 children=280,928,768,440 grandchildren=2800,9280,7680,4400
HASH_ROUTE token=29 layer=19 children=948,300,833,197 grandchildren=9480,3000,8330,1970
HASH_ROUTE token=29 layer=20 children=288,254,224,762 grandchildren=2880,2540,2240,7620
HASH_ROUTE token=29 layer=21 children=81,728,882,34 grandchildren=810,7280,8820,340
HASH_ROUTE token=29 layer=22 children=607,499,123,281 grandchildren=6070,4990,1230,2810
HASH_ROUTE token=29 layer=23 children=1055,1084,1001,1061 grandchildren=10550,10840,10010,10610
HASH_ROUTE token=30 layer=0 children=955,845,917,851 grandchildren=9550,8450,9170,8510
HASH_ROUTE token=30 layer=1 children=209,294,364,259 grandchildren=2090,2940,3640,2590
HASH_ROUTE token=30 layer=2 children=354,425,323,405 grandchildren=3540,4250,3230,4050
HASH_ROUTE token=30 layer=3 children=452,775,1095,936 grandchildren=4520,7750,10950,9360
HASH_ROUTE token=30 layer=4 children=985,184,665,1092 grandchildren=9850,1840,6650,10920
HASH_ROUTE token=30 layer=5 children=1215,891,99,1179 grandchildren=12150,8910,990,11790
HASH_ROUTE token=30 layer=6 children=678,735,353,993 grandchildren=6780,7350,3530,9930
HASH_ROUTE token=30 layer=7 children=1209,402,240,1043 grandchildren=12090,4020,2400,10430
HASH_ROUTE token=30 layer=8 children=1166,1266,1000,1109 grandchildren=11660,12660,10000,11090
HASH_ROUTE token=30 layer=9 children=542,607,869,509 grandchildren=5420,6070,8690,5090
HASH_ROUTE token=30 layer=10 children=677,32,798,1155 grandchildren=6770,320,7980,11550
HASH_ROUTE token=30 layer=11 children=338,18,657,819 grandchildren=3380,180,6570,8190
HASH_ROUTE token=30 layer=12 children=1048,984,1207,1005 grandchildren=10480,9840,12070,10050
HASH_ROUTE token=30 layer=13 children=780,704,736,944 grandchildren=7800,7040,7360,9440
HASH_ROUTE token=30 layer=14 children=330,11,493,177 grandchildren=3300,110,4930,1770
HASH_ROUTE token=30 layer=15 children=1150,1185,1172,670 grandchildren=11500,11850,11720,6700
HASH_ROUTE token=30 layer=16 children=489,541,648,967 grandchildren=4890,5410,6480,9670
HASH_ROUTE token=30 layer=17 children=594,627,535,609 grandchildren=5940,6270,5350,6090
HASH_ROUTE token=30 layer=18 children=821,959,506,633 grandchildren=8210,9590,5060,6330
HASH_ROUTE token=30 layer=19 children=783,667,464,732 grandchildren=7830,6670,4640,7320
HASH_ROUTE token=30 layer=20 children=1252,458,1194,1214 grandchildren=12520,4580,11940,12140
HASH_ROUTE token=30 layer=21 children=72,555,143,1194 grandchildren=720,5550,1430,11940
HASH_ROUTE token=30 layer=22 children=301,312,627,636 grandchildren=3010,3120,6270,6360
HASH_ROUTE token=30 layer=23 children=568,602,559,579 grandchildren=5680,6020,5590,5790
HASH_ROUTE token=31 layer=0 children=955,847,917,944 grandchildren=9550,8470,9170,9440
HASH_ROUTE token=31 layer=1 children=297,459,131,209 grandchildren=2970,4590,1310,2090
HASH_ROUTE token=31 layer=2 children=924,764,855,1248 grandchildren=9240,7640,8550,12480
HASH_ROUTE token=31 layer=3 children=44,207,1008,521 grandchildren=440,2070,10080,5210
HASH_ROUTE token=31 layer=4 children=299,135,161,1097 grandchildren=2990,1350,1610,10970
HASH_ROUTE token=31 layer=5 children=1130,1188,1251,1191 grandchildren=11300,11880,12510,11910
HASH_ROUTE token=31 layer=6 children=1162,684,1153,369 grandchildren=11620,6840,11530,3690
HASH_ROUTE token=31 layer=7 children=61,544,47,528 grandchildren=610,5440,470,5280
HASH_ROUTE token=31 layer=8 children=1264,624,465,1252 grandchildren=12640,6240,4650,12520
HASH_ROUTE token=31 layer=9 children=880,566,958,630 grandchildren=8800,5660,9580,6300
HASH_ROUTE token=31 layer=10 children=36,837,354,1157 grandchildren=360,8370,3540,11570
HASH_ROUTE token=31 layer=11 children=1204,560,245,1184 grandchildren=12040,5600,2450,11840
HASH_ROUTE token=31 layer=12 children=400,1047,1206,383 grandchildren=4000,10470,12060,3830
HASH_ROUTE token=31 layer=13 children=148,19,785,34 grandchildren=1480,190,7850,340
HASH_ROUTE token=31 layer=14 children=104,67,11,262 grandchildren=1040,670,110,2620
HASH_ROUTE token=31 layer=15 children=700,758,1186,546 grandchildren=7000,7580,11860,5460
HASH_ROUTE token=31 layer=16 children=1216,1128,1187,1195 grandchildren=12160,11280,11870,11950
HASH_ROUTE token=31 layer=17 children=594,495,544,613 grandchildren=5940,4950,5440,6130
HASH_ROUTE token=31 layer=18 children=1271,1206,1191,794 grandchildren=12710,12060,11910,7940
HASH_ROUTE token=31 layer=19 children=788,690,686,641 grandchildren=7880,6900,6860,6410
HASH_ROUTE token=31 layer=20 children=1274,318,1138,1121 grandchildren=12740,3180,11380,11210
HASH_ROUTE token=31 layer=21 children=718,1194,870,72 grandchildren=7180,11940,8700,720
HASH_ROUTE token=31 layer=22 children=499,631,623,972 grandchildren=4990,6310,6230,9720
HASH_ROUTE token=31 layer=23 children=503,577,580,20 grandchildren=5030,5770,5800,200
HASH_ROUTE token=32 layer=0 children=153,53,72,65 grandchildren=1530,530,720,650
HASH_ROUTE token=32 layer=1 children=175,297,333,659 grandchildren=1750,2970,3330,6590
HASH_ROUTE token=32 layer=2 children=1061,1225,424,901 grandchildren=10610,12250,4240,9010
HASH_ROUTE token=32 layer=3 children=106,68,18,900 grandchildren=1060,680,180,9000
HASH_ROUTE token=32 layer=4 children=186,299,311,229 grandchildren=1860,2990,3110,2290
HASH_ROUTE token=32 layer=5 children=1210,1272,1174,1130 grandchildren=12100,12720,11740,11300
HASH_ROUTE token=32 layer=6 children=126,442,765,288 grandchildren=1260,4420,7650,2880
HASH_ROUTE token=32 layer=7 children=931,137,617,459 grandchildren=9310,1370,6170,4590
HASH_ROUTE token=32 layer=8 children=1110,953,314,1040 grandchildren=11100,9530,3140,10400
HASH_ROUTE token=32 layer=9 children=955,314,897,913 grandchildren=9550,3140,8970,9130
HASH_ROUTE token=32 layer=10 children=347,1147,180,449 grandchildren=3470,11470,1800,4490
HASH_ROUTE token=32 layer=11 children=24,1142,32,1154 grandchildren=240,11420,320,11540
HASH_ROUTE token=32 layer=12 children=378,327,478,219 grandchildren=3780,3270,4780,2190
HASH_ROUTE token=32 layer=13 children=148,782,944,463 grandchildren=1480,7820,9440,4630
HASH_ROUTE token=32 layer=14 children=777,696,616,537 grandchildren=7770,6960,6160,5370
HASH_ROUTE token=32 layer=15 children=995,831,1024,1040 grandchildren=9950,8310,10240,10400
HASH_ROUTE token=32 layer=16 children=431,365,346,1076 grandchildren=4310,3650,3460,10760
HASH_ROUTE token=32 layer=17 children=981,188,1144,509 grandchildren=9810,1880,11440,5090
HASH_ROUTE token=32 layer=18 children=320,380,364,454 grandchildren=3200,3800,3640,4540
HASH_ROUTE token=32 layer=19 children=606,446,120,523 grandchildren=6060,4460,1200,5230
HASH_ROUTE token=32 layer=20 children=766,734,642,779 grandchildren=7660,7340,6420,7790
HASH_ROUTE token=32 layer=21 children=1030,552,870,236 grandchildren=10300,5520,8700,2360
HASH_ROUTE token=32 layer=22 children=333,178,13,652 grandchildren=3330,1780,130,6520
HASH_ROUTE token=32 layer=23 children=909,583,945,820 grandchildren=9090,5830,9450,8200
HASH_ROUTE token=33 layer=0 children=755,649,779,713 grandchildren=7550,6490,7790,7130
HASH_ROUTE token=33 layer=1 children=527,689,504,663 grandchildren=5270,6890,5040,6630
HASH_ROUTE token=33 layer=2 children=352,830,36,991 grandchildren=3520,8300,360,9910
HASH_ROUTE token=33 layer=3 children=623,613,535,554 grandchildren=6230,6130,5350,5540
HASH_ROUTE token=33 layer=4 children=465,434,1260,452 grandchildren=4650,4340,12600,4520
HASH_ROUTE token=33 layer=5 children=320,809,963,168 grandchildren=3200,8090,9630,1680
HASH_ROUTE token=33 layer=6 children=461,785,620,946 grandchildren=4610,7850,6200,9460
HASH_ROUTE token=33 layer=7 children=148,99,38,621 grandchildren=1480,990,380,6210
HASH_ROUTE token=33 layer=8 children=1014,697,1100,786 grandchildren=10140,6970,11000,7860
HASH_ROUTE token=33 layer=9 children=131,55,938,156 grandchildren=1310,550,9380,1560
HASH_ROUTE token=33 layer=10 children=616,626,540,587 grandchildren=6160,6260,5400,5870
HASH_ROUTE token=33 layer=11 children=916,1077,866,753 grandchildren=9160,10770,8660,7530
HASH_ROUTE token=33 layer=12 children=359,839,1151,512 grandchildren=3590,8390,11510,5120
HASH_ROUTE token=33 layer=13 children=324,167,489,361 grandchildren=3240,1670,4890,3610
HASH_ROUTE token=33 layer=14 children=1102,1264,1096,947 grandchildren=11020,12640,10960,9470
HASH_ROUTE token=33 layer=15 children=767,127,1080,678 grandchildren=7670,1270,10800,6780
HASH_ROUTE token=33 layer=16 children=921,600,889,124 grandchildren=9210,6000,8890,1240
HASH_ROUTE token=33 layer=17 children=893,954,801,91 grandchildren=8930,9540,8010,910
HASH_ROUTE token=33 layer=18 children=740,1226,268,721 grandchildren=7400,12260,2680,7210
HASH_ROUTE token=33 layer=19 children=322,647,1121,482 grandchildren=3220,6470,11210,4820
HASH_ROUTE token=33 layer=20 children=1264,309,1223,786 grandchildren=12640,3090,12230,7860
HASH_ROUTE token=33 layer=21 children=1180,1238,700,65 grandchildren=11800,12380,7000,650
HASH_ROUTE token=33 layer=22 children=939,295,1090,772 grandchildren=9390,2950,10900,7720
HASH_ROUTE token=33 layer=23 children=109,45,71,261 grandchildren=1090,450,710,2610
HASH_ROUTE token=34 layer=0 children=153,65,475,955 grandchildren=1530,650,4750,9550
HASH_ROUTE token=34 layer=1 children=205,297,180,244 grandchildren=2050,2970,1800,2440
HASH_ROUTE token=34 layer=2 children=402,883,569,1205 grandchildren=4020,8830,5690,12050
HASH_ROUTE token=34 layer=3 children=1112,976,152,1099 grandchildren=11120,9760,1520,10990
HASH_ROUTE token=34 layer=4 children=180,292,199,827 grandchildren=1800,2920,1990,8270
HASH_ROUTE token=34 layer=5 children=289,307,446,462 grandchildren=2890,3070,4460,4620
HASH_ROUTE token=34 layer=6 children=766,680,725,673 grandchildren=7660,6800,7250,6730
HASH_ROUTE token=34 layer=7 children=617,779,139,935 grandchildren=6170,7790,1390,9350
HASH_ROUTE token=34 layer=8 children=1043,1091,1028,1012 grandchildren=10430,10910,10280,10120
HASH_ROUTE token=34 layer=9 children=897,1212,837,731 grandchildren=8970,12120,8370,7310
HASH_ROUTE token=34 layer=10 children=242,1044,275,723 grandchildren=2420,10440,2750,7230
HASH_ROUTE token=34 layer=11 children=51,533,1172,102 grandchildren=510,5330,11720,1020
HASH_ROUTE token=34 layer=12 children=322,1,645,1125 grandchildren=3220,10,6450,11250
HASH_ROUTE token=34 layer=13 children=782,1269,943,727 grandchildren=7820,12690,9430,7270
HASH_ROUTE token=34 layer=14 children=632,580,562,959 grandchildren=6320,5800,5620,9590
HASH_ROUTE token=34 layer=15 children=983,1015,973,1098 grandchildren=9830,10150,9730,10980
HASH_ROUTE token=34 layer=16 children=361,325,426,347 grandchildren=3610,3250,4260,3470
HASH_ROUTE token=34 layer=17 children=589,1060,261,524 grandchildren=5890,10600,2610,5240
HASH_ROUTE token=34 layer=18 children=812,492,909,585 grandchildren=8120,4920,9090,5850
HASH_ROUTE token=34 layer=19 children=642,729,781,685 grandchildren=6420,7290,7810,6850
HASH_ROUTE token=34 layer=20 children=918,111,438,857 grandchildren=9180,1110,4380,8570
HASH_ROUTE token=34 layer=21 children=13,76,43,973 grandchildren=130,760,430,9730
HASH_ROUTE token=34 layer=22 children=170,168,267,334 grandchildren=1700,1680,2670,3340
HASH_ROUTE token=34 layer=23 children=44,39,123,142 grandchildren=440,390,1230,1420
HASH_ROUTE token=35 layer=0 children=446,364,322,378 grandchildren=4460,3640,3220,3780
HASH_ROUTE token=35 layer=1 children=184,22,209,293 grandchildren=1840,220,2090,2930
HASH_ROUTE token=35 layer=2 children=1009,974,1069,1022 grandchildren=10090,9740,10690,10220
HASH_ROUTE token=35 layer=3 children=1227,106,260,584 grandchildren=12270,1060,2600,5840
HASH_ROUTE token=35 layer=4 children=322,360,411,451 grandchildren=3220,3600,4110,4510
HASH_ROUTE token=35 layer=5 children=1173,1212,1227,1276 grandchildren=11730,12120,12270,12760
HASH_ROUTE token=35 layer=6 children=249,725,1209,204 grandchildren=2490,7250,12090,2040
HASH_ROUTE token=35 layer=7 children=52,129,137,28 grandchildren=520,1290,1370,280
HASH_ROUTE token=35 layer=8 children=844,953,918,942 grandchildren=8440,9530,9180,9420
HASH_ROUTE token=35 layer=9 children=310,151,958,632 grandchildren=3100,1510,9580,6320
HASH_ROUTE token=35 layer=10 children=756,1231,706,778 grandchildren=7560,12310,7060,7780
HASH_ROUTE token=35 layer=11 children=691,681,58,41 grandchildren=6910,6810,580,410
HASH_ROUTE token=35 layer=12 children=212,304,531,206 grandchildren=2120,3040,5310,2060
HASH_ROUTE token=35 layer=13 children=88,91,75,39 grandchildren=880,910,750,390
HASH_ROUTE token=35 layer=14 children=770,937,764,691 grandchildren=7700,9370,7640,6910
HASH_ROUTE token=35 layer=15 children=758,115,794,156 grandchildren=7580,1150,7940,1560
HASH_ROUTE token=35 layer=16 children=386,412,360,63 grandchildren=3860,4120,3600,630
HASH_ROUTE token=35 layer=17 children=1143,981,661,188 grandchildren=11430,9810,6610,1880
HASH_ROUTE token=35 layer=18 children=819,1134,499,970 grandchildren=8190,11340,4990,9700
HASH_ROUTE token=35 layer=19 children=19,652,39,679 grandchildren=190,6520,390,6790
HASH_ROUTE token=35 layer=20 children=185,248,264,255 grandchildren=1850,2480,2640,2550
HASH_ROUTE token=35 layer=21 children=411,1216,320,463 grandchildren=4110,12160,3200,4630
HASH_ROUTE token=35 layer=22 children=414,459,375,441 grandchildren=4140,4590,3750,4410
HASH_ROUTE token=35 layer=23 children=307,232,266,1108 grandchildren=3070,2320,2660,11080
HASH_ROUTE token=36 layer=0 children=120,50,42,106 grandchildren=1200,500,420,1060
HASH_ROUTE token=36 layer=1 children=246,175,727,652 grandchildren=2460,1750,7270,6520
HASH_ROUTE token=36 layer=2 children=538,573,499,548 grandchildren=5380,5730,4990,5480
HASH_ROUTE token=36 layer=3 children=102,11,66,1228 grandchildren=1020,110,660,12280
HASH_ROUTE token=36 layer=4 children=318,198,222,177 grandchildren=3180,1980,2220,1770
HASH_ROUTE token=36 layer=5 children=1132,1269,1192,1173 grandchildren=11320,12690,11920,11730
HASH_ROUTE token=36 layer=6 children=42,204,687,1164 grandchildren=420,2040,6870,11640
HASH_ROUTE token=36 layer=7 children=650,334,812,645 grandchildren=6500,3340,8120,6450
HASH_ROUTE token=36 layer=8 children=527,613,45,133 grandchildren=5270,6130,450,1330
HASH_ROUTE token=36 layer=9 children=896,1214,259,834 grandchildren=8960,12140,2590,8340
HASH_ROUTE token=36 layer=10 children=1047,242,727,889 grandchildren=10470,2420,7270,8890
HASH_ROUTE token=36 layer=11 children=674,515,690,531 grandchildren=6740,5150,6900,5310
HASH_ROUTE token=36 layer=12 children=129,80,27,762 grandchildren=1290,800,270,7620
HASH_ROUTE token=36 layer=13 children=491,656,172,14 grandchildren=4910,6560,1720,140
HASH_ROUTE token=36 layer=14 children=955,1114,936,901 grandchildren=9550,11140,9360,9010
HASH_ROUTE token=36 layer=15 children=993,1000,1095,1014 grandchildren=9930,10000,10950,10140
HASH_ROUTE token=36 layer=16 children=1210,898,417,250 grandchildren=12100,8980,4170,2500
HASH_ROUTE token=36 layer=17 children=983,666,503,1059 grandchildren=9830,6660,5030,10590
HASH_ROUTE token=36 layer=18 children=355,443,381,373 grandchildren=3550,4430,3810,3730
HASH_ROUTE token=36 layer=19 children=760,722,687,796 grandchildren=7600,7220,6870,7960
HASH_ROUTE token=36 layer=20 children=51,111,12,130 grandchildren=510,1110,120,1300
HASH_ROUTE token=36 layer=21 children=72,13,126,109 grandchildren=720,130,1260,1090
HASH_ROUTE token=36 layer=22 children=261,247,231,420 grandchildren=2610,2470,2310,4200
HASH_ROUTE token=36 layer=23 children=144,948,1109,118 grandchildren=1440,9480,11090,1180
HASH_ROUTE token=37 layer=0 children=5,41,960,1007 grandchildren=50,410,9600,10070
HASH_ROUTE token=37 layer=1 children=183,171,311,297 grandchildren=1830,1710,3110,2970
HASH_ROUTE token=37 layer=2 children=655,702,332,739 grandchildren=6550,7020,3320,7390
HASH_ROUTE token=37 layer=3 children=779,1254,290,452 grandchildren=7790,12540,2900,4520
HASH_ROUTE token=37 layer=4 children=292,179,165,189 grandchildren=2920,1790,1650,1890
HASH_ROUTE token=37 layer=5 children=891,842,901,577 grandchildren=8910,8420,9010,5770
HASH_ROUTE token=37 layer=6 children=714,735,673,668 grandchildren=7140,7350,6730,6680
HASH_ROUTE token=37 layer=7 children=137,20,83,49 grandchildren=1370,200,830,490
HASH_ROUTE token=37 layer=8 children=153,1273,149,1266 grandchildren=1530,12730,1490,12660
HASH_ROUTE token=37 layer=9 children=862,700,220,547 grandchildren=8620,7000,2200,5470
HASH_ROUTE token=37 layer=10 children=386,446,357,321 grandchildren=3860,4460,3570,3210
HASH_ROUTE token=37 layer=11 children=1207,1158,1214,1184 grandchildren=12070,11580,12140,11840
HASH_ROUTE token=37 layer=12 children=1163,1002,1145,685 grandchildren=11630,10020,11450,6850
HASH_ROUTE token=37 layer=13 children=670,738,774,760 grandchildren=6700,7380,7740,7600
HASH_ROUTE token=37 layer=14 children=617,592,482,298 grandchildren=6170,5920,4820,2980
HASH_ROUTE token=37 layer=15 children=1246,1239,762,1273 grandchildren=12460,12390,7620,12730
HASH_ROUTE token=37 layer=16 children=172,655,300,213 grandchildren=1720,6550,3000,2130
HASH_ROUTE token=37 layer=17 children=507,987,484,343 grandchildren=5070,9870,4840,3430
HASH_ROUTE token=37 layer=18 children=1194,1177,1135,1033 grandchildren=11940,11770,11350,10330
HASH_ROUTE token=37 layer=19 children=679,355,660,341 grandchildren=6790,3550,6600,3410
HASH_ROUTE token=37 layer=20 children=313,1112,206,229 grandchildren=3130,11120,2060,2290
HASH_ROUTE token=37 layer=21 children=75,555,1194,718 grandchildren=750,5550,11940,7180
HASH_ROUTE token=37 layer=22 children=464,347,329,945 grandchildren=4640,3470,3290,9450
HASH_ROUTE token=37 layer=23 children=593,118,534,1077 grandchildren=5930,1180,5340,10770
HASH_ROUTE token=38 layer=0 children=245,218,281,89 grandchildren=2450,2180,2810,890
HASH_ROUTE token=38 layer=1 children=421,454,335,436 grandchildren=4210,4540,3350,4360
HASH_ROUTE token=38 layer=2 children=1229,1133,740,1126 grandchildren=12290,11330,7400,11260
HASH_ROUTE token=38 layer=3 children=931,942,1099,1101 grandchildren=9310,9420,10990,11010
HASH_ROUTE token=38 layer=4 children=169,295,246,259 grandchildren=1690,2950,2460,2590
HASH_ROUTE token=38 layer=5 children=915,438,851,110 grandchildren=9150,4380,8510,1100
HASH_ROUTE token=38 layer=6 children=337,397,320,433 grandchildren=3370,3970,3200,4330
HASH_ROUTE token=38 layer=7 children=49,144,528,628 grandchildren=490,1440,5280,6280
HASH_ROUTE token=38 layer=8 children=802,1120,846,1166 grandchildren=8020,11200,8460,11660
HASH_ROUTE token=38 layer=9 children=729,882,696,708 grandchildren=7290,8820,6960,7080
HASH_ROUTE token=38 layer=10 children=471,155,334,350 grandchildren=4710,1550,3340,3500
HASH_ROUTE token=38 layer=11 children=1135,1207,1214,1187 grandchildren=11350,12070,12140,11870
HASH_ROUTE token=38 layer=12 children=1149,1275,1227,820 grandchildren=11490,12750,12270,8200
HASH_ROUTE token=38 layer=13 children=289,278,124,118 grandchildren=2890,2780,1240,1180
HASH_ROUTE token=38 layer=14 children=582,901,630,952 grandchildren=5820,9010,6300,9520
HASH_ROUTE token=38 layer=15 children=762,920,677,832 grandchildren=7620,9200,6770,8320
HASH_ROUTE token=38 layer=16 children=171,497,213,534 grandchildren=1710,4970,2130,5340
HASH_ROUTE token=38 layer=17 children=824,347,913,433 grandchildren=8240,3470,9130,4330
HASH_ROUTE token=38 layer=18 children=527,605,485,552 grandchildren=5270,6050,4850,5520
HASH_ROUTE token=38 layer=19 children=780,145,744,767 grandchildren=7800,1450,7440,7670
HASH_ROUTE token=38 layer=20 children=470,315,354,195 grandchildren=4700,3150,3540,1950
HASH_ROUTE token=38 layer=21 children=712,680,1039,668 grandchildren=7120,6800,10390,6680
HASH_ROUTE token=38 layer=22 children=16,0,51,136 grandchildren=160,0,510,1360
HASH_ROUTE token=38 layer=23 children=885,838,856,82 grandchildren=8850,8380,8560,820
HASH_ROUTE token=39 layer=0 children=441,375,394,349 grandchildren=4410,3750,3940,3490
HASH_ROUTE token=39 layer=1 children=361,345,420,374 grandchildren=3610,3450,4200,3740
HASH_ROUTE token=39 layer=2 children=600,446,760,516 grandchildren=6000,4460,7600,5160
HASH_ROUTE token=39 layer=3 children=1214,892,1055,739 grandchildren=12140,8920,10550,7390
HASH_ROUTE token=39 layer=4 children=906,266,854,888 grandchildren=9060,2660,8540,8880
HASH_ROUTE token=39 layer=5 children=920,605,958,1244 grandchildren=9200,6050,9580,12440
HASH_ROUTE token=39 layer=6 children=798,683,470,363 grandchildren=7980,6830,4700,3630
HASH_ROUTE token=39 layer=7 children=169,176,187,1127 grandchildren=1690,1760,1870,11270
HASH_ROUTE token=39 layer=8 children=848,949,874,951 grandchildren=8480,9490,8740,9510
HASH_ROUTE token=39 layer=9 children=920,768,933,774 grandchildren=9200,7680,9330,7740
HASH_ROUTE token=39 layer=10 children=1059,1079,737,759 grandchildren=10590,10790,7370,7590
HASH_ROUTE token=39 layer=11 children=722,87,1204,1042 grandchildren=7220,870,12040,10420
HASH_ROUTE token=39 layer=12 children=669,761,723,183 grandchildren=6690,7610,7230,1830
HASH_ROUTE token=39 layer=13 children=17,338,491,970 grandchildren=170,3380,4910,9700
HASH_ROUTE token=39 layer=14 children=442,429,458,407 grandchildren=4420,4290,4580,4070
HASH_ROUTE token=39 layer=15 children=472,793,152,1117 grandchildren=4720,7930,1520,11170
HASH_ROUTE token=39 layer=16 children=1261,1176,1138,1216 grandchildren=12610,11760,11380,12160
HASH_ROUTE token=39 layer=17 children=1008,995,1029,987 grandchildren=10080,9950,10290,9870
HASH_ROUTE token=39 layer=18 children=1169,1189,847,1256 grandchildren=11690,11890,8470,12560
HASH_ROUTE token=39 layer=19 children=667,783,708,1144 grandchildren=6670,7830,7080,11440
HASH_ROUTE token=39 layer=20 children=218,314,1017,225 grandchildren=2180,3140,10170,2250
HASH_ROUTE token=39 layer=21 children=872,718,72,1035 grandchildren=8720,7180,720,10350
HASH_ROUTE token=39 layer=22 children=423,269,447,460 grandchildren=4230,2690,4470,4600
HASH_ROUTE token=39 layer=23 children=729,88,765,563 grandchildren=7290,880,7650,5630
HASH_ROUTE token=40 layer=0 children=209,166,278,217 grandchildren=2090,1660,2780,2170
HASH_ROUTE token=40 layer=1 children=902,921,833,262 grandchildren=9020,9210,8330,2620
HASH_ROUTE token=40 layer=2 children=264,588,905,172 grandchildren=2640,5880,9050,1720
HASH_ROUTE token=40 layer=3 children=373,851,354,836 grandchildren=3730,8510,3540,8360
HASH_ROUTE token=40 layer=4 children=775,294,130,747 grandchildren=7750,2940,1300,7470
HASH_ROUTE token=40 layer=5 children=434,378,397,342 grandchildren=4340,3780,3970,3420
HASH_ROUTE token=40 layer=6 children=1195,715,1181,1217 grandchildren=11950,7150,11810,12170
HASH_ROUTE token=40 layer=7 children=657,708,11,491 grandchildren=6570,7080,110,4910
HASH_ROUTE token=40 layer=8 children=258,1211,184,1141 grandchildren=2580,12110,1840,11410
HASH_ROUTE token=40 layer=9 children=921,958,801,821 grandchildren=9210,9580,8010,8210
HASH_ROUTE token=40 layer=10 children=724,753,775,709 grandchildren=7240,7530,7750,7090
HASH_ROUTE token=40 layer=11 children=995,1098,1013,1037 grandchildren=9950,10980,10130,10370
HASH_ROUTE token=40 layer=12 children=501,541,1145,635 grandchildren=5010,5410,11450,6350
HASH_ROUTE token=40 layer=13 children=630,629,486,519 grandchildren=6300,6290,4860,5190
HASH_ROUTE token=40 layer=14 children=866,1020,909,221 grandchildren=8660,10200,9090,2210
HASH_ROUTE token=40 layer=15 children=1237,1246,599,602 grandchildren=12370,12460,5990,6020
HASH_ROUTE token=40 layer=16 children=391,556,439,718 grandchildren=3910,5560,4390,7180
HASH_ROUTE token=40 layer=17 children=486,530,507,545 grandchildren=4860,5300,5070,5450
HASH_ROUTE token=40 layer=18 children=781,1266,660,791 grandchildren=7810,12660,6600,7910
HASH_ROUTE token=40 layer=19 children=764,787,678,652 grandchildren=7640,7870,6780,6520
HASH_ROUTE token=40 layer=20 children=313,254,470,413 grandchildren=3130,2540,4700,4130
HASH_ROUTE token=40 layer=21 children=1198,76,230,559 grandchildren=11980,760,2300,5590
HASH_ROUTE token=40 layer=22 children=301,622,460,268 grandchildren=3010,6220,4600,2680
HASH_ROUTE token=40 layer=23 children=535,507,596,480 grandchildren=5350,5070,5960,4800
HASH_ROUTE token=41 layer=0 children=477,360,1272,150 grandchildren=4770,3600,12720,1500
HASH_ROUTE token=41 layer=1 children=297,457,282,443 grandchildren=2970,4570,2820,4430
HASH_ROUTE token=41 layer=2 children=753,740,698,730 grandchildren=7530,7400,6980,7300
HASH_ROUTE token=41 layer=3 children=308,273,183,141 grandchildren=3080,2730,1830,1410
HASH_ROUTE token=41 layer=4 children=266,109,215,52 grandchildren=2660,1090,2150,520
HASH_ROUTE token=41 layer=5 children=378,478,434,850 grandchildren=3780,4780,4340,8500
HASH_ROUTE token=41 layer=6 children=429,479,903,953 grandchildren=4290,4790,9030,9530
HASH_ROUTE token=41 layer=7 children=208,198,680,528 grandchildren=2080,1980,6800,5280
HASH_ROUTE token=41 layer=8 children=103,145,3,52 grandchildren=1030,1450,30,520
HASH_ROUTE token=41 layer=9 children=852,923,938,813 grandchildren=8520,9230,9380,8130
HASH_ROUTE token=41 layer=10 children=969,1096,1128,1251 grandchildren=9690,10960,11280,12510
HASH_ROUTE token=41 layer=11 children=1214,1059,418,1238 grandchildren=12140,10590,4180,12380
HASH_ROUTE token=41 layer=12 children=1240,1148,1212,1199 grandchildren=12400,11480,12120,11990
HASH_ROUTE token=41 layer=13 children=756,596,438,118 grandchildren=7560,5960,4380,1180
HASH_ROUTE token=41 layer=14 children=588,612,632,901 grandchildren=5880,6120,6320,9010
HASH_ROUTE token=41 layer=15 children=1041,978,1086,1091 grandchildren=10410,9780,10860,10910
HASH_ROUTE token=41 layer=16 children=218,171,690,1172 grandchildren=2180,1710,6900,11720
HASH_ROUTE token=41 layer=17 children=987,506,1004,521 grandchildren=9870,5060,10040,5210
HASH_ROUTE token=41 layer=18 children=440,1243,762,921 grandchildren=4400,12430,7620,9210
HASH_ROUTE token=41 layer=19 children=789,678,1262,732 grandchildren=7890,6780,12620,7320
HASH_ROUTE token=41 layer=20 children=318,632,194,470 grandchildren=3180,6320,1940,4700
HASH_ROUTE token=41 layer=21 children=874,943,826,76 grandchildren=8740,9430,8260,760
HASH_ROUTE token=41 layer=22 children=795,749,158,1110 grandchildren=7950,7490,1580,11100
HASH_ROUTE token=41 layer=23 children=751,697,765,729 grandchildren=7510,6970,7650,7290
HASH_ROUTE token=42 layer=0 children=150,318,477,7 grandchildren=1500,3180,4770,70
HASH_ROUTE token=42 layer=1 children=240,174,200,187 grandchildren=2400,1740,2000,1870
HASH_ROUTE token=42 layer=2 children=1162,1137,1249,1214 grandchildren=11620,11370,12490,12140
HASH_ROUTE token=42 layer=3 children=774,679,930,686 grandchildren=7740,6790,9300,6860
HASH_ROUTE token=42 layer=4 children=185,296,165,254 grandchildren=1850,2960,1650,2540
HASH_ROUTE token=42 layer=5 children=1212,1256,1195,1166 grandchildren=12120,12560,11950,11660
HASH_ROUTE token=42 layer=6 children=736,765,714,671 grandchildren=7360,7650,7140,6710
HASH_ROUTE token=42 layer=7 children=456,441,134,125 grandchildren=4560,4410,1340,1250
HASH_ROUTE token=42 layer=8 children=1272,1161,1266,1255 grandchildren=12720,11610,12660,12550
HASH_ROUTE token=42 layer=9 children=1142,821,183,1277 grandchildren=11420,8210,1830,12770
HASH_ROUTE token=42 layer=10 children=358,477,459,1153 grandchildren=3580,4770,4590,11530
HASH_ROUTE token=42 layer=11 children=37,58,99,670 grandchildren=370,580,990,6700
HASH_ROUTE token=42 layer=12 children=253,280,205,192 grandchildren=2530,2800,2050,1920
HASH_ROUTE token=42 layer=13 children=772,616,675,739 grandchildren=7720,6160,6750,7390
HASH_ROUTE token=42 layer=14 children=613,598,605,483 grandchildren=6130,5980,6050,4830
HASH_ROUTE token=42 layer=15 children=1177,1159,1232,1210 grandchildren=11770,11590,12320,12100
HASH_ROUTE token=42 layer=16 children=301,247,253,234 grandchildren=3010,2470,2530,2340
HASH_ROUTE token=42 layer=17 children=507,666,576,532 grandchildren=5070,6660,5760,5320
HASH_ROUTE token=42 layer=18 children=432,376,352,443 grandchildren=4320,3760,3520,4430
HASH_ROUTE token=42 layer=19 children=651,783,709,760 grandchildren=6510,7830,7090,7600
HASH_ROUTE token=42 layer=20 children=296,166,239,289 grandchildren=2960,1660,2390,2890
HASH_ROUTE token=42 layer=21 children=1266,142,1248,125 grandchildren=12660,1420,12480,1250
HASH_ROUTE token=42 layer=22 children=804,161,488,322 grandchildren=8040,1610,4880,3220
HASH_ROUTE token=42 layer=23 children=245,85,261,108 grandchildren=2450,850,2610,1080
HASH_ROUTE token=43 layer=0 children=153,50,72,65 grandchildren=1530,500,720,650
HASH_ROUTE token=43 layer=1 children=175,297,333,653 grandchildren=1750,2970,3330,6530
HASH_ROUTE token=43 layer=2 children=905,427,581,1061 grandchildren=9050,4270,5810,10610
HASH_ROUTE token=43 layer=3 children=106,68,18,900 grandchildren=1060,680,180,9000
HASH_ROUTE token=43 layer=4 children=186,299,312,194 grandchildren=1860,2990,3120,1940
HASH_ROUTE token=43 layer=5 children=1210,1272,1179,1130 grandchildren=12100,12720,11790,11300
HASH_ROUTE token=43 layer=6 children=129,448,760,280 grandchildren=1290,4480,7600,2800
HASH_ROUTE token=43 layer=7 children=931,137,617,459 grandchildren=9310,1370,6170,4590
HASH_ROUTE token=43 layer=8 children=1110,953,314,1043 grandchildren=11100,9530,3140,10430
HASH_ROUTE token=43 layer=9 children=955,897,913,314 grandchildren=9550,8970,9130,3140
HASH_ROUTE token=43 layer=10 children=347,1147,180,446 grandchildren=3470,11470,1800,4460
HASH_ROUTE token=43 layer=11 children=24,1142,32,1151 grandchildren=240,11420,320,11510
HASH_ROUTE token=43 layer=12 children=374,327,219,478 grandchildren=3740,3270,2190,4780
HASH_ROUTE token=43 layer=13 children=148,786,943,463 grandchildren=1480,7860,9430,4630
HASH_ROUTE token=43 layer=14 children=777,693,792,616 grandchildren=7770,6930,7920,6160
HASH_ROUTE token=43 layer=15 children=995,1024,831,1040 grandchildren=9950,10240,8310,10400
HASH_ROUTE token=43 layer=16 children=431,365,346,1076 grandchildren=4310,3650,3460,10760
HASH_ROUTE token=43 layer=17 children=981,188,346,509 grandchildren=9810,1880,3460,5090
HASH_ROUTE token=43 layer=18 children=320,382,364,454 grandchildren=3200,3820,3640,4540
HASH_ROUTE token=43 layer=19 children=606,440,120,523 grandchildren=6060,4400,1200,5230
HASH_ROUTE token=43 layer=20 children=766,642,743,779 grandchildren=7660,6420,7430,7790
HASH_ROUTE token=43 layer=21 children=1030,552,870,236 grandchildren=10300,5520,8700,2360
HASH_ROUTE token=43 layer=22 children=179,266,13,656 grandchildren=1790,2660,130,6560
HASH_ROUTE token=43 layer=23 children=945,624,906,143 grandchildren=9450,6240,9060,1430
HASH_ROUTE token=44 layer=0 children=755,649,779,713 grandchildren=7550,6490,7790,7130
HASH_ROUTE token=44 layer=1 children=527,689,504,663 grandchildren=5270,6890,5040,6630
HASH_ROUTE token=44 layer=2 children=352,830,36,991 grandchildren=3520,8300,360,9910
HASH_ROUTE token=44 layer=3 children=623,613,535,554 grandchildren=6230,6130,5350,5540
HASH_ROUTE token=44 layer=4 children=465,434,1260,452 grandchildren=4650,4340,12600,4520
HASH_ROUTE token=44 layer=5 children=320,809,963,168 grandchildren=3200,8090,9630,1680
HASH_ROUTE token=44 layer=6 children=461,785,620,946 grandchildren=4610,7850,6200,9460
HASH_ROUTE token=44 layer=7 children=148,99,38,621 grandchildren=1480,990,380,6210
HASH_ROUTE token=44 layer=8 children=1014,697,1100,786 grandchildren=10140,6970,11000,7860
HASH_ROUTE token=44 layer=9 children=131,55,938,156 grandchildren=1310,550,9380,1560
HASH_ROUTE token=44 layer=10 children=616,626,540,587 grandchildren=6160,6260,5400,5870
HASH_ROUTE token=44 layer=11 children=916,1077,866,753 grandchildren=9160,10770,8660,7530
HASH_ROUTE token=44 layer=12 children=359,839,1151,512 grandchildren=3590,8390,11510,5120
HASH_ROUTE token=44 layer=13 children=324,167,489,361 grandchildren=3240,1670,4890,3610
HASH_ROUTE token=44 layer=14 children=1102,1264,1096,947 grandchildren=11020,12640,10960,9470
HASH_ROUTE token=44 layer=15 children=767,127,1080,678 grandchildren=7670,1270,10800,6780
HASH_ROUTE token=44 layer=16 children=921,600,889,124 grandchildren=9210,6000,8890,1240
HASH_ROUTE token=44 layer=17 children=893,954,801,91 grandchildren=8930,9540,8010,910
HASH_ROUTE token=44 layer=18 children=740,1226,268,721 grandchildren=7400,12260,2680,7210
HASH_ROUTE token=44 layer=19 children=322,647,1121,482 grandchildren=3220,6470,11210,4820
HASH_ROUTE token=44 layer=20 children=1264,309,1223,786 grandchildren=12640,3090,12230,7860
HASH_ROUTE token=44 layer=21 children=1180,1238,700,65 grandchildren=11800,12380,7000,650
HASH_ROUTE token=44 layer=22 children=939,295,1090,772 grandchildren=9390,2950,10900,7720
HASH_ROUTE token=44 layer=23 children=109,45,71,261 grandchildren=1090,450,710,2610
HASH_ROUTE token=45 layer=0 children=153,65,475,955 grandchildren=1530,650,4750,9550
HASH_ROUTE token=45 layer=1 children=205,297,180,244 grandchildren=2050,2970,1800,2440
HASH_ROUTE token=45 layer=2 children=402,883,569,1205 grandchildren=4020,8830,5690,12050
HASH_ROUTE token=45 layer=3 children=1112,976,152,1099 grandchildren=11120,9760,1520,10990
HASH_ROUTE token=45 layer=4 children=180,292,199,827 grandchildren=1800,2920,1990,8270
HASH_ROUTE token=45 layer=5 children=289,307,446,462 grandchildren=2890,3070,4460,4620
HASH_ROUTE token=45 layer=6 children=766,680,725,673 grandchildren=7660,6800,7250,6730
HASH_ROUTE token=45 layer=7 children=617,779,139,935 grandchildren=6170,7790,1390,9350
HASH_ROUTE token=45 layer=8 children=1043,1091,1028,1012 grandchildren=10430,10910,10280,10120
HASH_ROUTE token=45 layer=9 children=897,1212,837,731 grandchildren=8970,12120,8370,7310
HASH_ROUTE token=45 layer=10 children=242,1044,275,723 grandchildren=2420,10440,2750,7230
HASH_ROUTE token=45 layer=11 children=51,533,1172,102 grandchildren=510,5330,11720,1020
HASH_ROUTE token=45 layer=12 children=322,1,645,1125 grandchildren=3220,10,6450,11250
HASH_ROUTE token=45 layer=13 children=782,1269,943,727 grandchildren=7820,12690,9430,7270
HASH_ROUTE token=45 layer=14 children=632,580,562,959 grandchildren=6320,5800,5620,9590
HASH_ROUTE token=45 layer=15 children=983,1015,973,1098 grandchildren=9830,10150,9730,10980
HASH_ROUTE token=45 layer=16 children=361,325,426,347 grandchildren=3610,3250,4260,3470
HASH_ROUTE token=45 layer=17 children=589,1060,261,524 grandchildren=5890,10600,2610,5240
HASH_ROUTE token=45 layer=18 children=812,492,909,585 grandchildren=8120,4920,9090,5850
HASH_ROUTE token=45 layer=19 children=642,729,781,685 grandchildren=6420,7290,7810,6850
HASH_ROUTE token=45 layer=20 children=918,111,438,857 grandchildren=9180,1110,4380,8570
HASH_ROUTE token=45 layer=21 children=13,76,43,973 grandchildren=130,760,430,9730
HASH_ROUTE token=45 layer=22 children=170,168,267,334 grandchildren=1700,1680,2670,3340
HASH_ROUTE token=45 layer=23 children=44,39,123,142 grandchildren=440,390,1230,1420
HASH_ROUTE token=46 layer=0 children=446,364,322,378 grandchildren=4460,3640,3220,3780
HASH_ROUTE token=46 layer=1 children=184,22,209,293 grandchildren=1840,220,2090,2930
HASH_ROUTE token=46 layer=2 children=1009,974,1069,1022 grandchildren=10090,9740,10690,10220
HASH_ROUTE token=46 layer=3 children=1227,106,260,584 grandchildren=12270,1060,2600,5840
HASH_ROUTE token=46 layer=4 children=322,360,411,451 grandchildren=3220,3600,4110,4510
HASH_ROUTE token=46 layer=5 children=1173,1212,1227,1276 grandchildren=11730,12120,12270,12760
HASH_ROUTE token=46 layer=6 children=249,725,1209,204 grandchildren=2490,7250,12090,2040
HASH_ROUTE token=46 layer=7 children=52,129,137,28 grandchildren=520,1290,1370,280
HASH_ROUTE token=46 layer=8 children=844,953,918,942 grandchildren=8440,9530,9180,9420
HASH_ROUTE token=46 layer=9 children=310,151,958,632 grandchildren=3100,1510,9580,6320
HASH_ROUTE token=46 layer=10 children=756,1231,706,778 grandchildren=7560,12310,7060,7780
HASH_ROUTE token=46 layer=11 children=691,681,58,41 grandchildren=6910,6810,580,410
HASH_ROUTE token=46 layer=12 children=212,304,531,206 grandchildren=2120,3040,5310,2060
HASH_ROUTE token=46 layer=13 children=88,91,75,39 grandchildren=880,910,750,390
HASH_ROUTE token=46 layer=14 children=770,937,764,691 grandchildren=7700,9370,7640,6910
HASH_ROUTE token=46 layer=15 children=758,115,794,156 grandchildren=7580,1150,7940,1560
HASH_ROUTE token=46 layer=16 children=386,412,360,63 grandchildren=3860,4120,3600,630
HASH_ROUTE token=46 layer=17 children=1143,981,661,188 grandchildren=11430,9810,6610,1880
HASH_ROUTE token=46 layer=18 children=819,1134,499,970 grandchildren=8190,11340,4990,9700
HASH_ROUTE token=46 layer=19 children=19,652,39,679 grandchildren=190,6520,390,6790
HASH_ROUTE token=46 layer=20 children=185,248,264,255 grandchildren=1850,2480,2640,2550
HASH_ROUTE token=46 layer=21 children=411,1216,320,463 grandchildren=4110,12160,3200,4630
HASH_ROUTE token=46 layer=22 children=414,459,375,441 grandchildren=4140,4590,3750,4410
HASH_ROUTE token=46 layer=23 children=307,232,266,1108 grandchildren=3070,2320,2660,11080
HASH_ROUTE token=47 layer=0 children=120,50,42,106 grandchildren=1200,500,420,1060
HASH_ROUTE token=47 layer=1 children=246,175,727,652 grandchildren=2460,1750,7270,6520
HASH_ROUTE token=47 layer=2 children=538,573,499,548 grandchildren=5380,5730,4990,5480
HASH_ROUTE token=47 layer=3 children=102,11,66,1228 grandchildren=1020,110,660,12280
HASH_ROUTE token=47 layer=4 children=318,198,222,177 grandchildren=3180,1980,2220,1770
HASH_ROUTE token=47 layer=5 children=1132,1269,1192,1173 grandchildren=11320,12690,11920,11730
HASH_ROUTE token=47 layer=6 children=42,204,687,1164 grandchildren=420,2040,6870,11640
HASH_ROUTE token=47 layer=7 children=650,334,812,645 grandchildren=6500,3340,8120,6450
HASH_ROUTE token=47 layer=8 children=527,613,45,133 grandchildren=5270,6130,450,1330
HASH_ROUTE token=47 layer=9 children=896,1214,259,834 grandchildren=8960,12140,2590,8340
HASH_ROUTE token=47 layer=10 children=1047,242,727,889 grandchildren=10470,2420,7270,8890
HASH_ROUTE token=47 layer=11 children=674,515,690,531 grandchildren=6740,5150,6900,5310
HASH_ROUTE token=47 layer=12 children=129,80,27,762 grandchildren=1290,800,270,7620
HASH_ROUTE token=47 layer=13 children=491,656,172,14 grandchildren=4910,6560,1720,140
HASH_ROUTE token=47 layer=14 children=955,1114,936,901 grandchildren=9550,11140,9360,9010
HASH_ROUTE token=47 layer=15 children=993,1000,1095,1014 grandchildren=9930,10000,10950,10140
HASH_ROUTE token=47 layer=16 children=1210,898,417,250 grandchildren=12100,8980,4170,2500
HASH_ROUTE token=47 layer=17 children=983,666,503,1059 grandchildren=9830,6660,5030,10590
HASH_ROUTE token=47 layer=18 children=355,443,381,373 grandchildren=3550,4430,3810,3730
HASH_ROUTE token=47 layer=19 children=760,722,687,796 grandchildren=7600,7220,6870,7960
HASH_ROUTE token=47 layer=20 children=51,111,12,130 grandchildren=510,1110,120,1300
HASH_ROUTE token=47 layer=21 children=72,13,126,109 grandchildren=720,130,1260,1090
HASH_ROUTE token=47 layer=22 children=261,247,231,420 grandchildren=2610,2470,2310,4200
HASH_ROUTE token=47 layer=23 children=144,948,1109,118 grandchildren=1440,9480,11090,1180
HASH_ROUTE token=48 layer=0 children=7,39,42,93 grandchildren=70,390,420,930
HASH_ROUTE token=48 layer=1 children=180,195,230,262 grandchildren=1800,1950,2300,2620
HASH_ROUTE token=48 layer=2 children=461,1104,431,1073 grandchildren=4610,11040,4310,10730
HASH_ROUTE token=48 layer=3 children=585,500,629,109 grandchildren=5850,5000,6290,1090
HASH_ROUTE token=48 layer=4 children=193,236,269,257 grandchildren=1930,2360,2690,2570
HASH_ROUTE token=48 layer=5 children=572,896,588,904 grandchildren=5720,8960,5880,9040
HASH_ROUTE token=48 layer=6 children=678,199,745,788 grandchildren=6780,1990,7450,7880
HASH_ROUTE token=48 layer=7 children=133,1098,61,1022 grandchildren=1330,10980,610,10220
HASH_ROUTE token=48 layer=8 children=1261,629,789,142 grandchildren=12610,6290,7890,1420
HASH_ROUTE token=48 layer=9 children=934,828,452,837 grandchildren=9340,8280,4520,8370
HASH_ROUTE token=48 layer=10 children=1256,1181,1279,779 grandchildren=12560,11810,12790,7790
HASH_ROUTE token=48 layer=11 children=737,750,697,709 grandchildren=7370,7500,6970,7090
HASH_ROUTE token=48 layer=12 children=87,1200,728,247 grandchildren=870,12000,7280,2470
HASH_ROUTE token=48 layer=13 children=1235,1154,1243,1163 grandchildren=12350,11540,12430,11630
HASH_ROUTE token=48 layer=14 children=267,201,908,846 grandchildren=2670,2010,9080,8460
HASH_ROUTE token=48 layer=15 children=1254,1179,1274,1187 grandchildren=12540,11790,12740,11870
HASH_ROUTE token=48 layer=16 children=255,170,1212,578 grandchildren=2550,1700,12120,5780
HASH_ROUTE token=48 layer=17 children=544,1025,580,509 grandchildren=5440,10250,5800,5090
HASH_ROUTE token=48 layer=18 children=1264,949,1107,307 grandchildren=12640,9490,11070,3070
HASH_ROUTE token=48 layer=19 children=679,650,666,789 grandchildren=6790,6500,6660,7890
HASH_ROUTE token=48 layer=20 children=225,167,1027,246 grandchildren=2250,1670,10270,2460
HASH_ROUTE token=48 layer=21 children=72,28,45,33 grandchildren=720,280,450,330
HASH_ROUTE token=48 layer=22 children=319,263,634,1110 grandchildren=3190,2630,6340,11100
HASH_ROUTE token=48 layer=23 children=587,504,1229,540 grandchildren=5870,5040,12290,5400
HASH_ROUTE token=49 layer=0 children=150,955,471,7 grandchildren=1500,9550,4710,70
HASH_ROUTE token=49 layer=1 children=297,457,206,174 grandchildren=2970,4570,2060,1740
HASH_ROUTE token=49 layer=2 children=99,1215,49,1165 grandchildren=990,12150,490,11650
HASH_ROUTE token=49 layer=3 children=947,789,832,912 grandchildren=9470,7890,8320,9120
HASH_ROUTE token=49 layer=4 children=308,298,174,167 grandchildren=3080,2980,1740,1670
HASH_ROUTE token=49 layer=5 children=802,844,945,851 grandchildren=8020,8440,9450,8510
HASH_ROUTE token=49 layer=6 children=417,363,432,393 grandchildren=4170,3630,4320,3930
HASH_ROUTE token=49 layer=7 children=240,883,83,404 grandchildren=2400,8830,830,4040
HASH_ROUTE token=49 layer=8 children=1203,1265,249,567 grandchildren=12030,12650,2490,5670
HASH_ROUTE token=49 layer=9 children=229,177,180,266 grandchildren=2290,1770,1800,2660
HASH_ROUTE token=49 layer=10 children=322,459,472,645 grandchildren=3220,4590,4720,6450
HASH_ROUTE token=49 layer=11 children=97,733,1214,110 grandchildren=970,7330,12140,1100
HASH_ROUTE token=49 layer=12 children=481,166,562,246 grandchildren=4810,1660,5620,2460
HASH_ROUTE token=49 layer=13 children=546,606,530,631 grandchildren=5460,6060,5300,6310
HASH_ROUTE token=49 layer=14 children=267,428,213,276 grandchildren=2670,4280,2130,2760
HASH_ROUTE token=49 layer=15 children=1153,1189,517,676 grandchildren=11530,11890,5170,6760
HASH_ROUTE token=49 layer=16 children=309,466,277,430 grandchildren=3090,4660,2770,4300
HASH_ROUTE token=49 layer=17 children=438,594,462,383 grandchildren=4380,5940,4620,3830
HASH_ROUTE token=49 layer=18 children=1128,642,320,1 grandchildren=11280,6420,3200,10
HASH_ROUTE token=49 layer=19 children=768,783,445,708 grandchildren=7680,7830,4450,7080
HASH_ROUTE token=49 layer=20 children=174,313,491,632 grandchildren=1740,3130,4910,6320
HASH_ROUTE token=49 layer=21 children=72,230,555,718 grandchildren=720,2300,5550,7180
HASH_ROUTE token=49 layer=22 children=301,1106,460,623 grandchildren=3010,11060,4600,6230
HASH_ROUTE token=49 layer=23 children=631,504,530,584 grandchildren=6310,5040,5300,5840
HASH_ROUTE token=50 layer=0 children=395,1031,873,712 grandchildren=3950,10310,8730,7120
HASH_ROUTE token=50 layer=1 children=278,179,315,436 grandchildren=2780,1790,3150,4360
HASH_ROUTE token=50 layer=2 children=1241,1134,1148,1214 grandchildren=12410,11340,11480,12140
HASH_ROUTE token=50 layer=3 children=931,900,833,842 grandchildren=9310,9000,8330,8420
HASH_ROUTE token=50 layer=4 children=181,294,257,161 grandchildren=1810,2940,2570,1610
HASH_ROUTE token=50 layer=5 children=891,735,1212,94 grandchildren=8910,7350,12120,940
HASH_ROUTE token=50 layer=6 children=734,790,765,724 grandchildren=7340,7900,7650,7240
HASH_ROUTE token=50 layer=7 children=1041,1020,1098,409 grandchildren=10410,10200,10980,4090
HASH_ROUTE token=50 layer=8 children=1165,1252,1208,1229 grandchildren=11650,12520,12080,12290
HASH_ROUTE token=50 layer=9 children=807,160,867,229 grandchildren=8070,1600,8670,2290
HASH_ROUTE token=50 layer=10 children=386,350,325,446 grandchildren=3860,3500,3250,4460
HASH_ROUTE token=50 layer=11 children=995,357,1026,381 grandchildren=9950,3570,10260,3810
HASH_ROUTE token=50 layer=12 children=185,203,281,251 grandchildren=1850,2030,2810,2510
HASH_ROUTE token=50 layer=13 children=670,511,730,572 grandchildren=6700,5110,7300,5720
HASH_ROUTE token=50 layer=14 children=588,523,267,206 grandchildren=5880,5230,2670,2060
HASH_ROUTE token=50 layer=15 children=1177,1150,1251,535 grandchildren=11770,11500,12510,5350
HASH_ROUTE token=50 layer=16 children=213,305,234,172 grandchildren=2130,3050,2340,1720
HASH_ROUTE token=50 layer=17 children=546,532,594,587 grandchildren=5460,5320,5940,5870
HASH_ROUTE token=50 layer=18 children=1279,1249,1110,1146 grandchildren=12790,12490,11100,11460
HASH_ROUTE token=50 layer=19 children=1086,445,991,1244 grandchildren=10860,4450,9910,12440
HASH_ROUTE token=50 layer=20 children=1243,289,1189,1194 grandchildren=12430,2890,11890,11940
HASH_ROUTE token=50 layer=21 children=620,142,949,501 grandchildren=6200,1420,9490,5010
HASH_ROUTE token=50 layer=22 children=1110,312,993,1101 grandchildren=11100,3120,9930,11010
HASH_ROUTE token=50 layer=23 children=260,100,245,902 grandchildren=2600,1000,2450,9020
HASH_ROUTE token=51 layer=0 children=150,958,148,49 grandchildren=1500,9580,1480,490
HASH_ROUTE token=51 layer=1 children=297,453,173,331 grandchildren=2970,4530,1730,3310
HASH_ROUTE token=51 layer=2 children=656,776,649,813 grandchildren=6560,7760,6490,8130
HASH_ROUTE token=51 layer=3 children=759,917,1079,689 grandchildren=7590,9170,10790,6890
HASH_ROUTE token=51 layer=4 children=294,930,611,254 grandchildren=2940,9300,6110,2540
HASH_ROUTE token=51 layer=5 children=891,1212,258,573 grandchildren=8910,12120,2580,5730
HASH_ROUTE token=51 layer=6 children=717,673,735,871 grandchildren=7170,6730,7350,8710
HASH_ROUTE token=51 layer=7 children=87,563,61,245 grandchildren=870,5630,610,2450
HASH_ROUTE token=51 layer=8 children=1266,308,786,148 grandchildren=12660,3080,7860,1480
HASH_ROUTE token=51 layer=9 children=824,184,864,982 grandchildren=8240,1840,8640,9820
HASH_ROUTE token=51 layer=10 children=833,806,938,352 grandchildren=8330,8060,9380,3520
HASH_ROUTE token=51 layer=11 children=119,752,434,1232 grandchildren=1190,7520,4340,12320
HASH_ROUTE token=51 layer=12 children=506,514,605,634 grandchildren=5060,5140,6050,6340
HASH_ROUTE token=51 layer=13 children=739,1052,694,670 grandchildren=7390,10520,6940,6700
HASH_ROUTE token=51 layer=14 children=429,447,370,261 grandchildren=4290,4470,3700,2610
HASH_ROUTE token=51 layer=15 children=1250,1183,1177,1244 grandchildren=12500,11830,11770,12440
HASH_ROUTE token=51 layer=16 children=1138,1172,1213,650 grandchildren=11380,11720,12130,6500
HASH_ROUTE token=51 layer=17 children=507,987,343,532 grandchildren=5070,9870,3430,5320
HASH_ROUTE token=51 layer=18 children=1146,1243,1252,1279 grandchildren=11460,12430,12520,12790
HASH_ROUTE token=51 layer=19 children=1262,789,1159,1144 grandchildren=12620,7890,11590,11440
HASH_ROUTE token=51 layer=20 children=224,314,704,172 grandchildren=2240,3140,7040,1720
HASH_ROUTE token=51 layer=21 children=141,21,72,1107 grandchildren=1410,210,720,11070
HASH_ROUTE token=51 layer=22 children=314,473,1110,196 grandchildren=3140,4730,11100,1960
HASH_ROUTE token=51 layer=23 children=108,905,1062,20 grandchildren=1080,9050,10620,200
HASH_ROUTE token=52 layer=0 children=1120,962,322,1213 grandchildren=11200,9620,3220,12130
HASH_ROUTE token=52 layer=1 children=184,241,172,284 grandchildren=1840,2410,1720,2840
HASH_ROUTE token=52 layer=2 children=656,332,672,357 grandchildren=6560,3320,6720,3570
HASH_ROUTE token=52 layer=3 children=931,454,826,854 grandchildren=9310,4540,8260,8540
HASH_ROUTE token=52 layer=4 children=261,294,255,243 grandchildren=2610,2940,2550,2430
HASH_ROUTE token=52 layer=5 children=891,901,1212,573 grandchildren=8910,9010,12120,5730
HASH_ROUTE token=52 layer=6 children=735,414,716,251 grandchildren=7350,4140,7160,2510
HASH_ROUTE token=52 layer=7 children=295,137,615,269 grandchildren=2950,1370,6150,2690
HASH_ROUTE token=52 layer=8 children=308,1104,282,142 grandchildren=3080,11040,2820,1420
HASH_ROUTE token=52 layer=9 children=704,868,668,229 grandchildren=7040,8680,6680,2290
HASH_ROUTE token=52 layer=10 children=357,677,403,729 grandchildren=3570,6770,4030,7290
HASH_ROUTE token=52 layer=11 children=381,354,1022,545 grandchildren=3810,3540,10220,5450
HASH_ROUTE token=52 layer=12 children=1007,981,205,47 grandchildren=10070,9810,2050,470
HASH_ROUTE token=52 layer=13 children=677,736,659,698 grandchildren=6770,7360,6590,6980
HASH_ROUTE token=52 layer=14 children=139,117,296,613 grandchildren=1390,1170,2960,6130
HASH_ROUTE token=52 layer=15 children=1246,1084,289,1238 grandchildren=12460,10840,2890,12380
HASH_ROUTE token=52 layer=16 children=650,691,737,971 grandchildren=6500,6910,7370,9710
HASH_ROUTE token=52 layer=17 children=1066,587,995,1076 grandchildren=10660,5870,9950,10760
HASH_ROUTE token=52 layer=18 children=1211,1252,732,1146 grandchildren=12110,12520,7320,11460
HASH_ROUTE token=52 layer=19 children=1261,1159,941,833 grandchildren=12610,11590,9410,8330
HASH_ROUTE token=52 layer=20 children=1024,227,1183,387 grandchildren=10240,2270,11830,3870
HASH_ROUTE token=52 layer=21 children=140,72,21,784 grandchildren=1400,720,210,7840
HASH_ROUTE token=52 layer=22 children=348,508,473,1140 grandchildren=3480,5080,4730,11400
HASH_ROUTE token=52 layer=23 children=1066,982,1071,586 grandchildren=10660,9820,10710,5860
HASH_ROUTE token=53 layer=0 children=420,365,324,432 grandchildren=4200,3650,3240,4320
HASH_ROUTE token=53 layer=1 children=441,368,760,682 grandchildren=4410,3680,7600,6820
HASH_ROUTE token=53 layer=2 children=176,653,18,260 grandchildren=1760,6530,180,2600
HASH_ROUTE token=53 layer=3 children=696,852,539,54 grandchildren=6960,8520,5390,540
HASH_ROUTE token=53 layer=4 children=297,235,312,161 grandchildren=2970,2350,3120,1610
HASH_ROUTE token=53 layer=5 children=844,528,368,1161 grandchildren=8440,5280,3680,11610
HASH_ROUTE token=53 layer=6 children=716,875,642,803 grandchildren=7160,8750,6420,8030
HASH_ROUTE token=53 layer=7 children=120,281,81,42 grandchildren=1200,2810,810,420
HASH_ROUTE token=53 layer=8 children=1244,124,1197,1265 grandchildren=12440,1240,11970,12650
HASH_ROUTE token=53 layer=9 children=958,808,938,630 grandchildren=9580,8080,9380,6300
HASH_ROUTE token=53 layer=10 children=334,472,413,405 grandchildren=3340,4720,4130,4050
HASH_ROUTE token=53 layer=11 children=1020,1040,997,1088 grandchildren=10200,10400,9970,10880
HASH_ROUTE token=53 layer=12 children=378,474,1178,212 grandchildren=3780,4740,11780,2120
HASH_ROUTE token=53 layer=13 children=492,511,533,599 grandchildren=4920,5110,5330,5990
HASH_ROUTE token=53 layer=14 children=582,510,533,492 grandchildren=5820,5100,5330,4920
HASH_ROUTE token=53 layer=15 children=195,297,993,304 grandchildren=1950,2970,9930,3040
HASH_ROUTE token=53 layer=16 children=58,534,691,1017 grandchildren=580,5340,6910,10170
HASH_ROUTE token=53 layer=17 children=1072,1003,987,594 grandchildren=10720,10030,9870,5940
HASH_ROUTE token=53 layer=18 children=184,1146,248,1209 grandchildren=1840,11460,2480,12090
HASH_ROUTE token=53 layer=19 children=783,628,466,1265 grandchildren=7830,6280,4660,12650
HASH_ROUTE token=53 layer=20 children=317,174,220,167 grandchildren=3170,1740,2200,1670
HASH_ROUTE token=53 layer=21 children=75,49,27,874 grandchildren=750,490,270,8740
HASH_ROUTE token=53 layer=22 children=1042,246,89,1101 grandchildren=10420,2460,890,11010
HASH_ROUTE token=53 layer=23 children=1043,568,1081,1111 grandchildren=10430,5680,10810,11110
HASH_ROUTE token=54 layer=0 children=153,50,72,65 grandchildren=1530,500,720,650
HASH_ROUTE token=54 layer=1 children=175,297,333,653 grandchildren=1750,2970,3330,6530
HASH_ROUTE token=54 layer=2 children=1060,424,1225,901 grandchildren=10600,4240,12250,9010
HASH_ROUTE token=54 layer=3 children=106,68,18,900 grandchildren=1060,680,180,9000
HASH_ROUTE token=54 layer=4 children=186,294,311,229 grandchildren=1860,2940,3110,2290
HASH_ROUTE token=54 layer=5 children=1213,1272,1174,1130 grandchildren=12130,12720,11740,11300
HASH_ROUTE token=54 layer=6 children=129,442,760,288 grandchildren=1290,4420,7600,2880
HASH_ROUTE token=54 layer=7 children=931,137,617,459 grandchildren=9310,1370,6170,4590
HASH_ROUTE token=54 layer=8 children=1110,953,314,1040 grandchildren=11100,9530,3140,10400
HASH_ROUTE token=54 layer=9 children=955,897,314,913 grandchildren=9550,8970,3140,9130
HASH_ROUTE token=54 layer=10 children=347,1147,180,446 grandchildren=3470,11470,1800,4460
HASH_ROUTE token=54 layer=11 children=24,1142,32,1151 grandchildren=240,11420,320,11510
HASH_ROUTE token=54 layer=12 children=374,327,219,478 grandchildren=3740,3270,2190,4780
HASH_ROUTE token=54 layer=13 children=786,148,943,463 grandchildren=7860,1480,9430,4630
HASH_ROUTE token=54 layer=14 children=777,693,616,537 grandchildren=7770,6930,6160,5370
HASH_ROUTE token=54 layer=15 children=995,1024,831,1040 grandchildren=9950,10240,8310,10400
HASH_ROUTE token=54 layer=16 children=431,365,346,1076 grandchildren=4310,3650,3460,10760
HASH_ROUTE token=54 layer=17 children=981,188,509,349 grandchildren=9810,1880,5090,3490
HASH_ROUTE token=54 layer=18 children=320,382,364,454 grandchildren=3200,3820,3640,4540
HASH_ROUTE token=54 layer=19 children=606,446,523,120 grandchildren=6060,4460,5230,1200
HASH_ROUTE token=54 layer=20 children=764,737,642,667 grandchildren=7640,7370,6420,6670
HASH_ROUTE token=54 layer=21 children=1030,552,236,870 grandchildren=10300,5520,2360,8700
HASH_ROUTE token=54 layer=22 children=178,265,13,331 grandchildren=1780,2650,130,3310
HASH_ROUTE token=54 layer=23 children=945,900,820,1265 grandchildren=9450,9000,8200,12650
HASH_ROUTE token=55 layer=0 children=755,649,779,713 grandchildren=7550,6490,7790,7130
HASH_ROUTE token=55 layer=1 children=527,689,504,663 grandchildren=5270,6890,5040,6630
HASH_ROUTE token=55 layer=2 children=352,830,36,991 grandchildren=3520,8300,360,9910
HASH_ROUTE token=55 layer=3 children=623,613,535,554 grandchildren=6230,6130,5350,5540
HASH_ROUTE token=55 layer=4 children=465,434,1260,452 grandchildren=4650,4340,12600,4520
HASH_ROUTE token=55 layer=5 children=320,809,963,168 grandchildren=3200,8090,9630,1680
HASH_ROUTE token=55 layer=6 children=461,785,620,946 grandchildren=4610,7850,6200,9460
HASH_ROUTE token=55 layer=7 children=148,99,38,621 grandchildren=1480,990,380,6210
HASH_ROUTE token=55 layer=8 children=1014,697,1100,786 grandchildren=10140,6970,11000,7860
HASH_ROUTE token=55 layer=9 children=131,55,938,156 grandchildren=1310,550,9380,1560
HASH_ROUTE token=55 layer=10 children=616,626,540,587 grandchildren=6160,6260,5400,5870
HASH_ROUTE token=55 layer=11 children=916,1077,866,753 grandchildren=9160,10770,8660,7530
HASH_ROUTE token=55 layer=12 children=359,839,1151,512 grandchildren=3590,8390,11510,5120
HASH_ROUTE token=55 layer=13 children=324,167,489,361 grandchildren=3240,1670,4890,3610
HASH_ROUTE token=55 layer=14 children=1102,1264,1096,947 grandchildren=11020,12640,10960,9470
HASH_ROUTE token=55 layer=15 children=767,127,1080,678 grandchildren=7670,1270,10800,6780
HASH_ROUTE token=55 layer=16 children=921,600,889,124 grandchildren=9210,6000,8890,1240
HASH_ROUTE token=55 layer=17 children=893,954,801,91 grandchildren=8930,9540,8010,910
HASH_ROUTE token=55 layer=18 children=740,1226,268,721 grandchildren=7400,12260,2680,7210
HASH_ROUTE token=55 layer=19 children=322,647,1121,482 grandchildren=3220,6470,11210,4820
HASH_ROUTE token=55 layer=20 children=1264,309,1223,786 grandchildren=12640,3090,12230,7860
HASH_ROUTE token=55 layer=21 children=1180,1238,700,65 grandchildren=11800,12380,7000,650
HASH_ROUTE token=55 layer=22 children=939,295,1090,772 grandchildren=9390,2950,10900,7720
HASH_ROUTE token=55 layer=23 children=109,45,71,261 grandchildren=1090,450,710,2610
HASH_ROUTE token=56 layer=0 children=1007,209,1015,214 grandchildren=10070,2090,10150,2140
HASH_ROUTE token=56 layer=1 children=295,455,937,189 grandchildren=2950,4550,9370,1890
HASH_ROUTE token=56 layer=2 children=975,335,495,813 grandchildren=9750,3350,4950,8130
HASH_ROUTE token=56 layer=3 children=906,839,877,811 grandchildren=9060,8390,8770,8110
HASH_ROUTE token=56 layer=4 children=292,204,196,172 grandchildren=2920,2040,1960,1720
HASH_ROUTE token=56 layer=5 children=1173,1212,1240,1130 grandchildren=11730,12120,12400,11300
HASH_ROUTE token=56 layer=6 children=244,200,251,191 grandchildren=2440,2000,2510,1910
HASH_ROUTE token=56 layer=7 children=697,214,854,1013 grandchildren=6970,2140,8540,10130
HASH_ROUTE token=56 layer=8 children=931,953,888,804 grandchildren=9310,9530,8880,8040
HASH_ROUTE token=56 layer=9 children=314,954,1272,182 grandchildren=3140,9540,12720,1820
HASH_ROUTE token=56 layer=10 children=563,546,85,64 grandchildren=5630,5460,850,640
HASH_ROUTE token=56 layer=11 children=40,56,61,682 grandchildren=400,560,610,6820
HASH_ROUTE token=56 layer=12 children=745,643,789,778 grandchildren=7450,6430,7890,7780
HASH_ROUTE token=56 layer=13 children=88,149,99,50 grandchildren=880,1490,990,500
HASH_ROUTE token=56 layer=14 children=447,766,282,455 grandchildren=4470,7660,2820,4550
HASH_ROUTE token=56 layer=15 children=1013,378,991,351 grandchildren=10130,3780,9910,3510
HASH_ROUTE token=56 layer=16 children=418,437,1219,346 grandchildren=4180,4370,12190,3460
HASH_ROUTE token=56 layer=17 children=188,343,502,981 grandchildren=1880,3430,5020,9810
HASH_ROUTE token=56 layer=18 children=1067,1107,1024,997 grandchildren=10670,11070,10240,9970
HASH_ROUTE token=56 layer=19 children=192,1151,253,170 grandchildren=1920,11510,2530,1700
HASH_ROUTE token=56 layer=20 children=377,347,438,403 grandchildren=3770,3470,4380,4030
HASH_ROUTE token=56 layer=21 children=13,41,126,66 grandchildren=130,410,1260,660
HASH_ROUTE token=56 layer=22 children=265,428,179,909 grandchildren=2650,4280,1790,9090
HASH_ROUTE token=56 layer=23 children=234,877,71,1037 grandchildren=2340,8770,710,10370
HASH_ROUTE token=57 layer=0 children=150,52,41,311 grandchildren=1500,520,410,3110
HASH_ROUTE token=57 layer=1 children=189,297,206,173 grandchildren=1890,2970,2060,1730
HASH_ROUTE token=57 layer=2 children=735,749,697,686 grandchildren=7350,7490,6970,6860
HASH_ROUTE token=57 layer=3 children=931,817,779,838 grandchildren=9310,8170,7790,8380
HASH_ROUTE token=57 layer=4 children=189,190,297,237 grandchildren=1890,1900,2970,2370
HASH_ROUTE token=57 layer=5 children=475,329,368,958 grandchildren=4750,3290,3680,9580
HASH_ROUTE token=57 layer=6 children=760,289,442,927 grandchildren=7600,2890,4420,9270
HASH_ROUTE token=57 layer=7 children=471,332,951,812 grandchildren=4710,3320,9510,8120
HASH_ROUTE token=57 layer=8 children=1040,1065,241,267 grandchildren=10400,10650,2410,2670
HASH_ROUTE token=57 layer=9 children=548,869,611,1180 grandchildren=5480,8690,6110,11800
HASH_ROUTE token=57 layer=10 children=1165,1144,1181,202 grandchildren=11650,11440,11810,2020
HASH_ROUTE token=57 layer=11 children=58,37,93,157 grandchildren=580,370,930,1570
HASH_ROUTE token=57 layer=12 children=728,86,668,240 grandchildren=7280,860,6680,2400
HASH_ROUTE token=57 layer=13 children=781,948,463,720 grandchildren=7810,9480,4630,7200
HASH_ROUTE token=57 layer=14 children=813,937,850,884 grandchildren=8130,9370,8500,8840
HASH_ROUTE token=57 layer=15 children=670,514,353,192 grandchildren=6700,5140,3530,1920
HASH_ROUTE token=57 layer=16 children=472,439,362,347 grandchildren=4720,4390,3620,3470
HASH_ROUTE token=57 layer=17 children=509,983,601,348 grandchildren=5090,9830,6010,3480
HASH_ROUTE token=57 layer=18 children=964,1072,1051,1099 grandchildren=9640,10720,10510,10990
HASH_ROUTE token=57 layer=19 children=768,1241,440,789 grandchildren=7680,12410,4400,7890
HASH_ROUTE token=57 layer=20 children=157,6,635,474 grandchildren=1570,60,6350,4740
HASH_ROUTE token=57 layer=21 children=126,75,142,603 grandchildren=1260,750,1420,6030
HASH_ROUTE token=57 layer=22 children=265,741,307,179 grandchildren=2650,7410,3070,1790
HASH_ROUTE token=57 layer=23 children=529,208,510,194 grandchildren=5290,2080,5100,1940
HASH_ROUTE token=58 layer=0 children=809,1126,897,327 grandchildren=8090,11260,8970,3270
HASH_ROUTE token=58 layer=1 children=876,1191,937,74 grandchildren=8760,11910,9370,740
HASH_ROUTE token=58 layer=2 children=332,353,324,419 grandchildren=3320,3530,3240,4190
HASH_ROUTE token=58 layer=3 children=839,679,901,746 grandchildren=8390,6790,9010,7460
HASH_ROUTE token=58 layer=4 children=826,187,21,938 grandchildren=8260,1870,210,9380
HASH_ROUTE token=58 layer=5 children=945,913,881,891 grandchildren=9450,9130,8810,8910
HASH_ROUTE token=58 layer=6 children=725,1208,248,786 grandchildren=7250,12080,2480,7860
HASH_ROUTE token=58 layer=7 children=294,772,248,931 grandchildren=2940,7720,2480,9310
HASH_ROUTE token=58 layer=8 children=996,833,196,1009 grandchildren=9960,8330,1960,10090
HASH_ROUTE token=58 layer=9 children=1093,961,1252,937 grandchildren=10930,9610,12520,9370
HASH_ROUTE token=58 layer=10 children=755,772,799,1230 grandchildren=7550,7720,7990,12300
HASH_ROUTE token=58 layer=11 children=1056,738,1075,971 grandchildren=10560,7380,10750,9710
HASH_ROUTE token=58 layer=12 children=827,26,1145,184 grandchildren=8270,260,11450,1840
HASH_ROUTE token=58 layer=13 children=785,652,1103,979 grandchildren=7850,6520,11030,9790
HASH_ROUTE token=58 layer=14 children=814,18,492,170 grandchildren=8140,180,4920,1700
HASH_ROUTE token=58 layer=15 children=1150,357,677,1269 grandchildren=11500,3570,6770,12690
HASH_ROUTE token=58 layer=16 children=439,349,419,470 grandchildren=4390,3490,4190,4700
HASH_ROUTE token=58 layer=17 children=594,486,546,507 grandchildren=5940,4860,5460,5070
HASH_ROUTE token=58 layer=18 children=310,244,182,165 grandchildren=3100,2440,1820,1650
HASH_ROUTE token=58 layer=19 children=789,768,467,650 grandchildren=7890,7680,4670,6500
HASH_ROUTE token=58 layer=20 children=283,230,264,296 grandchildren=2830,2300,2640,2960
HASH_ROUTE token=58 layer=21 children=76,718,149,109 grandchildren=760,7180,1490,1090
HASH_ROUTE token=58 layer=22 children=301,189,269,170 grandchildren=3010,1890,2690,1700
HASH_ROUTE token=58 layer=23 children=423,342,108,1061 grandchildren=4230,3420,1080,10610
HASH_ROUTE token=59 layer=0 children=841,943,955,932 grandchildren=8410,9430,9550,9320
HASH_ROUTE token=59 layer=1 children=297,456,1251,614 grandchildren=2970,4560,12510,6140
HASH_ROUTE token=59 layer=2 children=350,366,995,1158 grandchildren=3500,3660,9950,11580
HASH_ROUTE token=59 layer=3 children=63,15,38,1183 grandchildren=630,150,380,11830
HASH_ROUTE token=59 layer=4 children=134,294,1091,933 grandchildren=1340,2940,10910,9330
HASH_ROUTE token=59 layer=5 children=435,916,270,112 grandchildren=4350,9160,2700,1120
HASH_ROUTE token=59 layer=6 children=462,786,1102,946 grandchildren=4620,7860,11020,9460
HASH_ROUTE token=59 layer=7 children=116,48,81,19 grandchildren=1160,480,810,190
HASH_ROUTE token=59 layer=8 children=365,390,408,338 grandchildren=3650,3900,4080,3380
HASH_ROUTE token=59 layer=9 children=311,225,173,204 grandchildren=3110,2250,1730,2040
HASH_ROUTE token=59 layer=10 children=1274,313,153,1157 grandchildren=12740,3130,1530,11570
HASH_ROUTE token=59 layer=11 children=697,710,58,78 grandchildren=6970,7100,580,780
HASH_ROUTE token=59 layer=12 children=263,581,206,527 grandchildren=2630,5810,2060,5270
HASH_ROUTE token=59 layer=13 children=628,1260,461,606 grandchildren=6280,12600,4610,6060
HASH_ROUTE token=59 layer=14 children=1174,51,1201,535 grandchildren=11740,510,12010,5350
HASH_ROUTE token=59 layer=15 children=832,518,996,1153 grandchildren=8320,5180,9960,11530
HASH_ROUTE token=59 layer=16 children=1027,1065,965,1058 grandchildren=10270,10650,9650,10580
HASH_ROUTE token=59 layer=17 children=591,553,549,633 grandchildren=5910,5530,5490,6330
HASH_ROUTE token=59 layer=18 children=285,928,307,766 grandchildren=2850,9280,3070,7660
HASH_ROUTE token=59 layer=19 children=833,944,678,783 grandchildren=8330,9440,6780,7830
HASH_ROUTE token=59 layer=20 children=288,254,224,269 grandchildren=2880,2540,2240,2690
HASH_ROUTE token=59 layer=21 children=152,79,81,799 grandchildren=1520,790,810,7990
HASH_ROUTE token=59 layer=22 children=171,333,281,312 grandchildren=1710,3330,2810,3120
HASH_ROUTE token=59 layer=23 children=1084,125,986,1061 grandchildren=10840,1250,9860,10610
HASH_ROUTE token=60 layer=0 children=807,9,1126,962 grandchildren=8070,90,11260,9620
HASH_ROUTE token=60 layer=1 children=291,770,135,456 grandchildren=2910,7700,1350,4560
HASH_ROUTE token=60 layer=2 children=400,425,358,458 grandchildren=4000,4250,3580,4580
HASH_ROUTE token=60 layer=3 children=1218,92,576,1232 grandchildren=12180,920,5760,12320
HASH_ROUTE token=60 layer=4 children=934,824,454,134 grandchildren=9340,8240,4540,1340
HASH_ROUTE token=60 layer=5 children=435,369,322,912 grandchildren=4350,3690,3220,9120
HASH_ROUTE token=60 layer=6 children=468,140,1102,429 grandchildren=4680,1400,11020,4290
HASH_ROUTE token=60 layer=7 children=1042,409,81,1005 grandchildren=10420,4090,810,10050
HASH_ROUTE token=60 layer=8 children=894,840,98,810 grandchildren=8940,8400,980,8100
HASH_ROUTE token=60 layer=9 children=915,274,840,204 grandchildren=9150,2740,8400,2040
HASH_ROUTE token=60 layer=10 children=1202,1044,1120,889 grandchildren=12020,10440,11200,8890
HASH_ROUTE token=60 layer=11 children=143,157,93,15 grandchildren=1430,1570,930,150
HASH_ROUTE token=60 layer=12 children=542,1181,860,228 grandchildren=5420,11810,8600,2280
HASH_ROUTE token=60 layer=13 children=624,1269,461,554 grandchildren=6240,12690,4610,5540
HASH_ROUTE token=60 layer=14 children=887,939,1201,568 grandchildren=8870,9390,12010,5680
HASH_ROUTE token=60 layer=15 children=993,1087,833,1016 grandchildren=9930,10870,8330,10160
HASH_ROUTE token=60 layer=16 children=387,428,324,349 grandchildren=3870,4280,3240,3490
HASH_ROUTE token=60 layer=17 children=594,535,504,545 grandchildren=5940,5350,5040,5450
HASH_ROUTE token=60 layer=18 children=284,921,304,763 grandchildren=2840,9210,3040,7630
HASH_ROUTE token=60 layer=19 children=300,944,197,833 grandchildren=3000,9440,1970,8330
HASH_ROUTE token=60 layer=20 children=288,258,224,269 grandchildren=2880,2580,2240,2690
HASH_ROUTE token=60 layer=21 children=718,76,870,781 grandchildren=7180,760,8700,7810
HASH_ROUTE token=60 layer=22 children=280,171,290,312 grandchildren=2800,1710,2900,3120
HASH_ROUTE token=60 layer=23 children=92,48,29,125 grandchildren=920,480,290,1250
HASH_ROUTE token=61 layer=0 children=322,446,435,398 grandchildren=3220,4460,4350,3980
HASH_ROUTE token=61 layer=1 children=455,380,471,396 grandchildren=4550,3800,4710,3960
HASH_ROUTE token=61 layer=2 children=750,686,646,431 grandchildren=7500,6860,6460,4310
HASH_ROUTE token=61 layer=3 children=548,515,504,386 grandchildren=5480,5150,5040,3860
HASH_ROUTE token=61 layer=4 children=187,295,668,779 grandchildren=1870,2950,6680,7790
HASH_ROUTE token=61 layer=5 children=891,573,251,1055 grandchildren=8910,5730,2510,10550
HASH_ROUTE token=61 layer=6 children=732,714,691,666 grandchildren=7320,7140,6910,6660
HASH_ROUTE token=61 layer=7 children=563,405,544,629 grandchildren=5630,4050,5440,6290
HASH_ROUTE token=61 layer=8 children=930,941,132,290 grandchildren=9300,9410,1320,2900
HASH_ROUTE token=61 layer=9 children=23,828,7,804 grandchildren=230,8280,70,8040
HASH_ROUTE token=61 layer=10 children=671,799,37,153 grandchildren=6710,7990,370,1530
HASH_ROUTE token=61 layer=11 children=1211,574,411,737 grandchildren=12110,5740,4110,7370
HASH_ROUTE token=61 layer=12 children=984,508,1149,1038 grandchildren=9840,5080,11490,10380
HASH_ROUTE token=61 layer=13 children=624,564,467,406 grandchildren=6240,5640,4670,4060
HASH_ROUTE token=61 layer=14 children=267,225,178,283 grandchildren=2670,2250,1780,2830
HASH_ROUTE token=61 layer=15 children=382,1188,866,1027 grandchildren=3820,11880,8660,10270
HASH_ROUTE token=61 layer=16 children=422,581,106,1065 grandchildren=4220,5810,1060,10650
HASH_ROUTE token=61 layer=17 children=1017,1071,535,377 grandchildren=10170,10710,5350,3770
HASH_ROUTE token=61 layer=18 children=159,951,35,839 grandchildren=1590,9510,350,8390
HASH_ROUTE token=61 layer=19 children=467,432,303,787 grandchildren=4670,4320,3030,7870
HASH_ROUTE token=61 layer=20 children=179,1139,651,492 grandchildren=1790,11390,6510,4920
HASH_ROUTE token=61 layer=21 children=871,72,717,230 grandchildren=8710,720,7170,2300
HASH_ROUTE token=61 layer=22 children=249,301,317,196 grandchildren=2490,3010,3170,1960
HASH_ROUTE token=61 layer=23 children=118,595,125,23 grandchildren=1180,5950,1250,230
HASH_ROUTE token=62 layer=0 children=1126,1270,962,1115 grandchildren=11260,12700,9620,11150
HASH_ROUTE token=62 layer=1 children=773,667,455,298 grandchildren=7730,6670,4550,2980
HASH_ROUTE token=62 layer=2 children=429,357,410,106 grandchildren=4290,3570,4100,1060
HASH_ROUTE token=62 layer=3 children=1178,56,695,539 grandchildren=11780,560,6950,5390
HASH_ROUTE token=62 layer=4 children=939,135,459,294 grandchildren=9390,1350,4590,2940
HASH_ROUTE token=62 layer=5 children=369,201,520,44 grandchildren=3690,2010,5200,440
HASH_ROUTE token=62 layer=6 children=142,105,154,1102 grandchildren=1420,1050,1540,11020
HASH_ROUTE token=62 layer=7 children=81,1042,116,1075 grandchildren=810,10420,1160,10750
HASH_ROUTE token=62 layer=8 children=79,42,551,520 grandchildren=790,420,5510,5200
HASH_ROUTE token=62 layer=9 children=916,862,922,953 grandchildren=9160,8620,9220,9530
HASH_ROUTE token=62 layer=10 children=1044,995,1106,247 grandchildren=10440,9950,11060,2470
HASH_ROUTE token=62 layer=11 children=794,752,783,677 grandchildren=7940,7520,7830,6770
HASH_ROUTE token=62 layer=12 children=501,542,981,536 grandchildren=5010,5420,9810,5360
HASH_ROUTE token=62 layer=13 children=468,782,142,628 grandchildren=4680,7820,1420,6280
HASH_ROUTE token=62 layer=14 children=30,510,130,613 grandchildren=300,5100,1300,6130
HASH_ROUTE token=62 layer=15 children=356,30,440,1152 grandchildren=3560,300,4400,11520
HASH_ROUTE token=62 layer=16 children=1065,1039,1058,1078 grandchildren=10650,10390,10580,10780
HASH_ROUTE token=62 layer=17 children=594,549,553,527 grandchildren=5940,5490,5530,5270
HASH_ROUTE token=62 layer=18 children=285,921,304,1249 grandchildren=2850,9210,3040,12490
HASH_ROUTE token=62 layer=19 children=948,303,878,819 grandchildren=9480,3030,8780,8190
HASH_ROUTE token=62 layer=20 children=1045,244,404,1058 grandchildren=10450,2440,4040,10580
HASH_ROUTE token=62 layer=21 children=882,870,837,945 grandchildren=8820,8700,8370,9450
HASH_ROUTE token=62 layer=22 children=280,187,605,765 grandchildren=2800,1870,6050,7650
HASH_ROUTE token=62 layer=23 children=41,94,25,529 grandchildren=410,940,250,5290
HASH_ROUTE token=63 layer=0 children=852,955,934,805 grandchildren=8520,9550,9340,8050
HASH_ROUTE token=63 layer=1 children=650,683,718,499 grandchildren=6500,6830,7180,4990
HASH_ROUTE token=63 layer=2 children=420,419,351,1061 grandchildren=4200,4190,3510,10610
HASH_ROUTE token=63 layer=3 children=64,228,56,541 grandchildren=640,2280,560,5410
HASH_ROUTE token=63 layer=4 children=504,183,827,25 grandchildren=5040,1830,8270,250
HASH_ROUTE token=63 layer=5 children=112,433,44,597 grandchildren=1120,4330,440,5970
HASH_ROUTE token=63 layer=6 children=462,475,1102,946 grandchildren=4620,4750,11020,9460
HASH_ROUTE token=63 layer=7 children=48,81,112,153 grandchildren=480,810,1120,1530
HASH_ROUTE token=63 layer=8 children=365,408,48,528 grandchildren=3650,4080,480,5280
HASH_ROUTE token=63 layer=9 children=156,1276,632,311 grandchildren=1560,12760,6320,3110
HASH_ROUTE token=63 layer=10 children=1044,1202,1074,1237 grandchildren=10440,12020,10740,12370
HASH_ROUTE token=63 layer=11 children=897,93,734,573 grandchildren=8970,930,7340,5730
HASH_ROUTE token=63 layer=12 children=200,181,528,506 grandchildren=2000,1810,5280,5060
HASH_ROUTE token=63 layer=13 children=626,568,552,306 grandchildren=6260,5680,5520,3060
HASH_ROUTE token=63 layer=14 children=880,562,939,928 grandchildren=8800,5620,9390,9280
HASH_ROUTE token=63 layer=15 children=1152,991,1186,1246 grandchildren=11520,9910,11860,12460
HASH_ROUTE token=63 layer=16 children=323,969,169,428 grandchildren=3230,9690,1690,4280
HASH_ROUTE token=63 layer=17 children=591,545,535,635 grandchildren=5910,5450,5350,6350
HASH_ROUTE token=63 layer=18 children=285,921,304,440 grandchildren=2850,9210,3040,4400
HASH_ROUTE token=63 layer=19 children=948,838,878,905 grandchildren=9480,8380,8780,9050
HASH_ROUTE token=63 layer=20 children=444,288,455,296 grandchildren=4440,2880,4550,2960
HASH_ROUTE token=63 layer=21 children=74,81,37,152 grandchildren=740,810,370,1520
HASH_ROUTE token=63 layer=22 children=639,607,312,1113 grandchildren=6390,6070,3120,11130
HASH_ROUTE token=63 layer=23 children=1053,1001,1084,1067 grandchildren=10530,10010,10840,10670
HASH_ROUTE token=64 layer=0 children=805,841,322,855 grandchildren=8050,8410,3220,8550
HASH_ROUTE token=64 layer=1 children=752,744,772,698 grandchildren=7520,7440,7720,6980
HASH_ROUTE token=64 layer=2 children=98,1051,101,1068 grandchildren=980,10510,1010,10680
HASH_ROUTE token=64 layer=3 children=737,706,662,579 grandchildren=7370,7060,6620,5790
HASH_ROUTE token=64 layer=4 children=246,294,881,721 grandchildren=2460,2940,8810,7210
HASH_ROUTE token=64 layer=5 children=579,555,891,536 grandchildren=5790,5550,8910,5360
HASH_ROUTE token=64 layer=6 children=250,735,414,201 grandchildren=2500,7350,4140,2010
HASH_ROUTE token=64 layer=7 children=240,1209,401,1043 grandchildren=2400,12090,4010,10430
HASH_ROUTE token=64 layer=8 children=848,1166,933,1256 grandchildren=8480,11660,9330,12560
HASH_ROUTE token=64 layer=9 children=642,783,804,703 grandchildren=6420,7830,8040,7030
HASH_ROUTE token=64 layer=10 children=907,952,802,104 grandchildren=9070,9520,8020,1040
HASH_ROUTE token=64 layer=11 children=1211,1162,411,99 grandchildren=12110,11620,4110,990
HASH_ROUTE token=64 layer=12 children=664,642,799,508 grandchildren=6640,6420,7990,5080
HASH_ROUTE token=64 layer=13 children=11,99,979,35 grandchildren=110,990,9790,350
HASH_ROUTE token=64 layer=14 children=175,813,191,838 grandchildren=1750,8130,1910,8380
HASH_ROUTE token=64 layer=15 children=1251,1239,1242,1096 grandchildren=12510,12390,12420,10960
HASH_ROUTE token=64 layer=16 children=917,596,757,439 grandchildren=9170,5960,7570,4390
HASH_ROUTE token=64 layer=17 children=616,587,627,489 grandchildren=6160,5870,6270,4890
HASH_ROUTE token=64 layer=18 children=728,732,1206,657 grandchildren=7280,7320,12060,6570
HASH_ROUTE token=64 layer=19 children=789,467,303,1263 grandchildren=7890,4670,3030,12630
HASH_ROUTE token=64 layer=20 children=264,313,426,254 grandchildren=2640,3130,4260,2540
HASH_ROUTE token=64 layer=21 children=870,949,956,718 grandchildren=8700,9490,9560,7180
HASH_ROUTE token=64 layer=22 children=301,287,149,626 grandchildren=3010,2870,1490,6260
HASH_ROUTE token=64 layer=23 children=1037,557,871,1085 grandchildren=10370,5570,8710,10850
HASH_ROUTE token=65 layer=0 children=153,50,72,65 grandchildren=1530,500,720,650
HASH_ROUTE token=65 layer=1 children=175,297,653,333 grandchildren=1750,2970,6530,3330
HASH_ROUTE token=65 layer=2 children=1060,424,100,905 grandchildren=10600,4240,1000,9050
HASH_ROUTE token=65 layer=3 children=106,68,12,264 grandchildren=1060,680,120,2640
HASH_ROUTE token=65 layer=4 children=186,299,311,229 grandchildren=1860,2990,3110,2290
HASH_ROUTE token=65 layer=5 children=1213,1174,1272,1134 grandchildren=12130,11740,12720,11340
HASH_ROUTE token=65 layer=6 children=126,448,761,288 grandchildren=1260,4480,7610,2880
HASH_ROUTE token=65 layer=7 children=934,137,617,459 grandchildren=9340,1370,6170,4590
HASH_ROUTE token=65 layer=8 children=1110,953,314,1040 grandchildren=11100,9530,3140,10400
HASH_ROUTE token=65 layer=9 children=955,314,897,915 grandchildren=9550,3140,8970,9150
HASH_ROUTE token=65 layer=10 children=349,1147,180,446 grandchildren=3490,11470,1800,4460
HASH_ROUTE token=65 layer=11 children=24,1142,32,1156 grandchildren=240,11420,320,11560
HASH_ROUTE token=65 layer=12 children=374,327,478,219 grandchildren=3740,3270,4780,2190
HASH_ROUTE token=65 layer=13 children=148,781,944,463 grandchildren=1480,7810,9440,4630
HASH_ROUTE token=65 layer=14 children=696,777,537,616 grandchildren=6960,7770,5370,6160
HASH_ROUTE token=65 layer=15 children=995,1024,831,1040 grandchildren=9950,10240,8310,10400
HASH_ROUTE token=65 layer=16 children=431,365,1076,346 grandchildren=4310,3650,10760,3460
HASH_ROUTE token=65 layer=17 children=981,188,1144,346 grandchildren=9810,1880,11440,3460
HASH_ROUTE token=65 layer=18 children=382,320,364,704 grandchildren=3820,3200,3640,7040
HASH_ROUTE token=65 layer=19 children=606,446,120,523 grandchildren=6060,4460,1200,5230
HASH_ROUTE token=65 layer=20 children=764,737,667,642 grandchildren=7640,7370,6670,6420
HASH_ROUTE token=65 layer=21 children=1030,552,870,236 grandchildren=10300,5520,8700,2360
HASH_ROUTE token=65 layer=22 children=178,13,333,265 grandchildren=1780,130,3330,2650
HASH_ROUTE token=65 layer=23 children=945,906,620,861 grandchildren=9450,9060,6200,8610
HASH_ROUTE token=66 layer=0 children=755,649,779,713 grandchildren=7550,6490,7790,7130
HASH_ROUTE token=66 layer=1 children=527,689,504,663 grandchildren=5270,6890,5040,6630
HASH_ROUTE token=66 layer=2 children=352,830,36,991 grandchildren=3520,8300,360,9910
HASH_ROUTE token=66 layer=3 children=623,613,535,554 grandchildren=6230,6130,5350,5540
HASH_ROUTE token=66 layer=4 children=465,434,1260,452 grandchildren=4650,4340,12600,4520
HASH_ROUTE token=66 layer=5 children=320,809,963,168 grandchildren=3200,8090,9630,1680
HASH_ROUTE token=66 layer=6 children=461,785,620,946 grandchildren=4610,7850,6200,9460
HASH_ROUTE token=66 layer=7 children=148,99,38,621 grandchildren=1480,990,380,6210
HASH_ROUTE token=66 layer=8 children=1014,697,1100,786 grandchildren=10140,6970,11000,7860
HASH_ROUTE token=66 layer=9 children=131,55,938,156 grandchildren=1310,550,9380,1560
HASH_ROUTE token=66 layer=10 children=616,626,540,587 grandchildren=6160,6260,5400,5870
HASH_ROUTE token=66 layer=11 children=916,1077,866,753 grandchildren=9160,10770,8660,7530
HASH_ROUTE token=66 layer=12 children=359,839,1151,512 grandchildren=3590,8390,11510,5120
HASH_ROUTE token=66 layer=13 children=324,167,489,361 grandchildren=3240,1670,4890,3610
HASH_ROUTE token=66 layer=14 children=1102,1264,1096,947 grandchildren=11020,12640,10960,9470
HASH_ROUTE token=66 layer=15 children=767,127,1080,678 grandchildren=7670,1270,10800,6780
HASH_ROUTE token=66 layer=16 children=921,600,889,124 grandchildren=9210,6000,8890,1240
HASH_ROUTE token=66 layer=17 children=893,954,801,91 grandchildren=8930,9540,8010,910
HASH_ROUTE token=66 layer=18 children=740,1226,268,721 grandchildren=7400,12260,2680,7210
HASH_ROUTE token=66 layer=19 children=322,647,1121,482 grandchildren=3220,6470,11210,4820
HASH_ROUTE token=66 layer=20 children=1264,309,1223,786 grandchildren=12640,3090,12230,7860
HASH_ROUTE token=66 layer=21 children=1180,1238,700,65 grandchildren=11800,12380,7000,650
HASH_ROUTE token=66 layer=22 children=939,295,1090,772 grandchildren=9390,2950,10900,7720
HASH_ROUTE token=66 layer=23 children=109,45,71,261 grandchildren=1090,450,710,2610
HASH_ROUTE token=67 layer=0 children=641,753,774,328 grandchildren=6410,7530,7740,3280
HASH_ROUTE token=67 layer=1 children=205,521,689,265 grandchildren=2050,5210,6890,2650
HASH_ROUTE token=67 layer=2 children=577,739,418,892 grandchildren=5770,7390,4180,8920
HASH_ROUTE token=67 layer=3 children=751,696,775,789 grandchildren=7510,6960,7750,7890
HASH_ROUTE token=67 layer=4 children=297,195,180,220 grandchildren=2970,1950,1800,2200
HASH_ROUTE token=67 layer=5 children=898,802,921,863 grandchildren=8980,8020,9210,8630
HASH_ROUTE token=67 layer=6 children=414,251,898,95 grandchildren=4140,2510,8980,950
HASH_ROUTE token=67 layer=7 children=771,456,685,369 grandchildren=7710,4560,6850,3690
HASH_ROUTE token=67 layer=8 children=1112,630,314,1278 grandchildren=11120,6300,3140,12780
HASH_ROUTE token=67 layer=9 children=861,823,913,858 grandchildren=8610,8230,9130,8580
HASH_ROUTE token=67 layer=10 children=240,186,1208,190 grandchildren=2400,1860,12080,1900
HASH_ROUTE token=67 layer=11 children=51,690,148,854 grandchildren=510,6900,1480,8540
HASH_ROUTE token=67 layer=12 children=320,405,3,964 grandchildren=3200,4050,30,9640
HASH_ROUTE token=67 layer=13 children=783,727,715,673 grandchildren=7830,7270,7150,6730
HASH_ROUTE token=67 layer=14 children=581,265,1221,909 grandchildren=5810,2650,12210,9090
HASH_ROUTE token=67 layer=15 children=839,995,352,190 grandchildren=8390,9950,3520,1900
HASH_ROUTE token=67 layer=16 children=323,419,427,336 grandchildren=3230,4190,4270,3360
HASH_ROUTE token=67 layer=17 children=984,501,184,1022 grandchildren=9840,5010,1840,10220
HASH_ROUTE token=67 layer=18 children=261,296,245,1069 grandchildren=2610,2960,2450,10690
HASH_ROUTE token=67 layer=19 children=799,764,773,683 grandchildren=7990,7640,7730,6830
HASH_ROUTE token=67 layer=20 children=654,799,174,317 grandchildren=6540,7990,1740,3170
HASH_ROUTE token=67 layer=21 children=74,870,34,237 grandchildren=740,8700,340,2370
HASH_ROUTE token=67 layer=22 children=170,282,212,302 grandchildren=1700,2820,2120,3020
HASH_ROUTE token=67 layer=23 children=872,72,1039,390 grandchildren=8720,720,10390,3900
HASH_ROUTE token=68 layer=0 children=427,386,441,108 grandchildren=4270,3860,4410,1080
HASH_ROUTE token=68 layer=1 children=189,295,209,247 grandchildren=1890,2950,2090,2470
HASH_ROUTE token=68 layer=2 children=418,455,738,1051 grandchildren=4180,4550,7380,10510
HASH_ROUTE token=68 layer=3 children=432,119,758,359 grandchildren=4320,1190,7580,3590
HASH_ROUTE token=68 layer=4 children=365,448,457,372 grandchildren=3650,4480,4570,3720
HASH_ROUTE token=68 layer=5 children=1212,1130,1173,1278 grandchildren=12120,11300,11730,12780
HASH_ROUTE token=68 layer=6 children=243,1209,288,727 grandchildren=2430,12090,2880,7270
HASH_ROUTE token=68 layer=7 children=57,210,695,129 grandchildren=570,2100,6950,1290
HASH_ROUTE token=68 layer=8 children=844,888,959,913 grandchildren=8440,8880,9590,9130
HASH_ROUTE token=68 layer=9 children=312,257,956,182 grandchildren=3120,2570,9560,1820
HASH_ROUTE token=68 layer=10 children=1251,1230,1181,1138 grandchildren=12510,12300,11810,11380
HASH_ROUTE token=68 layer=11 children=148,78,51,157 grandchildren=1480,780,510,1570
HASH_ROUTE token=68 layer=12 children=320,376,162,213 grandchildren=3200,3760,1620,2130
HASH_ROUTE token=68 layer=13 children=86,46,139,50 grandchildren=860,460,1390,500
HASH_ROUTE token=68 layer=14 children=834,675,937,775 grandchildren=8340,6750,9370,7750
HASH_ROUTE token=68 layer=15 children=969,1013,1072,1119 grandchildren=9690,10130,10720,11190
HASH_ROUTE token=68 layer=16 children=270,251,198,225 grandchildren=2700,2510,1980,2250
HASH_ROUTE token=68 layer=17 children=188,1143,269,343 grandchildren=1880,11430,2690,3430
HASH_ROUTE token=68 layer=18 children=1,100,147,167 grandchildren=10,1000,1470,1670
HASH_ROUTE token=68 layer=19 children=419,344,422,338 grandchildren=4190,3440,4220,3380
HASH_ROUTE token=68 layer=20 children=214,373,697,275 grandchildren=2140,3730,6970,2750
HASH_ROUTE token=68 layer=21 children=38,46,6,1152 grandchildren=380,460,60,11520
HASH_ROUTE token=68 layer=22 children=257,419,269,428 grandchildren=2570,4190,2690,4280
HASH_ROUTE token=68 layer=23 children=213,307,50,279 grandchildren=2130,3070,500,2790
HASH_ROUTE token=69 layer=0 children=150,311,41,479 grandchildren=1500,3110,410,4790
HASH_ROUTE token=69 layer=1 children=183,663,343,297 grandchildren=1830,6630,3430,2970
HASH_ROUTE token=69 layer=2 children=747,106,428,1221 grandchildren=7470,1060,4280,12210
HASH_ROUTE token=69 layer=3 children=658,782,778,751 grandchildren=6580,7820,7780,7510
HASH_ROUTE token=69 layer=4 children=322,163,426,266 grandchildren=3220,1630,4260,2660
HASH_ROUTE token=69 layer=5 children=953,910,476,844 grandchildren=9530,9100,4760,8440
HASH_ROUTE token=69 layer=6 children=440,430,332,283 grandchildren=4400,4300,3320,2830
HASH_ROUTE token=69 layer=7 children=796,771,473,636 grandchildren=7960,7710,4730,6360
HASH_ROUTE token=69 layer=8 children=411,258,383,456 grandchildren=4110,2580,3830,4560
HASH_ROUTE token=69 layer=9 children=1075,431,1237,756 grandchildren=10750,4310,12370,7560
HASH_ROUTE token=69 layer=10 children=686,790,43,724 grandchildren=6860,7900,430,7240
HASH_ROUTE token=69 layer=11 children=544,703,639,798 grandchildren=5440,7030,6390,7980
HASH_ROUTE token=69 layer=12 children=1207,86,1242,126 grandchildren=12070,860,12420,1260
HASH_ROUTE token=69 layer=13 children=647,731,726,742 grandchildren=6470,7310,7260,7420
HASH_ROUTE token=69 layer=14 children=178,298,300,235 grandchildren=1780,2980,3000,2350
HASH_ROUTE token=69 layer=15 children=671,514,351,703 grandchildren=6710,5140,3510,7030
HASH_ROUTE token=69 layer=16 children=399,386,437,362 grandchildren=3990,3860,4370,3620
HASH_ROUTE token=69 layer=17 children=1017,535,379,1177 grandchildren=10170,5350,3790,11770
HASH_ROUTE token=69 layer=18 children=991,962,36,512 grandchildren=9910,9620,360,5120
HASH_ROUTE token=69 layer=19 children=783,944,744,903 grandchildren=7830,9440,7440,9030
HASH_ROUTE token=69 layer=20 children=458,299,474,612 grandchildren=4580,2990,4740,6120
HASH_ROUTE token=69 layer=21 children=76,719,1034,231 grandchildren=760,7190,10340,2310
HASH_ROUTE token=69 layer=22 children=179,651,182,971 grandchildren=1790,6510,1820,9710
HASH_ROUTE token=69 layer=23 children=513,194,638,310 grandchildren=5130,1940,6380,3100
HASH_ROUTE token=70 layer=0 children=762,923,1088,606 grandchildren=7620,9230,10880,6060
HASH_ROUTE token=70 layer=1 children=307,299,251,944 grandchildren=3070,2990,2510,9440
HASH_ROUTE token=70 layer=2 children=252,170,168,1213 grandchildren=2520,1700,1680,12130
HASH_ROUTE token=70 layer=3 children=771,679,785,794 grandchildren=7710,6790,7850,7940
HASH_ROUTE token=70 layer=4 children=305,468,181,239 grandchildren=3050,4680,1810,2390
HASH_ROUTE token=70 layer=5 children=896,856,1219,419 grandchildren=8960,8560,12190,4190
HASH_ROUTE token=70 layer=6 children=890,832,925,251 grandchildren=8900,8320,9250,2510
HASH_ROUTE token=70 layer=7 children=326,9,164,373 grandchildren=3260,90,1640,3730
HASH_ROUTE token=70 layer=8 children=533,373,550,614 grandchildren=5330,3730,5500,6140
HASH_ROUTE token=70 layer=9 children=937,862,880,912 grandchildren=9370,8620,8800,9120
HASH_ROUTE token=70 layer=10 children=1274,790,1230,1242 grandchildren=12740,7900,12300,12420
HASH_ROUTE token=70 layer=11 children=58,211,34,695 grandchildren=580,2110,340,6950
HASH_ROUTE token=70 layer=12 children=532,495,522,516 grandchildren=5320,4950,5220,5160
HASH_ROUTE token=70 layer=13 children=486,568,625,596 grandchildren=4860,5680,6250,5960
HASH_ROUTE token=70 layer=14 children=80,13,113,150 grandchildren=800,130,1130,1500
HASH_ROUTE token=70 layer=15 children=440,352,604,514 grandchildren=4400,3520,6040,5140
HASH_ROUTE token=70 layer=16 children=338,427,432,419 grandchildren=3380,4270,4320,4190
HASH_ROUTE token=70 layer=17 children=995,1008,1019,1076 grandchildren=9950,10080,10190,10760
HASH_ROUTE token=70 layer=18 children=189,277,205,826 grandchildren=1890,2770,2050,8260
HASH_ROUTE token=70 layer=19 children=999,190,833,1054 grandchildren=9990,1900,8330,10540
HASH_ROUTE token=70 layer=20 children=29,183,822,342 grandchildren=290,1830,8220,3420
HASH_ROUTE token=70 layer=21 children=425,408,749,721 grandchildren=4250,4080,7490,7210
HASH_ROUTE token=70 layer=22 children=139,141,90,299 grandchildren=1390,1410,900,2990
HASH_ROUTE token=70 layer=23 children=1061,1034,988,1228 grandchildren=10610,10340,9880,12280
HASH_ROUTE token=71 layer=0 children=150,52,955,479 grandchildren=1500,520,9550,4790
HASH_ROUTE token=71 layer=1 children=687,770,663,658 grandchildren=6870,7700,6630,6580
HASH_ROUTE token=71 layer=2 children=920,123,1086,905 grandchildren=9200,1230,10860,9050
HASH_ROUTE token=71 layer=3 children=299,778,455,612 grandchildren=2990,7780,4550,6120
HASH_ROUTE token=71 layer=4 children=1092,297,986,770 grandchildren=10920,2970,9860,7700
HASH_ROUTE token=71 layer=5 children=352,368,830,478 grandchildren=3520,3680,8300,4780
HASH_ROUTE token=71 layer=6 children=452,437,417,291 grandchildren=4520,4370,4170,2910
HASH_ROUTE token=71 layer=7 children=294,456,1256,247 grandchildren=2940,4560,12560,2470
HASH_ROUTE token=71 layer=8 children=133,614,58,535 grandchildren=1330,6140,580,5350
HASH_ROUTE token=71 layer=9 children=824,925,182,503 grandchildren=8240,9250,1820,5030
HASH_ROUTE token=71 layer=10 children=992,30,831,357 grandchildren=9920,300,8310,3570
HASH_ROUTE token=71 layer=11 children=338,655,476,424 grandchildren=3380,6550,4760,4240
HASH_ROUTE token=71 layer=12 children=529,587,564,635 grandchildren=5290,5870,5640,6350
HASH_ROUTE token=71 layer=13 children=1205,724,564,1248 grandchildren=12050,7240,5640,12480
HASH_ROUTE token=71 layer=14 children=832,819,941,800 grandchildren=8320,8190,9410,8000
HASH_ROUTE token=71 layer=15 children=762,604,670,518 grandchildren=7620,6040,6700,5180
HASH_ROUTE token=71 layer=16 children=842,876,523,909 grandchildren=8420,8760,5230,9090
HASH_ROUTE token=71 layer=17 children=542,624,511,1185 grandchildren=5420,6240,5110,11850
HASH_ROUTE token=71 layer=18 children=1155,1128,1221,1236 grandchildren=11550,11280,12210,12360
HASH_ROUTE token=71 layer=19 children=123,134,159,147 grandchildren=1230,1340,1590,1470
HASH_ROUTE token=71 layer=20 children=429,907,474,955 grandchildren=4290,9070,4740,9550
HASH_ROUTE token=71 layer=21 children=76,718,1032,10 grandchildren=760,7180,10320,100
HASH_ROUTE token=71 layer=22 children=1062,1005,1110,102 grandchildren=10620,10050,11100,1020
HASH_ROUTE token=71 layer=23 children=513,1151,672,995 grandchildren=5130,11510,6720,9950
HASH_ROUTE token=72 layer=0 children=361,846,41,200 grandchildren=3610,8460,410,2000
HASH_ROUTE token=72 layer=1 children=184,342,207,367 grandchildren=1840,3420,2070,3670
HASH_ROUTE token=72 layer=2 children=655,642,1131,1127 grandchildren=6550,6420,11310,11270
HASH_ROUTE token=72 layer=3 children=758,642,786,771 grandchildren=7580,6420,7860,7710
HASH_ROUTE token=72 layer=4 children=240,234,183,202 grandchildren=2400,2340,1830,2020
HASH_ROUTE token=72 layer=5 children=1101,945,1018,786 grandchildren=11010,9450,10180,7860
HASH_ROUTE token=72 layer=6 children=301,944,238,469 grandchildren=3010,9440,2380,4690
HASH_ROUTE token=72 layer=7 children=563,729,409,606 grandchildren=5630,7290,4090,6060
HASH_ROUTE token=72 layer=8 children=616,546,932,627 grandchildren=6160,5460,9320,6270
HASH_ROUTE token=72 layer=9 children=28,820,84,888 grandchildren=280,8200,840,8880
HASH_ROUTE token=72 layer=10 children=155,477,790,1272 grandchildren=1550,4770,7900,12720
HASH_ROUTE token=72 layer=11 children=1239,1218,591,1206 grandchildren=12390,12180,5910,12060
HASH_ROUTE token=72 layer=12 children=966,807,1045,1088 grandchildren=9660,8070,10450,10880
HASH_ROUTE token=72 layer=13 children=313,199,223,274 grandchildren=3130,1990,2230,2740
HASH_ROUTE token=72 layer=14 children=800,901,813,943 grandchildren=8000,9010,8130,9430
HASH_ROUTE token=72 layer=15 children=590,279,538,213 grandchildren=5900,2790,5380,2130
HASH_ROUTE token=72 layer=16 children=218,1017,690,58 grandchildren=2180,10170,6900,580
HASH_ROUTE token=72 layer=17 children=521,509,553,367 grandchildren=5210,5090,5530,3670
HASH_ROUTE token=72 layer=18 children=742,732,260,726 grandchildren=7420,7320,2600,7260
HASH_ROUTE token=72 layer=19 children=650,678,783,770 grandchildren=6500,6780,7830,7700
HASH_ROUTE token=72 layer=20 children=314,951,225,154 grandchildren=3140,9510,2250,1540
HASH_ROUTE token=72 layer=21 children=75,28,133,555 grandchildren=750,280,1330,5550
HASH_ROUTE token=72 layer=22 children=337,170,976,428 grandchildren=3370,1700,9760,4280
HASH_ROUTE token=72 layer=23 children=602,579,508,766 grandchildren=6020,5790,5080,7660
HASH_ROUTE token=73 layer=0 children=150,479,795,41 grandchildren=1500,4790,7950,410
HASH_ROUTE token=73 layer=1 children=767,666,793,440 grandchildren=7670,6660,7930,4400
HASH_ROUTE token=73 layer=2 children=127,41,53,147 grandchildren=1270,410,530,1470
HASH_ROUTE token=73 layer=3 children=775,758,932,919 grandchildren=7750,7580,9320,9190
HASH_ROUTE token=73 layer=4 children=252,163,1057,190 grandchildren=2520,1630,10570,1900
HASH_ROUTE token=73 layer=5 children=41,156,119,844 grandchildren=410,1560,1190,8440
HASH_ROUTE token=73 layer=6 children=946,802,901,466 grandchildren=9460,8020,9010,4660
HASH_ROUTE token=73 layer=7 children=262,240,1060,176 grandchildren=2620,2400,10600,1760
HASH_ROUTE token=73 layer=8 children=846,1008,49,202 grandchildren=8460,10080,490,2020
HASH_ROUTE token=73 layer=9 children=935,833,865,929 grandchildren=9350,8330,8650,9290
HASH_ROUTE token=73 layer=10 children=49,155,30,135 grandchildren=490,1550,300,1350
HASH_ROUTE token=73 layer=11 children=680,846,709,752 grandchildren=6800,8460,7090,7520
HASH_ROUTE token=73 layer=12 children=264,162,1221,246 grandchildren=2640,1620,12210,2460
HASH_ROUTE token=73 layer=13 children=478,798,631,406 grandchildren=4780,7980,6310,4060
HASH_ROUTE token=73 layer=14 children=800,165,813,170 grandchildren=8000,1650,8130,1700
HASH_ROUTE token=73 layer=15 children=600,518,546,763 grandchildren=6000,5180,5460,7630
HASH_ROUTE token=73 layer=16 children=1020,1017,1034,705 grandchildren=10200,10170,10340,7050
HASH_ROUTE token=73 layer=17 children=379,425,535,587 grandchildren=3790,4250,5350,5870
HASH_ROUTE token=73 layer=18 children=642,1128,802,964 grandchildren=6420,11280,8020,9640
HASH_ROUTE token=73 layer=19 children=639,792,585,744 grandchildren=6390,7920,5850,7440
HASH_ROUTE token=73 layer=20 children=313,632,474,174 grandchildren=3130,6320,4740,1740
HASH_ROUTE token=73 layer=21 children=718,1034,74,874 grandchildren=7180,10340,740,8740
HASH_ROUTE token=73 layer=22 children=150,1110,312,795 grandchildren=1500,11100,3120,7950
HASH_ROUTE token=73 layer=23 children=600,579,513,125 grandchildren=6000,5790,5130,1250
HASH_ROUTE token=74 layer=0 children=647,1120,962,2 grandchildren=6470,11200,9620,20
HASH_ROUTE token=74 layer=1 children=189,265,24,177 grandchildren=1890,2650,240,1770
HASH_ROUTE token=74 layer=2 children=655,695,171,816 grandchildren=6550,6950,1710,8160
HASH_ROUTE token=74 layer=3 children=754,775,669,113 grandchildren=7540,7750,6690,1130
HASH_ROUTE token=74 layer=4 children=251,297,189,266 grandchildren=2510,2970,1890,2660
HASH_ROUTE token=74 layer=5 children=913,812,844,945 grandchildren=9130,8120,8440,9450
HASH_ROUTE token=74 layer=6 children=945,306,910,832 grandchildren=9450,3060,9100,8320
HASH_ROUTE token=74 layer=7 children=544,486,61,508 grandchildren=5440,4860,610,5080
HASH_ROUTE token=74 layer=8 children=84,725,887,1043 grandchildren=840,7250,8870,10430
HASH_ROUTE token=74 layer=9 children=950,639,900,476 grandchildren=9500,6390,9000,4760
HASH_ROUTE token=74 layer=10 children=16,61,47,54 grandchildren=160,610,470,540
HASH_ROUTE token=74 layer=11 children=696,1175,738,1211 grandchildren=6960,11750,7380,12110
HASH_ROUTE token=74 layer=12 children=1148,1125,1221,1207 grandchildren=11480,11250,12210,12070
HASH_ROUTE token=74 layer=13 children=1243,1135,1170,1168 grandchildren=12430,11350,11700,11680
HASH_ROUTE token=74 layer=14 children=455,937,293,619 grandchildren=4550,9370,2930,6190
HASH_ROUTE token=74 layer=15 children=1084,991,762,1035 grandchildren=10840,9910,7620,10350
HASH_ROUTE token=74 layer=16 children=783,627,1100,303 grandchildren=7830,6270,11000,3030
HASH_ROUTE token=74 layer=17 children=1099,1075,617,594 grandchildren=10990,10750,6170,5940
HASH_ROUTE token=74 layer=18 children=687,647,726,673 grandchildren=6870,6470,7260,6730
HASH_ROUTE token=74 layer=19 children=799,783,658,749 grandchildren=7990,7830,6580,7490
HASH_ROUTE token=74 layer=20 children=317,475,227,387 grandchildren=3170,4750,2270,3870
HASH_ROUTE token=74 layer=21 children=717,1034,79,786 grandchildren=7170,10340,790,7860
HASH_ROUTE token=74 layer=22 children=1110,154,314,631 grandchildren=11100,1540,3140,6310
HASH_ROUTE token=74 layer=23 children=545,602,62,129 grandchildren=5450,6020,620,1290
HASH_ROUTE token=75 layer=0 children=150,41,50,477 grandchildren=1500,410,500,4770
HASH_ROUTE token=75 layer=1 children=459,297,779,345 grandchildren=4590,2970,7790,3450
HASH_ROUTE token=75 layer=2 children=756,737,747,696 grandchildren=7560,7370,7470,6960
HASH_ROUTE token=75 layer=3 children=291,931,135,771 grandchildren=2910,9310,1350,7710
HASH_ROUTE token=75 layer=4 children=297,237,194,775 grandchildren=2970,2370,1940,7750
HASH_ROUTE token=75 layer=5 children=434,378,388,477 grandchildren=4340,3780,3880,4770
HASH_ROUTE token=75 layer=6 children=411,93,577,895 grandchildren=4110,930,5770,8950
HASH_ROUTE token=75 layer=7 children=38,46,87,16 grandchildren=380,460,870,160
HASH_ROUTE token=75 layer=8 children=148,942,47,26 grandchildren=1480,9420,470,260
HASH_ROUTE token=75 layer=9 children=933,890,1099,923 grandchildren=9330,8900,10990,9230
HASH_ROUTE token=75 layer=10 children=369,475,349,325 grandchildren=3690,4750,3490,3250
HASH_ROUTE token=75 layer=11 children=853,899,913,51 grandchildren=8530,8990,9130,510
HASH_ROUTE token=75 layer=12 children=1148,1212,1166,189 grandchildren=11480,12120,11660,1890
HASH_ROUTE token=75 layer=13 children=606,765,624,449 grandchildren=6060,7650,6240,4490
HASH_ROUTE token=75 layer=14 children=580,428,483,1068 grandchildren=5800,4280,4830,10680
HASH_ROUTE token=75 layer=15 children=993,517,1080,195 grandchildren=9930,5170,10800,1950
HASH_ROUTE token=75 layer=16 children=206,365,683,522 grandchildren=2060,3650,6830,5220
HASH_ROUTE token=75 layer=17 children=507,987,22,515 grandchildren=5070,9870,220,5150
HASH_ROUTE token=75 layer=18 children=673,1155,640,684 grandchildren=6730,11550,6400,6840
HASH_ROUTE token=75 layer=19 children=760,789,799,654 grandchildren=7600,7890,7990,6540
HASH_ROUTE token=75 layer=20 children=313,633,1112,470 grandchildren=3130,6330,11120,4700
HASH_ROUTE token=75 layer=21 children=717,72,787,680 grandchildren=7170,720,7870,6800
HASH_ROUTE token=75 layer=22 children=1110,632,795,158 grandchildren=11100,6320,7950,1580
HASH_ROUTE token=75 layer=23 children=532,545,579,600 grandchildren=5320,5450,5790,6000
HASH_ROUTE token=76 layer=0 children=153,50,72,65 grandchildren=1530,500,720,650
HASH_ROUTE token=76 layer=1 children=175,297,333,653 grandchildren=1750,2970,3330,6530
HASH_ROUTE token=76 layer=2 children=1061,424,1225,905 grandchildren=10610,4240,12250,9050
HASH_ROUTE token=76 layer=3 children=106,68,18,900 grandchildren=1060,680,180,9000
HASH_ROUTE token=76 layer=4 children=186,294,312,194 grandchildren=1860,2940,3120,1940
HASH_ROUTE token=76 layer=5 children=1272,1213,1179,1130 grandchildren=12720,12130,11790,11300
HASH_ROUTE token=76 layer=6 children=129,448,760,280 grandchildren=1290,4480,7600,2800
HASH_ROUTE token=76 layer=7 children=137,934,617,459 grandchildren=1370,9340,6170,4590
HASH_ROUTE token=76 layer=8 children=953,1110,314,1274 grandchildren=9530,11100,3140,12740
HASH_ROUTE token=76 layer=9 children=955,897,913,314 grandchildren=9550,8970,9130,3140
HASH_ROUTE token=76 layer=10 children=347,1145,180,449 grandchildren=3470,11450,1800,4490
HASH_ROUTE token=76 layer=11 children=24,1142,32,1156 grandchildren=240,11420,320,11560
HASH_ROUTE token=76 layer=12 children=374,327,478,219 grandchildren=3740,3270,4780,2190
HASH_ROUTE token=76 layer=13 children=148,786,948,463 grandchildren=1480,7860,9480,4630
HASH_ROUTE token=76 layer=14 children=777,693,616,539 grandchildren=7770,6930,6160,5390
HASH_ROUTE token=76 layer=15 children=995,1024,839,1040 grandchildren=9950,10240,8390,10400
HASH_ROUTE token=76 layer=16 children=437,365,346,1076 grandchildren=4370,3650,3460,10760
HASH_ROUTE token=76 layer=17 children=981,509,188,346 grandchildren=9810,5090,1880,3460
HASH_ROUTE token=76 layer=18 children=320,380,642,454 grandchildren=3200,3800,6420,4540
HASH_ROUTE token=76 layer=19 children=606,446,523,120 grandchildren=6060,4460,5230,1200
HASH_ROUTE token=76 layer=20 children=766,642,730,779 grandchildren=7660,6420,7300,7790
HASH_ROUTE token=76 layer=21 children=1030,552,870,236 grandchildren=10300,5520,8700,2360
HASH_ROUTE token=76 layer=22 children=178,13,265,333 grandchildren=1780,130,2650,3330
HASH_ROUTE token=76 layer=23 children=945,624,820,811 grandchildren=9450,6240,8200,8110
HASH_ROUTE token=77 layer=0 children=755,649,779,713 grandchildren=7550,6490,7790,7130
HASH_ROUTE token=77 layer=1 children=527,689,504,663 grandchildren=5270,6890,5040,6630
HASH_ROUTE token=77 layer=2 children=352,830,36,991 grandchildren=3520,8300,360,9910
HASH_ROUTE token=77 layer=3 children=623,613,535,554 grandchildren=6230,6130,5350,5540
HASH_ROUTE token=77 layer=4 children=465,434,1260,452 grandchildren=4650,4340,12600,4520
HASH_ROUTE token=77 layer=5 children=320,809,963,168 grandchildren=3200,8090,9630,1680
HASH_ROUTE token=77 layer=6 children=461,785,620,946 grandchildren=4610,7850,6200,9460
HASH_ROUTE token=77 layer=7 children=148,99,38,621 grandchildren=1480,990,380,6210
HASH_ROUTE token=77 layer=8 children=1014,697,1100,786 grandchildren=10140,6970,11000,7860
HASH_ROUTE token=77 layer=9 children=131,55,938,156 grandchildren=1310,550,9380,1560
HASH_ROUTE token=77 layer=10 children=616,626,540,587 grandchildren=6160,6260,5400,5870
HASH_ROUTE token=77 layer=11 children=916,1077,866,753 grandchildren=9160,10770,8660,7530
HASH_ROUTE token=77 layer=12 children=359,839,1151,512 grandchildren=3590,8390,11510,5120
HASH_ROUTE token=77 layer=13 children=324,167,489,361 grandchildren=3240,1670,4890,3610
HASH_ROUTE token=77 layer=14 children=1102,1264,1096,947 grandchildren=11020,12640,10960,9470
HASH_ROUTE token=77 layer=15 children=767,127,1080,678 grandchildren=7670,1270,10800,6780
HASH_ROUTE token=77 layer=16 children=921,600,889,124 grandchildren=9210,6000,8890,1240
HASH_ROUTE token=77 layer=17 children=893,954,801,91 grandchildren=8930,9540,8010,910
HASH_ROUTE token=77 layer=18 children=740,1226,268,721 grandchildren=7400,12260,2680,7210
HASH_ROUTE token=77 layer=19 children=322,647,1121,482 grandchildren=3220,6470,11210,4820
HASH_ROUTE token=77 layer=20 children=1264,309,1223,786 grandchildren=12640,3090,12230,7860
HASH_ROUTE token=77 layer=21 children=1180,1238,700,65 grandchildren=11800,12380,7000,650
HASH_ROUTE token=77 layer=22 children=939,295,1090,772 grandchildren=9390,2950,10900,7720
HASH_ROUTE token=77 layer=23 children=109,45,71,261 grandchildren=1090,450,710,2610
HASH_ROUTE token=78 layer=0 children=326,367,434,441 grandchildren=3260,3670,4340,4410
HASH_ROUTE token=78 layer=1 children=172,207,810,843 grandchildren=1720,2070,8100,8430
HASH_ROUTE token=78 layer=2 children=899,576,815,417 grandchildren=8990,5760,8150,4170
HASH_ROUTE token=78 layer=3 children=931,1090,130,294 grandchildren=9310,10900,1300,2940
HASH_ROUTE token=78 layer=4 children=635,317,959,475 grandchildren=6350,3170,9590,4750
HASH_ROUTE token=78 layer=5 children=1212,1130,1174,252 grandchildren=12120,11300,11740,2520
HASH_ROUTE token=78 layer=6 children=289,761,310,197 grandchildren=2890,7610,3100,1970
HASH_ROUTE token=78 layer=7 children=611,521,514,536 grandchildren=6110,5210,5140,5360
HASH_ROUTE token=78 layer=8 children=788,1105,627,944 grandchildren=7880,11050,6270,9440
HASH_ROUTE token=78 layer=9 children=838,513,191,892 grandchildren=8380,5130,1910,8920
HASH_ROUTE token=78 layer=10 children=240,275,187,727 grandchildren=2400,2750,1870,7270
HASH_ROUTE token=78 layer=11 children=10,490,6,173 grandchildren=100,4900,60,1730
HASH_ROUTE token=78 layer=12 children=684,1003,748,772 grandchildren=6840,10030,7480,7720
HASH_ROUTE token=78 layer=13 children=946,147,1260,1105 grandchildren=9460,1470,12600,11050
HASH_ROUTE token=78 layer=14 children=613,936,777,294 grandchildren=6130,9360,7770,2940
HASH_ROUTE token=78 layer=15 children=343,472,827,410 grandchildren=3430,4720,8270,4100
HASH_ROUTE token=78 layer=16 children=429,325,413,434 grandchildren=4290,3250,4130,4340
HASH_ROUTE token=78 layer=17 children=983,1060,662,1056 grandchildren=9830,10600,6620,10560
HASH_ROUTE token=78 layer=18 children=161,186,248,283 grandchildren=1610,1860,2480,2830
HASH_ROUTE token=78 layer=19 children=652,712,778,15 grandchildren=6520,7120,7780,150
HASH_ROUTE token=78 layer=20 children=318,634,178,278 grandchildren=3180,6340,1780,2780
HASH_ROUTE token=78 layer=21 children=10,40,93,335 grandchildren=100,400,930,3350
HASH_ROUTE token=78 layer=22 children=1247,1123,1084,969 grandchildren=12470,11230,10840,9690
HASH_ROUTE token=78 layer=23 children=34,124,44,86 grandchildren=340,1240,440,860
HASH_ROUTE token=79 layer=0 children=960,321,1089,1128 grandchildren=9600,3210,10890,11280
HASH_ROUTE token=79 layer=1 children=295,189,244,160 grandchildren=2950,1890,2440,1600
HASH_ROUTE token=79 layer=2 children=330,973,18,499 grandchildren=3300,9730,180,4990
HASH_ROUTE token=79 layer=3 children=107,1221,267,421 grandchildren=1070,12210,2670,4210
HASH_ROUTE token=79 layer=4 children=200,364,287,449 grandchildren=2000,3640,2870,4490
HASH_ROUTE token=79 layer=5 children=1213,1173,1134,252 grandchildren=12130,11730,11340,2520
HASH_ROUTE token=79 layer=6 children=246,725,1209,88 grandchildren=2460,7250,12090,880
HASH_ROUTE token=79 layer=7 children=697,52,219,534 grandchildren=6970,520,2190,5340
HASH_ROUTE token=79 layer=8 children=311,950,792,1117 grandchildren=3110,9500,7920,11170
HASH_ROUTE token=79 layer=9 children=312,257,957,795 grandchildren=3120,2570,9570,7950
HASH_ROUTE token=79 layer=10 children=545,591,707,1181 grandchildren=5450,5910,7070,11810
HASH_ROUTE token=79 layer=11 children=43,77,61,24 grandchildren=430,770,610,240
HASH_ROUTE token=79 layer=12 children=378,696,850,217 grandchildren=3780,6960,8500,2170
HASH_ROUTE token=79 layer=13 children=86,147,91,50 grandchildren=860,1470,910,500
HASH_ROUTE token=79 layer=14 children=293,196,248,282 grandchildren=2930,1960,2480,2820
HASH_ROUTE token=79 layer=15 children=1003,363,997,351 grandchildren=10030,3630,9970,3510
HASH_ROUTE token=79 layer=16 children=452,418,434,1253 grandchildren=4520,4180,4340,12530
HASH_ROUTE token=79 layer=17 children=180,215,238,1144 grandchildren=1800,2150,2380,11440
HASH_ROUTE token=79 layer=18 children=100,909,429,261 grandchildren=1000,9090,4290,2610
HASH_ROUTE token=79 layer=19 children=676,744,705,1152 grandchildren=6760,7440,7050,11520
HASH_ROUTE token=79 layer=20 children=213,319,244,198 grandchildren=2130,3190,2440,1980
HASH_ROUTE token=79 layer=21 children=33,46,70,831 grandchildren=330,460,700,8310
HASH_ROUTE token=79 layer=22 children=269,428,742,179 grandchildren=2690,4280,7420,1790
HASH_ROUTE token=79 layer=23 children=1037,235,1017,1064 grandchildren=10370,2350,10170,10640
HASH_ROUTE token=80 layer=0 children=846,920,361,41 grandchildren=8460,9200,3610,410
HASH_ROUTE token=80 layer=1 children=901,889,844,875 grandchildren=9010,8890,8440,8750
HASH_ROUTE token=80 layer=2 children=785,700,684,142 grandchildren=7850,7000,6840,1420
HASH_ROUTE token=80 layer=3 children=1142,1229,1152,27 grandchildren=11420,12290,11520,270
HASH_ROUTE token=80 layer=4 children=407,246,882,365 grandchildren=4070,2460,8820,3650
HASH_ROUTE token=80 layer=5 children=959,860,928,853 grandchildren=9590,8600,9280,8530
HASH_ROUTE token=80 layer=6 children=723,644,735,680 grandchildren=7230,6440,7350,6800
HASH_ROUTE token=80 layer=7 children=855,57,884,89 grandchildren=8550,570,8840,890
HASH_ROUTE token=80 layer=8 children=914,948,823,844 grandchildren=9140,9480,8230,8440
HASH_ROUTE token=80 layer=9 children=310,188,227,271 grandchildren=3100,1880,2270,2710
HASH_ROUTE token=80 layer=10 children=1101,1045,1056,1002 grandchildren=11010,10450,10560,10020
HASH_ROUTE token=80 layer=11 children=56,150,130,88 grandchildren=560,1500,1300,880
HASH_ROUTE token=80 layer=12 children=486,1127,169,804 grandchildren=4860,11270,1690,8040
HASH_ROUTE token=80 layer=13 children=97,738,49,681 grandchildren=970,7380,490,6810
HASH_ROUTE token=80 layer=14 children=937,850,891,879 grandchildren=9370,8500,8910,8790
HASH_ROUTE token=80 layer=15 children=324,346,339,965 grandchildren=3240,3460,3390,9650
HASH_ROUTE token=80 layer=16 children=702,387,738,413 grandchildren=7020,3870,7380,4130
HASH_ROUTE token=80 layer=17 children=188,983,1144,348 grandchildren=1880,9830,11440,3480
HASH_ROUTE token=80 layer=18 children=335,436,970,1077 grandchildren=3350,4360,9700,10770
HASH_ROUTE token=80 layer=19 children=423,355,261,391 grandchildren=4230,3550,2610,3910
HASH_ROUTE token=80 layer=20 children=270,219,438,185 grandchildren=2700,2190,4380,1850
HASH_ROUTE token=80 layer=21 children=254,1051,1216,179 grandchildren=2540,10510,12160,1790
HASH_ROUTE token=80 layer=22 children=269,902,1224,281 grandchildren=2690,9020,12240,2810
HASH_ROUTE token=80 layer=23 children=1152,190,830,1174 grandchildren=11520,1900,8300,11740
HASH_ROUTE token=81 layer=0 children=50,73,152,4 grandchildren=500,730,1520,40
HASH_ROUTE token=81 layer=1 children=292,233,207,178 grandchildren=2920,2330,2070,1780
HASH_ROUTE token=81 layer=2 children=410,338,737,98 grandchildren=4100,3380,7370,980
HASH_ROUTE token=81 layer=3 children=778,610,931,452 grandchildren=7780,6100,9310,4520
HASH_ROUTE token=81 layer=4 children=290,194,261,319 grandchildren=2900,1940,2610,3190
HASH_ROUTE token=81 layer=5 children=891,250,94,579 grandchildren=8910,2500,940,5790
HASH_ROUTE token=81 layer=6 children=686,714,730,795 grandchildren=6860,7140,7300,7950
HASH_ROUTE token=81 layer=7 children=240,1041,80,279 grandchildren=2400,10410,800,2790
HASH_ROUTE token=81 layer=8 children=847,1166,869,1189 grandchildren=8470,11660,8690,11890
HASH_ROUTE token=81 layer=9 children=867,821,700,664 grandchildren=8670,8210,7000,6640
HASH_ROUTE token=81 layer=10 children=384,868,338,812 grandchildren=3840,8680,3380,8120
HASH_ROUTE token=81 layer=11 children=1135,1162,1185,654 grandchildren=11350,11620,11850,6540
HASH_ROUTE token=81 layer=12 children=680,1162,848,754 grandchildren=6800,11620,8480,7540
HASH_ROUTE token=81 layer=13 children=979,993,1135,1058 grandchildren=9790,9930,11350,10580
HASH_ROUTE token=81 layer=14 children=339,813,177,464 grandchildren=3390,8130,1770,4640
HASH_ROUTE token=81 layer=15 children=1274,1186,1251,1239 grandchildren=12740,11860,12510,12390
HASH_ROUTE token=81 layer=16 children=578,256,895,93 grandchildren=5780,2560,8950,930
HASH_ROUTE token=81 layer=17 children=620,535,513,587 grandchildren=6200,5350,5130,5870
HASH_ROUTE token=81 layer=18 children=253,237,733,715 grandchildren=2530,2370,7330,7150
HASH_ROUTE token=81 layer=19 children=1263,467,1218,789 grandchildren=12630,4670,12180,7890
HASH_ROUTE token=81 layer=20 children=1063,1047,977,264 grandchildren=10630,10470,9770,2640
HASH_ROUTE token=81 layer=21 children=76,555,718,231 grandchildren=760,5550,7180,2310
HASH_ROUTE token=81 layer=22 children=269,301,238,317 grandchildren=2690,3010,2380,3170
HASH_ROUTE token=81 layer=23 children=1141,985,1244,1222 grandchildren=11410,9850,12440,12220
HASH_ROUTE token=82 layer=0 children=689,751,716,365 grandchildren=6890,7510,7160,3650
HASH_ROUTE token=82 layer=1 children=80,402,30,1202 grandchildren=800,4020,300,12020
HASH_ROUTE token=82 layer=2 children=335,418,409,320 grandchildren=3350,4180,4090,3200
HASH_ROUTE token=82 layer=3 children=779,1255,292,618 grandchildren=7790,12550,2920,6180
HASH_ROUTE token=82 layer=4 children=312,294,261,184 grandchildren=3120,2940,2610,1840
HASH_ROUTE token=82 layer=5 children=848,851,891,913 grandchildren=8480,8510,8910,9130
HASH_ROUTE token=82 layer=6 children=684,678,794,664 grandchildren=6840,6780,7940,6640
HASH_ROUTE token=82 layer=7 children=176,231,253,240 grandchildren=1760,2310,2530,2400
HASH_ROUTE token=82 layer=8 children=900,881,850,1227 grandchildren=9000,8810,8500,12270
HASH_ROUTE token=82 layer=9 children=664,823,24,706 grandchildren=6640,8230,240,7060
HASH_ROUTE token=82 layer=10 children=837,915,920,513 grandchildren=8370,9150,9200,5130
HASH_ROUTE token=82 layer=11 children=381,709,338,435 grandchildren=3810,7090,3380,4350
HASH_ROUTE token=82 layer=12 children=672,669,707,516 grandchildren=6720,6690,7070,5160
HASH_ROUTE token=82 layer=13 children=1135,1260,1255,1212 grandchildren=11350,12600,12550,12120
HASH_ROUTE token=82 layer=14 children=904,261,425,104 grandchildren=9040,2610,4250,1040
HASH_ROUTE token=82 layer=15 children=1238,1258,1274,1072 grandchildren=12380,12580,12740,10720
HASH_ROUTE token=82 layer=16 children=256,1213,1050,415 grandchildren=2560,12130,10500,4150
HASH_ROUTE token=82 layer=17 children=545,388,1029,587 grandchildren=5450,3880,10290,5870
HASH_ROUTE token=82 layer=18 children=1107,1051,300,253 grandchildren=11070,10510,3000,2530
HASH_ROUTE token=82 layer=19 children=305,199,787,1263 grandchildren=3050,1990,7870,12630
HASH_ROUTE token=82 layer=20 children=225,264,240,1028 grandchildren=2250,2640,2400,10280
HASH_ROUTE token=82 layer=21 children=145,76,300,231 grandchildren=1450,760,3000,2310
HASH_ROUTE token=82 layer=22 children=301,189,269,287 grandchildren=3010,1890,2690,2870
HASH_ROUTE token=82 layer=23 children=411,1054,739,449 grandchildren=4110,10540,7390,4490
HASH_ROUTE token=83 layer=0 children=41,360,122,7 grandchildren=410,3600,1220,70
HASH_ROUTE token=83 layer=1 children=440,281,457,290 grandchildren=4400,2810,4570,2900
HASH_ROUTE token=83 layer=2 children=1255,616,933,299 grandchildren=12550,6160,9330,2990
HASH_ROUTE token=83 layer=3 children=50,119,141,9 grandchildren=500,1190,1410,90
HASH_ROUTE token=83 layer=4 children=183,253,295,289 grandchildren=1830,2530,2950,2890
HASH_ROUTE token=83 layer=5 children=388,1028,861,462 grandchildren=3880,10280,8610,4620
HASH_ROUTE token=83 layer=6 children=944,783,461,896 grandchildren=9440,7830,4610,8960
HASH_ROUTE token=83 layer=7 children=247,83,566,402 grandchildren=2470,830,5660,4020
HASH_ROUTE token=83 layer=8 children=848,1161,42,932 grandchildren=8480,11610,420,9320
HASH_ROUTE token=83 layer=9 children=854,936,954,900 grandchildren=8540,9360,9540,9000
HASH_ROUTE token=83 layer=10 children=459,427,775,1096 grandchildren=4590,4270,7750,10960
HASH_ROUTE token=83 layer=11 children=865,894,854,915 grandchildren=8650,8940,8540,9150
HASH_ROUTE token=83 layer=12 children=508,552,639,1141 grandchildren=5080,5520,6390,11410
HASH_ROUTE token=83 layer=13 children=530,596,691,751 grandchildren=5300,5960,6910,7510
HASH_ROUTE token=83 layer=14 children=423,330,357,387 grandchildren=4230,3300,3570,3870
HASH_ROUTE token=83 layer=15 children=199,174,249,202 grandchildren=1990,1740,2490,2020
HASH_ROUTE token=83 layer=16 children=589,534,262,499 grandchildren=5890,5340,2620,4990
HASH_ROUTE token=83 layer=17 children=596,509,521,433 grandchildren=5960,5090,5210,4330
HASH_ROUTE token=83 layer=18 children=284,253,762,295 grandchildren=2840,2530,7620,2950
HASH_ROUTE token=83 layer=19 children=467,1263,787,380 grandchildren=4670,12630,7870,3800
HASH_ROUTE token=83 layer=20 children=315,174,225,167 grandchildren=3150,1740,2250,1670
HASH_ROUTE token=83 layer=21 children=72,140,34,716 grandchildren=720,1400,340,7160
HASH_ROUTE token=83 layer=22 children=312,243,309,150 grandchildren=3120,2430,3090,1500
HASH_ROUTE token=83 layer=23 children=579,600,545,563 grandchildren=5790,6000,5450,5630
HASH_ROUTE token=84 layer=0 children=327,649,447,435 grandchildren=3270,6490,4470,4350
HASH_ROUTE token=84 layer=1 children=297,938,263,616 grandchildren=2970,9380,2630,6160
HASH_ROUTE token=84 layer=2 children=749,774,736,656 grandchildren=7490,7740,7360,6560
HASH_ROUTE token=84 layer=3 children=737,794,726,784 grandchildren=7370,7940,7260,7840
HASH_ROUTE token=84 layer=4 children=163,199,296,186 grandchildren=1630,1990,2960,1860
HASH_ROUTE token=84 layer=5 children=1165,1260,1191,1274 grandchildren=11650,12600,11910,12740
HASH_ROUTE token=84 layer=6 children=411,422,731,351 grandchildren=4110,4220,7310,3510
HASH_ROUTE token=84 layer=7 children=240,164,231,884 grandchildren=2400,1640,2310,8840
HASH_ROUTE token=84 layer=8 children=1165,1203,1147,685 grandchildren=11650,12030,11470,6850
HASH_ROUTE token=84 layer=9 children=823,868,184,220 grandchildren=8230,8680,1840,2200
HASH_ROUTE token=84 layer=10 children=65,224,1184,701 grandchildren=650,2240,11840,7010
HASH_ROUTE token=84 layer=11 children=435,1234,336,357 grandchildren=4350,12340,3360,3570
HASH_ROUTE token=84 layer=12 children=504,984,181,639 grandchildren=5040,9840,1810,6390
HASH_ROUTE token=84 layer=13 children=772,610,1091,675 grandchildren=7720,6100,10910,6750
HASH_ROUTE token=84 layer=14 children=510,492,580,39 grandchildren=5100,4920,5800,390
HASH_ROUTE token=84 layer=15 children=535,619,1179,1258 grandchildren=5350,6190,11790,12580
HASH_ROUTE token=84 layer=16 children=492,627,581,505 grandchildren=4920,6270,5810,5050
HASH_ROUTE token=84 layer=17 children=987,1065,507,585 grandchildren=9870,10650,5070,5850
HASH_ROUTE token=84 layer=18 children=785,715,769,748 grandchildren=7850,7150,7690,7480
HASH_ROUTE token=84 layer=19 children=1265,1135,789,653 grandchildren=12650,11350,7890,6530
HASH_ROUTE token=84 layer=20 children=227,1024,164,966 grandchildren=2270,10240,1640,9660
HASH_ROUTE token=84 layer=21 children=70,149,28,33 grandchildren=700,1490,280,330
HASH_ROUTE token=84 layer=22 children=317,150,303,238 grandchildren=3170,1500,3030,2380
HASH_ROUTE token=84 layer=23 children=587,1067,900,1228 grandchildren=5870,10670,9000,12280
HASH_ROUTE token=85 layer=0 children=795,473,649,324 grandchildren=7950,4730,6490,3240
HASH_ROUTE token=85 layer=1 children=297,450,185,939 grandchildren=2970,4500,1850,9390
HASH_ROUTE token=85 layer=2 children=737,418,749,424 grandchildren=7370,4180,7490,4240
HASH_ROUTE token=85 layer=3 children=452,388,136,779 grandchildren=4520,3880,1360,7790
HASH_ROUTE token=85 layer=4 children=166,266,174,294 grandchildren=1660,2660,1740,2940
HASH_ROUTE token=85 layer=5 children=555,598,582,71 grandchildren=5550,5980,5820,710
HASH_ROUTE token=85 layer=6 children=418,352,731,422 grandchildren=4180,3520,7310,4220
HASH_ROUTE token=85 layer=7 children=884,931,821,842 grandchildren=8840,9310,8210,8420
HASH_ROUTE token=85 layer=8 children=616,133,548,62 grandchildren=6160,1330,5480,620
HASH_ROUTE token=85 layer=9 children=220,700,862,542 grandchildren=2200,7000,8620,5420
HASH_ROUTE token=85 layer=10 children=742,729,751,707 grandchildren=7420,7290,7510,7070
HASH_ROUTE token=85 layer=11 children=1135,971,174,654 grandchildren=11350,9710,1740,6540
HASH_ROUTE token=85 layer=12 children=1009,525,985,504 grandchildren=10090,5250,9850,5040
HASH_ROUTE token=85 layer=13 children=1255,1154,614,933 grandchildren=12550,11540,6140,9330
HASH_ROUTE token=85 layer=14 children=191,296,357,994 grandchildren=1910,2960,3570,9940
HASH_ROUTE token=85 layer=15 children=1179,851,535,213 grandchildren=11790,8510,5350,2130
HASH_ROUTE token=85 layer=16 children=218,533,256,376 grandchildren=2180,5330,2560,3760
HASH_ROUTE token=85 layer=17 children=587,429,1065,532 grandchildren=5870,4290,10650,5320
HASH_ROUTE token=85 layer=18 children=640,768,726,775 grandchildren=6400,7680,7260,7750
HASH_ROUTE token=85 layer=19 children=355,467,395,404 grandchildren=3550,4670,3950,4040
HASH_ROUTE token=85 layer=20 children=1180,1214,387,1229 grandchildren=11800,12140,3870,12290
HASH_ROUTE token=85 layer=21 children=80,884,145,23 grandchildren=800,8840,1450,230
HASH_ROUTE token=85 layer=22 children=301,317,269,227 grandchildren=3010,3170,2690,2270
HASH_ROUTE token=85 layer=23 children=766,606,739,281 grandchildren=7660,6060,7390,2810
HASH_ROUTE token=86 layer=0 children=150,795,471,955 grandchildren=1500,7950,4710,9550
HASH_ROUTE token=86 layer=1 children=291,177,267,456 grandchildren=2910,1770,2670,4560
HASH_ROUTE token=86 layer=2 children=1241,1139,1165,1178 grandchildren=12410,11390,11650,11780
HASH_ROUTE token=86 layer=3 children=774,1254,657,664 grandchildren=7740,12540,6570,6640
HASH_ROUTE token=86 layer=4 children=165,304,804,174 grandchildren=1650,3040,8040,1740
HASH_ROUTE token=86 layer=5 children=945,625,891,913 grandchildren=9450,6250,8910,9130
HASH_ROUTE token=86 layer=6 children=199,356,237,833 grandchildren=1990,3560,2370,8330
HASH_ROUTE token=86 layer=7 children=1048,404,80,884 grandchildren=10480,4040,800,8840
HASH_ROUTE token=86 layer=8 children=627,306,506,1101 grandchildren=6270,3060,5060,11010
HASH_ROUTE token=86 layer=9 children=710,701,877,862 grandchildren=7100,7010,8770,8620
HASH_ROUTE token=86 layer=10 children=472,155,790,634 grandchildren=4720,1550,7900,6340
HASH_ROUTE token=86 layer=11 children=572,416,1217,541 grandchildren=5720,4160,12170,5410
HASH_ROUTE token=86 layer=12 children=185,266,201,160 grandchildren=1850,2660,2010,1600
HASH_ROUTE token=86 layer=13 children=498,607,536,517 grandchildren=4980,6070,5360,5170
HASH_ROUTE token=86 layer=14 children=483,800,325,494 grandchildren=4830,8000,3250,4940
HASH_ROUTE token=86 layer=15 children=518,192,993,548 grandchildren=5180,1920,9930,5480
HASH_ROUTE token=86 layer=16 children=1172,534,374,852 grandchildren=11720,5340,3740,8520
HASH_ROUTE token=86 layer=17 children=987,507,968,484 grandchildren=9870,5070,9680,4840
HASH_ROUTE token=86 layer=18 children=343,986,669,416 grandchildren=3430,9860,6690,4160
HASH_ROUTE token=86 layer=19 children=700,780,720,380 grandchildren=7000,7800,7200,3800
HASH_ROUTE token=86 layer=20 children=174,315,225,165 grandchildren=1740,3150,2250,1650
HASH_ROUTE token=86 layer=21 children=72,27,149,1190 grandchildren=720,270,1490,11900
HASH_ROUTE token=86 layer=22 children=1110,312,635,1108 grandchildren=11100,3120,6350,11080
HASH_ROUTE token=86 layer=23 children=579,600,513,504 grandchildren=5790,6000,5130,5040
HASH_ROUTE token=87 layer=0 children=153,50,72,65 grandchildren=1530,500,720,650
HASH_ROUTE token=87 layer=1 children=175,297,333,653 grandchildren=1750,2970,3330,6530
HASH_ROUTE token=87 layer=2 children=1060,424,901,100 grandchildren=10600,4240,9010,1000
HASH_ROUTE token=87 layer=3 children=106,68,18,900 grandchildren=1060,680,180,9000
HASH_ROUTE token=87 layer=4 children=186,299,311,194 grandchildren=1860,2990,3110,1940
HASH_ROUTE token=87 layer=5 children=1210,1272,1174,1130 grandchildren=12100,12720,11740,11300
HASH_ROUTE token=87 layer=6 children=129,442,760,288 grandchildren=1290,4420,7600,2880
HASH_ROUTE token=87 layer=7 children=934,137,617,459 grandchildren=9340,1370,6170,4590
HASH_ROUTE token=87 layer=8 children=1110,953,314,1274 grandchildren=11100,9530,3140,12740
HASH_ROUTE token=87 layer=9 children=955,314,897,917 grandchildren=9550,3140,8970,9170
HASH_ROUTE token=87 layer=10 children=347,1145,180,446 grandchildren=3470,11450,1800,4460
HASH_ROUTE token=87 layer=11 children=24,1142,32,1154 grandchildren=240,11420,320,11540
HASH_ROUTE token=87 layer=12 children=374,327,478,219 grandchildren=3740,3270,4780,2190
HASH_ROUTE token=87 layer=13 children=148,786,943,463 grandchildren=1480,7860,9430,4630
HASH_ROUTE token=87 layer=14 children=777,693,616,537 grandchildren=7770,6930,6160,5370
HASH_ROUTE token=87 layer=15 children=995,1024,1040,831 grandchildren=9950,10240,10400,8310
HASH_ROUTE token=87 layer=16 children=431,365,346,1076 grandchildren=4310,3650,3460,10760
HASH_ROUTE token=87 layer=17 children=981,188,509,1144 grandchildren=9810,1880,5090,11440
HASH_ROUTE token=87 layer=18 children=320,380,364,640 grandchildren=3200,3800,3640,6400
HASH_ROUTE token=87 layer=19 children=606,446,523,120 grandchildren=6060,4460,5230,1200
HASH_ROUTE token=87 layer=20 children=766,730,642,743 grandchildren=7660,7300,6420,7430
HASH_ROUTE token=87 layer=21 children=1030,552,870,236 grandchildren=10300,5520,8700,2360
HASH_ROUTE token=87 layer=22 children=265,178,102,13 grandchildren=2650,1780,1020,130
HASH_ROUTE token=87 layer=23 children=945,811,861,620 grandchildren=9450,8110,8610,6200
HASH_ROUTE token=88 layer=0 children=755,649,779,713 grandchildren=7550,6490,7790,7130
HASH_ROUTE token=88 layer=1 children=527,689,504,663 grandchildren=5270,6890,5040,6630
HASH_ROUTE token=88 layer=2 children=352,830,36,991 grandchildren=3520,8300,360,9910
HASH_ROUTE token=88 layer=3 children=623,613,535,554 grandchildren=6230,6130,5350,5540
HASH_ROUTE token=88 layer=4 children=465,434,1260,452 grandchildren=4650,4340,12600,4520
HASH_ROUTE token=88 layer=5 children=320,809,963,168 grandchildren=3200,8090,9630,1680
HASH_ROUTE token=88 layer=6 children=461,785,620,946 grandchildren=4610,7850,6200,9460
HASH_ROUTE token=88 layer=7 children=148,99,38,621 grandchildren=1480,990,380,6210
HASH_ROUTE token=88 layer=8 children=1014,697,1100,786 grandchildren=10140,6970,11000,7860
HASH_ROUTE token=88 layer=9 children=131,55,938,156 grandchildren=1310,550,9380,1560
HASH_ROUTE token=88 layer=10 children=616,626,540,587 grandchildren=6160,6260,5400,5870
HASH_ROUTE token=88 layer=11 children=916,1077,866,753 grandchildren=9160,10770,8660,7530
HASH_ROUTE token=88 layer=12 children=359,839,1151,512 grandchildren=3590,8390,11510,5120
HASH_ROUTE token=88 layer=13 children=324,167,489,361 grandchildren=3240,1670,4890,3610
HASH_ROUTE token=88 layer=14 children=1102,1264,1096,947 grandchildren=11020,12640,10960,9470
HASH_ROUTE token=88 layer=15 children=767,127,1080,678 grandchildren=7670,1270,10800,6780
HASH_ROUTE token=88 layer=16 children=921,600,889,124 grandchildren=9210,6000,8890,1240
HASH_ROUTE token=88 layer=17 children=893,954,801,91 grandchildren=8930,9540,8010,910
HASH_ROUTE token=88 layer=18 children=740,1226,268,721 grandchildren=7400,12260,2680,7210
HASH_ROUTE token=88 layer=19 children=322,647,1121,482 grandchildren=3220,6470,11210,4820
HASH_ROUTE token=88 layer=20 children=1264,309,1223,786 grandchildren=12640,3090,12230,7860
HASH_ROUTE token=88 layer=21 children=1180,1238,700,65 grandchildren=11800,12380,7000,650
HASH_ROUTE token=88 layer=22 children=939,295,1090,772 grandchildren=9390,2950,10900,7720
HASH_ROUTE token=88 layer=23 children=109,45,71,261 grandchildren=1090,450,710,2610
HASH_ROUTE token=89 layer=0 children=49,360,1161,680 grandchildren=490,3600,11610,6800
HASH_ROUTE token=89 layer=1 children=205,297,239,841 grandchildren=2050,2970,2390,8410
HASH_ROUTE token=89 layer=2 children=895,735,810,1217 grandchildren=8950,7350,8100,12170
HASH_ROUTE token=89 layer=3 children=1095,291,133,613 grandchildren=10950,2910,1330,6130
HASH_ROUTE token=89 layer=4 children=182,190,827,160 grandchildren=1820,1900,8270,1600
HASH_ROUTE token=89 layer=5 children=467,300,370,445 grandchildren=4670,3000,3700,4450
HASH_ROUTE token=89 layer=6 children=676,761,714,35 grandchildren=6760,7610,7140,350
HASH_ROUTE token=89 layer=7 children=821,950,804,508 grandchildren=8210,9500,8040,5080
HASH_ROUTE token=89 layer=8 children=363,420,338,320 grandchildren=3630,4200,3380,3200
HASH_ROUTE token=89 layer=9 children=231,197,268,252 grandchildren=2310,1970,2680,2520
HASH_ROUTE token=89 layer=10 children=213,166,173,54 grandchildren=2130,1660,1730,540
HASH_ROUTE token=89 layer=11 children=77,875,26,156 grandchildren=770,8750,260,1560
HASH_ROUTE token=89 layer=12 children=882,868,81,61 grandchildren=8820,8680,810,610
HASH_ROUTE token=89 layer=13 children=826,26,667,987 grandchildren=8260,260,6670,9870
HASH_ROUTE token=89 layer=14 children=565,613,531,591 grandchildren=5650,6130,5310,5910
HASH_ROUTE token=89 layer=15 children=822,347,987,891 grandchildren=8220,3470,9870,8910
HASH_ROUTE token=89 layer=16 children=325,5,429,437 grandchildren=3250,50,4290,4370
HASH_ROUTE token=89 layer=17 children=983,349,1143,184 grandchildren=9830,3490,11430,1840
HASH_ROUTE token=89 layer=18 children=184,988,317,284 grandchildren=1840,9880,3170,2840
HASH_ROUTE token=89 layer=19 children=641,685,676,778 grandchildren=6410,6850,6760,7780
HASH_ROUTE token=89 layer=20 children=598,1072,279,757 grandchildren=5980,10720,2790,7570
HASH_ROUTE token=89 layer=21 children=1024,969,1058,1084 grandchildren=10240,9690,10580,10840
HASH_ROUTE token=89 layer=22 children=969,802,1123,1094 grandchildren=9690,8020,11230,10940
HASH_ROUTE token=89 layer=23 children=39,128,670,148 grandchildren=390,1280,6700,1480
HASH_ROUTE token=90 layer=0 children=641,326,4,967 grandchildren=6410,3260,40,9670
HASH_ROUTE token=90 layer=1 children=294,456,240,210 grandchildren=2940,4560,2400,2100
HASH_ROUTE token=90 layer=2 children=338,410,455,819 grandchildren=3380,4100,4550,8190
HASH_ROUTE token=90 layer=3 children=1228,108,582,428 grandchildren=12280,1080,5820,4280
HASH_ROUTE token=90 layer=4 children=204,318,196,287 grandchildren=2040,3180,1960,2870
HASH_ROUTE token=90 layer=5 children=1212,1177,1137,1265 grandchildren=12120,11770,11370,12650
HASH_ROUTE token=90 layer=6 children=246,728,1209,200 grandchildren=2460,7280,12090,2000
HASH_ROUTE token=90 layer=7 children=690,534,211,52 grandchildren=6900,5340,2110,520
HASH_ROUTE token=90 layer=8 children=954,314,794,1117 grandchildren=9540,3140,7940,11170
HASH_ROUTE token=90 layer=9 children=312,955,250,1273 grandchildren=3120,9550,2500,12730
HASH_ROUTE token=90 layer=10 children=547,506,563,387 grandchildren=5470,5060,5630,3870
HASH_ROUTE token=90 layer=11 children=40,73,59,64 grandchildren=400,730,590,640
HASH_ROUTE token=90 layer=12 children=329,807,370,857 grandchildren=3290,8070,3700,8570
HASH_ROUTE token=90 layer=13 children=91,145,81,39 grandchildren=910,1450,810,390
HASH_ROUTE token=90 layer=14 children=617,567,517,293 grandchildren=6170,5670,5170,2930
HASH_ROUTE token=90 layer=15 children=363,349,471,1166 grandchildren=3630,3490,4710,11660
HASH_ROUTE token=90 layer=16 children=191,163,222,1152 grandchildren=1910,1630,2220,11520
HASH_ROUTE token=90 layer=17 children=423,385,263,220 grandchildren=4230,3850,2630,2200
HASH_ROUTE token=90 layer=18 children=1067,266,428,909 grandchildren=10670,2660,4280,9090
HASH_ROUTE token=90 layer=19 children=100,907,262,744 grandchildren=1000,9070,2620,7440
HASH_ROUTE token=90 layer=20 children=1135,171,1227,1268 grandchildren=11350,1710,12270,12680
HASH_ROUTE token=90 layer=21 children=38,59,114,192 grandchildren=380,590,1140,1920
HASH_ROUTE token=90 layer=22 children=395,428,439,1037 grandchildren=3950,4280,4390,10370
HASH_ROUTE token=90 layer=23 children=239,872,71,242 grandchildren=2390,8720,710,2420
HASH_ROUTE token=91 layer=0 children=122,444,1089,605 grandchildren=1220,4440,10890,6050
HASH_ROUTE token=91 layer=1 children=451,342,396,339 grandchildren=4510,3420,3960,3390
HASH_ROUTE token=91 layer=2 children=207,220,304,282 grandchildren=2070,2200,3040,2820
HASH_ROUTE token=91 layer=3 children=100,119,33,585 grandchildren=1000,1190,330,5850
HASH_ROUTE token=91 layer=4 children=186,292,822,222 grandchildren=1860,2920,8220,2220
HASH_ROUTE token=91 layer=5 children=93,1217,892,410 grandchildren=930,12170,8920,4100
HASH_ROUTE token=91 layer=6 children=737,720,1219,98 grandchildren=7370,7200,12190,980
HASH_ROUTE token=91 layer=7 children=57,217,1011,855 grandchildren=570,2170,10110,8550
HASH_ROUTE token=91 layer=8 children=941,884,910,1109 grandchildren=9410,8840,9100,11090
HASH_ROUTE token=91 layer=9 children=312,1272,157,632 grandchildren=3120,12720,1570,6320
HASH_ROUTE token=91 layer=10 children=995,1063,1115,1153 grandchildren=9950,10630,11150,11530
HASH_ROUTE token=91 layer=11 children=59,113,690,159 grandchildren=590,1130,6900,1590
HASH_ROUTE token=91 layer=12 children=304,625,244,169 grandchildren=3040,6250,2440,1690
HASH_ROUTE token=91 layer=13 children=731,793,761,697 grandchildren=7310,7930,7610,6970
HASH_ROUTE token=91 layer=14 children=932,295,770,1093 grandchildren=9320,2950,7700,10930
HASH_ROUTE token=91 layer=15 children=339,971,498,472 grandchildren=3390,9710,4980,4720
HASH_ROUTE token=91 layer=16 children=437,419,349,476 grandchildren=4370,4190,3490,4760
HASH_ROUTE token=91 layer=17 children=995,1153,190,1066 grandchildren=9950,11530,1900,10660
HASH_ROUTE token=91 layer=18 children=860,942,811,909 grandchildren=8600,9420,8110,9090
HASH_ROUTE token=91 layer=19 children=833,867,355,380 grandchildren=8330,8670,3550,3800
HASH_ROUTE token=91 layer=20 children=598,1074,520,277 grandchildren=5980,10740,5200,2770
HASH_ROUTE token=91 layer=21 children=198,245,282,254 grandchildren=1980,2450,2820,2540
HASH_ROUTE token=91 layer=22 children=269,1060,428,105 grandchildren=2690,10600,4280,1050
HASH_ROUTE token=91 layer=23 children=836,883,807,856 grandchildren=8360,8830,8070,8560
HASH_ROUTE token=92 layer=0 children=449,122,764,607 grandchildren=4490,1220,7640,6070
HASH_ROUTE token=92 layer=1 children=184,664,346,203 grandchildren=1840,6640,3460,2030
HASH_ROUTE token=92 layer=2 children=442,288,404,241 grandchildren=4420,2880,4040,2410
HASH_ROUTE token=92 layer=3 children=931,452,778,1256 grandchildren=9310,4520,7780,12560
HASH_ROUTE token=92 layer=4 children=457,771,294,461 grandchildren=4570,7710,2940,4610
HASH_ROUTE token=92 layer=5 children=129,446,61,86 grandchildren=1290,4460,610,860
HASH_ROUTE token=92 layer=6 children=573,730,1052,99 grandchildren=5730,7300,10520,990
HASH_ROUTE token=92 layer=7 children=624,148,304,535 grandchildren=6240,1480,3040,5350
HASH_ROUTE token=92 layer=8 children=140,58,119,1262 grandchildren=1400,580,1190,12620
HASH_ROUTE token=92 layer=9 children=236,183,1191,301 grandchildren=2360,1830,11910,3010
HASH_ROUTE token=92 layer=10 children=753,771,795,727 grandchildren=7530,7710,7950,7270
HASH_ROUTE token=92 layer=11 children=429,747,908,1222 grandchildren=4290,7470,9080,12220
HASH_ROUTE token=92 layer=12 children=70,557,876,714 grandchildren=700,5570,8760,7140
HASH_ROUTE token=92 layer=13 children=1050,578,259,731 grandchildren=10500,5780,2590,7310
HASH_ROUTE token=92 layer=14 children=841,884,201,248 grandchildren=8410,8840,2010,2480
HASH_ROUTE token=92 layer=15 children=353,379,831,854 grandchildren=3530,3790,8310,8540
HASH_ROUTE token=92 layer=16 children=322,161,437,272 grandchildren=3220,1610,4370,2720
HASH_ROUTE token=92 layer=17 children=1143,188,1191,1160 grandchildren=11430,1880,11910,11600
HASH_ROUTE token=92 layer=18 children=178,224,810,286 grandchildren=1780,2240,8100,2860
HASH_ROUTE token=92 layer=19 children=679,789,712,748 grandchildren=6790,7890,7120,7480
HASH_ROUTE token=92 layer=20 children=538,215,494,592 grandchildren=5380,2150,4940,5920
HASH_ROUTE token=92 layer=21 children=93,70,158,126 grandchildren=930,700,1580,1260
HASH_ROUTE token=92 layer=22 children=914,926,850,861 grandchildren=9140,9260,8500,8610
HASH_ROUTE token=92 layer=23 children=282,218,170,761 grandchildren=2820,2180,1700,7610
HASH_ROUTE token=93 layer=0 children=323,441,469,413 grandchildren=3230,4410,4690,4130
HASH_ROUTE token=93 layer=1 children=935,843,295,138 grandchildren=9350,8430,2950,1380
HASH_ROUTE token=93 layer=2 children=1109,981,1018,461 grandchildren=11090,9810,10180,4610
HASH_ROUTE token=93 layer=3 children=1212,1120,1149,739 grandchildren=12120,11200,11490,7390
HASH_ROUTE token=93 layer=4 children=515,602,617,494 grandchildren=5150,6020,6170,4940
HASH_ROUTE token=93 layer=5 children=93,62,893,862 grandchildren=930,620,8930,8620
HASH_ROUTE token=93 layer=6 children=1156,675,1168,683 grandchildren=11560,6750,11680,6830
HASH_ROUTE token=93 layer=7 children=303,214,288,1266 grandchildren=3030,2140,2880,12660
HASH_ROUTE token=93 layer=8 children=1043,1012,1009,562 grandchildren=10430,10120,10090,5620
HASH_ROUTE token=93 layer=9 children=203,848,231,877 grandchildren=2030,8480,2310,8770
HASH_ROUTE token=93 layer=10 children=1262,789,1109,1134 grandchildren=12620,7890,11090,11340
HASH_ROUTE token=93 layer=11 children=705,757,65,115 grandchildren=7050,7570,650,1150
HASH_ROUTE token=93 layer=12 children=516,545,635,1158 grandchildren=5160,5450,6350,11580
HASH_ROUTE token=93 layer=13 children=1110,634,1278,793 grandchildren=11100,6340,12780,7930
HASH_ROUTE token=93 layer=14 children=920,1242,605,127 grandchildren=9200,12420,6050,1270
HASH_ROUTE token=93 layer=15 children=1013,694,1119,991 grandchildren=10130,6940,11190,9910
HASH_ROUTE token=93 layer=16 children=1233,1157,276,191 grandchildren=12330,11570,2760,1910
HASH_ROUTE token=93 layer=17 children=183,824,343,195 grandchildren=1830,8240,3430,1950
HASH_ROUTE token=93 layer=18 children=277,248,307,1072 grandchildren=2770,2480,3070,10720
HASH_ROUTE token=93 layer=19 children=338,14,391,75 grandchildren=3380,140,3910,750
HASH_ROUTE token=93 layer=20 children=185,277,213,225 grandchildren=1850,2770,2130,2250
HASH_ROUTE token=93 layer=21 children=1131,336,1165,13 grandchildren=11310,3360,11650,130
HASH_ROUTE token=93 layer=22 children=178,493,306,311 grandchildren=1780,4930,3060,3110
HASH_ROUTE token=93 layer=23 children=190,214,235,1156 grandchildren=1900,2140,2350,11560
HASH_ROUTE token=94 layer=0 children=153,50,72,65 grandchildren=1530,500,720,650
HASH_ROUTE token=94 layer=1 children=171,297,232,209 grandchildren=1710,2970,2320,2090
HASH_ROUTE token=94 layer=2 children=1225,1128,1237,1137 grandchildren=12250,11280,12370,11370
HASH_ROUTE token=94 layer=3 children=937,860,815,1095 grandchildren=9370,8600,8150,10950
HASH_ROUTE token=94 layer=4 children=230,189,221,289 grandchildren=2300,1890,2210,2890
HASH_ROUTE token=94 layer=5 children=850,867,958,378 grandchildren=8500,8670,9580,3780
HASH_ROUTE token=94 layer=6 children=244,289,409,217 grandchildren=2440,2890,4090,2170
HASH_ROUTE token=94 layer=7 children=208,306,294,244 grandchildren=2080,3060,2940,2440
HASH_ROUTE token=94 layer=8 children=1066,1077,1022,1092 grandchildren=10660,10770,10220,10920
HASH_ROUTE token=94 layer=9 children=458,428,1254,1227 grandchildren=4580,4280,12540,12270
HASH_ROUTE token=94 layer=10 children=1253,1227,1183,1160 grandchildren=12530,12270,11830,11600
HASH_ROUTE token=94 layer=11 children=865,380,67,705 grandchildren=8650,3800,670,7050
HASH_ROUTE token=94 layer=12 children=315,634,471,1271 grandchildren=3150,6340,4710,12710
HASH_ROUTE token=94 layer=13 children=1085,761,1042,604 grandchildren=10850,7610,10420,6040
HASH_ROUTE token=94 layer=14 children=240,230,219,1203 grandchildren=2400,2300,2190,12030
HASH_ROUTE token=94 layer=15 children=692,667,784,647 grandchildren=6920,6670,7840,6470
HASH_ROUTE token=94 layer=16 children=290,200,276,454 grandchildren=2900,2000,2760,4540
HASH_ROUTE token=94 layer=17 children=233,1190,188,715 grandchildren=2330,11900,1880,7150
HASH_ROUTE token=94 layer=18 children=826,344,886,407 grandchildren=8260,3440,8860,4070
HASH_ROUTE token=94 layer=19 children=353,338,391,389 grandchildren=3530,3380,3910,3890
HASH_ROUTE token=94 layer=20 children=1075,1014,273,987 grandchildren=10750,10140,2730,9870
HASH_ROUTE token=94 layer=21 children=806,899,646,731 grandchildren=8060,8990,6460,7310
HASH_ROUTE token=94 layer=22 children=857,826,861,815 grandchildren=8570,8260,8610,8150
HASH_ROUTE token=94 layer=23 children=603,530,1084,440 grandchildren=6030,5300,10840,4400
HASH_ROUTE token=95 layer=0 children=446,283,127,360 grandchildren=4460,2830,1270,3600
HASH_ROUTE token=95 layer=1 children=340,455,361,443 grandchildren=3400,4550,3610,4430
HASH_ROUTE token=95 layer=2 children=1219,577,419,1208 grandchildren=12190,5770,4190,12080
HASH_ROUTE token=95 layer=3 children=103,64,55,264 grandchildren=1030,640,550,2640
HASH_ROUTE token=95 layer=4 children=450,467,414,347 grandchildren=4500,4670,4140,3470
HASH_ROUTE token=95 layer=5 children=850,59,375,1179 grandchildren=8500,590,3750,11790
HASH_ROUTE token=95 layer=6 children=418,890,95,251 grandchildren=4180,8900,950,2510
HASH_ROUTE token=95 layer=7 children=618,541,456,380 grandchildren=6180,5410,4560,3800
HASH_ROUTE token=95 layer=8 children=932,616,1095,139 grandchildren=9320,6160,10950,1390
HASH_ROUTE token=95 layer=9 children=958,802,314,898 grandchildren=9580,8020,3140,8980
HASH_ROUTE token=95 layer=10 children=347,423,368,449 grandchildren=3470,4230,3680,4490
HASH_ROUTE token=95 layer=11 children=61,703,865,150 grandchildren=610,7030,8650,1500
HASH_ROUTE token=95 layer=12 children=1167,1192,1212,525 grandchildren=11670,11920,12120,5250
HASH_ROUTE token=95 layer=13 children=1023,981,549,1041 grandchildren=10230,9810,5490,10410
HASH_ROUTE token=95 layer=14 children=1196,231,553,874 grandchildren=11960,2310,5530,8740
HASH_ROUTE token=95 layer=15 children=444,377,336,353 grandchildren=4440,3770,3360,3530
HASH_ROUTE token=95 layer=16 children=334,176,456,299 grandchildren=3340,1760,4560,2990
HASH_ROUTE token=95 layer=17 children=188,231,267,222 grandchildren=1880,2310,2670,2220
HASH_ROUTE token=95 layer=18 children=831,886,1155,197 grandchildren=8310,8860,11550,1970
HASH_ROUTE token=95 layer=19 children=338,353,424,344 grandchildren=3380,3530,4240,3440
HASH_ROUTE token=95 layer=20 children=539,1018,215,593 grandchildren=5390,10180,2150,5930
HASH_ROUTE token=95 layer=21 children=410,336,93,350 grandchildren=4100,3360,930,3500
HASH_ROUTE token=95 layer=22 children=1182,385,220,709 grandchildren=11820,3850,2200,7090
HASH_ROUTE token=95 layer=23 children=218,539,199,56 grandchildren=2180,5390,1990,560
HASH_ROUTE token=96 layer=0 children=370,363,53,41 grandchildren=3700,3630,530,410
HASH_ROUTE token=96 layer=1 children=347,456,186,336 grandchildren=3470,4560,1860,3360
HASH_ROUTE token=96 layer=2 children=467,364,423,1101 grandchildren=4670,3640,4230,11010
HASH_ROUTE token=96 layer=3 children=107,425,1061,1229 grandchildren=1070,4250,10610,12290
HASH_ROUTE token=96 layer=4 children=890,1059,948,1101 grandchildren=8900,10590,9480,11010
HASH_ROUTE token=96 layer=5 children=116,87,64,759 grandchildren=1160,870,640,7590
HASH_ROUTE token=96 layer=6 children=793,631,150,688 grandchildren=7930,6310,1500,6880
HASH_ROUTE token=96 layer=7 children=1147,1244,662,763 grandchildren=11470,12440,6620,7630
HASH_ROUTE token=96 layer=8 children=48,529,87,560 grandchildren=480,5290,870,5600
HASH_ROUTE token=96 layer=9 children=955,946,877,844 grandchildren=9550,9460,8770,8440
HASH_ROUTE token=96 layer=10 children=1138,1140,978,815 grandchildren=11380,11400,9780,8150
HASH_ROUTE token=96 layer=11 children=914,872,904,1077 grandchildren=9140,8720,9040,10770
HASH_ROUTE token=96 layer=12 children=1176,534,213,1011 grandchildren=11760,5340,2130,10110
HASH_ROUTE token=96 layer=13 children=821,838,666,672 grandchildren=8210,8380,6660,6720
HASH_ROUTE token=96 layer=14 children=562,1203,244,559 grandchildren=5620,12030,2440,5590
HASH_ROUTE token=96 layer=15 children=243,277,405,889 grandchildren=2430,2770,4050,8890
HASH_ROUTE token=96 layer=16 children=176,334,225,382 grandchildren=1760,3340,2250,3820
HASH_ROUTE token=96 layer=17 children=184,1140,501,828 grandchildren=1840,11400,5010,8280
HASH_ROUTE token=96 layer=18 children=308,205,1107,1006 grandchildren=3080,2050,11070,10060
HASH_ROUTE token=96 layer=19 children=653,768,338,445 grandchildren=6530,7680,3380,4450
HASH_ROUTE token=96 layer=20 children=215,1015,532,204 grandchildren=2150,10150,5320,2040
HASH_ROUTE token=96 layer=21 children=410,399,98,361 grandchildren=4100,3990,980,3610
HASH_ROUTE token=96 layer=22 children=380,419,549,577 grandchildren=3800,4190,5490,5770
HASH_ROUTE token=96 layer=23 children=54,536,210,1178 grandchildren=540,5360,2100,11780
HASH_ROUTE token=97 layer=0 children=685,641,734,206 grandchildren=6850,6410,7340,2060
HASH_ROUTE token=97 layer=1 children=177,335,297,451 grandchildren=1770,3350,2970,4510
HASH_ROUTE token=97 layer=2 children=755,1237,1072,680 grandchildren=7550,12370,10720,6800
HASH_ROUTE token=97 layer=3 children=1229,584,1205,267 grandchildren=12290,5840,12050,2670
HASH_ROUTE token=97 layer=4 children=898,411,887,869 grandchildren=8980,4110,8870,8690
HASH_ROUTE token=97 layer=5 children=959,158,1114,928 grandchildren=9590,1580,11140,9280
HASH_ROUTE token=97 layer=6 children=1162,1157,525,512 grandchildren=11620,11570,5250,5120
HASH_ROUTE token=97 layer=7 children=695,1170,57,377 grandchildren=6950,11700,570,3770
HASH_ROUTE token=97 layer=8 children=1179,1126,1235,1161 grandchildren=11790,11260,12350,11610
HASH_ROUTE token=97 layer=9 children=862,874,955,1181 grandchildren=8620,8740,9550,11810
HASH_ROUTE token=97 layer=10 children=1121,963,806,1141 grandchildren=11210,9630,8060,11410
HASH_ROUTE token=97 layer=11 children=900,748,1069,931 grandchildren=9000,7480,10690,9310
HASH_ROUTE token=97 layer=12 children=262,1064,1229,197 grandchildren=2620,10640,12290,1970
HASH_ROUTE token=97 layer=13 children=604,1248,542,121 grandchildren=6040,12480,5420,1210
HASH_ROUTE token=97 layer=14 children=875,715,230,882 grandchildren=8750,7150,2300,8820
HASH_ROUTE token=97 layer=15 children=475,1119,957,315 grandchildren=4750,11190,9570,3150
HASH_ROUTE token=97 layer=16 children=176,334,252,410 grandchildren=1760,3340,2520,4100
HASH_ROUTE token=97 layer=17 children=1148,983,1193,501 grandchildren=11480,9830,11930,5010
HASH_ROUTE token=97 layer=18 children=889,1204,910,1234 grandchildren=8890,12040,9100,12340
HASH_ROUTE token=97 layer=19 children=338,351,653,12 grandchildren=3380,3510,6530,120
HASH_ROUTE token=97 layer=20 children=213,373,539,225 grandchildren=2130,3730,5390,2250
HASH_ROUTE token=97 layer=21 children=44,365,35,93 grandchildren=440,3650,350,930
HASH_ROUTE token=97 layer=22 children=863,902,832,883 grandchildren=8630,9020,8320,8830
HASH_ROUTE token=97 layer=23 children=214,530,54,1013 grandchildren=2140,5300,540,10130
HASH_ROUTE token=98 layer=0 children=153,53,72,65 grandchildren=1530,530,720,650
HASH_ROUTE token=98 layer=1 children=171,297,652,13 grandchildren=1710,2970,6520,130
HASH_ROUTE token=98 layer=2 children=747,588,424,1061 grandchildren=7470,5880,4240,10610
HASH_ROUTE token=98 layer=3 children=106,68,18,900 grandchildren=1060,680,180,9000
HASH_ROUTE token=98 layer=4 children=186,294,312,194 grandchildren=1860,2940,3120,1940
HASH_ROUTE token=98 layer=5 children=1179,1272,1210,1130 grandchildren=11790,12720,12100,11300
HASH_ROUTE token=98 layer=6 children=129,442,760,288 grandchildren=1290,4420,7600,2880
HASH_ROUTE token=98 layer=7 children=931,137,617,459 grandchildren=9310,1370,6170,4590
HASH_ROUTE token=98 layer=8 children=1112,953,314,1043 grandchildren=11120,9530,3140,10430
HASH_ROUTE token=98 layer=9 children=955,316,891,915 grandchildren=9550,3160,8910,9150
HASH_ROUTE token=98 layer=10 children=347,1145,180,446 grandchildren=3470,11450,1800,4460
HASH_ROUTE token=98 layer=11 children=24,1142,32,1154 grandchildren=240,11420,320,11540
HASH_ROUTE token=98 layer=12 children=378,327,478,219 grandchildren=3780,3270,4780,2190
HASH_ROUTE token=98 layer=13 children=786,148,943,463 grandchildren=7860,1480,9430,4630
HASH_ROUTE token=98 layer=14 children=693,777,792,537 grandchildren=6930,7770,7920,5370
HASH_ROUTE token=98 layer=15 children=995,1024,1040,831 grandchildren=9950,10240,10400,8310
HASH_ROUTE token=98 layer=16 children=365,437,346,459 grandchildren=3650,4370,3460,4590
HASH_ROUTE token=98 layer=17 children=981,188,1144,346 grandchildren=9810,1880,11440,3460
HASH_ROUTE token=98 layer=18 children=388,459,367,320 grandchildren=3880,4590,3670,3200
HASH_ROUTE token=98 layer=19 children=606,446,120,926 grandchildren=6060,4460,1200,9260
HASH_ROUTE token=98 layer=20 children=766,734,779,667 grandchildren=7660,7340,7790,6670
HASH_ROUTE token=98 layer=21 children=1030,992,236,870 grandchildren=10300,9920,2360,8700
HASH_ROUTE token=98 layer=22 children=745,424,102,656 grandchildren=7450,4240,1020,6560
HASH_ROUTE token=98 layer=23 children=879,907,861,945 grandchildren=8790,9070,8610,9450
HASH_ROUTE token=99 layer=0 children=755,649,779,713 grandchildren=7550,6490,7790,7130
HASH_ROUTE token=99 layer=1 children=527,689,504,663 grandchildren=5270,6890,5040,6630
HASH_ROUTE token=99 layer=2 children=352,830,36,991 grandchildren=3520,8300,360,9910
HASH_ROUTE token=99 layer=3 children=623,613,535,554 grandchildren=6230,6130,5350,5540
HASH_ROUTE token=99 layer=4 children=465,434,1260,452 grandchildren=4650,4340,12600,4520
HASH_ROUTE token=99 layer=5 children=320,809,963,168 grandchildren=3200,8090,9630,1680
HASH_ROUTE token=99 layer=6 children=461,785,620,946 grandchildren=4610,7850,6200,9460
HASH_ROUTE token=99 layer=7 children=148,99,38,621 grandchildren=1480,990,380,6210
HASH_ROUTE token=99 layer=8 children=1014,697,1100,786 grandchildren=10140,6970,11000,7860
HASH_ROUTE token=99 layer=9 children=131,55,938,156 grandchildren=1310,550,9380,1560
HASH_ROUTE token=99 layer=10 children=616,626,540,587 grandchildren=6160,6260,5400,5870
HASH_ROUTE token=99 layer=11 children=916,1077,866,753 grandchildren=9160,10770,8660,7530
HASH_ROUTE token=99 layer=12 children=359,839,1151,512 grandchildren=3590,8390,11510,5120
HASH_ROUTE token=99 layer=13 children=324,167,489,361 grandchildren=3240,1670,4890,3610
HASH_ROUTE token=99 layer=14 children=1102,1264,1096,947 grandchildren=11020,12640,10960,9470
HASH_ROUTE token=99 layer=15 children=767,127,1080,678 grandchildren=7670,1270,10800,6780
HASH_ROUTE token=99 layer=16 children=921,600,889,124 grandchildren=9210,6000,8890,1240
HASH_ROUTE token=99 layer=17 children=893,954,801,91 grandchildren=8930,9540,8010,910
HASH_ROUTE token=99 layer=18 children=740,1226,268,721 grandchildren=7400,12260,2680,7210
HASH_ROUTE token=99 layer=19 children=322,647,1121,482 grandchildren=3220,6470,11210,4820
HASH_ROUTE token=99 layer=20 children=1264,309,1223,786 grandchildren=12640,3090,12230,7860
HASH_ROUTE token=99 layer=21 children=1180,1238,700,65 grandchildren=11800,12380,7000,650
HASH_ROUTE token=99 layer=22 children=939,295,1090,772 grandchildren=9390,2950,10900,7720
HASH_ROUTE token=99 layer=23 children=109,45,71,261 grandchildren=1090,450,710,2610
HASH_ROUTE token=100 layer=0 children=49,360,1161,680 grandchildren=490,3600,11610,6800
HASH_ROUTE token=100 layer=1 children=205,297,239,841 grandchildren=2050,2970,2390,8410
HASH_ROUTE token=100 layer=2 children=895,735,810,1217 grandchildren=8950,7350,8100,12170
HASH_ROUTE token=100 layer=3 children=1095,291,133,613 grandchildren=10950,2910,1330,6130
HASH_ROUTE token=100 layer=4 children=182,190,827,160 grandchildren=1820,1900,8270,1600
HASH_ROUTE token=100 layer=5 children=467,300,370,445 grandchildren=4670,3000,3700,4450
HASH_ROUTE token=100 layer=6 children=676,761,714,35 grandchildren=6760,7610,7140,350
HASH_ROUTE token=100 layer=7 children=821,950,804,508 grandchildren=8210,9500,8040,5080
HASH_ROUTE token=100 layer=8 children=363,420,338,320 grandchildren=3630,4200,3380,3200
HASH_ROUTE token=100 layer=9 children=231,197,268,252 grandchildren=2310,1970,2680,2520
HASH_ROUTE token=100 layer=10 children=213,166,173,54 grandchildren=2130,1660,1730,540
HASH_ROUTE token=100 layer=11 children=77,875,26,156 grandchildren=770,8750,260,1560
HASH_ROUTE token=100 layer=12 children=882,868,81,61 grandchildren=8820,8680,810,610
HASH_ROUTE token=100 layer=13 children=826,26,667,987 grandchildren=8260,260,6670,9870
HASH_ROUTE token=100 layer=14 children=565,613,531,591 grandchildren=5650,6130,5310,5910
HASH_ROUTE token=100 layer=15 children=822,347,987,891 grandchildren=8220,3470,9870,8910
HASH_ROUTE token=100 layer=16 children=325,5,429,437 grandchildren=3250,50,4290,4370
HASH_ROUTE token=100 layer=17 children=983,349,1143,184 grandchildren=9830,3490,11430,1840
HASH_ROUTE token=100 layer=18 children=184,988,317,284 grandchildren=1840,9880,3170,2840
HASH_ROUTE token=100 layer=19 children=641,685,676,778 grandchildren=6410,6850,6760,7780
HASH_ROUTE token=100 layer=20 children=598,1072,279,757 grandchildren=5980,10720,2790,7570
HASH_ROUTE token=100 layer=21 children=1024,969,1058,1084 grandchildren=10240,9690,10580,10840
HASH_ROUTE token=100 layer=22 children=969,802,1123,1094 grandchildren=9690,8020,11230,10940
HASH_ROUTE token=100 layer=23 children=39,128,670,148 grandchildren=390,1280,6700,1480
HASH_ROUTE token=101 layer=0 children=641,326,4,967 grandchildren=6410,3260,40,9670
HASH_ROUTE token=101 layer=1 children=294,456,240,210 grandchildren=2940,4560,2400,2100
HASH_ROUTE token=101 layer=2 children=338,410,455,819 grandchildren=3380,4100,4550,8190
HASH_ROUTE token=101 layer=3 children=1228,108,582,428 grandchildren=12280,1080,5820,4280
HASH_ROUTE token=101 layer=4 children=204,318,196,287 grandchildren=2040,3180,1960,2870
HASH_ROUTE token=101 layer=5 children=1212,1177,1137,1265 grandchildren=12120,11770,11370,12650
HASH_ROUTE token=101 layer=6 children=246,728,1209,200 grandchildren=2460,7280,12090,2000
HASH_ROUTE token=101 layer=7 children=690,534,211,52 grandchildren=6900,5340,2110,520
HASH_ROUTE token=101 layer=8 children=954,314,794,1117 grandchildren=9540,3140,7940,11170
HASH_ROUTE token=101 layer=9 children=312,955,250,1273 grandchildren=3120,9550,2500,12730
HASH_ROUTE token=101 layer=10 children=547,506,563,387 grandchildren=5470,5060,5630,3870
HASH_ROUTE token=101 layer=11 children=40,73,59,64 grandchildren=400,730,590,640
HASH_ROUTE token=101 layer=12 children=329,807,370,857 grandchildren=3290,8070,3700,8570
HASH_ROUTE token=101 layer=13 children=91,145,81,39 grandchildren=910,1450,810,390
HASH_ROUTE token=101 layer=14 children=617,567,517,293 grandchildren=6170,5670,5170,2930
HASH_ROUTE token=101 layer=15 children=363,349,471,1166 grandchildren=3630,3490,4710,11660
HASH_ROUTE token=101 layer=16 children=191,163,222,1152 grandchildren=1910,1630,2220,11520
HASH_ROUTE token=101 layer=17 children=423,385,263,220 grandchildren=4230,3850,2630,2200
HASH_ROUTE token=101 layer=18 children=1067,266,428,909 grandchildren=10670,2660,4280,9090
HASH_ROUTE token=101 layer=19 children=100,907,262,744 grandchildren=1000,9070,2620,7440
HASH_ROUTE token=101 layer=20 children=1135,171,1227,1268 grandchildren=11350,1710,12270,12680
HASH_ROUTE token=101 layer=21 children=38,59,114,192 grandchildren=380,590,1140,1920
HASH_ROUTE token=101 layer=22 children=395,428,439,1037 grandchildren=3950,4280,4390,10370
HASH_ROUTE token=101 layer=23 children=239,872,71,242 grandchildren=2390,8720,710,2420
HASH_ROUTE token=102 layer=0 children=1007,1015,209,214 grandchildren=10070,10150,2090,2140
HASH_ROUTE token=102 layer=1 children=295,456,189,937 grandchildren=2950,4560,1890,9370
HASH_ROUTE token=102 layer=2 children=656,335,975,771 grandchildren=6560,3350,9750,7710
HASH_ROUTE token=102 layer=3 children=931,839,291,197 grandchildren=9310,8390,2910,1970
HASH_ROUTE token=102 layer=4 children=204,196,264,292 grandchildren=2040,1960,2640,2920
HASH_ROUTE token=102 layer=5 children=1173,1212,1229,1130 grandchildren=11730,12120,12290,11300
HASH_ROUTE token=102 layer=6 children=722,405,244,880 grandchildren=7220,4050,2440,8800
HASH_ROUTE token=102 layer=7 children=216,697,854,51 grandchildren=2160,6970,8540,510
HASH_ROUTE token=102 layer=8 children=917,947,751,783 grandchildren=9170,9470,7510,7830
HASH_ROUTE token=102 layer=9 children=312,248,308,262 grandchildren=3120,2480,3080,2620
HASH_ROUTE token=102 layer=10 children=1022,548,1064,1056 grandchildren=10220,5480,10640,10560
HASH_ROUTE token=102 layer=11 children=59,34,145,690 grandchildren=590,340,1450,6900
HASH_ROUTE token=102 layer=12 children=586,1222,261,420 grandchildren=5860,12220,2610,4200
HASH_ROUTE token=102 layer=13 children=124,91,47,149 grandchildren=1240,910,470,1490
HASH_ROUTE token=102 layer=14 children=760,922,743,799 grandchildren=7600,9220,7430,7990
HASH_ROUTE token=102 layer=15 children=340,339,472,363 grandchildren=3400,3390,4720,3630
HASH_ROUTE token=102 layer=16 children=410,98,1213,437 grandchildren=4100,980,12130,4370
HASH_ROUTE token=102 layer=17 children=426,384,264,343 grandchildren=4260,3840,2640,3430
HASH_ROUTE token=102 layer=18 children=942,867,1107,1024 grandchildren=9420,8670,11070,10240
HASH_ROUTE token=102 layer=19 children=192,179,239,355 grandchildren=1920,1790,2390,3550
HASH_ROUTE token=102 layer=20 children=1238,1148,437,1172 grandchildren=12380,11480,4370,11720
HASH_ROUTE token=102 layer=21 children=13,336,126,170 grandchildren=130,3360,1260,1700
HASH_ROUTE token=102 layer=22 children=265,174,213,314 grandchildren=2650,1740,2130,3140
HASH_ROUTE token=102 layer=23 children=235,197,263,308 grandchildren=2350,1970,2630,3080
HASH_ROUTE token=103 layer=0 children=108,40,7,744 grandchildren=1080,400,70,7440
HASH_ROUTE token=103 layer=1 children=786,301,777,748 grandchildren=7860,3010,7770,7480
HASH_ROUTE token=103 layer=2 children=1182,1239,65,1217 grandchildren=11820,12390,650,12170
HASH_ROUTE token=103 layer=3 children=848,205,687,853 grandchildren=8480,2050,6870,8530
HASH_ROUTE token=103 layer=4 children=292,457,218,237 grandchildren=2920,4570,2180,2370
HASH_ROUTE token=103 layer=5 children=856,373,861,1018 grandchildren=8560,3730,8610,10180
HASH_ROUTE token=103 layer=6 children=255,194,412,355 grandchildren=2550,1940,4120,3550
HASH_ROUTE token=103 layer=7 children=327,449,337,415 grandchildren=3270,4490,3370,4150
HASH_ROUTE token=103 layer=8 children=613,624,455,560 grandchildren=6130,6240,4550,5600
HASH_ROUTE token=103 layer=9 children=185,828,215,301 grandchildren=1850,8280,2150,3010
HASH_ROUTE token=103 layer=10 children=330,386,423,473 grandchildren=3300,3860,4230,4730
HASH_ROUTE token=103 layer=11 children=52,139,61,157 grandchildren=520,1390,610,1570
HASH_ROUTE token=103 layer=12 children=529,201,1162,635 grandchildren=5290,2010,11620,6350
HASH_ROUTE token=103 layer=13 children=895,830,887,1058 grandchildren=8950,8300,8870,10580
HASH_ROUTE token=103 layer=14 children=877,932,231,929 grandchildren=8770,9320,2310,9290
HASH_ROUTE token=103 layer=15 children=831,671,351,920 grandchildren=8310,6710,3510,9200
HASH_ROUTE token=103 layer=16 children=171,292,315,262 grandchildren=1710,2920,3150,2620
HASH_ROUTE token=103 layer=17 children=188,661,264,501 grandchildren=1880,6610,2640,5010
HASH_ROUTE token=103 layer=18 children=836,915,1155,857 grandchildren=8360,9150,11550,8570
HASH_ROUTE token=103 layer=19 children=393,358,75,39 grandchildren=3930,3580,750,390
HASH_ROUTE token=103 layer=20 children=215,242,311,225 grandchildren=2150,2420,3110,2250
HASH_ROUTE token=103 layer=21 children=52,93,16,43 grandchildren=520,930,160,430
HASH_ROUTE token=103 layer=22 children=938,863,455,389 grandchildren=9380,8630,4550,3890
HASH_ROUTE token=103 layer=23 children=306,145,621,193 grandchildren=3060,1450,6210,1930
HASH_ROUTE token=104 layer=0 children=150,50,41,477 grandchildren=1500,500,410,4770
HASH_ROUTE token=104 layer=1 children=297,456,193,779 grandchildren=2970,4560,1930,7790
HASH_ROUTE token=104 layer=2 children=737,755,696,749 grandchildren=7370,7550,6960,7490
HASH_ROUTE token=104 layer=3 children=931,298,779,1098 grandchildren=9310,2980,7790,10980
HASH_ROUTE token=104 layer=4 children=297,773,612,458 grandchildren=2970,7730,6120,4580
HASH_ROUTE token=104 layer=5 children=924,802,856,446 grandchildren=9240,8020,8560,4460
HASH_ROUTE token=104 layer=6 children=211,289,57,124 grandchildren=2110,2890,570,1240
HASH_ROUTE token=104 layer=7 children=356,679,473,330 grandchildren=3560,6790,4730,3300
HASH_ROUTE token=104 layer=8 children=950,799,887,848 grandchildren=9500,7990,8870,8480
HASH_ROUTE token=104 layer=9 children=298,1254,217,1178 grandchildren=2980,12540,2170,11780
HASH_ROUTE token=104 layer=10 children=1004,368,1065,1044 grandchildren=10040,3680,10650,10440
HASH_ROUTE token=104 layer=11 children=894,838,823,900 grandchildren=8940,8380,8230,9000
HASH_ROUTE token=104 layer=12 children=1201,403,248,723 grandchildren=12010,4030,2480,7230
HASH_ROUTE token=104 layer=13 children=781,674,629,517 grandchildren=7810,6740,6290,5170
HASH_ROUTE token=104 layer=14 children=231,267,242,212 grandchildren=2310,2670,2420,2120
HASH_ROUTE token=104 layer=15 children=831,995,352,671 grandchildren=8310,9950,3520,6710
HASH_ROUTE token=104 layer=16 children=206,171,276,248 grandchildren=2060,1710,2760,2480
HASH_ROUTE token=104 layer=17 children=509,558,1143,188 grandchildren=5090,5580,11430,1880
HASH_ROUTE token=104 layer=18 children=839,352,820,344 grandchildren=8390,3520,8200,3440
HASH_ROUTE token=104 layer=19 children=358,37,383,338 grandchildren=3580,370,3830,3380
HASH_ROUTE token=104 layer=20 children=157,633,318,1113 grandchildren=1570,6330,3180,11130
HASH_ROUTE token=104 layer=21 children=43,361,19,339 grandchildren=430,3610,190,3390
HASH_ROUTE token=104 layer=22 children=709,544,784,793 grandchildren=7090,5440,7840,7930
HASH_ROUTE token=104 layer=23 children=213,289,537,268 grandchildren=2130,2890,5370,2680
HASH_ROUTE token=105 layer=0 children=1082,446,1051,411 grandchildren=10820,4460,10510,4110
HASH_ROUTE token=105 layer=1 children=346,379,410,470 grandchildren=3460,3790,4100,4700
HASH_ROUTE token=105 layer=2 children=1007,1108,523,624 grandchildren=10070,11080,5230,6240
HASH_ROUTE token=105 layer=3 children=1272,1269,1218,1223 grandchildren=12720,12690,12180,12230
HASH_ROUTE token=105 layer=4 children=895,889,920,571 grandchildren=8950,8890,9200,5710
HASH_ROUTE token=105 layer=5 children=117,101,93,1238 grandchildren=1170,1010,930,12380
HASH_ROUTE token=105 layer=6 children=994,513,1091,356 grandchildren=9940,5130,10910,3560
HASH_ROUTE token=105 layer=7 children=510,353,1158,836 grandchildren=5100,3530,11580,8360
HASH_ROUTE token=105 layer=8 children=620,1101,1265,781 grandchildren=6200,11010,12650,7810
HASH_ROUTE token=105 layer=9 children=167,642,301,235 grandchildren=1670,6420,3010,2350
HASH_ROUTE token=105 layer=10 children=652,742,757,787 grandchildren=6520,7420,7570,7870
HASH_ROUTE token=105 layer=11 children=150,790,479,956 grandchildren=1500,7900,4790,9560
HASH_ROUTE token=105 layer=12 children=225,233,205,257 grandchildren=2250,2330,2050,2570
HASH_ROUTE token=105 layer=13 children=1019,1171,536,1112 grandchildren=10190,11710,5360,11120
HASH_ROUTE token=105 layer=14 children=235,873,298,248 grandchildren=2350,8730,2980,2480
HASH_ROUTE token=105 layer=15 children=379,1016,444,1081 grandchildren=3790,10160,4440,10810
HASH_ROUTE token=105 layer=16 children=1157,1219,350,1172 grandchildren=11570,12190,3500,11720
HASH_ROUTE token=105 layer=17 children=344,446,1143,396 grandchildren=3440,4460,11430,3960
HASH_ROUTE token=105 layer=18 children=1078,1046,911,889 grandchildren=10780,10460,9110,8890
HASH_ROUTE token=105 layer=19 children=338,654,351,679 grandchildren=3380,6540,3510,6790
HASH_ROUTE token=105 layer=20 children=1119,1016,1049,951 grandchildren=11190,10160,10490,9510
HASH_ROUTE token=105 layer=21 children=365,416,46,339 grandchildren=3650,4160,460,3390
HASH_ROUTE token=105 layer=22 children=544,590,220,580 grandchildren=5440,5900,2200,5800
HASH_ROUTE token=105 layer=23 children=214,536,199,306 grandchildren=2140,5360,1990,3060
HASH_ROUTE token=106 layer=0 children=479,955,356,839 grandchildren=4790,9550,3560,8390
HASH_ROUTE token=106 layer=1 children=424,345,456,261 grandchildren=4240,3450,4560,2610
HASH_ROUTE token=106 layer=2 children=1068,423,101,744 grandchildren=10680,4230,1010,7440
HASH_ROUTE token=106 layer=3 children=672,664,778,737 grandchildren=6720,6640,7780,7370
HASH_ROUTE token=106 layer=4 children=457,447,137,123 grandchildren=4570,4470,1370,1230
HASH_ROUTE token=106 layer=5 children=56,129,64,850 grandchildren=560,1290,640,8500
HASH_ROUTE token=106 layer=6 children=1089,285,1052,1101 grandchildren=10890,2850,10520,11010
HASH_ROUTE token=106 layer=7 children=1156,513,1144,194 grandchildren=11560,5130,11440,1940
HASH_ROUTE token=106 layer=8 children=56,535,852,112 grandchildren=560,5350,8520,1120
HASH_ROUTE token=106 layer=9 children=388,1021,402,220 grandchildren=3880,10210,4020,2200
HASH_ROUTE token=106 layer=10 children=1185,1178,1210,1244 grandchildren=11850,11780,12100,12440
HASH_ROUTE token=106 layer=11 children=787,1107,695,744 grandchildren=7870,11070,6950,7440
HASH_ROUTE token=106 layer=12 children=545,553,564,635 grandchildren=5450,5530,5640,6350
HASH_ROUTE token=106 layer=13 children=950,798,631,800 grandchildren=9500,7980,6310,8000
HASH_ROUTE token=106 layer=14 children=80,12,1202,1131 grandchildren=800,120,12020,11310
HASH_ROUTE token=106 layer=15 children=990,1081,1016,974 grandchildren=9900,10810,10160,9740
HASH_ROUTE token=106 layer=16 children=357,343,1151,1146 grandchildren=3570,3430,11510,11460
HASH_ROUTE token=106 layer=17 children=343,501,188,1143 grandchildren=3430,5010,1880,11430
HASH_ROUTE token=106 layer=18 children=452,402,935,351 grandchildren=4520,4020,9350,3510
HASH_ROUTE token=106 layer=19 children=676,719,653,36 grandchildren=6760,7190,6530,360
HASH_ROUTE token=106 layer=20 children=978,1016,813,851 grandchildren=9780,10160,8130,8510
HASH_ROUTE token=106 layer=21 children=441,332,414,320 grandchildren=4410,3320,4140,3200
HASH_ROUTE token=106 layer=22 children=542,607,1184,220 grandchildren=5420,6070,11840,2200
HASH_ROUTE token=106 layer=23 children=698,214,1174,650 grandchildren=6980,2140,11740,6500
HASH_ROUTE token=107 layer=0 children=1080,1016,768,449 grandchildren=10800,10160,7680,4490
HASH_ROUTE token=107 layer=1 children=349,405,453,361 grandchildren=3490,4050,4530,3610
HASH_ROUTE token=107 layer=2 children=1094,1057,1067,774 grandchildren=10940,10570,10670,7740
HASH_ROUTE token=107 layer=3 children=294,182,614,1258 grandchildren=2940,1820,6140,12580
HASH_ROUTE token=107 layer=4 children=895,578,97,734 grandchildren=8950,5780,970,7340
HASH_ROUTE token=107 layer=5 children=101,1229,87,1206 grandchildren=1010,12290,870,12060
HASH_ROUTE token=107 layer=6 children=776,132,293,1251 grandchildren=7760,1320,2930,12510
HASH_ROUTE token=107 layer=7 children=1215,891,1055,1123 grandchildren=12150,8910,10550,11230
HASH_ROUTE token=107 layer=8 children=1171,1230,539,592 grandchildren=11710,12300,5390,5920
HASH_ROUTE token=107 layer=9 children=188,160,821,253 grandchildren=1880,1600,8210,2530
HASH_ROUTE token=107 layer=10 children=1244,1120,1257,1138 grandchildren=12440,11200,12570,11380
HASH_ROUTE token=107 layer=11 children=865,705,1024,1188 grandchildren=8650,7050,10240,11880
HASH_ROUTE token=107 layer=12 children=587,545,513,555 grandchildren=5870,5450,5130,5550
HASH_ROUTE token=107 layer=13 children=1127,1218,1247,1136 grandchildren=11270,12180,12470,11360
HASH_ROUTE token=107 layer=14 children=261,582,206,527 grandchildren=2610,5820,2060,5270
HASH_ROUTE token=107 layer=15 children=233,182,310,871 grandchildren=2330,1820,3100,8710
HASH_ROUTE token=107 layer=16 children=191,254,350,410 grandchildren=1910,2540,3500,4100
HASH_ROUTE token=107 layer=17 children=1153,1140,1229,990 grandchildren=11530,11400,12290,9900
HASH_ROUTE token=107 layer=18 children=402,344,381,452 grandchildren=4020,3440,3810,4520
HASH_ROUTE token=107 layer=19 children=355,1151,338,1132 grandchildren=3550,11510,3380,11320
HASH_ROUTE token=107 layer=20 children=1044,975,1119,1017 grandchildren=10440,9750,11190,10170
HASH_ROUTE token=107 layer=21 children=335,363,19,441 grandchildren=3350,3630,190,4410
HASH_ROUTE token=107 layer=22 children=547,622,220,533 grandchildren=5470,6220,2200,5330
HASH_ROUTE token=107 layer=23 children=213,537,1174,190 grandchildren=2130,5370,11740,1900
HASH_ROUTE token=108 layer=0 children=1080,768,1016,449 grandchildren=10800,7680,10160,4490
HASH_ROUTE token=108 layer=1 children=180,349,241,405 grandchildren=1800,3490,2410,4050
HASH_ROUTE token=108 layer=2 children=1057,1090,1001,1108 grandchildren=10570,10900,10010,11080
HASH_ROUTE token=108 layer=3 children=1258,294,1145,1227 grandchildren=12580,2940,11450,12270
HASH_ROUTE token=108 layer=4 children=895,97,578,256 grandchildren=8950,970,5780,2560
HASH_ROUTE token=108 layer=5 children=67,1185,101,1223 grandchildren=670,11850,1010,12230
HASH_ROUTE token=108 layer=6 children=776,1251,617,132 grandchildren=7760,12510,6170,1320
HASH_ROUTE token=108 layer=7 children=58,62,98,136 grandchildren=580,620,980,1360
HASH_ROUTE token=108 layer=8 children=919,1232,856,279 grandchildren=9190,12320,8560,2790
HASH_ROUTE token=108 layer=9 children=645,804,167,668 grandchildren=6450,8040,1670,6680
HASH_ROUTE token=108 layer=10 children=763,650,447,331 grandchildren=7630,6500,4470,3310
HASH_ROUTE token=108 layer=11 children=147,10,60,34 grandchildren=1470,100,600,340
HASH_ROUTE token=108 layer=12 children=611,531,529,559 grandchildren=6110,5310,5290,5590
HASH_ROUTE token=108 layer=13 children=996,1075,673,753 grandchildren=9960,10750,6730,7530
HASH_ROUTE token=108 layer=14 children=1006,1111,1046,368 grandchildren=10060,11110,10460,3680
HASH_ROUTE token=108 layer=15 children=448,1081,920,767 grandchildren=4480,10810,9200,7670
HASH_ROUTE token=108 layer=16 children=410,358,361,334 grandchildren=4100,3580,3610,3340
HASH_ROUTE token=108 layer=17 children=343,1142,353,1157 grandchildren=3430,11420,3530,11570
HASH_ROUTE token=108 layer=18 children=858,910,839,370 grandchildren=8580,9100,8390,3700
HASH_ROUTE token=108 layer=19 children=653,679,789,1132 grandchildren=6530,6790,7890,11320
HASH_ROUTE token=108 layer=20 children=1119,1014,1049,317 grandchildren=11190,10140,10490,3170
HASH_ROUTE token=108 layer=21 children=362,416,208,358 grandchildren=3620,4160,2080,3580
HASH_ROUTE token=108 layer=22 children=227,307,271,544 grandchildren=2270,3070,2710,5440
HASH_ROUTE token=108 layer=23 children=536,517,57,31 grandchildren=5360,5170,570,310
HASH_ROUTE token=109 layer=0 children=153,53,72,65 grandchildren=1530,530,720,650
HASH_ROUTE token=109 layer=1 children=175,297,653,499 grandchildren=1750,2970,6530,4990
HASH_ROUTE token=109 layer=2 children=901,581,424,747 grandchildren=9010,5810,4240,7470
HASH_ROUTE token=109 layer=3 children=106,18,68,902 grandchildren=1060,180,680,9020
HASH_ROUTE token=109 layer=4 children=186,299,311,194 grandchildren=1860,2990,3110,1940
HASH_ROUTE token=109 layer=5 children=1210,1179,1272,1130 grandchildren=12100,11790,12720,11300
HASH_ROUTE token=109 layer=6 children=129,442,760,289 grandchildren=1290,4420,7600,2890
HASH_ROUTE token=109 layer=7 children=934,137,617,459 grandchildren=9340,1370,6170,4590
HASH_ROUTE token=109 layer=8 children=1112,953,314,1274 grandchildren=11120,9530,3140,12740
HASH_ROUTE token=109 layer=9 children=955,316,897,915 grandchildren=9550,3160,8970,9150
HASH_ROUTE token=109 layer=10 children=347,1145,180,446 grandchildren=3470,11450,1800,4460
HASH_ROUTE token=109 layer=11 children=24,1142,32,1154 grandchildren=240,11420,320,11540
HASH_ROUTE token=109 layer=12 children=378,327,219,478 grandchildren=3780,3270,2190,4780
HASH_ROUTE token=109 layer=13 children=786,145,943,463 grandchildren=7860,1450,9430,4630
HASH_ROUTE token=109 layer=14 children=777,696,616,537 grandchildren=7770,6960,6160,5370
HASH_ROUTE token=109 layer=15 children=995,1024,831,1040 grandchildren=9950,10240,8310,10400
HASH_ROUTE token=109 layer=16 children=365,437,346,459 grandchildren=3650,4370,3460,4590
HASH_ROUTE token=109 layer=17 children=981,188,1144,349 grandchildren=9810,1880,11440,3490
HASH_ROUTE token=109 layer=18 children=388,454,320,364 grandchildren=3880,4540,3200,3640
HASH_ROUTE token=109 layer=19 children=609,446,120,926 grandchildren=6090,4460,1200,9260
HASH_ROUTE token=109 layer=20 children=766,667,734,674 grandchildren=7660,6670,7340,6740
HASH_ROUTE token=109 layer=21 children=1030,993,1002,236 grandchildren=10300,9930,10020,2360
HASH_ROUTE token=109 layer=22 children=178,656,331,265 grandchildren=1780,6560,3310,2650
HASH_ROUTE token=109 layer=23 children=871,909,945,816 grandchildren=8710,9090,9450,8160
HASH_ROUTE token=110 layer=0 children=755,649,779,713 grandchildren=7550,6490,7790,7130
HASH_ROUTE token=110 layer=1 children=527,689,504,663 grandchildren=5270,6890,5040,6630
HASH_ROUTE token=110 layer=2 children=352,830,36,991 grandchildren=3520,8300,360,9910
HASH_ROUTE token=110 layer=3 children=623,613,535,554 grandchildren=6230,6130,5350,5540
HASH_ROUTE token=110 layer=4 children=465,434,1260,452 grandchildren=4650,4340,12600,4520
HASH_ROUTE token=110 layer=5 children=320,809,963,168 grandchildren=3200,8090,9630,1680
HASH_ROUTE token=110 layer=6 children=461,785,620,946 grandchildren=4610,7850,6200,9460
HASH_ROUTE token=110 layer=7 children=148,99,38,621 grandchildren=1480,990,380,6210
HASH_ROUTE token=110 layer=8 children=1014,697,1100,786 grandchildren=10140,6970,11000,7860
HASH_ROUTE token=110 layer=9 children=131,55,938,156 grandchildren=1310,550,9380,1560
HASH_ROUTE token=110 layer=10 children=616,626,540,587 grandchildren=6160,6260,5400,5870
HASH_ROUTE token=110 layer=11 children=916,1077,866,753 grandchildren=9160,10770,8660,7530
HASH_ROUTE token=110 layer=12 children=359,839,1151,512 grandchildren=3590,8390,11510,5120
HASH_ROUTE token=110 layer=13 children=324,167,489,361 grandchildren=3240,1670,4890,3610
HASH_ROUTE token=110 layer=14 children=1102,1264,1096,947 grandchildren=11020,12640,10960,9470
HASH_ROUTE token=110 layer=15 children=767,127,1080,678 grandchildren=7670,1270,10800,6780
HASH_ROUTE token=110 layer=16 children=921,600,889,124 grandchildren=9210,6000,8890,1240
HASH_ROUTE token=110 layer=17 children=893,954,801,91 grandchildren=8930,9540,8010,910
HASH_ROUTE token=110 layer=18 children=740,1226,268,721 grandchildren=7400,12260,2680,7210
HASH_ROUTE token=110 layer=19 children=322,647,1121,482 grandchildren=3220,6470,11210,4820
HASH_ROUTE token=110 layer=20 children=1264,309,1223,786 grandchildren=12640,3090,12230,7860
HASH_ROUTE token=110 layer=21 children=1180,1238,700,65 grandchildren=11800,12380,7000,650
HASH_ROUTE token=110 layer=22 children=939,295,1090,772 grandchildren=9390,2950,10900,7720
HASH_ROUTE token=110 layer=23 children=109,45,71,261 grandchildren=1090,450,710,2610
HASH_ROUTE token=111 layer=0 children=326,367,434,441 grandchildren=3260,3670,4340,4410
HASH_ROUTE token=111 layer=1 children=172,207,810,843 grandchildren=1720,2070,8100,8430
HASH_ROUTE token=111 layer=2 children=899,576,815,417 grandchildren=8990,5760,8150,4170
HASH_ROUTE token=111 layer=3 children=931,1090,130,294 grandchildren=9310,10900,1300,2940
HASH_ROUTE token=111 layer=4 children=635,317,959,475 grandchildren=6350,3170,9590,4750
HASH_ROUTE token=111 layer=5 children=1212,1130,1174,252 grandchildren=12120,11300,11740,2520
HASH_ROUTE token=111 layer=6 children=289,761,310,197 grandchildren=2890,7610,3100,1970
HASH_ROUTE token=111 layer=7 children=611,521,514,536 grandchildren=6110,5210,5140,5360
HASH_ROUTE token=111 layer=8 children=788,1105,627,944 grandchildren=7880,11050,6270,9440
HASH_ROUTE token=111 layer=9 children=838,513,191,892 grandchildren=8380,5130,1910,8920
HASH_ROUTE token=111 layer=10 children=240,275,187,727 grandchildren=2400,2750,1870,7270
HASH_ROUTE token=111 layer=11 children=10,490,6,173 grandchildren=100,4900,60,1730
HASH_ROUTE token=111 layer=12 children=684,1003,748,772 grandchildren=6840,10030,7480,7720
HASH_ROUTE token=111 layer=13 children=946,147,1260,1105 grandchildren=9460,1470,12600,11050
HASH_ROUTE token=111 layer=14 children=613,936,777,294 grandchildren=6130,9360,7770,2940
HASH_ROUTE token=111 layer=15 children=343,472,827,410 grandchildren=3430,4720,8270,4100
HASH_ROUTE token=111 layer=16 children=429,325,413,434 grandchildren=4290,3250,4130,4340
HASH_ROUTE token=111 layer=17 children=983,1060,662,1056 grandchildren=9830,10600,6620,10560
HASH_ROUTE token=111 layer=18 children=161,186,248,283 grandchildren=1610,1860,2480,2830
HASH_ROUTE token=111 layer=19 children=652,712,778,15 grandchildren=6520,7120,7780,150
HASH_ROUTE token=111 layer=20 children=318,634,178,278 grandchildren=3180,6340,1780,2780
HASH_ROUTE token=111 layer=21 children=10,40,93,335 grandchildren=100,400,930,3350
HASH_ROUTE token=111 layer=22 children=1247,1123,1084,969 grandchildren=12470,11230,10840,9690
HASH_ROUTE token=111 layer=23 children=34,124,44,86 grandchildren=340,1240,440,860
HASH_ROUTE token=112 layer=0 children=960,321,1089,1128 grandchildren=9600,3210,10890,11280
HASH_ROUTE token=112 layer=1 children=295,189,244,160 grandchildren=2950,1890,2440,1600
HASH_ROUTE token=112 layer=2 children=330,973,18,499 grandchildren=3300,9730,180,4990
HASH_ROUTE token=112 layer=3 children=107,1221,267,421 grandchildren=1070,12210,2670,4210
HASH_ROUTE token=112 layer=4 children=200,364,287,449 grandchildren=2000,3640,2870,4490
HASH_ROUTE token=112 layer=5 children=1213,1173,1134,252 grandchildren=12130,11730,11340,2520
HASH_ROUTE token=112 layer=6 children=246,725,1209,88 grandchildren=2460,7250,12090,880
HASH_ROUTE token=112 layer=7 children=697,52,219,534 grandchildren=6970,520,2190,5340
HASH_ROUTE token=112 layer=8 children=311,950,792,1117 grandchildren=3110,9500,7920,11170
HASH_ROUTE token=112 layer=9 children=312,257,957,795 grandchildren=3120,2570,9570,7950
HASH_ROUTE token=112 layer=10 children=545,591,707,1181 grandchildren=5450,5910,7070,11810
HASH_ROUTE token=112 layer=11 children=43,77,61,24 grandchildren=430,770,610,240
HASH_ROUTE token=112 layer=12 children=378,696,850,217 grandchildren=3780,6960,8500,2170
HASH_ROUTE token=112 layer=13 children=86,147,91,50 grandchildren=860,1470,910,500
HASH_ROUTE token=112 layer=14 children=293,196,248,282 grandchildren=2930,1960,2480,2820
HASH_ROUTE token=112 layer=15 children=1003,363,997,351 grandchildren=10030,3630,9970,3510
HASH_ROUTE token=112 layer=16 children=452,418,434,1253 grandchildren=4520,4180,4340,12530
HASH_ROUTE token=112 layer=17 children=180,215,238,1144 grandchildren=1800,2150,2380,11440
HASH_ROUTE token=112 layer=18 children=100,909,429,261 grandchildren=1000,9090,4290,2610
HASH_ROUTE token=112 layer=19 children=676,744,705,1152 grandchildren=6760,7440,7050,11520
HASH_ROUTE token=112 layer=20 children=213,319,244,198 grandchildren=2130,3190,2440,1980
HASH_ROUTE token=112 layer=21 children=33,46,70,831 grandchildren=330,460,700,8310
HASH_ROUTE token=112 layer=22 children=269,428,742,179 grandchildren=2690,4280,7420,1790
HASH_ROUTE token=112 layer=23 children=1037,235,1017,1064 grandchildren=10370,2350,10170,10640
HASH_ROUTE token=113 layer=0 children=846,920,361,41 grandchildren=8460,9200,3610,410
HASH_ROUTE token=113 layer=1 children=901,889,844,875 grandchildren=9010,8890,8440,8750
HASH_ROUTE token=113 layer=2 children=785,700,684,142 grandchildren=7850,7000,6840,1420
HASH_ROUTE token=113 layer=3 children=1142,1229,1152,27 grandchildren=11420,12290,11520,270
HASH_ROUTE token=113 layer=4 children=407,246,882,365 grandchildren=4070,2460,8820,3650
HASH_ROUTE token=113 layer=5 children=959,860,928,853 grandchildren=9590,8600,9280,8530
HASH_ROUTE token=113 layer=6 children=723,644,735,680 grandchildren=7230,6440,7350,6800
HASH_ROUTE token=113 layer=7 children=855,57,884,89 grandchildren=8550,570,8840,890
HASH_ROUTE token=113 layer=8 children=914,948,823,844 grandchildren=9140,9480,8230,8440
HASH_ROUTE token=113 layer=9 children=310,188,227,271 grandchildren=3100,1880,2270,2710
HASH_ROUTE token=113 layer=10 children=1101,1045,1056,1002 grandchildren=11010,10450,10560,10020
HASH_ROUTE token=113 layer=11 children=56,150,130,88 grandchildren=560,1500,1300,880
HASH_ROUTE token=113 layer=12 children=486,1127,169,804 grandchildren=4860,11270,1690,8040
HASH_ROUTE token=113 layer=13 children=97,738,49,681 grandchildren=970,7380,490,6810
HASH_ROUTE token=113 layer=14 children=937,850,891,879 grandchildren=9370,8500,8910,8790
HASH_ROUTE token=113 layer=15 children=324,346,339,965 grandchildren=3240,3460,3390,9650
HASH_ROUTE token=113 layer=16 children=702,387,738,413 grandchildren=7020,3870,7380,4130
HASH_ROUTE token=113 layer=17 children=188,983,1144,348 grandchildren=1880,9830,11440,3480
HASH_ROUTE token=113 layer=18 children=335,436,970,1077 grandchildren=3350,4360,9700,10770
HASH_ROUTE token=113 layer=19 children=423,355,261,391 grandchildren=4230,3550,2610,3910
HASH_ROUTE token=113 layer=20 children=270,219,438,185 grandchildren=2700,2190,4380,1850
HASH_ROUTE token=113 layer=21 children=254,1051,1216,179 grandchildren=2540,10510,12160,1790
HASH_ROUTE token=113 layer=22 children=269,902,1224,281 grandchildren=2690,9020,12240,2810
HASH_ROUTE token=113 layer=23 children=1152,190,830,1174 grandchildren=11520,1900,8300,11740
HASH_ROUTE token=114 layer=0 children=441,120,329,360 grandchildren=4410,1200,3290,3600
HASH_ROUTE token=114 layer=1 children=405,354,342,433 grandchildren=4050,3540,3420,4330
HASH_ROUTE token=114 layer=2 children=737,575,419,1217 grandchildren=7370,5750,4190,12170
HASH_ROUTE token=114 layer=3 children=140,304,783,1104 grandchildren=1400,3040,7830,11040
HASH_ROUTE token=114 layer=4 children=454,461,439,1257 grandchildren=4540,4610,4390,12570
HASH_ROUTE token=114 layer=5 children=1239,1240,1184,914 grandchildren=12390,12400,11840,9140
HASH_ROUTE token=114 layer=6 children=200,244,253,225 grandchildren=2000,2440,2530,2250
HASH_ROUTE token=114 layer=7 children=368,845,201,44 grandchildren=3680,8450,2010,440
HASH_ROUTE token=114 layer=8 children=149,624,463,66 grandchildren=1490,6240,4630,660
HASH_ROUTE token=114 layer=9 children=828,184,876,233 grandchildren=8280,1840,8760,2330
HASH_ROUTE token=114 layer=10 children=418,362,898,456 grandchildren=4180,3620,8980,4560
HASH_ROUTE token=114 layer=11 children=860,935,857,706 grandchildren=8600,9350,8570,7060
HASH_ROUTE token=114 layer=12 children=1165,848,1178,1242 grandchildren=11650,8480,11780,12420
HASH_ROUTE token=114 layer=13 children=838,891,994,800 grandchildren=8380,8910,9940,8000
HASH_ROUTE token=114 layer=14 children=931,1097,298,820 grandchildren=9310,10970,2980,8200
HASH_ROUTE token=114 layer=15 children=918,1071,751,823 grandchildren=9180,10710,7510,8230
HASH_ROUTE token=114 layer=16 children=164,232,217,254 grandchildren=1640,2320,2170,2540
HASH_ROUTE token=114 layer=17 children=983,188,824,1144 grandchildren=9830,1880,8240,11440
HASH_ROUTE token=114 layer=18 children=836,510,195,994 grandchildren=8360,5100,1950,9940
HASH_ROUTE token=114 layer=19 children=355,440,338,199 grandchildren=3550,4400,3380,1990
HASH_ROUTE token=114 layer=20 children=244,213,197,294 grandchildren=2440,2130,1970,2940
HASH_ROUTE token=114 layer=21 children=416,362,254,897 grandchildren=4160,3620,2540,8970
HASH_ROUTE token=114 layer=22 children=1179,1257,1216,1184 grandchildren=11790,12570,12160,11840
HASH_ROUTE token=114 layer=23 children=538,690,610,59 grandchildren=5380,6900,6100,590
HASH_ROUTE token=115 layer=0 children=153,65,955,41 grandchildren=1530,650,9550,410
HASH_ROUTE token=115 layer=1 children=749,721,659,765 grandchildren=7490,7210,6590,7650
HASH_ROUTE token=115 layer=2 children=1200,1224,1241,1164 grandchildren=12000,12240,12410,11640
HASH_ROUTE token=115 layer=3 children=100,428,1229,907 grandchildren=1000,4280,12290,9070
HASH_ROUTE token=115 layer=4 children=457,322,349,294 grandchildren=4570,3220,3490,2940
HASH_ROUTE token=115 layer=5 children=928,896,1241,856 grandchildren=9280,8960,12410,8560
HASH_ROUTE token=115 layer=6 children=727,765,683,244 grandchildren=7270,7650,6830,2440
HASH_ROUTE token=115 layer=7 children=404,729,84,362 grandchildren=4040,7290,840,3620
HASH_ROUTE token=115 layer=8 children=946,822,932,850 grandchildren=9460,8220,9320,8500
HASH_ROUTE token=115 layer=9 children=877,959,897,921 grandchildren=8770,9590,8970,9210
HASH_ROUTE token=115 layer=10 children=1086,1244,446,975 grandchildren=10860,12440,4460,9750
HASH_ROUTE token=115 layer=11 children=931,136,1256,1096 grandchildren=9310,1360,12560,10960
HASH_ROUTE token=115 layer=12 children=315,1274,474,635 grandchildren=3150,12740,4740,6350
HASH_ROUTE token=115 layer=13 children=634,1118,517,530 grandchildren=6340,11180,5170,5300
HASH_ROUTE token=115 layer=14 children=246,264,884,199 grandchildren=2460,2640,8840,1990
HASH_ROUTE token=115 layer=15 children=443,1083,283,920 grandchildren=4430,10830,2830,9200
HASH_ROUTE token=115 layer=16 children=178,276,334,247 grandchildren=1780,2760,3340,2470
HASH_ROUTE token=115 layer=17 children=983,180,998,195 grandchildren=9830,1800,9980,1950
HASH_ROUTE token=115 layer=18 children=910,830,954,116 grandchildren=9100,8300,9540,1160
HASH_ROUTE token=115 layer=19 children=353,338,422,321 grandchildren=3530,3380,4220,3210
HASH_ROUTE token=115 layer=20 children=214,374,1011,273 grandchildren=2140,3740,10110,2730
HASH_ROUTE token=115 layer=21 children=11,33,43,492 grandchildren=110,330,430,4920
HASH_ROUTE token=115 layer=22 children=730,719,684,656 grandchildren=7300,7190,6840,6560
HASH_ROUTE token=115 layer=23 children=46,208,522,127 grandchildren=460,2080,5220,1270
HASH_ROUTE token=116 layer=0 children=153,66,479,122 grandchildren=1530,660,4790,1220
HASH_ROUTE token=116 layer=1 children=688,772,209,297 grandchildren=6880,7720,2090,2970
HASH_ROUTE token=116 layer=2 children=1122,169,1206,1239 grandchildren=11220,1690,12060,12390
HASH_ROUTE token=116 layer=3 children=746,662,904,778 grandchildren=7460,6620,9040,7780
HASH_ROUTE token=116 layer=4 children=344,457,182,988 grandchildren=3440,4570,1820,9880
HASH_ROUTE token=116 layer=5 children=768,928,283,1080 grandchildren=7680,9280,2830,10800
HASH_ROUTE token=116 layer=6 children=725,400,566,735 grandchildren=7250,4000,5660,7350
HASH_ROUTE token=116 layer=7 children=1011,1173,539,374 grandchildren=10110,11730,5390,3740
HASH_ROUTE token=116 layer=8 children=474,457,953,388 grandchildren=4740,4570,9530,3880
HASH_ROUTE token=116 layer=9 children=890,256,413,955 grandchildren=8900,2560,4130,9550
HASH_ROUTE token=116 layer=10 children=655,640,686,762 grandchildren=6550,6400,6860,7620
HASH_ROUTE token=116 layer=11 children=1097,777,1013,1004 grandchildren=10970,7770,10130,10040
HASH_ROUTE token=116 layer=12 children=198,1150,315,1278 grandchildren=1980,11500,3150,12780
HASH_ROUTE token=116 layer=13 children=695,673,739,652 grandchildren=6950,6730,7390,6520
HASH_ROUTE token=116 layer=14 children=243,275,299,226 grandchildren=2430,2750,2990,2260
HASH_ROUTE token=116 layer=15 children=919,439,956,882 grandchildren=9190,4390,9560,8820
HASH_ROUTE token=116 layer=16 children=386,359,429,405 grandchildren=3860,3590,4290,4050
HASH_ROUTE token=116 layer=17 children=983,967,500,1143 grandchildren=9830,9670,5000,11430
HASH_ROUTE token=116 layer=18 children=956,929,832,820 grandchildren=9560,9290,8320,8200
HASH_ROUTE token=116 layer=19 children=353,338,422,517 grandchildren=3530,3380,4220,5170
HASH_ROUTE token=116 layer=20 children=1075,595,272,1018 grandchildren=10750,5950,2720,10180
HASH_ROUTE token=116 layer=21 children=410,423,94,104 grandchildren=4100,4230,940,1040
HASH_ROUTE token=116 layer=22 children=719,793,646,764 grandchildren=7190,7930,6460,7640
HASH_ROUTE token=116 layer=23 children=128,46,54,111 grandchildren=1280,460,540,1110
HASH_ROUTE token=117 layer=0 children=399,445,438,382 grandchildren=3990,4450,4380,3820
HASH_ROUTE token=117 layer=1 children=456,936,339,394 grandchildren=4560,9360,3390,3940
HASH_ROUTE token=117 layer=2 children=1003,525,841,1079 grandchildren=10030,5250,8410,10790
HASH_ROUTE token=117 layer=3 children=745,794,725,100 grandchildren=7450,7940,7250,1000
HASH_ROUTE token=117 layer=4 children=1247,449,925,1125 grandchildren=12470,4490,9250,11250
HASH_ROUTE token=117 layer=5 children=1179,56,1137,1239 grandchildren=11790,560,11370,12390
HASH_ROUTE token=117 layer=6 children=1169,1004,1214,200 grandchildren=11690,10040,12140,2000
HASH_ROUTE token=117 layer=7 children=125,51,762,697 grandchildren=1250,510,7620,6970
HASH_ROUTE token=117 layer=8 children=51,146,116,152 grandchildren=510,1460,1160,1520
HASH_ROUTE token=117 layer=9 children=639,310,613,600 grandchildren=6390,3100,6130,6000
HASH_ROUTE token=117 layer=10 children=462,447,1262,337 grandchildren=4620,4470,12620,3370
HASH_ROUTE token=117 layer=11 children=157,65,11,790 grandchildren=1570,650,110,7900
HASH_ROUTE token=117 layer=12 children=181,313,205,213 grandchildren=1810,3130,2050,2130
HASH_ROUTE token=117 layer=13 children=797,153,1118,1277 grandchildren=7970,1530,11180,12770
HASH_ROUTE token=117 layer=14 children=877,236,715,1039 grandchildren=8770,2360,7150,10390
HASH_ROUTE token=117 layer=15 children=472,794,1119,956 grandchildren=4720,7940,11190,9560
HASH_ROUTE token=117 layer=16 children=225,191,171,1187 grandchildren=2250,1910,1710,11870
HASH_ROUTE token=117 layer=17 children=824,983,343,661 grandchildren=8240,9830,3430,6610
HASH_ROUTE token=117 layer=18 children=516,997,592,836 grandchildren=5160,9970,5920,8360
HASH_ROUTE token=117 layer=19 children=338,353,15,346 grandchildren=3380,3530,150,3460
HASH_ROUTE token=117 layer=20 children=341,373,185,213 grandchildren=3410,3730,1850,2130
HASH_ROUTE token=117 layer=21 children=13,62,38,43 grandchildren=130,620,380,430
HASH_ROUTE token=117 layer=22 children=863,945,819,936 grandchildren=8630,9450,8190,9360
HASH_ROUTE token=117 layer=23 children=261,309,199,214 grandchildren=2610,3090,1990,2140
HASH_ROUTE token=118 layer=0 children=1121,166,1162,1218 grandchildren=11210,1660,11620,12180
HASH_ROUTE token=118 layer=1 children=164,201,287,297 grandchildren=1640,2010,2870,2970
HASH_ROUTE token=118 layer=2 children=1074,1054,753,436 grandchildren=10740,10540,7530,4360
HASH_ROUTE token=118 layer=3 children=939,619,771,839 grandchildren=9390,6190,7710,8390
HASH_ROUTE token=118 layer=4 children=414,442,461,372 grandchildren=4140,4420,4610,3720
HASH_ROUTE token=118 layer=5 children=1223,1184,1173,1217 grandchildren=12230,11840,11730,12170
HASH_ROUTE token=118 layer=6 children=685,735,795,726 grandchildren=6850,7350,7950,7260
HASH_ROUTE token=118 layer=7 children=125,1083,113,80 grandchildren=1250,10830,1130,800
HASH_ROUTE token=118 layer=8 children=915,848,1078,1009 grandchildren=9150,8480,10780,10090
HASH_ROUTE token=118 layer=9 children=207,844,180,828 grandchildren=2070,8440,1800,8280
HASH_ROUTE token=118 layer=10 children=707,784,1022,753 grandchildren=7070,7840,10220,7530
HASH_ROUTE token=118 layer=11 children=690,705,794,1013 grandchildren=6900,7050,7940,10130
HASH_ROUTE token=118 layer=12 children=212,1175,198,171 grandchildren=2120,11750,1980,1710
HASH_ROUTE token=118 layer=13 children=1243,1194,1122,1086 grandchildren=12430,11940,11220,10860
HASH_ROUTE token=118 layer=14 children=276,230,317,918 grandchildren=2760,2300,3170,9180
HASH_ROUTE token=118 layer=15 children=379,472,462,440 grandchildren=3790,4720,4620,4400
HASH_ROUTE token=118 layer=16 children=252,410,899,572 grandchildren=2520,4100,8990,5720
HASH_ROUTE token=118 layer=17 children=861,220,1180,827 grandchildren=8610,2200,11800,8270
HASH_ROUTE token=118 layer=18 children=949,921,956,304 grandchildren=9490,9210,9560,3040
HASH_ROUTE token=118 layer=19 children=355,338,419,349 grandchildren=3550,3380,4190,3490
HASH_ROUTE token=118 layer=20 children=1016,532,213,1075 grandchildren=10160,5320,2130,10750
HASH_ROUTE token=118 layer=21 children=367,346,44,414 grandchildren=3670,3460,440,4140
HASH_ROUTE token=118 layer=22 children=892,419,952,832 grandchildren=8920,4190,9520,8320
HASH_ROUTE token=118 layer=23 children=248,217,274,307 grandchildren=2480,2170,2740,3070
HASH_ROUTE token=119 layer=0 children=441,120,361,327 grandchildren=4410,1200,3610,3270
HASH_ROUTE token=119 layer=1 children=663,746,739,342 grandchildren=6630,7460,7390,3420
HASH_ROUTE token=119 layer=2 children=418,335,466,340 grandchildren=4180,3350,4660,3400
HASH_ROUTE token=119 layer=3 children=677,753,775,786 grandchildren=6770,7530,7750,7860
HASH_ROUTE token=119 layer=4 children=444,348,450,388 grandchildren=4440,3480,4500,3880
HASH_ROUTE token=119 layer=5 children=891,411,928,1210 grandchildren=8910,4110,9280,12100
HASH_ROUTE token=119 layer=6 children=960,1122,486,1063 grandchildren=9600,11220,4860,10630
HASH_ROUTE token=119 layer=7 children=400,411,345,444 grandchildren=4000,4110,3450,4440
HASH_ROUTE token=119 layer=8 children=462,944,471,955 grandchildren=4620,9440,4710,9550
HASH_ROUTE token=119 layer=9 children=1034,985,1082,232 grandchildren=10340,9850,10820,2320
HASH_ROUTE token=119 layer=10 children=868,69,895,93 grandchildren=8680,690,8950,930
HASH_ROUTE token=119 layer=11 children=869,914,700,387 grandchildren=8690,9140,7000,3870
HASH_ROUTE token=119 layer=12 children=855,213,848,943 grandchildren=8550,2130,8480,9430
HASH_ROUTE token=119 layer=13 children=37,99,996,1051 grandchildren=370,990,9960,10510
HASH_ROUTE token=119 layer=14 children=188,820,316,294 grandchildren=1880,8200,3160,2940
HASH_ROUTE token=119 layer=15 children=831,955,920,819 grandchildren=8310,9550,9200,8190
HASH_ROUTE token=119 layer=16 children=262,252,232,225 grandchildren=2620,2520,2320,2250
HASH_ROUTE token=119 layer=17 children=983,828,995,1144 grandchildren=9830,8280,9950,11440
HASH_ROUTE token=119 layer=18 children=997,1094,972,352 grandchildren=9970,10940,9720,3520
HASH_ROUTE token=119 layer=19 children=141,13,39,942 grandchildren=1410,130,390,9420
HASH_ROUTE token=119 layer=20 children=213,208,246,532 grandchildren=2130,2080,2460,5320
HASH_ROUTE token=119 layer=21 children=332,454,443,381 grandchildren=3320,4540,4430,3810
HASH_ROUTE token=119 layer=22 children=962,1017,1113,1124 grandchildren=9620,10170,11130,11240
HASH_ROUTE token=119 layer=23 children=530,54,696,517 grandchildren=5300,540,6960,5170
HASH_ROUTE token=120 layer=0 children=153,53,72,65 grandchildren=1530,530,720,650
HASH_ROUTE token=120 layer=1 children=175,297,652,499 grandchildren=1750,2970,6520,4990
HASH_ROUTE token=120 layer=2 children=747,1060,100,588 grandchildren=7470,10600,1000,5880
HASH_ROUTE token=120 layer=3 children=106,68,18,900 grandchildren=1060,680,180,9000
HASH_ROUTE token=120 layer=4 children=186,294,312,194 grandchildren=1860,2940,3120,1940
HASH_ROUTE token=120 layer=5 children=1272,1179,1210,1130 grandchildren=12720,11790,12100,11300
HASH_ROUTE token=120 layer=6 children=129,760,442,288 grandchildren=1290,7600,4420,2880
HASH_ROUTE token=120 layer=7 children=931,137,617,459 grandchildren=9310,1370,6170,4590
HASH_ROUTE token=120 layer=8 children=1112,953,314,1043 grandchildren=11120,9530,3140,10430
HASH_ROUTE token=120 layer=9 children=955,314,897,917 grandchildren=9550,3140,8970,9170
HASH_ROUTE token=120 layer=10 children=347,1145,180,446 grandchildren=3470,11450,1800,4460
HASH_ROUTE token=120 layer=11 children=24,1142,32,1156 grandchildren=240,11420,320,11560
HASH_ROUTE token=120 layer=12 children=378,327,478,219 grandchildren=3780,3270,4780,2190
HASH_ROUTE token=120 layer=13 children=148,786,948,463 grandchildren=1480,7860,9480,4630
HASH_ROUTE token=120 layer=14 children=777,696,616,791 grandchildren=7770,6960,6160,7910
HASH_ROUTE token=120 layer=15 children=995,1024,1040,831 grandchildren=9950,10240,10400,8310
HASH_ROUTE token=120 layer=16 children=365,437,346,418 grandchildren=3650,4370,3460,4180
HASH_ROUTE token=120 layer=17 children=981,188,1144,346 grandchildren=9810,1880,11440,3460
HASH_ROUTE token=120 layer=18 children=388,364,459,1023 grandchildren=3880,3640,4590,10230
HASH_ROUTE token=120 layer=19 children=606,446,120,523 grandchildren=6060,4460,1200,5230
HASH_ROUTE token=120 layer=20 children=766,667,677,730 grandchildren=7660,6670,6770,7300
HASH_ROUTE token=120 layer=21 children=1030,559,871,230 grandchildren=10300,5590,8710,2300
HASH_ROUTE token=120 layer=22 children=656,742,13,101 grandchildren=6560,7420,130,1010
HASH_ROUTE token=120 layer=23 children=940,906,879,1268 grandchildren=9400,9060,8790,12680
HASH_ROUTE token=121 layer=0 children=755,649,779,713 grandchildren=7550,6490,7790,7130
HASH_ROUTE token=121 layer=1 children=527,689,504,663 grandchildren=5270,6890,5040,6630
HASH_ROUTE token=121 layer=2 children=352,830,36,991 grandchildren=3520,8300,360,9910
HASH_ROUTE token=121 layer=3 children=623,613,535,554 grandchildren=6230,6130,5350,5540
HASH_ROUTE token=121 layer=4 children=465,434,1260,452 grandchildren=4650,4340,12600,4520
HASH_ROUTE token=121 layer=5 children=320,809,963,168 grandchildren=3200,8090,9630,1680
HASH_ROUTE token=121 layer=6 children=461,785,620,946 grandchildren=4610,7850,6200,9460
HASH_ROUTE token=121 layer=7 children=148,99,38,621 grandchildren=1480,990,380,6210
HASH_ROUTE token=121 layer=8 children=1014,697,1100,786 grandchildren=10140,6970,11000,7860
HASH_ROUTE token=121 layer=9 children=131,55,938,156 grandchildren=1310,550,9380,1560
HASH_ROUTE token=121 layer=10 children=616,626,540,587 grandchildren=6160,6260,5400,5870
HASH_ROUTE token=121 layer=11 children=916,1077,866,753 grandchildren=9160,10770,8660,7530
HASH_ROUTE token=121 layer=12 children=359,839,1151,512 grandchildren=3590,8390,11510,5120
HASH_ROUTE token=121 layer=13 children=324,167,489,361 grandchildren=3240,1670,4890,3610
HASH_ROUTE token=121 layer=14 children=1102,1264,1096,947 grandchildren=11020,12640,10960,9470
HASH_ROUTE token=121 layer=15 children=767,127,1080,678 grandchildren=7670,1270,10800,6780
HASH_ROUTE token=121 layer=16 children=921,600,889,124 grandchildren=9210,6000,8890,1240
HASH_ROUTE token=121 layer=17 children=893,954,801,91 grandchildren=8930,9540,8010,910
HASH_ROUTE token=121 layer=18 children=740,1226,268,721 grandchildren=7400,12260,2680,7210
HASH_ROUTE token=121 layer=19 children=322,647,1121,482 grandchildren=3220,6470,11210,4820
HASH_ROUTE token=121 layer=20 children=1264,309,1223,786 grandchildren=12640,3090,12230,7860
HASH_ROUTE token=121 layer=21 children=1180,1238,700,65 grandchildren=11800,12380,7000,650
HASH_ROUTE token=121 layer=22 children=939,295,1090,772 grandchildren=9390,2950,10900,7720
HASH_ROUTE token=121 layer=23 children=109,45,71,261 grandchildren=1090,450,710,2610
HASH_ROUTE token=122 layer=0 children=326,367,434,441 grandchildren=3260,3670,4340,4410
HASH_ROUTE token=122 layer=1 children=172,207,810,843 grandchildren=1720,2070,8100,8430
HASH_ROUTE token=122 layer=2 children=899,576,815,417 grandchildren=8990,5760,8150,4170
HASH_ROUTE token=122 layer=3 children=931,1090,130,294 grandchildren=9310,10900,1300,2940
HASH_ROUTE token=122 layer=4 children=635,317,959,475 grandchildren=6350,3170,9590,4750
HASH_ROUTE token=122 layer=5 children=1212,1130,1174,252 grandchildren=12120,11300,11740,2520
HASH_ROUTE token=122 layer=6 children=289,761,310,197 grandchildren=2890,7610,3100,1970
HASH_ROUTE token=122 layer=7 children=611,521,514,536 grandchildren=6110,5210,5140,5360
HASH_ROUTE token=122 layer=8 children=788,1105,627,944 grandchildren=7880,11050,6270,9440
HASH_ROUTE token=122 layer=9 children=838,513,191,892 grandchildren=8380,5130,1910,8920
HASH_ROUTE token=122 layer=10 children=240,275,187,727 grandchildren=2400,2750,1870,7270
HASH_ROUTE token=122 layer=11 children=10,490,6,173 grandchildren=100,4900,60,1730
HASH_ROUTE token=122 layer=12 children=684,1003,748,772 grandchildren=6840,10030,7480,7720
HASH_ROUTE token=122 layer=13 children=946,147,1260,1105 grandchildren=9460,1470,12600,11050
HASH_ROUTE token=122 layer=14 children=613,936,777,294 grandchildren=6130,9360,7770,2940
HASH_ROUTE token=122 layer=15 children=343,472,827,410 grandchildren=3430,4720,8270,4100
HASH_ROUTE token=122 layer=16 children=429,325,413,434 grandchildren=4290,3250,4130,4340
HASH_ROUTE token=122 layer=17 children=983,1060,662,1056 grandchildren=9830,10600,6620,10560
HASH_ROUTE token=122 layer=18 children=161,186,248,283 grandchildren=1610,1860,2480,2830
HASH_ROUTE token=122 layer=19 children=652,712,778,15 grandchildren=6520,7120,7780,150
HASH_ROUTE token=122 layer=20 children=318,634,178,278 grandchildren=3180,6340,1780,2780
HASH_ROUTE token=122 layer=21 children=10,40,93,335 grandchildren=100,400,930,3350
HASH_ROUTE token=122 layer=22 children=1247,1123,1084,969 grandchildren=12470,11230,10840,9690
HASH_ROUTE token=122 layer=23 children=34,124,44,86 grandchildren=340,1240,440,860
HASH_ROUTE token=123 layer=0 children=960,321,1089,1128 grandchildren=9600,3210,10890,11280
HASH_ROUTE token=123 layer=1 children=295,189,244,160 grandchildren=2950,1890,2440,1600
HASH_ROUTE token=123 layer=2 children=330,973,18,499 grandchildren=3300,9730,180,4990
HASH_ROUTE token=123 layer=3 children=107,1221,267,421 grandchildren=1070,12210,2670,4210
HASH_ROUTE token=123 layer=4 children=200,364,287,449 grandchildren=2000,3640,2870,4490
HASH_ROUTE token=123 layer=5 children=1213,1173,1134,252 grandchildren=12130,11730,11340,2520
HASH_ROUTE token=123 layer=6 children=246,725,1209,88 grandchildren=2460,7250,12090,880
HASH_ROUTE token=123 layer=7 children=697,52,219,534 grandchildren=6970,520,2190,5340
HASH_ROUTE token=123 layer=8 children=311,950,792,1117 grandchildren=3110,9500,7920,11170
HASH_ROUTE token=123 layer=9 children=312,257,957,795 grandchildren=3120,2570,9570,7950
HASH_ROUTE token=123 layer=10 children=545,591,707,1181 grandchildren=5450,5910,7070,11810
HASH_ROUTE token=123 layer=11 children=43,77,61,24 grandchildren=430,770,610,240
HASH_ROUTE token=123 layer=12 children=378,696,850,217 grandchildren=3780,6960,8500,2170
HASH_ROUTE token=123 layer=13 children=86,147,91,50 grandchildren=860,1470,910,500
HASH_ROUTE token=123 layer=14 children=293,196,248,282 grandchildren=2930,1960,2480,2820
HASH_ROUTE token=123 layer=15 children=1003,363,997,351 grandchildren=10030,3630,9970,3510
HASH_ROUTE token=123 layer=16 children=452,418,434,1253 grandchildren=4520,4180,4340,12530
HASH_ROUTE token=123 layer=17 children=180,215,238,1144 grandchildren=1800,2150,2380,11440
HASH_ROUTE token=123 layer=18 children=100,909,429,261 grandchildren=1000,9090,4290,2610
HASH_ROUTE token=123 layer=19 children=676,744,705,1152 grandchildren=6760,7440,7050,11520
HASH_ROUTE token=123 layer=20 children=213,319,244,198 grandchildren=2130,3190,2440,1980
HASH_ROUTE token=123 layer=21 children=33,46,70,831 grandchildren=330,460,700,8310
HASH_ROUTE token=123 layer=22 children=269,428,742,179 grandchildren=2690,4280,7420,1790
HASH_ROUTE token=123 layer=23 children=1037,235,1017,1064 grandchildren=10370,2350,10170,10640
HASH_ROUTE token=124 layer=0 children=846,920,361,41 grandchildren=8460,9200,3610,410
HASH_ROUTE token=124 layer=1 children=901,889,844,875 grandchildren=9010,8890,8440,8750
HASH_ROUTE token=124 layer=2 children=785,700,684,142 grandchildren=7850,7000,6840,1420
HASH_ROUTE token=124 layer=3 children=1142,1229,1152,27 grandchildren=11420,12290,11520,270
HASH_ROUTE token=124 layer=4 children=407,246,882,365 grandchildren=4070,2460,8820,3650
HASH_ROUTE token=124 layer=5 children=959,860,928,853 grandchildren=9590,8600,9280,8530
HASH_ROUTE token=124 layer=6 children=723,644,735,680 grandchildren=7230,6440,7350,6800
HASH_ROUTE token=124 layer=7 children=855,57,884,89 grandchildren=8550,570,8840,890
HASH_ROUTE token=124 layer=8 children=914,948,823,844 grandchildren=9140,9480,8230,8440
HASH_ROUTE token=124 layer=9 children=310,188,227,271 grandchildren=3100,1880,2270,2710
HASH_ROUTE token=124 layer=10 children=1101,1045,1056,1002 grandchildren=11010,10450,10560,10020
HASH_ROUTE token=124 layer=11 children=56,150,130,88 grandchildren=560,1500,1300,880
HASH_ROUTE token=124 layer=12 children=486,1127,169,804 grandchildren=4860,11270,1690,8040
HASH_ROUTE token=124 layer=13 children=97,738,49,681 grandchildren=970,7380,490,6810
HASH_ROUTE token=124 layer=14 children=937,850,891,879 grandchildren=9370,8500,8910,8790
HASH_ROUTE token=124 layer=15 children=324,346,339,965 grandchildren=3240,3460,3390,9650
HASH_ROUTE token=124 layer=16 children=702,387,738,413 grandchildren=7020,3870,7380,4130
HASH_ROUTE token=124 layer=17 children=188,983,1144,348 grandchildren=1880,9830,11440,3480
HASH_ROUTE token=124 layer=18 children=335,436,970,1077 grandchildren=3350,4360,9700,10770
HASH_ROUTE token=124 layer=19 children=423,355,261,391 grandchildren=4230,3550,2610,3910
HASH_ROUTE token=124 layer=20 children=270,219,438,185 grandchildren=2700,2190,4380,1850
HASH_ROUTE token=124 layer=21 children=254,1051,1216,179 grandchildren=2540,10510,12160,1790
HASH_ROUTE token=124 layer=22 children=269,902,1224,281 grandchildren=2690,9020,12240,2810
HASH_ROUTE token=124 layer=23 children=1152,190,830,1174 grandchildren=11520,1900,8300,11740
HASH_ROUTE token=125 layer=0 children=1001,362,683,203 grandchildren=10010,3620,6830,2030
HASH_ROUTE token=125 layer=1 children=408,242,362,201 grandchildren=4080,2420,3620,2010
HASH_ROUTE token=125 layer=2 children=732,705,749,755 grandchildren=7320,7050,7490,7550
HASH_ROUTE token=125 layer=3 children=933,771,291,1250 grandchildren=9330,7710,2910,12500
HASH_ROUTE token=125 layer=4 children=290,282,459,311 grandchildren=2900,2820,4590,3110
HASH_ROUTE token=125 layer=5 children=862,892,67,93 grandchildren=8620,8920,670,930
HASH_ROUTE token=125 layer=6 children=617,776,1097,291 grandchildren=6170,7760,10970,2910
HASH_ROUTE token=125 layer=7 children=121,7,57,1083 grandchildren=1210,70,570,10830
HASH_ROUTE token=125 layer=8 children=940,910,1100,1077 grandchildren=9400,9100,11000,10770
HASH_ROUTE token=125 layer=9 children=864,228,899,252 grandchildren=8640,2280,8990,2520
HASH_ROUTE token=125 layer=10 children=641,773,748,681 grandchildren=6410,7730,7480,6810
HASH_ROUTE token=125 layer=11 children=682,704,695,747 grandchildren=6820,7040,6950,7470
HASH_ROUTE token=125 layer=12 children=529,41,559,79 grandchildren=5290,410,5590,790
HASH_ROUTE token=125 layer=13 children=1058,895,735,1216 grandchildren=10580,8950,7350,12160
HASH_ROUTE token=125 layer=14 children=880,242,877,235 grandchildren=8800,2420,8770,2350
HASH_ROUTE token=125 layer=15 children=757,915,1230,767 grandchildren=7570,9150,12300,7670
HASH_ROUTE token=125 layer=16 children=350,191,437,273 grandchildren=3500,1910,4370,2730
HASH_ROUTE token=125 layer=17 children=239,281,188,396 grandchildren=2390,2810,1880,3960
HASH_ROUTE token=125 layer=18 children=997,1047,1067,837 grandchildren=9970,10470,10670,8370
HASH_ROUTE token=125 layer=19 children=355,338,679,1159 grandchildren=3550,3380,6790,11590
HASH_ROUTE token=125 layer=20 children=374,215,532,1011 grandchildren=3740,2150,5320,10110
HASH_ROUTE token=125 layer=21 children=355,417,403,336 grandchildren=3550,4170,4030,3360
HASH_ROUTE token=125 layer=22 children=389,225,439,278 grandchildren=3890,2250,4390,2780
HASH_ROUTE token=125 layer=23 children=537,213,1174,56 grandchildren=5370,2130,11740,560
HASH_ROUTE token=126 layer=0 children=449,924,365,434 grandchildren=4490,9240,3650,4340
HASH_ROUTE token=126 layer=1 children=184,291,826,930 grandchildren=1840,2910,8260,9300
HASH_ROUTE token=126 layer=2 children=94,42,133,110 grandchildren=940,420,1330,1100
HASH_ROUTE token=126 layer=3 children=805,856,328,903 grandchildren=8050,8560,3280,9030
HASH_ROUTE token=126 layer=4 children=450,474,299,380 grandchildren=4500,4740,2990,3800
HASH_ROUTE token=126 layer=5 children=858,952,893,802 grandchildren=8580,9520,8930,8020
HASH_ROUTE token=126 layer=6 children=280,213,124,56 grandchildren=2800,2130,1240,560
HASH_ROUTE token=126 layer=7 children=37,49,93,83 grandchildren=370,490,930,830
HASH_ROUTE token=126 layer=8 children=379,474,322,388 grandchildren=3790,4740,3220,3880
HASH_ROUTE token=126 layer=9 children=209,316,274,236 grandchildren=2090,3160,2740,2360
HASH_ROUTE token=126 layer=10 children=528,584,549,564 grandchildren=5280,5840,5490,5640
HASH_ROUTE token=126 layer=11 children=386,357,411,461 grandchildren=3860,3570,4110,4610
HASH_ROUTE token=126 layer=12 children=1200,88,1120,1184 grandchildren=12000,880,11200,11840
HASH_ROUTE token=126 layer=13 children=674,696,739,663 grandchildren=6740,6960,7390,6630
HASH_ROUTE token=126 layer=14 children=873,235,554,884 grandchildren=8730,2350,5540,8840
HASH_ROUTE token=126 layer=15 children=444,768,351,404 grandchildren=4440,7680,3510,4040
HASH_ROUTE token=126 layer=16 children=208,185,245,213 grandchildren=2080,1850,2450,2130
HASH_ROUTE token=126 layer=17 children=982,506,340,181 grandchildren=9820,5060,3400,1810
HASH_ROUTE token=126 layer=18 children=829,910,836,880 grandchildren=8290,9100,8360,8800
HASH_ROUTE token=126 layer=19 children=68,35,100,114 grandchildren=680,350,1000,1140
HASH_ROUTE token=126 layer=20 children=317,210,158,52 grandchildren=3170,2100,1580,520
HASH_ROUTE token=126 layer=21 children=355,198,362,208 grandchildren=3550,1980,3620,2080
HASH_ROUTE token=126 layer=22 children=696,784,1178,653 grandchildren=6960,7840,11780,6530
HASH_ROUTE token=126 layer=23 children=537,582,638,599 grandchildren=5370,5820,6380,5990
HASH_ROUTE token=127 layer=0 children=52,851,371,1012 grandchildren=520,8510,3710,10120
HASH_ROUTE token=127 layer=1 children=185,509,267,170 grandchildren=1850,5090,2670,1700
HASH_ROUTE token=127 layer=2 children=420,408,448,327 grandchildren=4200,4080,4480,3270
HASH_ROUTE token=127 layer=3 children=621,597,582,638 grandchildren=6210,5970,5820,6380
HASH_ROUTE token=127 layer=4 children=467,344,371,339 grandchildren=4670,3440,3710,3390
HASH_ROUTE token=127 layer=5 children=61,59,94,1185 grandchildren=610,590,940,11850
HASH_ROUTE token=127 layer=6 children=1053,1022,1104,251 grandchildren=10530,10220,11040,2510
HASH_ROUTE token=127 layer=7 children=1048,247,1202,1053 grandchildren=10480,2470,12020,10530
HASH_ROUTE token=127 layer=8 children=1183,1178,380,709 grandchildren=11830,11780,3800,7090
HASH_ROUTE token=127 layer=9 children=349,987,381,1024 grandchildren=3490,9870,3810,10240
HASH_ROUTE token=127 layer=10 children=653,499,334,978 grandchildren=6530,4990,3340,9780
HASH_ROUTE token=127 layer=11 children=1185,1020,1233,1277 grandchildren=11850,10200,12330,12770
HASH_ROUTE token=127 layer=12 children=547,559,528,514 grandchildren=5470,5590,5280,5140
HASH_ROUTE token=127 layer=13 children=973,1137,1041,1083 grandchildren=9730,11370,10410,10830
HASH_ROUTE token=127 layer=14 children=1039,714,236,72 grandchildren=10390,7140,2360,720
HASH_ROUTE token=127 layer=15 children=750,915,439,777 grandchildren=7500,9150,4390,7770
HASH_ROUTE token=127 layer=16 children=417,252,731,1219 grandchildren=4170,2520,7310,12190
HASH_ROUTE token=127 layer=17 children=1193,874,73,1037 grandchildren=11930,8740,730,10370
HASH_ROUTE token=127 layer=18 children=910,836,939,891 grandchildren=9100,8360,9390,8910
HASH_ROUTE token=127 layer=19 children=415,94,353,389 grandchildren=4150,940,3530,3890
HASH_ROUTE token=127 layer=20 children=216,371,1011,208 grandchildren=2160,3710,10110,2080
HASH_ROUTE token=127 layer=21 children=419,454,361,399 grandchildren=4190,4540,3610,3990
HASH_ROUTE token=127 layer=22 children=490,810,1137,335 grandchildren=4900,8100,11370,3350
HASH_ROUTE token=127 layer=23 children=1014,1102,54,530 grandchildren=10140,11020,540,5300
HASH_ROUTE token=128 layer=0 children=363,441,200,428 grandchildren=3630,4410,2000,4280
HASH_ROUTE token=128 layer=1 children=180,255,340,197 grandchildren=1800,2550,3400,1970
HASH_ROUTE token=128 layer=2 children=260,1068,301,109 grandchildren=2600,10680,3010,1090
HASH_ROUTE token=128 layer=3 children=906,841,740,826 grandchildren=9060,8410,7400,8260
HASH_ROUTE token=128 layer=4 children=318,473,636,290 grandchildren=3180,4730,6360,2900
HASH_ROUTE token=128 layer=5 children=862,67,834,950 grandchildren=8620,670,8340,9500
HASH_ROUTE token=128 layer=6 children=617,1255,774,626 grandchildren=6170,12550,7740,6260
HASH_ROUTE token=128 layer=7 children=618,457,572,411 grandchildren=6180,4570,5720,4110
HASH_ROUTE token=128 layer=8 children=1012,1106,1070,1175 grandchildren=10120,11060,10700,11750
HASH_ROUTE token=128 layer=9 children=317,185,475,1270 grandchildren=3170,1850,4750,12700
HASH_ROUTE token=128 layer=10 children=1074,758,1236,1058 grandchildren=10740,7580,12360,10580
HASH_ROUTE token=128 layer=11 children=355,191,332,678 grandchildren=3550,1910,3320,6780
HASH_ROUTE token=128 layer=12 children=687,205,725,529 grandchildren=6870,2050,7250,5290
HASH_ROUTE token=128 layer=13 children=1012,215,976,173 grandchildren=10120,2150,9760,1730
HASH_ROUTE token=128 layer=14 children=858,214,870,230 grandchildren=8580,2140,8700,2300
HASH_ROUTE token=128 layer=15 children=767,795,1081,1119 grandchildren=7670,7950,10810,11190
HASH_ROUTE token=128 layer=16 children=1184,706,387,1126 grandchildren=11840,7060,3870,11260
HASH_ROUTE token=128 layer=17 children=1193,1143,1156,1030 grandchildren=11930,11430,11560,10300
HASH_ROUTE token=128 layer=18 children=837,880,910,820 grandchildren=8370,8800,9100,8200
HASH_ROUTE token=128 layer=19 children=355,678,1159,338 grandchildren=3550,6780,11590,3380
HASH_ROUTE token=128 layer=20 children=1049,403,1074,1200 grandchildren=10490,4030,10740,12000
HASH_ROUTE token=128 layer=21 children=414,438,368,378 grandchildren=4140,4380,3680,3780
HASH_ROUTE token=128 layer=22 children=653,705,178,1134 grandchildren=6530,7050,1780,11340
HASH_ROUTE token=128 layer=23 children=213,537,306,170 grandchildren=2130,5370,3060,1700
HASH_ROUTE token=129 layer=0 children=320,444,402,430 grandchildren=3200,4440,4020,4300
HASH_ROUTE token=129 layer=1 children=298,183,773,669 grandchildren=2980,1830,7730,6690
HASH_ROUTE token=129 layer=2 children=48,89,21,149 grandchildren=480,890,210,1490
HASH_ROUTE token=129 layer=3 children=1229,100,1209,87 grandchildren=12290,1000,12090,870
HASH_ROUTE token=129 layer=4 children=184,318,291,225 grandchildren=1840,3180,2910,2250
HASH_ROUTE token=129 layer=5 children=1217,1173,93,1166 grandchildren=12170,11730,930,11660
HASH_ROUTE token=129 layer=6 children=721,685,779,648 grandchildren=7210,6850,7790,6480
HASH_ROUTE token=129 layer=7 children=58,1011,77,1038 grandchildren=580,10110,770,10380
HASH_ROUTE token=129 layer=8 children=162,215,1128,1177 grandchildren=1620,2150,11280,11770
HASH_ROUTE token=129 layer=9 children=879,236,956,856 grandchildren=8790,2360,9560,8560
HASH_ROUTE token=129 layer=10 children=789,774,654,759 grandchildren=7890,7740,6540,7590
HASH_ROUTE token=129 layer=11 children=1050,1071,894,912 grandchildren=10500,10710,8940,9120
HASH_ROUTE token=129 layer=12 children=267,234,749,221 grandchildren=2670,2340,7490,2210
HASH_ROUTE token=129 layer=13 children=739,1210,91,256 grandchildren=7390,12100,910,2560
HASH_ROUTE token=129 layer=14 children=283,294,188,235 grandchildren=2830,2940,1880,2350
HASH_ROUTE token=129 layer=15 children=449,459,472,920 grandchildren=4490,4590,4720,9200
HASH_ROUTE token=129 layer=16 children=253,292,167,317 grandchildren=2530,2920,1670,3170
HASH_ROUTE token=129 layer=17 children=1223,1143,1160,901 grandchildren=12230,11430,11600,9010
HASH_ROUTE token=129 layer=18 children=352,347,405,451 grandchildren=3520,3470,4050,4510
HASH_ROUTE token=129 layer=19 children=831,35,812,673 grandchildren=8310,350,8120,6730
HASH_ROUTE token=129 layer=20 children=1017,375,213,1049 grandchildren=10170,3750,2130,10490
HASH_ROUTE token=129 layer=21 children=365,336,350,407 grandchildren=3650,3360,3500,4070
HASH_ROUTE token=129 layer=22 children=389,473,1185,863 grandchildren=3890,4730,11850,8630
HASH_ROUTE token=129 layer=23 children=212,537,1017,170 grandchildren=2120,5370,10170,1700
HASH_ROUTE token=130 layer=0 children=122,444,605,49 grandchildren=1220,4440,6050,490
HASH_ROUTE token=130 layer=1 children=790,659,667,729 grandchildren=7900,6590,6670,7290
HASH_ROUTE token=130 layer=2 children=418,447,93,124 grandchildren=4180,4470,930,1240
HASH_ROUTE token=130 layer=3 children=758,789,798,668 grandchildren=7580,7890,7980,6680
HASH_ROUTE token=130 layer=4 children=446,348,125,22 grandchildren=4460,3480,1250,220
HASH_ROUTE token=130 layer=5 children=862,959,1187,1029 grandchildren=8620,9590,11870,10290
HASH_ROUTE token=130 layer=6 children=1255,1097,617,1154 grandchildren=12550,10970,6170,11540
HASH_ROUTE token=130 layer=7 children=1083,1243,981,121 grandchildren=10830,12430,9810,1210
HASH_ROUTE token=130 layer=8 children=917,845,941,433 grandchildren=9170,8450,9410,4330
HASH_ROUTE token=130 layer=9 children=783,1262,308,771 grandchildren=7830,12620,3080,7710
HASH_ROUTE token=130 layer=10 children=650,776,702,13 grandchildren=6500,7760,7020,130
HASH_ROUTE token=130 layer=11 children=642,792,688,720 grandchildren=6420,7920,6880,7200
HASH_ROUTE token=130 layer=12 children=538,542,213,227 grandchildren=5380,5420,2130,2270
HASH_ROUTE token=130 layer=13 children=968,1,166,976 grandchildren=9680,10,1660,9760
HASH_ROUTE token=130 layer=14 children=160,640,326,966 grandchildren=1600,6400,3260,9660
HASH_ROUTE token=130 layer=15 children=795,669,1118,472 grandchildren=7950,6690,11180,4720
HASH_ROUTE token=130 layer=16 children=222,389,256,262 grandchildren=2220,3890,2560,2620
HASH_ROUTE token=130 layer=17 children=839,517,356,1157 grandchildren=8390,5170,3560,11570
HASH_ROUTE token=130 layer=18 children=836,910,991,1072 grandchildren=8360,9100,9910,10720
HASH_ROUTE token=130 layer=19 children=833,676,904,744 grandchildren=8330,6760,9040,7440
HASH_ROUTE token=130 layer=20 children=213,851,539,1014 grandchildren=2130,8510,5390,10140
HASH_ROUTE token=130 layer=21 children=407,419,438,249 grandchildren=4070,4190,4380,2490
HASH_ROUTE token=130 layer=22 children=1024,978,546,1187 grandchildren=10240,9780,5460,11870
HASH_ROUTE token=130 layer=23 children=52,697,536,1171 grandchildren=520,6970,5360,11710
HASH_ROUTE token=131 layer=0 children=153,50,72,65 grandchildren=1530,500,720,650
HASH_ROUTE token=131 layer=1 children=175,297,652,13 grandchildren=1750,2970,6520,130
HASH_ROUTE token=131 layer=2 children=747,100,1060,901 grandchildren=7470,1000,10600,9010
HASH_ROUTE token=131 layer=3 children=106,68,12,900 grandchildren=1060,680,120,9000
HASH_ROUTE token=131 layer=4 children=186,294,311,194 grandchildren=1860,2940,3110,1940
HASH_ROUTE token=131 layer=5 children=1210,1174,1272,1130 grandchildren=12100,11740,12720,11300
HASH_ROUTE token=131 layer=6 children=129,442,760,289 grandchildren=1290,4420,7600,2890
HASH_ROUTE token=131 layer=7 children=931,137,617,459 grandchildren=9310,1370,6170,4590
HASH_ROUTE token=131 layer=8 children=1112,953,314,1043 grandchildren=11120,9530,3140,10430
HASH_ROUTE token=131 layer=9 children=955,316,897,915 grandchildren=9550,3160,8970,9150
HASH_ROUTE token=131 layer=10 children=347,1145,180,827 grandchildren=3470,11450,1800,8270
HASH_ROUTE token=131 layer=11 children=24,1142,32,1154 grandchildren=240,11420,320,11540
HASH_ROUTE token=131 layer=12 children=378,327,478,219 grandchildren=3780,3270,4780,2190
HASH_ROUTE token=131 layer=13 children=148,786,948,463 grandchildren=1480,7860,9480,4630
HASH_ROUTE token=131 layer=14 children=777,696,616,537 grandchildren=7770,6960,6160,5370
HASH_ROUTE token=131 layer=15 children=995,1024,831,1040 grandchildren=9950,10240,8310,10400
HASH_ROUTE token=131 layer=16 children=365,437,346,459 grandchildren=3650,4370,3460,4590
HASH_ROUTE token=131 layer=17 children=981,188,1144,346 grandchildren=9810,1880,11440,3460
HASH_ROUTE token=131 layer=18 children=388,459,1028,320 grandchildren=3880,4590,10280,3200
HASH_ROUTE token=131 layer=19 children=607,446,120,926 grandchildren=6070,4460,1200,9260
HASH_ROUTE token=131 layer=20 children=766,667,648,779 grandchildren=7660,6670,6480,7790
HASH_ROUTE token=131 layer=21 children=1030,995,871,1072 grandchildren=10300,9950,8710,10720
HASH_ROUTE token=131 layer=22 children=333,652,19,178 grandchildren=3330,6520,190,1780
HASH_ROUTE token=131 layer=23 children=583,1224,909,501 grandchildren=5830,12240,9090,5010
HASH_ROUTE token=132 layer=0 children=755,649,779,713 grandchildren=7550,6490,7790,7130
HASH_ROUTE token=132 layer=1 children=527,689,504,663 grandchildren=5270,6890,5040,6630
HASH_ROUTE token=132 layer=2 children=352,830,36,991 grandchildren=3520,8300,360,9910
HASH_ROUTE token=132 layer=3 children=623,613,535,554 grandchildren=6230,6130,5350,5540
HASH_ROUTE token=132 layer=4 children=465,434,1260,452 grandchildren=4650,4340,12600,4520
HASH_ROUTE token=132 layer=5 children=320,809,963,168 grandchildren=3200,8090,9630,1680
HASH_ROUTE token=132 layer=6 children=461,785,620,946 grandchildren=4610,7850,6200,9460
HASH_ROUTE token=132 layer=7 children=148,99,38,621 grandchildren=1480,990,380,6210
HASH_ROUTE token=132 layer=8 children=1014,697,1100,786 grandchildren=10140,6970,11000,7860
HASH_ROUTE token=132 layer=9 children=131,55,938,156 grandchildren=1310,550,9380,1560
HASH_ROUTE token=132 layer=10 children=616,626,540,587 grandchildren=6160,6260,5400,5870
HASH_ROUTE token=132 layer=11 children=916,1077,866,753 grandchildren=9160,10770,8660,7530
HASH_ROUTE token=132 layer=12 children=359,839,1151,512 grandchildren=3590,8390,11510,5120
HASH_ROUTE token=132 layer=13 children=324,167,489,361 grandchildren=3240,1670,4890,3610
HASH_ROUTE token=132 layer=14 children=1102,1264,1096,947 grandchildren=11020,12640,10960,9470
HASH_ROUTE token=132 layer=15 children=767,127,1080,678 grandchildren=7670,1270,10800,6780
HASH_ROUTE token=132 layer=16 children=921,600,889,124 grandchildren=9210,6000,8890,1240
HASH_ROUTE token=132 layer=17 children=893,954,801,91 grandchildren=8930,9540,8010,910
HASH_ROUTE token=132 layer=18 children=740,1226,268,721 grandchildren=7400,12260,2680,7210
HASH_ROUTE token=132 layer=19 children=322,647,1121,482 grandchildren=3220,6470,11210,4820
HASH_ROUTE token=132 layer=20 children=1264,309,1223,786 grandchildren=12640,3090,12230,7860
HASH_ROUTE token=132 layer=21 children=1180,1238,700,65 grandchildren=11800,12380,7000,650
HASH_ROUTE token=132 layer=22 children=939,295,1090,772 grandchildren=9390,2950,10900,7720
HASH_ROUTE token=132 layer=23 children=109,45,71,261 grandchildren=1090,450,710,2610
HASH_ROUTE token=133 layer=0 children=49,360,1161,680 grandchildren=490,3600,11610,6800
HASH_ROUTE token=133 layer=1 children=205,297,239,841 grandchildren=2050,2970,2390,8410
HASH_ROUTE token=133 layer=2 children=895,735,810,1217 grandchildren=8950,7350,8100,12170
HASH_ROUTE token=133 layer=3 children=1095,291,133,613 grandchildren=10950,2910,1330,6130
HASH_ROUTE token=133 layer=4 children=182,190,827,160 grandchildren=1820,1900,8270,1600
HASH_ROUTE token=133 layer=5 children=467,300,370,445 grandchildren=4670,3000,3700,4450
HASH_ROUTE token=133 layer=6 children=676,761,714,35 grandchildren=6760,7610,7140,350
HASH_ROUTE token=133 layer=7 children=821,950,804,508 grandchildren=8210,9500,8040,5080
HASH_ROUTE token=133 layer=8 children=363,420,338,320 grandchildren=3630,4200,3380,3200
HASH_ROUTE token=133 layer=9 children=231,197,268,252 grandchildren=2310,1970,2680,2520
HASH_ROUTE token=133 layer=10 children=213,166,173,54 grandchildren=2130,1660,1730,540
HASH_ROUTE token=133 layer=11 children=77,875,26,156 grandchildren=770,8750,260,1560
HASH_ROUTE token=133 layer=12 children=882,868,81,61 grandchildren=8820,8680,810,610
HASH_ROUTE token=133 layer=13 children=826,26,667,987 grandchildren=8260,260,6670,9870
HASH_ROUTE token=133 layer=14 children=565,613,531,591 grandchildren=5650,6130,5310,5910
HASH_ROUTE token=133 layer=15 children=822,347,987,891 grandchildren=8220,3470,9870,8910
HASH_ROUTE token=133 layer=16 children=325,5,429,437 grandchildren=3250,50,4290,4370
HASH_ROUTE token=133 layer=17 children=983,349,1143,184 grandchildren=9830,3490,11430,1840
HASH_ROUTE token=133 layer=18 children=184,988,317,284 grandchildren=1840,9880,3170,2840
HASH_ROUTE token=133 layer=19 children=641,685,676,778 grandchildren=6410,6850,6760,7780
HASH_ROUTE token=133 layer=20 children=598,1072,279,757 grandchildren=5980,10720,2790,7570
HASH_ROUTE token=133 layer=21 children=1024,969,1058,1084 grandchildren=10240,9690,10580,10840
HASH_ROUTE token=133 layer=22 children=969,802,1123,1094 grandchildren=9690,8020,11230,10940
HASH_ROUTE token=133 layer=23 children=39,128,670,148 grandchildren=390,1280,6700,1480
HASH_ROUTE token=134 layer=0 children=320,9,805,415 grandchildren=3200,90,8050,4150
HASH_ROUTE token=134 layer=1 children=184,200,242,262 grandchildren=1840,2000,2420,2620
HASH_ROUTE token=134 layer=2 children=330,411,379,13 grandchildren=3300,4110,3790,130
HASH_ROUTE token=134 layer=3 children=106,110,11,6 grandchildren=1060,1100,110,60
HASH_ROUTE token=134 layer=4 children=446,362,451,372 grandchildren=4460,3620,4510,3720
HASH_ROUTE token=134 layer=5 children=1212,1174,893,1134 grandchildren=12120,11740,8930,11340
HASH_ROUTE token=134 layer=6 children=725,1209,682,246 grandchildren=7250,12090,6820,2460
HASH_ROUTE token=134 layer=7 children=215,531,55,855 grandchildren=2150,5310,550,8550
HASH_ROUTE token=134 layer=8 children=1117,795,317,479 grandchildren=11170,7950,3170,4790
HASH_ROUTE token=134 layer=9 children=312,958,1273,1111 grandchildren=3120,9580,12730,11110
HASH_ROUTE token=134 layer=10 children=662,505,985,189 grandchildren=6620,5050,9850,1890
HASH_ROUTE token=134 layer=11 children=58,73,1010,853 grandchildren=580,730,10100,8530
HASH_ROUTE token=134 layer=12 children=857,806,887,909 grandchildren=8570,8060,8870,9090
HASH_ROUTE token=134 layer=13 children=148,782,106,81 grandchildren=1480,7820,1060,810
HASH_ROUTE token=134 layer=14 children=293,197,200,261 grandchildren=2930,1970,2000,2610
HASH_ROUTE token=134 layer=15 children=343,433,459,351 grandchildren=3430,4330,4590,3510
HASH_ROUTE token=134 layer=16 children=704,649,684,738 grandchildren=7040,6490,6840,7380
HASH_ROUTE token=134 layer=17 children=218,532,379,220 grandchildren=2180,5320,3790,2200
HASH_ROUTE token=134 layer=18 children=477,428,468,313 grandchildren=4770,4280,4680,3130
HASH_ROUTE token=134 layer=19 children=737,676,740,251 grandchildren=7370,6760,7400,2510
HASH_ROUTE token=134 layer=20 children=257,1214,263,201 grandchildren=2570,12140,2630,2010
HASH_ROUTE token=134 layer=21 children=31,53,355,43 grandchildren=310,530,3550,430
HASH_ROUTE token=134 layer=22 children=974,1037,1078,338 grandchildren=9740,10370,10780,3380
HASH_ROUTE token=134 layer=23 children=872,717,77,239 grandchildren=8720,7170,770,2390
HASH_ROUTE token=135 layer=0 children=145,464,1109,123 grandchildren=1450,4640,11090,1230
HASH_ROUTE token=135 layer=1 children=189,244,293,346 grandchildren=1890,2440,2930,3460
HASH_ROUTE token=135 layer=2 children=1213,1148,252,1246 grandchildren=12130,11480,2520,12460
HASH_ROUTE token=135 layer=3 children=33,106,53,24 grandchildren=330,1060,530,240
HASH_ROUTE token=135 layer=4 children=292,227,163,185 grandchildren=2920,2270,1630,1850
HASH_ROUTE token=135 layer=5 children=1219,93,1174,897 grandchildren=12190,930,11740,8970
HASH_ROUTE token=135 layer=6 children=720,761,713,737 grandchildren=7200,7610,7130,7370
HASH_ROUTE token=135 layer=7 children=692,215,57,855 grandchildren=6920,2150,570,8550
HASH_ROUTE token=135 layer=8 children=940,953,864,914 grandchildren=9400,9530,8640,9140
HASH_ROUTE token=135 layer=9 children=310,254,1110,950 grandchildren=3100,2540,11100,9500
HASH_ROUTE token=135 layer=10 children=1263,1109,787,1276 grandchildren=12630,11090,7870,12760
HASH_ROUTE token=135 layer=11 children=52,88,154,115 grandchildren=520,880,1540,1150
HASH_ROUTE token=135 layer=12 children=728,699,643,682 grandchildren=7280,6990,6430,6820
HASH_ROUTE token=135 layer=13 children=895,731,845,91 grandchildren=8950,7310,8450,910
HASH_ROUTE token=135 layer=14 children=567,523,619,552 grandchildren=5670,5230,6190,5520
HASH_ROUTE token=135 layer=15 children=971,1041,999,1111 grandchildren=9710,10410,9990,11110
HASH_ROUTE token=135 layer=16 children=418,342,380,434 grandchildren=4180,3420,3800,4340
HASH_ROUTE token=135 layer=17 children=264,190,1221,1157 grandchildren=2640,1900,12210,11570
HASH_ROUTE token=135 layer=18 children=174,306,11,295 grandchildren=1740,3060,110,2950
HASH_ROUTE token=135 layer=19 children=100,423,39,355 grandchildren=1000,4230,390,3550
HASH_ROUTE token=135 layer=20 children=347,435,663,758 grandchildren=3470,4350,6630,7580
HASH_ROUTE token=135 layer=21 children=1136,1158,1247,1186 grandchildren=11360,11580,12470,11860
HASH_ROUTE token=135 layer=22 children=935,293,900,263 grandchildren=9350,2930,9000,2630
HASH_ROUTE token=135 layer=23 children=811,174,977,1133 grandchildren=8110,1740,9770,11330
HASH_ROUTE token=136 layer=0 children=153,955,67,48 grandchildren=1530,9550,670,480
HASH_ROUTE token=136 layer=1 children=749,665,261,184 grandchildren=7490,6650,2610,1840
HASH_ROUTE token=136 layer=2 children=1228,1206,1187,1142 grandchildren=12280,12060,11870,11420
HASH_ROUTE token=136 layer=3 children=903,748,108,427 grandchildren=9030,7480,1080,4270
HASH_ROUTE token=136 layer=4 children=295,233,457,391 grandchildren=2950,2330,4570,3910
HASH_ROUTE token=136 layer=5 children=434,380,377,913 grandchildren=4340,3800,3770,9130
HASH_ROUTE token=136 layer=6 children=285,244,312,171 grandchildren=2850,2440,3120,1710
HASH_ROUTE token=136 layer=7 children=357,425,404,387 grandchildren=3570,4250,4040,3870
HASH_ROUTE token=136 layer=8 children=855,864,941,1011 grandchildren=8550,8640,9410,10110
HASH_ROUTE token=136 layer=9 children=844,208,864,220 grandchildren=8440,2080,8640,2200
HASH_ROUTE token=136 layer=10 children=798,752,742,689 grandchildren=7980,7520,7420,6890
HASH_ROUTE token=136 layer=11 children=705,1187,383,688 grandchildren=7050,11870,3830,6880
HASH_ROUTE token=136 layer=12 children=685,1162,206,674 grandchildren=6850,11620,2060,6740
HASH_ROUTE token=136 layer=13 children=895,1059,731,838 grandchildren=8950,10590,7310,8380
HASH_ROUTE token=136 layer=14 children=884,850,242,877 grandchildren=8840,8500,2420,8770
HASH_ROUTE token=136 layer=15 children=920,444,831,762 grandchildren=9200,4440,8310,7620
HASH_ROUTE token=136 layer=16 children=176,334,276,245 grandchildren=1760,3340,2760,2450
HASH_ROUTE token=136 layer=17 children=184,190,263,238 grandchildren=1840,1900,2630,2380
HASH_ROUTE token=136 layer=18 children=837,910,959,843 grandchildren=8370,9100,9590,8430
HASH_ROUTE token=136 layer=19 children=783,679,465,654 grandchildren=7830,6790,4650,6540
HASH_ROUTE token=136 layer=20 children=532,632,215,311 grandchildren=5320,6320,2150,3110
HASH_ROUTE token=136 layer=21 children=410,320,390,254 grandchildren=4100,3200,3900,2540
HASH_ROUTE token=136 layer=22 children=656,795,789,173 grandchildren=6560,7950,7890,1730
HASH_ROUTE token=136 layer=23 children=621,556,512,535 grandchildren=6210,5560,5120,5350
HASH_ROUTE token=137 layer=0 children=446,762,1082,601 grandchildren=4460,7620,10820,6010
HASH_ROUTE token=137 layer=1 children=340,418,462,472 grandchildren=3400,4180,4620,4720
HASH_ROUTE token=137 layer=2 children=682,773,711,1007 grandchildren=6820,7730,7110,10070
HASH_ROUTE token=137 layer=3 children=669,1142,678,20 grandchildren=6690,11420,6780,200
HASH_ROUTE token=137 layer=4 children=296,611,279,1093 grandchildren=2960,6110,2790,10930
HASH_ROUTE token=137 layer=5 children=928,881,850,802 grandchildren=9280,8810,8500,8020
HASH_ROUTE token=137 layer=6 children=995,1004,1092,1114 grandchildren=9950,10040,10920,11140
HASH_ROUTE token=137 layer=7 children=345,27,379,661 grandchildren=3450,270,3790,6610
HASH_ROUTE token=137 layer=8 children=148,941,84,1267 grandchildren=1480,9410,840,12670
HASH_ROUTE token=137 layer=9 children=215,183,295,207 grandchildren=2150,1830,2950,2070
HASH_ROUTE token=137 layer=10 children=528,586,592,680 grandchildren=5280,5860,5920,6800
HASH_ROUTE token=137 layer=11 children=904,948,748,913 grandchildren=9040,9480,7480,9130
HASH_ROUTE token=137 layer=12 children=1154,1138,1196,32 grandchildren=11540,11380,11960,320
HASH_ROUTE token=137 layer=13 children=506,664,631,187 grandchildren=5060,6640,6310,1870
HASH_ROUTE token=137 layer=14 children=562,618,248,298 grandchildren=5620,6180,2480,2980
HASH_ROUTE token=137 layer=15 children=920,916,832,956 grandchildren=9200,9160,8320,9560
HASH_ROUTE token=137 layer=16 children=272,213,190,245 grandchildren=2720,2130,1900,2450
HASH_ROUTE token=137 layer=17 children=546,384,604,599 grandchildren=5460,3840,6040,5990
HASH_ROUTE token=137 layer=18 children=819,949,908,838 grandchildren=8190,9490,9080,8380
HASH_ROUTE token=137 layer=19 children=355,670,338,991 grandchildren=3550,6700,3380,9910
HASH_ROUTE token=137 layer=20 children=215,317,373,1011 grandchildren=2150,3170,3730,10110
HASH_ROUTE token=137 layer=21 children=731,412,891,254 grandchildren=7310,4120,8910,2540
HASH_ROUTE token=137 layer=22 children=439,420,1236,1070 grandchildren=4390,4200,12360,10700
HASH_ROUTE token=137 layer=23 children=214,56,537,1171 grandchildren=2140,560,5370,11710
HASH_ROUTE token=138 layer=0 children=76,120,398,441 grandchildren=760,1200,3980,4410
HASH_ROUTE token=138 layer=1 children=184,343,665,29 grandchildren=1840,3430,6650,290
HASH_ROUTE token=138 layer=2 children=1217,1188,1225,1239 grandchildren=12170,11880,12250,12390
HASH_ROUTE token=138 layer=3 children=932,298,851,1093 grandchildren=9320,2980,8510,10930
HASH_ROUTE token=138 layer=4 children=232,1190,71,295 grandchildren=2320,11900,710,2950
HASH_ROUTE token=138 layer=5 children=881,924,953,807 grandchildren=8810,9240,9530,8070
HASH_ROUTE token=138 layer=6 children=456,1092,443,429 grandchildren=4560,10920,4430,4290
HASH_ROUTE token=138 layer=7 children=692,671,1011,998 grandchildren=6920,6710,10110,9980
HASH_ROUTE token=138 layer=8 children=852,954,919,829 grandchildren=8520,9540,9190,8290
HASH_ROUTE token=138 layer=9 children=290,211,1252,934 grandchildren=2900,2110,12520,9340
HASH_ROUTE token=138 layer=10 children=915,1079,849,1003 grandchildren=9150,10790,8490,10030
HASH_ROUTE token=138 layer=11 children=831,908,815,944 grandchildren=8310,9080,8150,9440
HASH_ROUTE token=138 layer=12 children=1175,1218,1164,1197 grandchildren=11750,12180,11640,11970
HASH_ROUTE token=138 layer=13 children=923,289,887,953 grandchildren=9230,2890,8870,9530
HASH_ROUTE token=138 layer=14 children=316,187,204,298 grandchildren=3160,1870,2040,2980
HASH_ROUTE token=138 layer=15 children=920,916,810,882 grandchildren=9200,9160,8100,8820
HASH_ROUTE token=138 layer=16 children=192,272,205,239 grandchildren=1920,2720,2050,2390
HASH_ROUTE token=138 layer=17 children=981,1087,1030,1066 grandchildren=9810,10870,10300,10660
HASH_ROUTE token=138 layer=18 children=837,910,932,857 grandchildren=8370,9100,9320,8570
HASH_ROUTE token=138 layer=19 children=701,866,383,1186 grandchildren=7010,8660,3830,11860
HASH_ROUTE token=138 layer=20 children=373,214,539,476 grandchildren=3730,2140,5390,4760
HASH_ROUTE token=138 layer=21 children=170,303,254,192 grandchildren=1700,3030,2540,1920
HASH_ROUTE token=138 layer=22 children=473,385,420,1270 grandchildren=4730,3850,4200,12700
HASH_ROUTE token=138 layer=23 children=214,537,855,695 grandchildren=2140,5370,8550,6950
HASH_ROUTE token=139 layer=0 children=41,122,360,449 grandchildren=410,1220,3600,4490
HASH_ROUTE token=139 layer=1 children=267,294,242,283 grandchildren=2670,2940,2420,2830
HASH_ROUTE token=139 layer=2 children=742,1061,262,109 grandchildren=7420,10610,2620,1090
HASH_ROUTE token=139 layer=3 children=904,740,866,100 grandchildren=9040,7400,8660,1000
HASH_ROUTE token=139 layer=4 children=346,184,457,294 grandchildren=3460,1840,4570,2940
HASH_ROUTE token=139 layer=5 children=861,1029,925,958 grandchildren=8610,10290,9250,9580
HASH_ROUTE token=139 layer=6 children=566,518,612,88 grandchildren=5660,5180,6120,880
HASH_ROUTE token=139 layer=7 children=105,112,148,83 grandchildren=1050,1120,1480,830
HASH_ROUTE token=139 layer=8 children=930,1090,774,1256 grandchildren=9300,10900,7740,12560
HASH_ROUTE token=139 layer=9 children=223,241,869,176 grandchildren=2230,2410,8690,1760
HASH_ROUTE token=139 layer=10 children=774,652,688,759 grandchildren=7740,6520,6880,7590
HASH_ROUTE token=139 layer=11 children=865,908,1189,1223 grandchildren=8650,9080,11890,12230
HASH_ROUTE token=139 layer=12 children=539,559,529,213 grandchildren=5390,5590,5290,2130
HASH_ROUTE token=139 layer=13 children=1058,971,1085,1098 grandchildren=10580,9710,10850,10980
HASH_ROUTE token=139 layer=14 children=939,299,888,246 grandchildren=9390,2990,8880,2460
HASH_ROUTE token=139 layer=15 children=338,812,497,651 grandchildren=3380,8120,4970,6510
HASH_ROUTE token=139 layer=16 children=262,217,586,534 grandchildren=2620,2170,5860,5340
HASH_ROUTE token=139 layer=17 children=594,501,438,542 grandchildren=5940,5010,4380,5420
HASH_ROUTE token=139 layer=18 children=830,910,1154,959 grandchildren=8300,9100,11540,9590
HASH_ROUTE token=139 layer=19 children=844,685,819,907 grandchildren=8440,6850,8190,9070
HASH_ROUTE token=139 layer=20 children=213,854,273,1019 grandchildren=2130,8540,2730,10190
HASH_ROUTE token=139 layer=21 children=231,203,177,879 grandchildren=2310,2030,1770,8790
HASH_ROUTE token=139 layer=22 children=310,1119,1277,635 grandchildren=3100,11190,12770,6350
HASH_ROUTE token=139 layer=23 children=537,695,56,216 grandchildren=5370,6950,560,2160
HASH_ROUTE token=140 layer=0 children=122,441,1089,43 grandchildren=1220,4410,10890,430
HASH_ROUTE token=140 layer=1 children=341,453,360,184 grandchildren=3410,4530,3600,1840
HASH_ROUTE token=140 layer=2 children=432,364,596,384 grandchildren=4320,3640,5960,3840
HASH_ROUTE token=140 layer=3 children=984,503,1030,1065 grandchildren=9840,5030,10300,10650
HASH_ROUTE token=140 layer=4 children=573,414,548,380 grandchildren=5730,4140,5480,3800
HASH_ROUTE token=140 layer=5 children=400,478,888,440 grandchildren=4000,4780,8880,4400
HASH_ROUTE token=140 layer=6 children=1208,726,1047,566 grandchildren=12080,7260,10470,5660
HASH_ROUTE token=140 layer=7 children=411,400,433,441 grandchildren=4110,4000,4330,4410
HASH_ROUTE token=140 layer=8 children=1126,489,1188,548 grandchildren=11260,4890,11880,5480
HASH_ROUTE token=140 layer=9 children=348,185,385,464 grandchildren=3480,1850,3850,4640
HASH_ROUTE token=140 layer=10 children=649,802,771,652 grandchildren=6490,8020,7710,6520
HASH_ROUTE token=140 layer=11 children=792,153,956,748 grandchildren=7920,1530,9560,7480
HASH_ROUTE token=140 layer=12 children=685,1162,729,738 grandchildren=6850,11620,7290,7380
HASH_ROUTE token=140 layer=13 children=816,933,891,1134 grandchildren=8160,9330,8910,11340
HASH_ROUTE token=140 layer=14 children=230,718,284,767 grandchildren=2300,7180,2840,7670
HASH_ROUTE token=140 layer=15 children=344,472,336,439 grandchildren=3440,4720,3360,4390
HASH_ROUTE token=140 layer=16 children=91,1057,250,412 grandchildren=910,10570,2500,4120
HASH_ROUTE token=140 layer=17 children=1148,188,983,502 grandchildren=11480,1880,9830,5020
HASH_ROUTE token=140 layer=18 children=273,910,436,1073 grandchildren=2730,9100,4360,10730
HASH_ROUTE token=140 layer=19 children=355,338,996,391 grandchildren=3550,3380,9960,3910
HASH_ROUTE token=140 layer=20 children=272,208,213,225 grandchildren=2720,2080,2130,2250
HASH_ROUTE token=140 layer=21 children=336,13,416,93 grandchildren=3360,130,4160,930
HASH_ROUTE token=140 layer=22 children=632,310,546,227 grandchildren=6320,3100,5460,2270
HASH_ROUTE token=140 layer=23 children=214,537,1017,50 grandchildren=2140,5370,10170,500
HASH_ROUTE token=141 layer=0 children=846,361,920,41 grandchildren=8460,3610,9200,410
HASH_ROUTE token=141 layer=1 children=824,901,342,428 grandchildren=8240,9010,3420,4280
HASH_ROUTE token=141 layer=2 children=734,682,705,92 grandchildren=7340,6820,7050,920
HASH_ROUTE token=141 layer=3 children=989,973,826,1055 grandchildren=9890,9730,8260,10550
HASH_ROUTE token=141 layer=4 children=450,439,403,296 grandchildren=4500,4390,4030,2960
HASH_ROUTE token=141 layer=5 children=928,880,765,446 grandchildren=9280,8800,7650,4460
HASH_ROUTE token=141 layer=6 children=943,844,876,302 grandchildren=9430,8440,8760,3020
HASH_ROUTE token=141 layer=7 children=58,538,84,373 grandchildren=580,5380,840,3730
HASH_ROUTE token=141 layer=8 children=953,940,631,150 grandchildren=9530,9400,6310,1500
HASH_ROUTE token=141 layer=9 children=1173,856,372,214 grandchildren=11730,8560,3720,2140
HASH_ROUTE token=141 layer=10 children=1075,1097,987,1022 grandchildren=10750,10970,9870,10220
HASH_ROUTE token=141 layer=11 children=1077,1020,1050,1049 grandchildren=10770,10200,10500,10490
HASH_ROUTE token=141 layer=12 children=522,205,513,192 grandchildren=5220,2050,5130,1920
HASH_ROUTE token=141 layer=13 children=1242,1128,1084,968 grandchildren=12420,11280,10840,9680
HASH_ROUTE token=141 layer=14 children=565,244,532,885 grandchildren=5650,2440,5320,8850
HASH_ROUTE token=141 layer=15 children=344,404,440,336 grandchildren=3440,4040,4400,3360
HASH_ROUTE token=141 layer=16 children=770,646,292,162 grandchildren=7700,6460,2920,1620
HASH_ROUTE token=141 layer=17 children=983,1144,501,188 grandchildren=9830,11440,5010,1880
HASH_ROUTE token=141 layer=18 children=343,503,988,335 grandchildren=3430,5030,9880,3350
HASH_ROUTE token=141 layer=19 children=338,355,391,387 grandchildren=3380,3550,3910,3870
HASH_ROUTE token=141 layer=20 children=277,185,210,1075 grandchildren=2770,1850,2100,10750
HASH_ROUTE token=141 layer=21 children=419,254,899,97 grandchildren=4190,2540,8990,970
HASH_ROUTE token=141 layer=22 children=1064,581,1054,1022 grandchildren=10640,5810,10540,10220
HASH_ROUTE token=141 layer=23 children=214,190,537,517 grandchildren=2140,1900,5370,5170
HASH_ROUTE token=142 layer=0 children=153,50,72,65 grandchildren=1530,500,720,650
HASH_ROUTE token=142 layer=1 children=175,297,652,499 grandchildren=1750,2970,6520,4990
HASH_ROUTE token=142 layer=2 children=100,424,747,588 grandchildren=1000,4240,7470,5880
HASH_ROUTE token=142 layer=3 children=106,68,18,900 grandchildren=1060,680,180,9000
HASH_ROUTE token=142 layer=4 children=186,294,311,194 grandchildren=1860,2940,3110,1940
HASH_ROUTE token=142 layer=5 children=1179,1210,1272,1130 grandchildren=11790,12100,12720,11300
HASH_ROUTE token=142 layer=6 children=129,442,760,288 grandchildren=1290,4420,7600,2880
HASH_ROUTE token=142 layer=7 children=137,934,617,459 grandchildren=1370,9340,6170,4590
HASH_ROUTE token=142 layer=8 children=1112,953,314,1040 grandchildren=11120,9530,3140,10400
HASH_ROUTE token=142 layer=9 children=955,316,897,915 grandchildren=9550,3160,8970,9150
HASH_ROUTE token=142 layer=10 children=347,1145,180,446 grandchildren=3470,11450,1800,4460
HASH_ROUTE token=142 layer=11 children=24,1142,32,1154 grandchildren=240,11420,320,11540
HASH_ROUTE token=142 layer=12 children=378,327,478,219 grandchildren=3780,3270,4780,2190
HASH_ROUTE token=142 layer=13 children=148,786,948,463 grandchildren=1480,7860,9480,4630
HASH_ROUTE token=142 layer=14 children=693,777,537,792 grandchildren=6930,7770,5370,7920
HASH_ROUTE token=142 layer=15 children=995,831,1040,1024 grandchildren=9950,8310,10400,10240
HASH_ROUTE token=142 layer=16 children=437,365,346,418 grandchildren=4370,3650,3460,4180
HASH_ROUTE token=142 layer=17 children=981,188,1144,346 grandchildren=9810,1880,11440,3460
HASH_ROUTE token=142 layer=18 children=380,320,364,459 grandchildren=3800,3200,3640,4590
HASH_ROUTE token=142 layer=19 children=606,440,120,926 grandchildren=6060,4400,1200,9260
HASH_ROUTE token=142 layer=20 children=766,734,667,648 grandchildren=7660,7340,6670,6480
HASH_ROUTE token=142 layer=21 children=1030,552,236,870 grandchildren=10300,5520,2360,8700
HASH_ROUTE token=142 layer=22 children=331,178,656,13 grandchildren=3310,1780,6560,130
HASH_ROUTE token=142 layer=23 children=945,879,816,909 grandchildren=9450,8790,8160,9090
HASH_ROUTE token=143 layer=0 children=755,649,779,713 grandchildren=7550,6490,7790,7130
HASH_ROUTE token=143 layer=1 children=527,689,504,663 grandchildren=5270,6890,5040,6630
HASH_ROUTE token=143 layer=2 children=352,830,36,991 grandchildren=3520,8300,360,9910
HASH_ROUTE token=143 layer=3 children=623,613,535,554 grandchildren=6230,6130,5350,5540
HASH_ROUTE token=143 layer=4 children=465,434,1260,452 grandchildren=4650,4340,12600,4520
HASH_ROUTE token=143 layer=5 children=320,809,963,168 grandchildren=3200,8090,9630,1680
HASH_ROUTE token=143 layer=6 children=461,785,620,946 grandchildren=4610,7850,6200,9460
HASH_ROUTE token=143 layer=7 children=148,99,38,621 grandchildren=1480,990,380,6210
HASH_ROUTE token=143 layer=8 children=1014,697,1100,786 grandchildren=10140,6970,11000,7860
HASH_ROUTE token=143 layer=9 children=131,55,938,156 grandchildren=1310,550,9380,1560
HASH_ROUTE token=143 layer=10 children=616,626,540,587 grandchildren=6160,6260,5400,5870
HASH_ROUTE token=143 layer=11 children=916,1077,866,753 grandchildren=9160,10770,8660,7530
HASH_ROUTE token=143 layer=12 children=359,839,1151,512 grandchildren=3590,8390,11510,5120
HASH_ROUTE token=143 layer=13 children=324,167,489,361 grandchildren=3240,1670,4890,3610
HASH_ROUTE token=143 layer=14 children=1102,1264,1096,947 grandchildren=11020,12640,10960,9470
HASH_ROUTE token=143 layer=15 children=767,127,1080,678 grandchildren=7670,1270,10800,6780
HASH_ROUTE token=143 layer=16 children=921,600,889,124 grandchildren=9210,6000,8890,1240
HASH_ROUTE token=143 layer=17 children=893,954,801,91 grandchildren=8930,9540,8010,910
HASH_ROUTE token=143 layer=18 children=740,1226,268,721 grandchildren=7400,12260,2680,7210
HASH_ROUTE token=143 layer=19 children=322,647,1121,482 grandchildren=3220,6470,11210,4820
HASH_ROUTE token=143 layer=20 children=1264,309,1223,786 grandchildren=12640,3090,12230,7860
HASH_ROUTE token=143 layer=21 children=1180,1238,700,65 grandchildren=11800,12380,7000,650
HASH_ROUTE token=143 layer=22 children=939,295,1090,772 grandchildren=9390,2950,10900,7720
HASH_ROUTE token=143 layer=23 children=109,45,71,261 grandchildren=1090,450,710,2610
HASH_ROUTE token=144 layer=0 children=326,367,434,441 grandchildren=3260,3670,4340,4410
HASH_ROUTE token=144 layer=1 children=172,207,810,843 grandchildren=1720,2070,8100,8430
HASH_ROUTE token=144 layer=2 children=899,576,815,417 grandchildren=8990,5760,8150,4170
HASH_ROUTE token=144 layer=3 children=931,1090,130,294 grandchildren=9310,10900,1300,2940
HASH_ROUTE token=144 layer=4 children=635,317,959,475 grandchildren=6350,3170,9590,4750
HASH_ROUTE token=144 layer=5 children=1212,1130,1174,252 grandchildren=12120,11300,11740,2520
HASH_ROUTE token=144 layer=6 children=289,761,310,197 grandchildren=2890,7610,3100,1970
HASH_ROUTE token=144 layer=7 children=611,521,514,536 grandchildren=6110,5210,5140,5360
HASH_ROUTE token=144 layer=8 children=788,1105,627,944 grandchildren=7880,11050,6270,9440
HASH_ROUTE token=144 layer=9 children=838,513,191,892 grandchildren=8380,5130,1910,8920
HASH_ROUTE token=144 layer=10 children=240,275,187,727 grandchildren=2400,2750,1870,7270
HASH_ROUTE token=144 layer=11 children=10,490,6,173 grandchildren=100,4900,60,1730
HASH_ROUTE token=144 layer=12 children=684,1003,748,772 grandchildren=6840,10030,7480,7720
HASH_ROUTE token=144 layer=13 children=946,147,1260,1105 grandchildren=9460,1470,12600,11050
HASH_ROUTE token=144 layer=14 children=613,936,777,294 grandchildren=6130,9360,7770,2940
HASH_ROUTE token=144 layer=15 children=343,472,827,410 grandchildren=3430,4720,8270,4100
HASH_ROUTE token=144 layer=16 children=429,325,413,434 grandchildren=4290,3250,4130,4340
HASH_ROUTE token=144 layer=17 children=983,1060,662,1056 grandchildren=9830,10600,6620,10560
HASH_ROUTE token=144 layer=18 children=161,186,248,283 grandchildren=1610,1860,2480,2830
HASH_ROUTE token=144 layer=19 children=652,712,778,15 grandchildren=6520,7120,7780,150
HASH_ROUTE token=144 layer=20 children=318,634,178,278 grandchildren=3180,6340,1780,2780
HASH_ROUTE token=144 layer=21 children=10,40,93,335 grandchildren=100,400,930,3350
HASH_ROUTE token=144 layer=22 children=1247,1123,1084,969 grandchildren=12470,11230,10840,9690
HASH_ROUTE token=144 layer=23 children=34,124,44,86 grandchildren=340,1240,440,860
HASH_ROUTE token=145 layer=0 children=960,321,1089,1128 grandchildren=9600,3210,10890,11280
HASH_ROUTE token=145 layer=1 children=295,189,244,160 grandchildren=2950,1890,2440,1600
HASH_ROUTE token=145 layer=2 children=330,973,18,499 grandchildren=3300,9730,180,4990
HASH_ROUTE token=145 layer=3 children=107,1221,267,421 grandchildren=1070,12210,2670,4210
HASH_ROUTE token=145 layer=4 children=200,364,287,449 grandchildren=2000,3640,2870,4490
HASH_ROUTE token=145 layer=5 children=1213,1173,1134,252 grandchildren=12130,11730,11340,2520
HASH_ROUTE token=145 layer=6 children=246,725,1209,88 grandchildren=2460,7250,12090,880
HASH_ROUTE token=145 layer=7 children=697,52,219,534 grandchildren=6970,520,2190,5340
HASH_ROUTE token=145 layer=8 children=311,950,792,1117 grandchildren=3110,9500,7920,11170
HASH_ROUTE token=145 layer=9 children=312,257,957,795 grandchildren=3120,2570,9570,7950
HASH_ROUTE token=145 layer=10 children=545,591,707,1181 grandchildren=5450,5910,7070,11810
HASH_ROUTE token=145 layer=11 children=43,77,61,24 grandchildren=430,770,610,240
HASH_ROUTE token=145 layer=12 children=378,696,850,217 grandchildren=3780,6960,8500,2170
HASH_ROUTE token=145 layer=13 children=86,147,91,50 grandchildren=860,1470,910,500
HASH_ROUTE token=145 layer=14 children=293,196,248,282 grandchildren=2930,1960,2480,2820
HASH_ROUTE token=145 layer=15 children=1003,363,997,351 grandchildren=10030,3630,9970,3510
HASH_ROUTE token=145 layer=16 children=452,418,434,1253 grandchildren=4520,4180,4340,12530
HASH_ROUTE token=145 layer=17 children=180,215,238,1144 grandchildren=1800,2150,2380,11440
HASH_ROUTE token=145 layer=18 children=100,909,429,261 grandchildren=1000,9090,4290,2610
HASH_ROUTE token=145 layer=19 children=676,744,705,1152 grandchildren=6760,7440,7050,11520
HASH_ROUTE token=145 layer=20 children=213,319,244,198 grandchildren=2130,3190,2440,1980
HASH_ROUTE token=145 layer=21 children=33,46,70,831 grandchildren=330,460,700,8310
HASH_ROUTE token=145 layer=22 children=269,428,742,179 grandchildren=2690,4280,7420,1790
HASH_ROUTE token=145 layer=23 children=1037,235,1017,1064 grandchildren=10370,2350,10170,10640
HASH_ROUTE token=146 layer=0 children=901,100,422,951 grandchildren=9010,1000,4220,9510
HASH_ROUTE token=146 layer=1 children=259,189,203,242 grandchildren=2590,1890,2030,2420
HASH_ROUTE token=146 layer=2 children=867,382,891,1024 grandchildren=8670,3820,8910,10240
HASH_ROUTE token=146 layer=3 children=1229,107,740,1154 grandchildren=12290,1070,7400,11540
HASH_ROUTE token=146 layer=4 children=444,382,281,365 grandchildren=4440,3820,2810,3650
HASH_ROUTE token=146 layer=5 children=389,410,865,891 grandchildren=3890,4100,8650,8910
HASH_ROUTE token=146 layer=6 children=728,1203,676,243 grandchildren=7280,12030,6760,2430
HASH_ROUTE token=146 layer=7 children=219,1018,854,294 grandchildren=2190,10180,8540,2940
HASH_ROUTE token=146 layer=8 children=102,58,149,583 grandchildren=1020,580,1490,5830
HASH_ROUTE token=146 layer=9 children=246,314,182,251 grandchildren=2460,3140,1820,2510
HASH_ROUTE token=146 layer=10 children=884,1045,1203,932 grandchildren=8840,10450,12030,9320
HASH_ROUTE token=146 layer=11 children=159,56,956,853 grandchildren=1590,560,9560,8530
HASH_ROUTE token=146 layer=12 children=169,247,213,223 grandchildren=1690,2470,2130,2230
HASH_ROUTE token=146 layer=13 children=729,779,737,787 grandchildren=7290,7790,7370,7870
HASH_ROUTE token=146 layer=14 children=936,855,777,920 grandchildren=9360,8550,7770,9200
HASH_ROUTE token=146 layer=15 children=474,363,371,345 grandchildren=4740,3630,3710,3450
HASH_ROUTE token=146 layer=16 children=251,418,223,381 grandchildren=2510,4180,2230,3810
HASH_ROUTE token=146 layer=17 children=1144,1179,1153,1222 grandchildren=11440,11790,11530,12220
HASH_ROUTE token=146 layer=18 children=151,1114,477,100 grandchildren=1510,11140,4770,1000
HASH_ROUTE token=146 layer=19 children=1208,242,724,1151 grandchildren=12080,2420,7240,11510
HASH_ROUTE token=146 layer=20 children=347,185,362,375 grandchildren=3470,1850,3620,3750
HASH_ROUTE token=146 layer=21 children=143,1262,464,71 grandchildren=1430,12620,4640,710
HASH_ROUTE token=146 layer=22 children=281,238,243,161 grandchildren=2810,2380,2430,1610
HASH_ROUTE token=146 layer=23 children=199,309,213,261 grandchildren=1990,3090,2130,2610
HASH_ROUTE token=147 layer=0 children=153,50,41,471 grandchildren=1530,500,410,4710
HASH_ROUTE token=147 layer=1 children=294,261,174,779 grandchildren=2940,2610,1740,7790
HASH_ROUTE token=147 layer=2 children=1122,1228,1137,1162 grandchildren=11220,12280,11370,11620
HASH_ROUTE token=147 layer=3 children=740,669,901,798 grandchildren=7400,6690,9010,7980
HASH_ROUTE token=147 layer=4 children=292,454,236,182 grandchildren=2920,4540,2360,1820
HASH_ROUTE token=147 layer=5 children=751,911,434,703 grandchildren=7510,9110,4340,7030
HASH_ROUTE token=147 layer=6 children=243,285,1047,173 grandchildren=2430,2850,10470,1730
HASH_ROUTE token=147 layer=7 children=1068,587,1109,749 grandchildren=10680,5870,11090,7490
HASH_ROUTE token=147 layer=8 children=328,802,488,8 grandchildren=3280,8020,4880,80
HASH_ROUTE token=147 layer=9 children=309,203,185,941 grandchildren=3090,2030,1850,9410
HASH_ROUTE token=147 layer=10 children=649,160,323,7 grandchildren=6490,1600,3230,70
HASH_ROUTE token=147 layer=11 children=936,868,909,858 grandchildren=9360,8680,9090,8580
HASH_ROUTE token=147 layer=12 children=529,203,559,48 grandchildren=5290,2030,5590,480
HASH_ROUTE token=147 layer=13 children=1059,1011,893,571 grandchildren=10590,10110,8930,5710
HASH_ROUTE token=147 layer=14 children=242,212,295,884 grandchildren=2420,2120,2950,8840
HASH_ROUTE token=147 layer=15 children=998,1115,1089,1074 grandchildren=9980,11150,10890,10740
HASH_ROUTE token=147 layer=16 children=427,358,266,196 grandchildren=4270,3580,2660,1960
HASH_ROUTE token=147 layer=17 children=263,1225,230,188 grandchildren=2630,12250,2300,1880
HASH_ROUTE token=147 layer=18 children=831,847,910,997 grandchildren=8310,8470,9100,9970
HASH_ROUTE token=147 layer=19 children=704,863,383,545 grandchildren=7040,8630,3830,5450
HASH_ROUTE token=147 layer=20 children=213,532,198,298 grandchildren=2130,5320,1980,2980
HASH_ROUTE token=147 layer=21 children=332,11,818,350 grandchildren=3320,110,8180,3500
HASH_ROUTE token=147 layer=22 children=1184,1270,1124,1131 grandchildren=11840,12700,11240,11310
HASH_ROUTE token=147 layer=23 children=218,1171,537,693 grandchildren=2180,11710,5370,6930
HASH_ROUTE token=148 layer=0 children=320,446,4,965 grandchildren=3200,4460,40,9650
HASH_ROUTE token=148 layer=1 children=248,405,184,210 grandchildren=2480,4050,1840,2100
HASH_ROUTE token=148 layer=2 children=757,272,655,642 grandchildren=7570,2720,6550,6420
HASH_ROUTE token=148 layer=3 children=1229,1189,1269,587 grandchildren=12290,11890,12690,5870
HASH_ROUTE token=148 layer=4 children=449,123,1247,289 grandchildren=4490,1230,12470,2890
HASH_ROUTE token=148 layer=5 children=370,400,464,858 grandchildren=3700,4000,4640,8580
HASH_ROUTE token=148 layer=6 children=1042,1035,1091,1114 grandchildren=10420,10350,10910,11140
HASH_ROUTE token=148 layer=7 children=695,859,770,665 grandchildren=6950,8590,7700,6650
HASH_ROUTE token=148 layer=8 children=1187,864,1027,542 grandchildren=11870,8640,10270,5420
HASH_ROUTE token=148 layer=9 children=318,959,232,212 grandchildren=3180,9590,2320,2120
HASH_ROUTE token=148 layer=10 children=959,795,1276,895 grandchildren=9590,7950,12760,8950
HASH_ROUTE token=148 layer=11 children=1182,1211,1254,1201 grandchildren=11820,12110,12540,12010
HASH_ROUTE token=148 layer=12 children=220,542,198,519 grandchildren=2200,5420,1980,5190
HASH_ROUTE token=148 layer=13 children=153,952,40,1118 grandchildren=1530,9520,400,11180
HASH_ROUTE token=148 layer=14 children=236,246,188,268 grandchildren=2360,2460,1880,2680
HASH_ROUTE token=148 layer=15 children=1089,444,1016,924 grandchildren=10890,4440,10160,9240
HASH_ROUTE token=148 layer=16 children=276,250,192,281 grandchildren=2760,2500,1920,2810
HASH_ROUTE token=148 layer=17 children=188,1143,284,983 grandchildren=1880,11430,2840,9830
HASH_ROUTE token=148 layer=18 children=830,909,940,510 grandchildren=8300,9090,9400,5100
HASH_ROUTE token=148 layer=19 children=679,1157,355,36 grandchildren=6790,11570,3550,360
HASH_ROUTE token=148 layer=20 children=1017,1073,995,975 grandchildren=10170,10730,9950,9750
HASH_ROUTE token=148 layer=21 children=339,356,362,320 grandchildren=3390,3560,3620,3200
HASH_ROUTE token=148 layer=22 children=389,325,866,419 grandchildren=3890,3250,8660,4190
HASH_ROUTE token=148 layer=23 children=698,218,50,684 grandchildren=6980,2180,500,6840
HASH_ROUTE token=149 layer=0 children=469,1101,337,400 grandchildren=4690,11010,3370,4000
HASH_ROUTE token=149 layer=1 children=133,99,1,128 grandchildren=1330,990,10,1280
HASH_ROUTE token=149 layer=2 children=989,1054,1074,1095 grandchildren=9890,10540,10740,10950
HASH_ROUTE token=149 layer=3 children=1236,1188,113,597 grandchildren=12360,11880,1130,5970
HASH_ROUTE token=149 layer=4 children=527,365,1009,621 grandchildren=5270,3650,10090,6210
HASH_ROUTE token=149 layer=5 children=39,49,151,77 grandchildren=390,490,1510,770
HASH_ROUTE token=149 layer=6 children=249,298,1043,1093 grandchildren=2490,2980,10430,10930
HASH_ROUTE token=149 layer=7 children=255,281,279,292 grandchildren=2550,2810,2790,2920
HASH_ROUTE token=149 layer=8 children=1267,1142,1231,1160 grandchildren=12670,11420,12310,11600
HASH_ROUTE token=149 layer=9 children=308,1266,233,316 grandchildren=3080,12660,2330,3160
HASH_ROUTE token=149 layer=10 children=756,704,689,776 grandchildren=7560,7040,6890,7760
HASH_ROUTE token=149 layer=11 children=866,704,904,933 grandchildren=8660,7040,9040,9330
HASH_ROUTE token=149 layer=12 children=695,213,531,1011 grandchildren=6950,2130,5310,10110
HASH_ROUTE token=149 layer=13 children=732,653,694,1210 grandchildren=7320,6530,6940,12100
HASH_ROUTE token=149 layer=14 children=295,1095,203,1001 grandchildren=2950,10950,2030,10010
HASH_ROUTE token=149 layer=15 children=1084,920,969,767 grandchildren=10840,9200,9690,7670
HASH_ROUTE token=149 layer=16 children=196,217,232,254 grandchildren=1960,2170,2320,2540
HASH_ROUTE token=149 layer=17 children=188,230,343,983 grandchildren=1880,2300,3430,9830
HASH_ROUTE token=149 layer=18 children=1072,1019,910,1047 grandchildren=10720,10190,9100,10470
HASH_ROUTE token=149 layer=19 children=380,225,346,180 grandchildren=3800,2250,3460,1800
HASH_ROUTE token=149 layer=20 children=213,532,1179,242 grandchildren=2130,5320,11790,2420
HASH_ROUTE token=149 layer=21 children=365,849,48,355 grandchildren=3650,8490,480,3550
HASH_ROUTE token=149 layer=22 children=227,175,544,389 grandchildren=2270,1750,5440,3890
HASH_ROUTE token=149 layer=23 children=199,214,306,260 grandchildren=1990,2140,3060,2600
HASH_ROUTE token=150 layer=0 children=477,361,449,411 grandchildren=4770,3610,4490,4110
HASH_ROUTE token=150 layer=1 children=411,342,330,362 grandchildren=4110,3420,3300,3620
HASH_ROUTE token=150 layer=2 children=1108,785,469,301 grandchildren=11080,7850,4690,3010
HASH_ROUTE token=150 layer=3 children=794,688,1272,658 grandchildren=7940,6880,12720,6580
HASH_ROUTE token=150 layer=4 children=939,452,1090,869 grandchildren=9390,4520,10900,8690
HASH_ROUTE token=150 layer=5 children=17,67,30,159 grandchildren=170,670,300,1590
HASH_ROUTE token=150 layer=6 children=687,1169,48,525 grandchildren=6870,11690,480,5250
HASH_ROUTE token=150 layer=7 children=57,535,121,75 grandchildren=570,5350,1210,750
HASH_ROUTE token=150 layer=8 children=1108,1077,1018,940 grandchildren=11080,10770,10180,9400
HASH_ROUTE token=150 layer=9 children=301,1263,241,220 grandchildren=3010,12630,2410,2200
HASH_ROUTE token=150 layer=10 children=776,752,640,1096 grandchildren=7760,7520,6400,10960
HASH_ROUTE token=150 layer=11 children=752,113,1078,688 grandchildren=7520,1130,10780,6880
HASH_ROUTE token=150 layer=12 children=59,697,72,139 grandchildren=590,6970,720,1390
HASH_ROUTE token=150 layer=13 children=234,259,179,557 grandchildren=2340,2590,1790,5570
HASH_ROUTE token=150 layer=14 children=311,155,235,261 grandchildren=3110,1550,2350,2610
HASH_ROUTE token=150 layer=15 children=1081,969,440,990 grandchildren=10810,9690,4400,9900
HASH_ROUTE token=150 layer=16 children=437,352,342,419 grandchildren=4370,3520,3420,4190
HASH_ROUTE token=150 layer=17 children=1064,1223,264,1088 grandchildren=10640,12230,2640,10880
HASH_ROUTE token=150 layer=18 children=459,407,1094,352 grandchildren=4590,4070,10940,3520
HASH_ROUTE token=150 layer=19 children=36,13,158,100 grandchildren=360,130,1580,1000
HASH_ROUTE token=150 layer=20 children=213,535,691,185 grandchildren=2130,5350,6910,1850
HASH_ROUTE token=150 layer=21 children=426,365,414,372 grandchildren=4260,3650,4140,3720
HASH_ROUTE token=150 layer=22 children=971,496,1110,969 grandchildren=9710,4960,11100,9690
HASH_ROUTE token=150 layer=23 children=195,177,30,18 grandchildren=1950,1770,300,180
HASH_ROUTE token=151 layer=0 children=441,325,412,339 grandchildren=4410,3250,4120,3390
HASH_ROUTE token=151 layer=1 children=138,101,4,933 grandchildren=1380,1010,40,9330
HASH_ROUTE token=151 layer=2 children=456,431,937,917 grandchildren=4560,4310,9370,9170
HASH_ROUTE token=151 layer=3 children=327,412,425,452 grandchildren=3270,4120,4250,4520
HASH_ROUTE token=151 layer=4 children=1098,138,290,613 grandchildren=10980,1380,2900,6130
HASH_ROUTE token=151 layer=5 children=434,113,1232,388 grandchildren=4340,1130,12320,3880
HASH_ROUTE token=151 layer=6 children=720,677,795,776 grandchildren=7200,6770,7950,7760
HASH_ROUTE token=151 layer=7 children=193,35,216,58 grandchildren=1930,350,2160,580
HASH_ROUTE token=151 layer=8 children=1061,961,1073,1022 grandchildren=10610,9610,10730,10220
HASH_ROUTE token=151 layer=9 children=956,947,471,1116 grandchildren=9560,9470,4710,11160
HASH_ROUTE token=151 layer=10 children=735,1210,776,751 grandchildren=7350,12100,7760,7510
HASH_ROUTE token=151 layer=11 children=145,103,61,18 grandchildren=1450,1030,610,180
HASH_ROUTE token=151 layer=12 children=529,587,635,1161 grandchildren=5290,5870,6350,11610
HASH_ROUTE token=151 layer=13 children=139,779,1255,291 grandchildren=1390,7790,12550,2910
HASH_ROUTE token=151 layer=14 children=877,821,710,660 grandchildren=8770,8210,7100,6600
HASH_ROUTE token=151 layer=15 children=475,323,341,379 grandchildren=4750,3230,3410,3790
HASH_ROUTE token=151 layer=16 children=252,276,413,437 grandchildren=2520,2760,4130,4370
HASH_ROUTE token=151 layer=17 children=1148,1193,180,231 grandchildren=11480,11930,1800,2310
HASH_ROUTE token=151 layer=18 children=910,830,860,1074 grandchildren=9100,8300,8600,10740
HASH_ROUTE token=151 layer=19 children=355,31,1151,995 grandchildren=3550,310,11510,9950
HASH_ROUTE token=151 layer=20 children=213,244,273,264 grandchildren=2130,2440,2730,2640
HASH_ROUTE token=151 layer=21 children=336,10,365,373 grandchildren=3360,100,3650,3730
HASH_ROUTE token=151 layer=22 children=385,417,541,374 grandchildren=3850,4170,5410,3740
HASH_ROUTE token=151 layer=23 children=261,309,199,179 grandchildren=2610,3090,1990,1790
HASH_ROUTE token=152 layer=0 children=57,378,138,127 grandchildren=570,3780,1380,1270
HASH_ROUTE token=152 layer=1 children=348,184,411,252 grandchildren=3480,1840,4110,2520
HASH_ROUTE token=152 layer=2 children=1008,45,1071,204 grandchildren=10080,450,10710,2040
HASH_ROUTE token=152 layer=3 children=758,702,788,795 grandchildren=7580,7020,7880,7950
HASH_ROUTE token=152 layer=4 children=1204,1266,249,304 grandchildren=12040,12660,2490,3040
HASH_ROUTE token=152 layer=5 children=1023,861,385,1112 grandchildren=10230,8610,3850,11120
HASH_ROUTE token=152 layer=6 children=1102,996,1094,1073 grandchildren=11020,9960,10940,10730
HASH_ROUTE token=152 layer=7 children=508,601,1141,20 grandchildren=5080,6010,11410,200
HASH_ROUTE token=152 layer=8 children=598,627,616,437 grandchildren=5980,6270,6160,4370
HASH_ROUTE token=152 layer=9 children=973,987,1011,1116 grandchildren=9730,9870,10110,11160
HASH_ROUTE token=152 layer=10 children=1230,1244,1139,1271 grandchildren=12300,12440,11390,12710
HASH_ROUTE token=152 layer=11 children=730,704,91,61 grandchildren=7300,7040,910,610
HASH_ROUTE token=152 layer=12 children=533,525,559,629 grandchildren=5330,5250,5590,6290
HASH_ROUTE token=152 layer=13 children=953,152,820,27 grandchildren=9530,1520,8200,270
HASH_ROUTE token=152 layer=14 children=236,79,715,877 grandchildren=2360,790,7150,8770
HASH_ROUTE token=152 layer=15 children=353,832,994,673 grandchildren=3530,8320,9940,6730
HASH_ROUTE token=152 layer=16 children=196,167,228,359 grandchildren=1960,1670,2280,3590
HASH_ROUTE token=152 layer=17 children=184,983,1140,500 grandchildren=1840,9830,11400,5000
HASH_ROUTE token=152 layer=18 children=911,836,854,1072 grandchildren=9110,8360,8540,10720
HASH_ROUTE token=152 layer=19 children=355,31,387,191 grandchildren=3550,310,3870,1910
HASH_ROUTE token=152 layer=20 children=215,1011,853,373 grandchildren=2150,10110,8530,3730
HASH_ROUTE token=152 layer=21 children=320,358,336,441 grandchildren=3200,3580,3360,4410
HASH_ROUTE token=152 layer=22 children=337,1134,386,1186 grandchildren=3370,11340,3860,11860
HASH_ROUTE token=152 layer=23 children=199,230,34,1151 grandchildren=1990,2300,340,11510
HASH_ROUTE token=153 layer=0 children=153,53,72,65 grandchildren=1530,530,720,650
HASH_ROUTE token=153 layer=1 children=171,297,652,17 grandchildren=1710,2970,6520,170
HASH_ROUTE token=153 layer=2 children=747,588,424,100 grandchildren=7470,5880,4240,1000
HASH_ROUTE token=153 layer=3 children=106,68,18,900 grandchildren=1060,680,180,9000
HASH_ROUTE token=153 layer=4 children=186,294,312,194 grandchildren=1860,2940,3120,1940
HASH_ROUTE token=153 layer=5 children=1179,1272,1210,1144 grandchildren=11790,12720,12100,11440
HASH_ROUTE token=153 layer=6 children=129,442,760,289 grandchildren=1290,4420,7600,2890
HASH_ROUTE token=153 layer=7 children=934,137,617,459 grandchildren=9340,1370,6170,4590
HASH_ROUTE token=153 layer=8 children=1110,953,314,1274 grandchildren=11100,9530,3140,12740
HASH_ROUTE token=153 layer=9 children=955,316,897,915 grandchildren=9550,3160,8970,9150
HASH_ROUTE token=153 layer=10 children=347,1145,180,446 grandchildren=3470,11450,1800,4460
HASH_ROUTE token=153 layer=11 children=24,1142,32,1156 grandchildren=240,11420,320,11560
HASH_ROUTE token=153 layer=12 children=374,327,478,388 grandchildren=3740,3270,4780,3880
HASH_ROUTE token=153 layer=13 children=148,786,948,463 grandchildren=1480,7860,9480,4630
HASH_ROUTE token=153 layer=14 children=777,693,616,530 grandchildren=7770,6930,6160,5300
HASH_ROUTE token=153 layer=15 children=995,1024,831,1040 grandchildren=9950,10240,8310,10400
HASH_ROUTE token=153 layer=16 children=365,437,346,1004 grandchildren=3650,4370,3460,10040
HASH_ROUTE token=153 layer=17 children=981,186,1144,662 grandchildren=9810,1860,11440,6620
HASH_ROUTE token=153 layer=18 children=388,459,364,352 grandchildren=3880,4590,3640,3520
HASH_ROUTE token=153 layer=19 children=607,440,120,926 grandchildren=6070,4400,1200,9260
HASH_ROUTE token=153 layer=20 children=766,667,648,677 grandchildren=7660,6670,6480,6770
HASH_ROUTE token=153 layer=21 children=1030,992,1078,968 grandchildren=10300,9920,10780,9680
HASH_ROUTE token=153 layer=22 children=331,1136,178,659 grandchildren=3310,11360,1780,6590
HASH_ROUTE token=153 layer=23 children=874,945,816,909 grandchildren=8740,9450,8160,9090
HASH_ROUTE token=154 layer=0 children=755,649,779,713 grandchildren=7550,6490,7790,7130
HASH_ROUTE token=154 layer=1 children=527,689,504,663 grandchildren=5270,6890,5040,6630
HASH_ROUTE token=154 layer=2 children=352,830,36,991 grandchildren=3520,8300,360,9910
HASH_ROUTE token=154 layer=3 children=623,613,535,554 grandchildren=6230,6130,5350,5540
HASH_ROUTE token=154 layer=4 children=465,434,1260,452 grandchildren=4650,4340,12600,4520
HASH_ROUTE token=154 layer=5 children=320,809,963,168 grandchildren=3200,8090,9630,1680
HASH_ROUTE token=154 layer=6 children=461,785,620,946 grandchildren=4610,7850,6200,9460
HASH_ROUTE token=154 layer=7 children=148,99,38,621 grandchildren=1480,990,380,6210
HASH_ROUTE token=154 layer=8 children=1014,697,1100,786 grandchildren=10140,6970,11000,7860
HASH_ROUTE token=154 layer=9 children=131,55,938,156 grandchildren=1310,550,9380,1560
HASH_ROUTE token=154 layer=10 children=616,626,540,587 grandchildren=6160,6260,5400,5870
HASH_ROUTE token=154 layer=11 children=916,1077,866,753 grandchildren=9160,10770,8660,7530
HASH_ROUTE token=154 layer=12 children=359,839,1151,512 grandchildren=3590,8390,11510,5120
HASH_ROUTE token=154 layer=13 children=324,167,489,361 grandchildren=3240,1670,4890,3610
HASH_ROUTE token=154 layer=14 children=1102,1264,1096,947 grandchildren=11020,12640,10960,9470
HASH_ROUTE token=154 layer=15 children=767,127,1080,678 grandchildren=7670,1270,10800,6780
HASH_ROUTE token=154 layer=16 children=921,600,889,124 grandchildren=9210,6000,8890,1240
HASH_ROUTE token=154 layer=17 children=893,954,801,91 grandchildren=8930,9540,8010,910
HASH_ROUTE token=154 layer=18 children=740,1226,268,721 grandchildren=7400,12260,2680,7210
HASH_ROUTE token=154 layer=19 children=322,647,1121,482 grandchildren=3220,6470,11210,4820
HASH_ROUTE token=154 layer=20 children=1264,309,1223,786 grandchildren=12640,3090,12230,7860
HASH_ROUTE token=154 layer=21 children=1180,1238,700,65 grandchildren=11800,12380,7000,650
HASH_ROUTE token=154 layer=22 children=939,295,1090,772 grandchildren=9390,2950,10900,7720
HASH_ROUTE token=154 layer=23 children=109,45,71,261 grandchildren=1090,450,710,2610
HASH_ROUTE token=155 layer=0 children=49,360,1161,680 grandchildren=490,3600,11610,6800
HASH_ROUTE token=155 layer=1 children=205,297,239,841 grandchildren=2050,2970,2390,8410
HASH_ROUTE token=155 layer=2 children=895,735,810,1217 grandchildren=8950,7350,8100,12170
HASH_ROUTE token=155 layer=3 children=1095,291,133,613 grandchildren=10950,2910,1330,6130
HASH_ROUTE token=155 layer=4 children=182,190,827,160 grandchildren=1820,1900,8270,1600
HASH_ROUTE token=155 layer=5 children=467,300,370,445 grandchildren=4670,3000,3700,4450
HASH_ROUTE token=155 layer=6 children=676,761,714,35 grandchildren=6760,7610,7140,350
HASH_ROUTE token=155 layer=7 children=821,950,804,508 grandchildren=8210,9500,8040,5080
HASH_ROUTE token=155 layer=8 children=363,420,338,320 grandchildren=3630,4200,3380,3200
HASH_ROUTE token=155 layer=9 children=231,197,268,252 grandchildren=2310,1970,2680,2520
HASH_ROUTE token=155 layer=10 children=213,166,173,54 grandchildren=2130,1660,1730,540
HASH_ROUTE token=155 layer=11 children=77,875,26,156 grandchildren=770,8750,260,1560
HASH_ROUTE token=155 layer=12 children=882,868,81,61 grandchildren=8820,8680,810,610
HASH_ROUTE token=155 layer=13 children=826,26,667,987 grandchildren=8260,260,6670,9870
HASH_ROUTE token=155 layer=14 children=565,613,531,591 grandchildren=5650,6130,5310,5910
HASH_ROUTE token=155 layer=15 children=822,347,987,891 grandchildren=8220,3470,9870,8910
HASH_ROUTE token=155 layer=16 children=325,5,429,437 grandchildren=3250,50,4290,4370
HASH_ROUTE token=155 layer=17 children=983,349,1143,184 grandchildren=9830,3490,11430,1840
HASH_ROUTE token=155 layer=18 children=184,988,317,284 grandchildren=1840,9880,3170,2840
HASH_ROUTE token=155 layer=19 children=641,685,676,778 grandchildren=6410,6850,6760,7780
HASH_ROUTE token=155 layer=20 children=598,1072,279,757 grandchildren=5980,10720,2790,7570
HASH_ROUTE token=155 layer=21 children=1024,969,1058,1084 grandchildren=10240,9690,10580,10840
HASH_ROUTE token=155 layer=22 children=969,802,1123,1094 grandchildren=9690,8020,11230,10940
HASH_ROUTE token=155 layer=23 children=39,128,670,148 grandchildren=390,1280,6700,1480
HASH_ROUTE token=156 layer=0 children=641,326,4,967 grandchildren=6410,3260,40,9670
HASH_ROUTE token=156 layer=1 children=294,456,240,210 grandchildren=2940,4560,2400,2100
HASH_ROUTE token=156 layer=2 children=338,410,455,819 grandchildren=3380,4100,4550,8190
HASH_ROUTE token=156 layer=3 children=1228,108,582,428 grandchildren=12280,1080,5820,4280
HASH_ROUTE token=156 layer=4 children=204,318,196,287 grandchildren=2040,3180,1960,2870
HASH_ROUTE token=156 layer=5 children=1212,1177,1137,1265 grandchildren=12120,11770,11370,12650
HASH_ROUTE token=156 layer=6 children=246,728,1209,200 grandchildren=2460,7280,12090,2000
HASH_ROUTE token=156 layer=7 children=690,534,211,52 grandchildren=6900,5340,2110,520
HASH_ROUTE token=156 layer=8 children=954,314,794,1117 grandchildren=9540,3140,7940,11170
HASH_ROUTE token=156 layer=9 children=312,955,250,1273 grandchildren=3120,9550,2500,12730
HASH_ROUTE token=156 layer=10 children=547,506,563,387 grandchildren=5470,5060,5630,3870
HASH_ROUTE token=156 layer=11 children=40,73,59,64 grandchildren=400,730,590,640
HASH_ROUTE token=156 layer=12 children=329,807,370,857 grandchildren=3290,8070,3700,8570
HASH_ROUTE token=156 layer=13 children=91,145,81,39 grandchildren=910,1450,810,390
HASH_ROUTE token=156 layer=14 children=617,567,517,293 grandchildren=6170,5670,5170,2930
HASH_ROUTE token=156 layer=15 children=363,349,471,1166 grandchildren=3630,3490,4710,11660
HASH_ROUTE token=156 layer=16 children=191,163,222,1152 grandchildren=1910,1630,2220,11520
HASH_ROUTE token=156 layer=17 children=423,385,263,220 grandchildren=4230,3850,2630,2200
HASH_ROUTE token=156 layer=18 children=1067,266,428,909 grandchildren=10670,2660,4280,9090
HASH_ROUTE token=156 layer=19 children=100,907,262,744 grandchildren=1000,9070,2620,7440
HASH_ROUTE token=156 layer=20 children=1135,171,1227,1268 grandchildren=11350,1710,12270,12680
HASH_ROUTE token=156 layer=21 children=38,59,114,192 grandchildren=380,590,1140,1920
HASH_ROUTE token=156 layer=22 children=395,428,439,1037 grandchildren=3950,4280,4390,10370
HASH_ROUTE token=156 layer=23 children=239,872,71,242 grandchildren=2390,8720,710,2420
HASH_ROUTE token=157 layer=0 children=122,444,1089,605 grandchildren=1220,4440,10890,6050
HASH_ROUTE token=157 layer=1 children=451,342,396,339 grandchildren=4510,3420,3960,3390
HASH_ROUTE token=157 layer=2 children=207,220,304,282 grandchildren=2070,2200,3040,2820
HASH_ROUTE token=157 layer=3 children=100,119,33,585 grandchildren=1000,1190,330,5850
HASH_ROUTE token=157 layer=4 children=186,292,822,222 grandchildren=1860,2920,8220,2220
HASH_ROUTE token=157 layer=5 children=93,1217,892,410 grandchildren=930,12170,8920,4100
HASH_ROUTE token=157 layer=6 children=737,720,1219,98 grandchildren=7370,7200,12190,980
HASH_ROUTE token=157 layer=7 children=57,217,1011,855 grandchildren=570,2170,10110,8550
HASH_ROUTE token=157 layer=8 children=941,884,910,1109 grandchildren=9410,8840,9100,11090
HASH_ROUTE token=157 layer=9 children=312,1272,157,632 grandchildren=3120,12720,1570,6320
HASH_ROUTE token=157 layer=10 children=995,1063,1115,1153 grandchildren=9950,10630,11150,11530
HASH_ROUTE token=157 layer=11 children=59,113,690,159 grandchildren=590,1130,6900,1590
HASH_ROUTE token=157 layer=12 children=304,625,244,169 grandchildren=3040,6250,2440,1690
HASH_ROUTE token=157 layer=13 children=731,793,761,697 grandchildren=7310,7930,7610,6970
HASH_ROUTE token=157 layer=14 children=932,295,770,1093 grandchildren=9320,2950,7700,10930
HASH_ROUTE token=157 layer=15 children=339,971,498,472 grandchildren=3390,9710,4980,4720
HASH_ROUTE token=157 layer=16 children=437,419,349,476 grandchildren=4370,4190,3490,4760
HASH_ROUTE token=157 layer=17 children=995,1153,190,1066 grandchildren=9950,11530,1900,10660
HASH_ROUTE token=157 layer=18 children=860,942,811,909 grandchildren=8600,9420,8110,9090
HASH_ROUTE token=157 layer=19 children=833,867,355,380 grandchildren=8330,8670,3550,3800
HASH_ROUTE token=157 layer=20 children=598,1074,520,277 grandchildren=5980,10740,5200,2770
HASH_ROUTE token=157 layer=21 children=198,245,282,254 grandchildren=1980,2450,2820,2540
HASH_ROUTE token=157 layer=22 children=269,1060,428,105 grandchildren=2690,10600,4280,1050
HASH_ROUTE token=157 layer=23 children=836,883,807,856 grandchildren=8360,8830,8070,8560
HASH_ROUTE token=158 layer=0 children=122,41,50,105 grandchildren=1220,410,500,1050
HASH_ROUTE token=158 layer=1 children=174,652,330,184 grandchildren=1740,6520,3300,1840
HASH_ROUTE token=158 layer=2 children=1225,1137,1171,1205 grandchildren=12250,11370,11710,12050
HASH_ROUTE token=158 layer=3 children=860,802,903,815 grandchildren=8600,8020,9030,8150
HASH_ROUTE token=158 layer=4 children=295,230,457,180 grandchildren=2950,2300,4570,1800
HASH_ROUTE token=158 layer=5 children=377,850,435,911 grandchildren=3770,8500,4350,9110
HASH_ROUTE token=158 layer=6 children=247,285,88,170 grandchildren=2470,2850,880,1700
HASH_ROUTE token=158 layer=7 children=720,404,708,657 grandchildren=7200,4040,7080,6570
HASH_ROUTE token=158 layer=8 children=1016,1027,376,383 grandchildren=10160,10270,3760,3830
HASH_ROUTE token=158 layer=9 children=897,845,941,252 grandchildren=8970,8450,9410,2520
HASH_ROUTE token=158 layer=10 children=367,687,522,421 grandchildren=3670,6870,5220,4210
HASH_ROUTE token=158 layer=11 children=386,357,376,67 grandchildren=3860,3570,3760,670
HASH_ROUTE token=158 layer=12 children=687,798,206,315 grandchildren=6870,7980,2060,3150
HASH_ROUTE token=158 layer=13 children=895,830,887,731 grandchildren=8950,8300,8870,7310
HASH_ROUTE token=158 layer=14 children=267,586,901,212 grandchildren=2670,5860,9010,2120
HASH_ROUTE token=158 layer=15 children=831,352,671,995 grandchildren=8310,3520,6710,9950
HASH_ROUTE token=158 layer=16 children=436,366,336,276 grandchildren=4360,3660,3360,2760
HASH_ROUTE token=158 layer=17 children=186,509,314,238 grandchildren=1860,5090,3140,2380
HASH_ROUTE token=158 layer=18 children=997,961,1076,1094 grandchildren=9970,9610,10760,10940
HASH_ROUTE token=158 layer=19 children=783,764,744,654 grandchildren=7830,7640,7440,6540
HASH_ROUTE token=158 layer=20 children=633,532,615,593 grandchildren=6330,5320,6150,5930
HASH_ROUTE token=158 layer=21 children=242,888,1046,232 grandchildren=2420,8880,10460,2320
HASH_ROUTE token=158 layer=22 children=334,178,652,495 grandchildren=3340,1780,6520,4950
HASH_ROUTE token=158 layer=23 children=621,582,556,530 grandchildren=6210,5820,5560,5300
HASH_ROUTE token=159 layer=0 children=122,49,444,3 grandchildren=1220,490,4440,30
HASH_ROUTE token=159 layer=1 children=310,175,241,239 grandchildren=3100,1750,2410,2390
HASH_ROUTE token=159 layer=2 children=124,447,921,1241 grandchildren=1240,4470,9210,12410
HASH_ROUTE token=159 layer=3 children=771,669,758,794 grandchildren=7710,6690,7580,7940
HASH_ROUTE token=159 layer=4 children=289,122,446,609 grandchildren=2890,1220,4460,6090
HASH_ROUTE token=159 layer=5 children=950,471,153,1273 grandchildren=9500,4710,1530,12730
HASH_ROUTE token=159 layer=6 children=251,1052,194,894 grandchildren=2510,10520,1940,8940
HASH_ROUTE token=159 layer=7 children=406,1202,461,1261 grandchildren=4060,12020,4610,12610
HASH_ROUTE token=159 layer=8 children=1009,1077,844,1109 grandchildren=10090,10770,8440,11090
HASH_ROUTE token=159 layer=9 children=1010,1034,1096,373 grandchildren=10100,10340,10960,3730
HASH_ROUTE token=159 layer=10 children=650,1132,334,16 grandchildren=6500,11320,3340,160
HASH_ROUTE token=159 layer=11 children=159,790,1275,4 grandchildren=1590,7900,12750,40
HASH_ROUTE token=159 layer=12 children=1219,1240,1176,1155 grandchildren=12190,12400,11760,11550
HASH_ROUTE token=159 layer=13 children=1226,1205,1172,1141 grandchildren=12260,12050,11720,11410
HASH_ROUTE token=159 layer=14 children=765,284,793,311 grandchildren=7650,2840,7930,3110
HASH_ROUTE token=159 layer=15 children=920,956,891,444 grandchildren=9200,9560,8910,4440
HASH_ROUTE token=159 layer=16 children=232,161,397,262 grandchildren=2320,1610,3970,2620
HASH_ROUTE token=159 layer=17 children=1230,1159,278,195 grandchildren=12300,11590,2780,1950
HASH_ROUTE token=159 layer=18 children=868,834,925,911 grandchildren=8680,8340,9250,9110
HASH_ROUTE token=159 layer=19 children=770,676,719,665 grandchildren=7700,6760,7190,6650
HASH_ROUTE token=159 layer=20 children=1112,633,1072,1017 grandchildren=11120,6330,10720,10170
HASH_ROUTE token=159 layer=21 children=417,258,361,381 grandchildren=4170,2580,3610,3810
HASH_ROUTE token=159 layer=22 children=630,1119,798,544 grandchildren=6300,11190,7980,5440
HASH_ROUTE token=159 layer=23 children=530,610,859,54 grandchildren=5300,6100,8590,540
HASH_ROUTE token=160 layer=0 children=153,471,66,50 grandchildren=1530,4710,660,500
HASH_ROUTE token=160 layer=1 children=294,772,178,203 grandchildren=2940,7720,1780,2030
HASH_ROUTE token=160 layer=2 children=168,800,241,966 grandchildren=1680,8000,2410,9660
HASH_ROUTE token=160 layer=3 children=107,1066,903,746 grandchildren=1070,10660,9030,7460
HASH_ROUTE token=160 layer=4 children=344,182,446,507 grandchildren=3440,1820,4460,5070
HASH_ROUTE token=160 layer=5 children=768,928,703,867 grandchildren=7680,9280,7030,8670
HASH_ROUTE token=160 layer=6 children=529,494,680,566 grandchildren=5290,4940,6800,5660
HASH_ROUTE token=160 layer=7 children=464,357,627,513 grandchildren=4640,3570,6270,5130
HASH_ROUTE token=160 layer=8 children=322,1126,379,478 grandchildren=3220,11260,3790,4780
HASH_ROUTE token=160 layer=9 children=237,312,876,1033 grandchildren=2370,3120,8760,10330
HASH_ROUTE token=160 layer=10 children=967,806,978,649 grandchildren=9670,8060,9780,6490
HASH_ROUTE token=160 layer=11 children=1033,553,1191,710 grandchildren=10330,5530,11910,7100
HASH_ROUTE token=160 layer=12 children=215,181,54,201 grandchildren=2150,1810,540,2010
HASH_ROUTE token=160 layer=13 children=1085,971,604,1016 grandchildren=10850,9710,6040,10160
HASH_ROUTE token=160 layer=14 children=212,248,230,1018 grandchildren=2120,2480,2300,10180
HASH_ROUTE token=160 layer=15 children=440,472,1081,924 grandchildren=4400,4720,10810,9240
HASH_ROUTE token=160 layer=16 children=339,1134,473,410 grandchildren=3390,11340,4730,4100
HASH_ROUTE token=160 layer=17 children=1148,1122,501,1226 grandchildren=11480,11220,5010,12260
HASH_ROUTE token=160 layer=18 children=820,910,26,959 grandchildren=8200,9100,260,9590
HASH_ROUTE token=160 layer=19 children=679,353,653,338 grandchildren=6790,3530,6530,3380
HASH_ROUTE token=160 layer=20 children=273,317,210,595 grandchildren=2730,3170,2100,5950
HASH_ROUTE token=160 layer=21 children=336,417,451,444 grandchildren=3360,4170,4510,4440
HASH_ROUTE token=160 layer=22 children=791,635,1113,642 grandchildren=7910,6350,11130,6420
HASH_ROUTE token=160 layer=23 children=530,53,210,1177 grandchildren=5300,530,2100,11770
HASH_ROUTE token=161 layer=0 children=41,50,360,153 grandchildren=410,500,3600,1530
HASH_ROUTE token=161 layer=1 children=297,779,183,453 grandchildren=2970,7790,1830,4530
HASH_ROUTE token=161 layer=2 children=694,735,754,747 grandchildren=6940,7350,7540,7470
HASH_ROUTE token=161 layer=3 children=1090,932,135,459 grandchildren=10900,9320,1350,4590
HASH_ROUTE token=161 layer=4 children=348,29,450,180 grandchildren=3480,290,4500,1800
HASH_ROUTE token=161 layer=5 children=928,958,855,842 grandchildren=9280,9580,8550,8420
HASH_ROUTE token=161 layer=6 children=82,53,129,32 grandchildren=820,530,1290,320
HASH_ROUTE token=161 layer=7 children=275,188,316,294 grandchildren=2750,1880,3160,2940
HASH_ROUTE token=161 layer=8 children=900,917,869,935 grandchildren=9000,9170,8690,9350
HASH_ROUTE token=161 layer=9 children=470,413,420,458 grandchildren=4700,4130,4200,4580
HASH_ROUTE token=161 layer=10 children=1160,1147,363,1003 grandchildren=11600,11470,3630,10030
HASH_ROUTE token=161 layer=11 children=826,894,665,730 grandchildren=8260,8940,6650,7300
HASH_ROUTE token=161 layer=12 children=245,184,564,313 grandchildren=2450,1840,5640,3130
HASH_ROUTE token=161 layer=13 children=629,566,1104,613 grandchildren=6290,5660,11040,6130
HASH_ROUTE token=161 layer=14 children=236,1191,559,216 grandchildren=2360,11910,5590,2160
HASH_ROUTE token=161 layer=15 children=444,325,461,472 grandchildren=4440,3250,4610,4720
HASH_ROUTE token=161 layer=16 children=321,350,418,161 grandchildren=3210,3500,4180,1610
HASH_ROUTE token=161 layer=17 children=500,662,1148,188 grandchildren=5000,6620,11480,1880
HASH_ROUTE token=161 layer=18 children=986,1077,997,26 grandchildren=9860,10770,9970,260
HASH_ROUTE token=161 layer=19 children=653,679,16,39 grandchildren=6530,6790,160,390
HASH_ROUTE token=161 layer=20 children=438,910,1238,277 grandchildren=4380,9100,12380,2770
HASH_ROUTE token=161 layer=21 children=336,381,429,1132 grandchildren=3360,3810,4290,11320
HASH_ROUTE token=161 layer=22 children=480,641,536,544 grandchildren=4800,6410,5360,5440
HASH_ROUTE token=161 layer=23 children=208,260,234,218 grandchildren=2080,2600,2340,2180
HASH_ROUTE token=162 layer=0 children=123,52,445,371 grandchildren=1230,520,4450,3710
HASH_ROUTE token=162 layer=1 children=402,349,244,183 grandchildren=4020,3490,2440,1830
HASH_ROUTE token=162 layer=2 children=525,844,46,1007 grandchildren=5250,8440,460,10070
HASH_ROUTE token=162 layer=3 children=797,952,761,316 grandchildren=7970,9520,7610,3160
HASH_ROUTE token=162 layer=4 children=291,227,937,860 grandchildren=2910,2270,9370,8600
HASH_ROUTE token=162 layer=5 children=1058,1040,1082,1115 grandchildren=10580,10400,10820,11150
HASH_ROUTE token=162 layer=6 children=303,257,244,198 grandchildren=3030,2570,2440,1980
HASH_ROUTE token=162 layer=7 children=535,626,52,562 grandchildren=5350,6260,520,5620
HASH_ROUTE token=162 layer=8 children=1033,964,1009,1101 grandchildren=10330,9640,10090,11010
HASH_ROUTE token=162 layer=9 children=844,823,932,956 grandchildren=8440,8230,9320,9560
HASH_ROUTE token=162 layer=10 children=662,640,677,720 grandchildren=6620,6400,6770,7200
HASH_ROUTE token=162 layer=11 children=384,379,359,463 grandchildren=3840,3790,3590,4630
HASH_ROUTE token=162 layer=12 children=571,1217,553,527 grandchildren=5710,12170,5530,5270
HASH_ROUTE token=162 layer=13 children=572,94,733,565 grandchildren=5720,940,7330,5650
HASH_ROUTE token=162 layer=14 children=80,727,23,663 grandchildren=800,7270,230,6630
HASH_ROUTE token=162 layer=15 children=632,492,609,502 grandchildren=6320,4920,6090,5020
HASH_ROUTE token=162 layer=16 children=161,235,277,310 grandchildren=1610,2350,2770,3100
HASH_ROUTE token=162 layer=17 children=1245,1084,1155,1186 grandchildren=12450,10840,11550,11860
HASH_ROUTE token=162 layer=18 children=925,956,1081,1116 grandchildren=9250,9560,10810,11160
HASH_ROUTE token=162 layer=19 children=383,356,223,1181 grandchildren=3830,3560,2230,11810
HASH_ROUTE token=162 layer=20 children=352,451,401,349 grandchildren=3520,4510,4010,3490
HASH_ROUTE token=162 layer=21 children=683,49,714,76 grandchildren=6830,490,7140,760
HASH_ROUTE token=162 layer=22 children=393,1197,550,711 grandchildren=3930,11970,5500,7110
HASH_ROUTE token=162 layer=23 children=1004,687,360,49 grandchildren=10040,6870,3600,490
HASH_ROUTE token=163 layer=0 children=435,375,404,322 grandchildren=4350,3750,4040,3220
HASH_ROUTE token=163 layer=1 children=578,515,527,613 grandchildren=5780,5150,5270,6130
HASH_ROUTE token=163 layer=2 children=304,248,145,88 grandchildren=3040,2480,1450,880
HASH_ROUTE token=163 layer=3 children=742,663,423,750 grandchildren=7420,6630,4230,7500
HASH_ROUTE token=163 layer=4 children=666,504,349,771 grandchildren=6660,5040,3490,7710
HASH_ROUTE token=163 layer=5 children=926,804,901,917 grandchildren=9260,8040,9010,9170
HASH_ROUTE token=163 layer=6 children=847,887,904,936 grandchildren=8470,8870,9040,9360
HASH_ROUTE token=163 layer=7 children=169,287,252,306 grandchildren=1690,2870,2520,3060
HASH_ROUTE token=163 layer=8 children=963,1126,321,1015 grandchildren=9630,11260,3210,10150
HASH_ROUTE token=163 layer=9 children=827,848,806,873 grandchildren=8270,8480,8060,8730
HASH_ROUTE token=163 layer=10 children=410,468,334,447 grandchildren=4100,4680,3340,4470
HASH_ROUTE token=163 layer=11 children=1126,0,323,1172 grandchildren=11260,0,3230,11720
HASH_ROUTE token=163 layer=12 children=534,1170,512,215 grandchildren=5340,11700,5120,2150
HASH_ROUTE token=163 layer=13 children=1179,1255,1235,1140 grandchildren=11790,12550,12350,11400
HASH_ROUTE token=163 layer=14 children=127,763,289,929 grandchildren=1270,7630,2890,9290
HASH_ROUTE token=163 layer=15 children=472,379,448,432 grandchildren=4720,3790,4480,4320
HASH_ROUTE token=163 layer=16 children=226,250,167,276 grandchildren=2260,2500,1670,2760
HASH_ROUTE token=163 layer=17 children=1140,1189,180,1193 grandchildren=11400,11890,1800,11930
HASH_ROUTE token=163 layer=18 children=997,196,1116,317 grandchildren=9970,1960,11160,3170
HASH_ROUTE token=163 layer=19 children=395,419,346,438 grandchildren=3950,4190,3460,4380
HASH_ROUTE token=163 layer=20 children=374,1018,215,363 grandchildren=3740,10180,2150,3630
HASH_ROUTE token=163 layer=21 children=414,458,403,257 grandchildren=4140,4580,4030,2570
HASH_ROUTE token=163 layer=22 children=226,385,1184,863 grandchildren=2260,3850,11840,8630
HASH_ROUTE token=163 layer=23 children=213,537,238,56 grandchildren=2130,5370,2380,560
HASH_ROUTE token=164 layer=0 children=153,50,65,72 grandchildren=1530,500,650,720
HASH_ROUTE token=164 layer=1 children=175,297,652,499 grandchildren=1750,2970,6520,4990
HASH_ROUTE token=164 layer=2 children=424,581,1061,901 grandchildren=4240,5810,10610,9010
HASH_ROUTE token=164 layer=3 children=106,68,18,902 grandchildren=1060,680,180,9020
HASH_ROUTE token=164 layer=4 children=186,294,311,194 grandchildren=1860,2940,3110,1940
HASH_ROUTE token=164 layer=5 children=1210,1272,1179,1130 grandchildren=12100,12720,11790,11300
HASH_ROUTE token=164 layer=6 children=129,442,760,289 grandchildren=1290,4420,7600,2890
HASH_ROUTE token=164 layer=7 children=934,137,617,459 grandchildren=9340,1370,6170,4590
HASH_ROUTE token=164 layer=8 children=1112,953,314,1040 grandchildren=11120,9530,3140,10400
HASH_ROUTE token=164 layer=9 children=955,316,897,915 grandchildren=9550,3160,8970,9150
HASH_ROUTE token=164 layer=10 children=347,1145,187,446 grandchildren=3470,11450,1870,4460
HASH_ROUTE token=164 layer=11 children=1142,24,1156,31 grandchildren=11420,240,11560,310
HASH_ROUTE token=164 layer=12 children=378,327,478,219 grandchildren=3780,3270,4780,2190
HASH_ROUTE token=164 layer=13 children=148,786,948,463 grandchildren=1480,7860,9480,4630
HASH_ROUTE token=164 layer=14 children=693,777,537,792 grandchildren=6930,7770,5370,7920
HASH_ROUTE token=164 layer=15 children=995,1040,1024,831 grandchildren=9950,10400,10240,8310
HASH_ROUTE token=164 layer=16 children=365,437,346,418 grandchildren=3650,4370,3460,4180
HASH_ROUTE token=164 layer=17 children=981,188,1144,346 grandchildren=9810,1880,11440,3460
HASH_ROUTE token=164 layer=18 children=380,459,364,320 grandchildren=3800,4590,3640,3200
HASH_ROUTE token=164 layer=19 children=606,440,523,120 grandchildren=6060,4400,5230,1200
HASH_ROUTE token=164 layer=20 children=766,734,667,779 grandchildren=7660,7340,6670,7790
HASH_ROUTE token=164 layer=21 children=1030,552,236,870 grandchildren=10300,5520,2360,8700
HASH_ROUTE token=164 layer=22 children=13,333,178,656 grandchildren=130,3330,1780,6560
HASH_ROUTE token=164 layer=23 children=945,1107,907,879 grandchildren=9450,11070,9070,8790
HASH_ROUTE token=165 layer=0 children=755,649,779,713 grandchildren=7550,6490,7790,7130
HASH_ROUTE token=165 layer=1 children=527,689,504,663 grandchildren=5270,6890,5040,6630
HASH_ROUTE token=165 layer=2 children=352,830,36,991 grandchildren=3520,8300,360,9910
HASH_ROUTE token=165 layer=3 children=623,613,535,554 grandchildren=6230,6130,5350,5540
HASH_ROUTE token=165 layer=4 children=465,434,1260,452 grandchildren=4650,4340,12600,4520
HASH_ROUTE token=165 layer=5 children=320,809,963,168 grandchildren=3200,8090,9630,1680
HASH_ROUTE token=165 layer=6 children=461,785,620,946 grandchildren=4610,7850,6200,9460
HASH_ROUTE token=165 layer=7 children=148,99,38,621 grandchildren=1480,990,380,6210
HASH_ROUTE token=165 layer=8 children=1014,697,1100,786 grandchildren=10140,6970,11000,7860
HASH_ROUTE token=165 layer=9 children=131,55,938,156 grandchildren=1310,550,9380,1560
HASH_ROUTE token=165 layer=10 children=616,626,540,587 grandchildren=6160,6260,5400,5870
HASH_ROUTE token=165 layer=11 children=916,1077,866,753 grandchildren=9160,10770,8660,7530
HASH_ROUTE token=165 layer=12 children=359,839,1151,512 grandchildren=3590,8390,11510,5120
HASH_ROUTE token=165 layer=13 children=324,167,489,361 grandchildren=3240,1670,4890,3610
HASH_ROUTE token=165 layer=14 children=1102,1264,1096,947 grandchildren=11020,12640,10960,9470
HASH_ROUTE token=165 layer=15 children=767,127,1080,678 grandchildren=7670,1270,10800,6780
HASH_ROUTE token=165 layer=16 children=921,600,889,124 grandchildren=9210,6000,8890,1240
HASH_ROUTE token=165 layer=17 children=893,954,801,91 grandchildren=8930,9540,8010,910
HASH_ROUTE token=165 layer=18 children=740,1226,268,721 grandchildren=7400,12260,2680,7210
HASH_ROUTE token=165 layer=19 children=322,647,1121,482 grandchildren=3220,6470,11210,4820
HASH_ROUTE token=165 layer=20 children=1264,309,1223,786 grandchildren=12640,3090,12230,7860
HASH_ROUTE token=165 layer=21 children=1180,1238,700,65 grandchildren=11800,12380,7000,650
HASH_ROUTE token=165 layer=22 children=939,295,1090,772 grandchildren=9390,2950,10900,7720
HASH_ROUTE token=165 layer=23 children=109,45,71,261 grandchildren=1090,450,710,2610
HASH_ROUTE token=166 layer=0 children=447,376,327,418 grandchildren=4470,3760,3270,4180
HASH_ROUTE token=166 layer=1 children=201,241,841,49 grandchildren=2010,2410,8410,490
HASH_ROUTE token=166 layer=2 children=753,596,276,657 grandchildren=7530,5960,2760,6570
HASH_ROUTE token=166 layer=3 children=27,106,984,133 grandchildren=270,1060,9840,1330
HASH_ROUTE token=166 layer=4 children=168,186,236,3 grandchildren=1680,1860,2360,30
HASH_ROUTE token=166 layer=5 children=301,256,940,1103 grandchildren=3010,2560,9400,11030
HASH_ROUTE token=166 layer=6 children=794,720,730,676 grandchildren=7940,7200,7300,6760
HASH_ROUTE token=166 layer=7 children=926,766,950,821 grandchildren=9260,7660,9500,8210
HASH_ROUTE token=166 layer=8 children=369,1009,420,456 grandchildren=3690,10090,4200,4560
HASH_ROUTE token=166 layer=9 children=897,830,906,954 grandchildren=8970,8300,9060,9540
HASH_ROUTE token=166 layer=10 children=242,215,1040,166 grandchildren=2420,2150,10400,1660
HASH_ROUTE token=166 layer=11 children=954,874,790,154 grandchildren=9540,8740,7900,1540
HASH_ROUTE token=166 layer=12 children=805,884,6,321 grandchildren=8050,8840,60,3210
HASH_ROUTE token=166 layer=13 children=70,712,89,728 grandchildren=700,7120,890,7280
HASH_ROUTE token=166 layer=14 children=552,230,871,571 grandchildren=5520,2300,8710,5710
HASH_ROUTE token=166 layer=15 children=345,455,828,939 grandchildren=3450,4550,8280,9390
HASH_ROUTE token=166 layer=16 children=325,437,5,114 grandchildren=3250,4370,50,1140
HASH_ROUTE token=166 layer=17 children=1081,605,1248,980 grandchildren=10810,6050,12480,9800
HASH_ROUTE token=166 layer=18 children=172,335,970,818 grandchildren=1720,3350,9700,8180
HASH_ROUTE token=166 layer=19 children=677,648,653,712 grandchildren=6770,6480,6530,7120
HASH_ROUTE token=166 layer=20 children=1073,599,758,1117 grandchildren=10730,5990,7580,11170
HASH_ROUTE token=166 layer=21 children=1058,1022,967,731 grandchildren=10580,10220,9670,7310
HASH_ROUTE token=166 layer=22 children=162,961,809,265 grandchildren=1620,9610,8090,2650
HASH_ROUTE token=166 layer=23 children=671,39,1152,764 grandchildren=6710,390,11520,7640
HASH_ROUTE token=167 layer=0 children=125,153,41,449 grandchildren=1250,1530,410,4490
HASH_ROUTE token=167 layer=1 children=189,171,297,261 grandchildren=1890,1710,2970,2610
HASH_ROUTE token=167 layer=2 children=818,945,822,863 grandchildren=8180,9450,8220,8630
HASH_ROUTE token=167 layer=3 children=106,4,26,741 grandchildren=1060,40,260,7410
HASH_ROUTE token=167 layer=4 children=299,167,180,213 grandchildren=2990,1670,1800,2130
HASH_ROUTE token=167 layer=5 children=897,1210,252,576 grandchildren=8970,12100,2520,5760
HASH_ROUTE token=167 layer=6 children=1160,682,200,1209 grandchildren=11600,6820,2000,12090
HASH_ROUTE token=167 layer=7 children=948,937,622,825 grandchildren=9480,9370,6220,8250
HASH_ROUTE token=167 layer=8 children=953,942,882,1276 grandchildren=9530,9420,8820,12760
HASH_ROUTE token=167 layer=9 children=257,314,1217,897 grandchildren=2570,3140,12170,8970
HASH_ROUTE token=167 layer=10 children=724,752,641,666 grandchildren=7240,7520,6410,6660
HASH_ROUTE token=167 layer=11 children=56,134,78,67 grandchildren=560,1340,780,670
HASH_ROUTE token=167 layer=12 children=634,955,504,820 grandchildren=6340,9550,5040,8200
HASH_ROUTE token=167 layer=13 children=760,731,127,91 grandchildren=7600,7310,1270,910
HASH_ROUTE token=167 layer=14 children=631,314,525,512 grandchildren=6310,3140,5250,5120
HASH_ROUTE token=167 layer=15 children=380,345,439,371 grandchildren=3800,3450,4390,3710
HASH_ROUTE token=167 layer=16 children=419,328,437,474 grandchildren=4190,3280,4370,4740
HASH_ROUTE token=167 layer=17 children=184,343,190,223 grandchildren=1840,3430,1900,2230
HASH_ROUTE token=167 layer=18 children=308,210,261,196 grandchildren=3080,2100,2610,1960
HASH_ROUTE token=167 layer=19 children=744,266,900,705 grandchildren=7440,2660,9000,7050
HASH_ROUTE token=167 layer=20 children=1163,529,201,1002 grandchildren=11630,5290,2010,10020
HASH_ROUTE token=167 layer=21 children=126,38,18,6 grandchildren=1260,380,180,60
HASH_ROUTE token=167 layer=22 children=281,929,178,1247 grandchildren=2810,9290,1780,12470
HASH_ROUTE token=167 layer=23 children=235,717,289,71 grandchildren=2350,7170,2890,710
HASH_ROUTE token=168 layer=0 children=427,386,441,108 grandchildren=4270,3860,4410,1080
HASH_ROUTE token=168 layer=1 children=189,295,209,247 grandchildren=1890,2950,2090,2470
HASH_ROUTE token=168 layer=2 children=418,455,738,1051 grandchildren=4180,4550,7380,10510
HASH_ROUTE token=168 layer=3 children=432,119,758,359 grandchildren=4320,1190,7580,3590
HASH_ROUTE token=168 layer=4 children=365,448,457,372 grandchildren=3650,4480,4570,3720
HASH_ROUTE token=168 layer=5 children=1212,1130,1173,1278 grandchildren=12120,11300,11730,12780
HASH_ROUTE token=168 layer=6 children=243,1209,288,727 grandchildren=2430,12090,2880,7270
HASH_ROUTE token=168 layer=7 children=57,219,695,129 grandchildren=570,2190,6950,1290
HASH_ROUTE token=168 layer=8 children=844,888,959,913 grandchildren=8440,8880,9590,9130
HASH_ROUTE token=168 layer=9 children=312,257,956,182 grandchildren=3120,2570,9560,1820
HASH_ROUTE token=168 layer=10 children=1251,1230,1181,1138 grandchildren=12510,12300,11810,11380
HASH_ROUTE token=168 layer=11 children=148,78,157,51 grandchildren=1480,780,1570,510
HASH_ROUTE token=168 layer=12 children=320,371,162,213 grandchildren=3200,3710,1620,2130
HASH_ROUTE token=168 layer=13 children=86,46,50,139 grandchildren=860,460,500,1390
HASH_ROUTE token=168 layer=14 children=834,937,675,775 grandchildren=8340,9370,6750,7750
HASH_ROUTE token=168 layer=15 children=969,1013,1072,1119 grandchildren=9690,10130,10720,11190
HASH_ROUTE token=168 layer=16 children=270,251,198,225 grandchildren=2700,2510,1980,2250
HASH_ROUTE token=168 layer=17 children=188,1143,269,219 grandchildren=1880,11430,2690,2190
HASH_ROUTE token=168 layer=18 children=1,147,100,167 grandchildren=10,1470,1000,1670
HASH_ROUTE token=168 layer=19 children=419,344,422,338 grandchildren=4190,3440,4220,3380
HASH_ROUTE token=168 layer=20 children=214,373,697,180 grandchildren=2140,3730,6970,1800
HASH_ROUTE token=168 layer=21 children=38,6,46,1152 grandchildren=380,60,460,11520
HASH_ROUTE token=168 layer=22 children=257,419,269,428 grandchildren=2570,4190,2690,4280
HASH_ROUTE token=168 layer=23 children=213,307,50,279 grandchildren=2130,3070,500,2790
HASH_ROUTE token=169 layer=0 children=680,205,41,795 grandchildren=6800,2050,410,7950
HASH_ROUTE token=169 layer=1 children=349,184,26,456 grandchildren=3490,1840,260,4560
HASH_ROUTE token=169 layer=2 children=495,19,975,584 grandchildren=4950,190,9750,5840
HASH_ROUTE token=169 layer=3 children=775,754,130,1095 grandchildren=7750,7540,1300,10950
HASH_ROUTE token=169 layer=4 children=175,187,337,341 grandchildren=1750,1870,3370,3410
HASH_ROUTE token=169 layer=5 children=856,951,871,945 grandchildren=8560,9510,8710,9450
HASH_ROUTE token=169 layer=6 children=277,251,431,243 grandchildren=2770,2510,4310,2430
HASH_ROUTE token=169 layer=7 children=951,901,919,892 grandchildren=9510,9010,9190,8920
HASH_ROUTE token=169 layer=8 children=1101,995,941,984 grandchildren=11010,9950,9410,9840
HASH_ROUTE token=169 layer=9 children=183,1147,821,252 grandchildren=1830,11470,8210,2520
HASH_ROUTE token=169 layer=10 children=1271,1160,1259,1159 grandchildren=12710,11600,12590,11590
HASH_ROUTE token=169 layer=11 children=732,691,670,703 grandchildren=7320,6910,6700,7030
HASH_ROUTE token=169 layer=12 children=848,831,820,48 grandchildren=8480,8310,8200,480
HASH_ROUTE token=169 layer=13 children=895,735,869,578 grandchildren=8950,7350,8690,5780
HASH_ROUTE token=169 layer=14 children=195,837,298,236 grandchildren=1950,8370,2980,2360
HASH_ROUTE token=169 layer=15 children=673,356,199,762 grandchildren=6730,3560,1990,7620
HASH_ROUTE token=169 layer=16 children=218,312,378,472 grandchildren=2180,3120,3780,4720
HASH_ROUTE token=169 layer=17 children=1143,1223,983,1153 grandchildren=11430,12230,9830,11530
HASH_ROUTE token=169 layer=18 children=356,517,197,993 grandchildren=3560,5170,1970,9930
HASH_ROUTE token=169 layer=19 children=768,122,1245,654 grandchildren=7680,1220,12450,6540
HASH_ROUTE token=169 layer=20 children=296,276,452,314 grandchildren=2960,2760,4520,3140
HASH_ROUTE token=169 layer=21 children=84,156,106,403 grandchildren=840,1560,1060,4030
HASH_ROUTE token=169 layer=22 children=333,171,813,459 grandchildren=3330,1710,8130,4590
HASH_ROUTE token=169 layer=23 children=595,550,620,584 grandchildren=5950,5500,6200,5840
HASH_ROUTE token=170 layer=0 children=125,444,49,65 grandchildren=1250,4440,490,650
HASH_ROUTE token=170 layer=1 children=342,339,184,396 grandchildren=3420,3390,1840,3960
HASH_ROUTE token=170 layer=2 children=418,252,736,894 grandchildren=4180,2520,7360,8940
HASH_ROUTE token=170 layer=3 children=839,957,919,848 grandchildren=8390,9570,9190,8480
HASH_ROUTE token=170 layer=4 children=140,307,133,467 grandchildren=1400,3070,1330,4670
HASH_ROUTE token=170 layer=5 children=803,891,2,858 grandchildren=8030,8910,20,8580
HASH_ROUTE token=170 layer=6 children=192,251,998,518 grandchildren=1920,2510,9980,5180
HASH_ROUTE token=170 layer=7 children=109,425,84,122 grandchildren=1090,4250,840,1220
HASH_ROUTE token=170 layer=8 children=591,1071,548,438 grandchildren=5910,10710,5480,4380
HASH_ROUTE token=170 layer=9 children=314,208,303,293 grandchildren=3140,2080,3030,2930
HASH_ROUTE token=170 layer=10 children=749,1224,103,1065 grandchildren=7490,12240,1030,10650
HASH_ROUTE token=170 layer=11 children=705,679,686,66 grandchildren=7050,6790,6860,660
HASH_ROUTE token=170 layer=12 children=559,510,541,591 grandchildren=5590,5100,5410,5910
HASH_ROUTE token=170 layer=13 children=1205,724,1196,711 grandchildren=12050,7240,11960,7110
HASH_ROUTE token=170 layer=14 children=242,80,884,1047 grandchildren=2420,800,8840,10470
HASH_ROUTE token=170 layer=15 children=34,518,18,498 grandchildren=340,5180,180,4980
HASH_ROUTE token=170 layer=16 children=221,161,262,1187 grandchildren=2210,1610,2620,11870
HASH_ROUTE token=170 layer=17 children=1153,1143,995,983 grandchildren=11530,11430,9950,9830
HASH_ROUTE token=170 layer=18 children=260,1064,304,277 grandchildren=2600,10640,3040,2770
HASH_ROUTE token=170 layer=19 children=676,657,705,740 grandchildren=6760,6570,7050,7400
HASH_ROUTE token=170 layer=20 children=273,591,213,532 grandchildren=2730,5910,2130,5320
HASH_ROUTE token=170 layer=21 children=257,414,232,161 grandchildren=2570,4140,2320,1610
HASH_ROUTE token=170 layer=22 children=812,494,335,856 grandchildren=8120,4940,3350,8560
HASH_ROUTE token=170 layer=23 children=1156,1174,1212,1269 grandchildren=11560,11740,12120,12690
HASH_ROUTE token=171 layer=0 children=153,479,41,125 grandchildren=1530,4790,410,1250
HASH_ROUTE token=171 layer=1 children=184,663,297,349 grandchildren=1840,6630,2970,3490
HASH_ROUTE token=171 layer=2 children=63,21,381,41 grandchildren=630,210,3810,410
HASH_ROUTE token=171 layer=3 children=662,646,349,691 grandchildren=6620,6460,3490,6910
HASH_ROUTE token=171 layer=4 children=280,233,251,296 grandchildren=2800,2330,2510,2960
HASH_ROUTE token=171 layer=5 children=897,901,1059,928 grandchildren=8970,9010,10590,9280
HASH_ROUTE token=171 layer=6 children=1052,1032,1092,1212 grandchildren=10520,10320,10920,12120
HASH_ROUTE token=171 layer=7 children=353,448,344,415 grandchildren=3530,4480,3440,4150
HASH_ROUTE token=171 layer=8 children=639,622,548,610 grandchildren=6390,6220,5480,6100
HASH_ROUTE token=171 layer=9 children=964,1019,327,372 grandchildren=9640,10190,3270,3720
HASH_ROUTE token=171 layer=10 children=1074,1092,998,910 grandchildren=10740,10920,9980,9100
HASH_ROUTE token=171 layer=11 children=650,676,799,734 grandchildren=6500,6760,7990,7340
HASH_ROUTE token=171 layer=12 children=232,213,173,1197 grandchildren=2320,2130,1730,11970
HASH_ROUTE token=171 layer=13 children=1119,983,953,823 grandchildren=11190,9830,9530,8230
HASH_ROUTE token=171 layer=14 children=242,725,275,888 grandchildren=2420,7250,2750,8880
HASH_ROUTE token=171 layer=15 children=991,1081,351,673 grandchildren=9910,10810,3510,6730
HASH_ROUTE token=171 layer=16 children=321,359,437,1128 grandchildren=3210,3590,4370,11280
HASH_ROUTE token=171 layer=17 children=184,983,1140,224 grandchildren=1840,9830,11400,2240
HASH_ROUTE token=171 layer=18 children=241,184,880,165 grandchildren=2410,1840,8800,1650
HASH_ROUTE token=171 layer=19 children=905,264,744,427 grandchildren=9050,2640,7440,4270
HASH_ROUTE token=171 layer=20 children=215,272,1018,539 grandchildren=2150,2720,10180,5390
HASH_ROUTE token=171 layer=21 children=441,410,323,408 grandchildren=4410,4100,3230,4080
HASH_ROUTE token=171 layer=22 children=855,1172,531,929 grandchildren=8550,11720,5310,9290
HASH_ROUTE token=171 layer=23 children=539,599,616,214 grandchildren=5390,5990,6160,2140
HASH_ROUTE token=172 layer=0 children=449,455,414,322 grandchildren=4490,4550,4140,3220
HASH_ROUTE token=172 layer=1 children=426,261,362,467 grandchildren=4260,2610,3620,4670
HASH_ROUTE token=172 layer=2 children=931,891,916,830 grandchildren=9310,8910,9160,8300
HASH_ROUTE token=172 layer=3 children=216,534,181,500 grandchildren=2160,5340,1810,5000
HASH_ROUTE token=172 layer=4 children=235,390,1038,558 grandchildren=2350,3900,10380,5580
HASH_ROUTE token=172 layer=5 children=861,1027,925,1080 grandchildren=8610,10270,9250,10800
HASH_ROUTE token=172 layer=6 children=1097,1003,999,1067 grandchildren=10970,10030,9990,10670
HASH_ROUTE token=172 layer=7 children=338,454,460,404 grandchildren=3380,4540,4600,4040
HASH_ROUTE token=172 layer=8 children=452,137,405,84 grandchildren=4520,1370,4050,840
HASH_ROUTE token=172 layer=9 children=660,184,768,1147 grandchildren=6600,1840,7680,11470
HASH_ROUTE token=172 layer=10 children=914,1078,117,753 grandchildren=9140,10780,1170,7530
HASH_ROUTE token=172 layer=11 children=868,1022,812,974 grandchildren=8680,10220,8120,9740
HASH_ROUTE token=172 layer=12 children=213,1175,533,238 grandchildren=2130,11750,5330,2380
HASH_ROUTE token=172 layer=13 children=921,853,895,840 grandchildren=9210,8530,8950,8400
HASH_ROUTE token=172 layer=14 children=959,888,796,800 grandchildren=9590,8880,7960,8000
HASH_ROUTE token=172 layer=15 children=1072,975,113,1111 grandchildren=10720,9750,1130,11110
HASH_ROUTE token=172 layer=16 children=1128,161,1224,321 grandchildren=11280,1610,12240,3210
HASH_ROUTE token=172 layer=17 children=181,982,1140,501 grandchildren=1810,9820,11400,5010
HASH_ROUTE token=172 layer=18 children=174,817,1134,277 grandchildren=1740,8170,11340,2770
HASH_ROUTE token=172 layer=19 children=355,192,833,420 grandchildren=3550,1920,8330,4200
HASH_ROUTE token=172 layer=20 children=276,219,438,208 grandchildren=2760,2190,4380,2080
HASH_ROUTE token=172 layer=21 children=336,351,414,441 grandchildren=3360,3510,4140,4410
HASH_ROUTE token=172 layer=22 children=481,608,533,631 grandchildren=4810,6080,5330,6310
HASH_ROUTE token=172 layer=23 children=214,191,537,1174 grandchildren=2140,1910,5370,11740
HASH_ROUTE token=173 layer=0 children=122,41,449,360 grandchildren=1220,410,4490,3600
HASH_ROUTE token=173 layer=1 children=244,290,281,267 grandchildren=2440,2900,2810,2670
HASH_ROUTE token=173 layer=2 children=720,1206,686,84 grandchildren=7200,12060,6860,840
HASH_ROUTE token=173 layer=3 children=652,668,177,741 grandchildren=6520,6680,1770,7410
HASH_ROUTE token=173 layer=4 children=458,408,380,419 grandchildren=4580,4080,3800,4190
HASH_ROUTE token=173 layer=5 children=861,958,1029,1118 grandchildren=8610,9580,10290,11180
HASH_ROUTE token=173 layer=6 children=1094,1102,1054,1047 grandchildren=10940,11020,10540,10470
HASH_ROUTE token=173 layer=7 children=102,424,116,433 grandchildren=1020,4240,1160,4330
HASH_ROUTE token=173 layer=8 children=49,137,528,686 grandchildren=490,1370,5280,6860
HASH_ROUTE token=173 layer=9 children=256,892,730,249 grandchildren=2560,8920,7300,2490
HASH_ROUTE token=173 layer=10 children=753,649,655,1074 grandchildren=7530,6490,6550,10740
HASH_ROUTE token=173 layer=11 children=904,891,838,912 grandchildren=9040,8910,8380,9120
HASH_ROUTE token=173 layer=12 children=213,539,1175,54 grandchildren=2130,5390,11750,540
HASH_ROUTE token=173 layer=13 children=491,529,1133,605 grandchildren=4910,5290,11330,6050
HASH_ROUTE token=173 layer=14 children=210,696,531,855 grandchildren=2100,6960,5310,8550
HASH_ROUTE token=173 layer=15 children=979,490,987,337 grandchildren=9790,4900,9870,3370
HASH_ROUTE token=173 layer=16 children=268,205,299,427 grandchildren=2680,2050,2990,4270
HASH_ROUTE token=173 layer=17 children=181,223,500,346 grandchildren=1810,2230,5000,3460
HASH_ROUTE token=173 layer=18 children=277,165,282,189 grandchildren=2770,1650,2820,1890
HASH_ROUTE token=173 layer=19 children=355,389,833,862 grandchildren=3550,3890,8330,8620
HASH_ROUTE token=173 layer=20 children=213,276,202,226 grandchildren=2130,2760,2020,2260
HASH_ROUTE token=173 layer=21 children=257,242,312,419 grandchildren=2570,2420,3120,4190
HASH_ROUTE token=173 layer=22 children=517,639,542,537 grandchildren=5170,6390,5420,5370
HASH_ROUTE token=173 layer=23 children=190,1157,217,517 grandchildren=1900,11570,2170,5170
HASH_ROUTE token=174 layer=0 children=421,371,479,360 grandchildren=4210,3710,4790,3600
HASH_ROUTE token=174 layer=1 children=291,451,184,341 grandchildren=2910,4510,1840,3410
HASH_ROUTE token=174 layer=2 children=1001,43,975,1163 grandchildren=10010,430,9750,11630
HASH_ROUTE token=174 layer=3 children=109,66,54,20 grandchildren=1090,660,540,200
HASH_ROUTE token=174 layer=4 children=234,257,228,311 grandchildren=2340,2570,2280,3110
HASH_ROUTE token=174 layer=5 children=535,56,379,544 grandchildren=5350,560,3790,5440
HASH_ROUTE token=174 layer=6 children=843,368,929,899 grandchildren=8430,3680,9290,8990
HASH_ROUTE token=174 layer=7 children=457,933,357,777 grandchildren=4570,9330,3570,7770
HASH_ROUTE token=174 layer=8 children=1040,1099,1116,1009 grandchildren=10400,10990,11160,10090
HASH_ROUTE token=174 layer=9 children=864,828,897,878 grandchildren=8640,8280,8970,8780
HASH_ROUTE token=174 layer=10 children=1248,1143,1127,1154 grandchildren=12480,11430,11270,11540
HASH_ROUTE token=174 layer=11 children=1152,1218,1182,355 grandchildren=11520,12180,11820,3550
HASH_ROUTE token=174 layer=12 children=160,485,235,559 grandchildren=1600,4850,2350,5590
HASH_ROUTE token=174 layer=13 children=860,941,887,707 grandchildren=8600,9410,8870,7070
HASH_ROUTE token=174 layer=14 children=585,535,492,261 grandchildren=5850,5350,4920,2610
HASH_ROUTE token=174 layer=15 children=565,729,497,404 grandchildren=5650,7290,4970,4040
HASH_ROUTE token=174 layer=16 children=347,366,500,437 grandchildren=3470,3660,5000,4370
HASH_ROUTE token=174 layer=17 children=1141,188,661,982 grandchildren=11410,1880,6610,9820
HASH_ROUTE token=174 layer=18 children=826,910,853,24 grandchildren=8260,9100,8530,240
HASH_ROUTE token=174 layer=19 children=428,338,744,653 grandchildren=4280,3380,7440,6530
HASH_ROUTE token=174 layer=20 children=1090,290,779,619 grandchildren=10900,2900,7790,6190
HASH_ROUTE token=174 layer=21 children=1043,242,1064,967 grandchildren=10430,2420,10640,9670
HASH_ROUTE token=174 layer=22 children=509,664,579,739 grandchildren=5090,6640,5790,7390
HASH_ROUTE token=174 layer=23 children=538,481,508,622 grandchildren=5380,4810,5080,6220
HASH_ROUTE token=175 layer=0 children=153,53,72,65 grandchildren=1530,530,720,650
HASH_ROUTE token=175 layer=1 children=171,297,652,499 grandchildren=1710,2970,6520,4990
HASH_ROUTE token=175 layer=2 children=424,747,588,1060 grandchildren=4240,7470,5880,10600
HASH_ROUTE token=175 layer=3 children=106,68,18,900 grandchildren=1060,680,180,9000
HASH_ROUTE token=175 layer=4 children=186,294,312,194 grandchildren=1860,2940,3120,1940
HASH_ROUTE token=175 layer=5 children=1272,1179,1210,1144 grandchildren=12720,11790,12100,11440
HASH_ROUTE token=175 layer=6 children=442,129,760,288 grandchildren=4420,1290,7600,2880
HASH_ROUTE token=175 layer=7 children=934,137,617,298 grandchildren=9340,1370,6170,2980
HASH_ROUTE token=175 layer=8 children=1110,953,1043,314 grandchildren=11100,9530,10430,3140
HASH_ROUTE token=175 layer=9 children=955,314,891,913 grandchildren=9550,3140,8910,9130
HASH_ROUTE token=175 layer=10 children=347,1144,187,446 grandchildren=3470,11440,1870,4460
HASH_ROUTE token=175 layer=11 children=24,1142,32,1156 grandchildren=240,11420,320,11560
HASH_ROUTE token=175 layer=12 children=374,327,478,219 grandchildren=3740,3270,4780,2190
HASH_ROUTE token=175 layer=13 children=782,145,943,463 grandchildren=7820,1450,9430,4630
HASH_ROUTE token=175 layer=14 children=693,777,537,610 grandchildren=6930,7770,5370,6100
HASH_ROUTE token=175 layer=15 children=995,1024,831,1040 grandchildren=9950,10240,8310,10400
HASH_ROUTE token=175 layer=16 children=437,365,346,471 grandchildren=4370,3650,3460,4710
HASH_ROUTE token=175 layer=17 children=981,186,1144,1045 grandchildren=9810,1860,11440,10450
HASH_ROUTE token=175 layer=18 children=380,325,454,364 grandchildren=3800,3250,4540,3640
HASH_ROUTE token=175 layer=19 children=603,440,120,523 grandchildren=6030,4400,1200,5230
HASH_ROUTE token=175 layer=20 children=766,734,779,667 grandchildren=7660,7340,7790,6670
HASH_ROUTE token=175 layer=21 children=1030,552,236,870 grandchildren=10300,5520,2360,8700
HASH_ROUTE token=175 layer=22 children=178,13,265,331 grandchildren=1780,130,2650,3310
HASH_ROUTE token=175 layer=23 children=945,1109,626,816 grandchildren=9450,11090,6260,8160
HASH_ROUTE token=176 layer=0 children=755,649,779,713 grandchildren=7550,6490,7790,7130
HASH_ROUTE token=176 layer=1 children=527,689,504,663 grandchildren=5270,6890,5040,6630
HASH_ROUTE token=176 layer=2 children=352,830,36,991 grandchildren=3520,8300,360,9910
HASH_ROUTE token=176 layer=3 children=623,613,535,554 grandchildren=6230,6130,5350,5540
HASH_ROUTE token=176 layer=4 children=465,434,1260,452 grandchildren=4650,4340,12600,4520
HASH_ROUTE token=176 layer=5 children=320,809,963,168 grandchildren=3200,8090,9630,1680
HASH_ROUTE token=176 layer=6 children=461,785,620,946 grandchildren=4610,7850,6200,9460
HASH_ROUTE token=176 layer=7 children=148,99,38,621 grandchildren=1480,990,380,6210
HASH_ROUTE token=176 layer=8 children=1014,697,1100,786 grandchildren=10140,6970,11000,7860
HASH_ROUTE token=176 layer=9 children=131,55,938,156 grandchildren=1310,550,9380,1560
HASH_ROUTE token=176 layer=10 children=616,626,540,587 grandchildren=6160,6260,5400,5870
HASH_ROUTE token=176 layer=11 children=916,1077,866,753 grandchildren=9160,10770,8660,7530
HASH_ROUTE token=176 layer=12 children=359,839,1151,512 grandchildren=3590,8390,11510,5120
HASH_ROUTE token=176 layer=13 children=324,167,489,361 grandchildren=3240,1670,4890,3610
HASH_ROUTE token=176 layer=14 children=1102,1264,1096,947 grandchildren=11020,12640,10960,9470
HASH_ROUTE token=176 layer=15 children=767,127,1080,678 grandchildren=7670,1270,10800,6780
HASH_ROUTE token=176 layer=16 children=921,600,889,124 grandchildren=9210,6000,8890,1240
HASH_ROUTE token=176 layer=17 children=893,954,801,91 grandchildren=8930,9540,8010,910
HASH_ROUTE token=176 layer=18 children=740,1226,268,721 grandchildren=7400,12260,2680,7210
HASH_ROUTE token=176 layer=19 children=322,647,1121,482 grandchildren=3220,6470,11210,4820
HASH_ROUTE token=176 layer=20 children=1264,309,1223,786 grandchildren=12640,3090,12230,7860
HASH_ROUTE token=176 layer=21 children=1180,1238,700,65 grandchildren=11800,12380,7000,650
HASH_ROUTE token=176 layer=22 children=939,295,1090,772 grandchildren=9390,2950,10900,7720
HASH_ROUTE token=176 layer=23 children=109,45,71,261 grandchildren=1090,450,710,2610
HASH_ROUTE token=177 layer=0 children=204,217,167,1162 grandchildren=2040,2170,1670,11620
HASH_ROUTE token=177 layer=1 children=175,297,810,207 grandchildren=1750,2970,8100,2070
HASH_ROUTE token=177 layer=2 children=330,410,461,400 grandchildren=3300,4100,4610,4000
HASH_ROUTE token=177 layer=3 children=1090,132,1114,931 grandchildren=10900,1320,11140,9310
HASH_ROUTE token=177 layer=4 children=315,193,635,511 grandchildren=3150,1930,6350,5110
HASH_ROUTE token=177 layer=5 children=1134,1261,1212,1174 grandchildren=11340,12610,12120,11740
HASH_ROUTE token=177 layer=6 children=686,761,205,676 grandchildren=6860,7610,2050,6760
HASH_ROUTE token=177 layer=7 children=297,189,770,218 grandchildren=2970,1890,7700,2180
HASH_ROUTE token=177 layer=8 children=1262,1225,1175,1257 grandchildren=12620,12250,11750,12570
HASH_ROUTE token=177 layer=9 children=826,830,186,191 grandchildren=8260,8300,1860,1910
HASH_ROUTE token=177 layer=10 children=271,756,259,733 grandchildren=2710,7560,2590,7330
HASH_ROUTE token=177 layer=11 children=51,693,531,853 grandchildren=510,6930,5310,8530
HASH_ROUTE token=177 layer=12 children=649,1121,802,5 grandchildren=6490,11210,8020,50
HASH_ROUTE token=177 layer=13 children=947,884,1105,1042 grandchildren=9470,8840,11050,10420
HASH_ROUTE token=177 layer=14 children=929,445,936,604 grandchildren=9290,4450,9360,6040
HASH_ROUTE token=177 layer=15 children=454,377,475,342 grandchildren=4540,3770,4750,3420
HASH_ROUTE token=177 layer=16 children=434,411,345,321 grandchildren=4340,4110,3450,3210
HASH_ROUTE token=177 layer=17 children=571,1050,732,1218 grandchildren=5710,10500,7320,12180
HASH_ROUTE token=177 layer=18 children=173,244,313,289 grandchildren=1730,2440,3130,2890
HASH_ROUTE token=177 layer=19 children=652,338,1133,660 grandchildren=6520,3380,11330,6600
HASH_ROUTE token=177 layer=20 children=314,472,208,273 grandchildren=3140,4720,2080,2730
HASH_ROUTE token=177 layer=21 children=10,490,651,1138 grandchildren=100,4900,6510,11380
HASH_ROUTE token=177 layer=22 children=168,199,966,220 grandchildren=1680,1990,9660,2200
HASH_ROUTE token=177 layer=23 children=49,57,681,527 grandchildren=490,570,6810,5270
HASH_ROUTE token=178 layer=0 children=49,126,152,2 grandchildren=490,1260,1520,20
HASH_ROUTE token=178 layer=1 children=342,456,350,396 grandchildren=3420,4560,3500,3960
HASH_ROUTE token=178 layer=2 children=1167,1127,1225,1003 grandchildren=11670,11270,12250,10030
HASH_ROUTE token=178 layer=3 children=106,1229,85,141 grandchildren=1060,12290,850,1410
HASH_ROUTE token=178 layer=4 children=319,162,266,246 grandchildren=3190,1620,2660,2460
HASH_ROUTE token=178 layer=5 children=1212,1173,1131,1227 grandchildren=12120,11730,11310,12270
HASH_ROUTE token=178 layer=6 children=246,1207,727,200 grandchildren=2460,12070,7270,2000
HASH_ROUTE token=178 layer=7 children=697,215,52,855 grandchildren=6970,2150,520,8550
HASH_ROUTE token=178 layer=8 children=917,941,844,881 grandchildren=9170,9410,8440,8810
HASH_ROUTE token=178 layer=9 children=310,955,792,635 grandchildren=3100,9550,7920,6350
HASH_ROUTE token=178 layer=10 children=1140,1216,1228,1167 grandchildren=11400,12160,12280,11670
HASH_ROUTE token=178 layer=11 children=130,777,52,690 grandchildren=1300,7770,520,6900
HASH_ROUTE token=178 layer=12 children=635,566,541,535 grandchildren=6350,5660,5410,5350
HASH_ROUTE token=178 layer=13 children=81,720,91,731 grandchildren=810,7200,910,7310
HASH_ROUTE token=178 layer=14 children=617,937,594,917 grandchildren=6170,9370,5940,9170
HASH_ROUTE token=178 layer=15 children=439,1078,456,1098 grandchildren=4390,10780,4560,10980
HASH_ROUTE token=178 layer=16 children=386,359,437,346 grandchildren=3860,3590,4370,3460
HASH_ROUTE token=178 layer=17 children=181,1143,231,263 grandchildren=1810,11430,2310,2630
HASH_ROUTE token=178 layer=18 children=337,970,352,325 grandchildren=3370,9700,3520,3250
HASH_ROUTE token=178 layer=19 children=740,679,783,653 grandchildren=7400,6790,7830,6530
HASH_ROUTE token=178 layer=20 children=1214,1238,735,571 grandchildren=12140,12380,7350,5710
HASH_ROUTE token=178 layer=21 children=1216,1125,410,257 grandchildren=12160,11250,4100,2570
HASH_ROUTE token=178 layer=22 children=455,331,1259,932 grandchildren=4550,3310,12590,9320
HASH_ROUTE token=178 layer=23 children=830,945,352,466 grandchildren=8300,9450,3520,4660
HASH_ROUTE token=179 layer=0 children=50,218,371,107 grandchildren=500,2180,3710,1070
HASH_ROUTE token=179 layer=1 children=297,174,184,242 grandchildren=2970,1740,1840,2420
HASH_ROUTE token=179 layer=2 children=424,338,1229,1069 grandchildren=4240,3380,12290,10690
HASH_ROUTE token=179 layer=3 children=63,107,15,51 grandchildren=630,1070,150,510
HASH_ROUTE token=179 layer=4 children=294,180,311,455 grandchildren=2940,1800,3110,4550
HASH_ROUTE token=179 layer=5 children=1179,1219,1243,1278 grandchildren=11790,12190,12430,12780
HASH_ROUTE token=179 layer=6 children=768,128,448,683 grandchildren=7680,1280,4480,6830
HASH_ROUTE token=179 layer=7 children=777,937,132,1096 grandchildren=7770,9370,1320,10960
HASH_ROUTE token=179 layer=8 children=1112,953,631,157 grandchildren=11120,9530,6310,1570
HASH_ROUTE token=179 layer=9 children=253,316,891,955 grandchildren=2530,3160,8910,9550
HASH_ROUTE token=179 layer=10 children=1144,1205,1185,1210 grandchildren=11440,12050,11850,12100
HASH_ROUTE token=179 layer=11 children=56,36,855,117 grandchildren=560,360,8550,1170
HASH_ROUTE token=179 layer=12 children=643,162,324,485 grandchildren=6430,1620,3240,4850
HASH_ROUTE token=179 layer=13 children=783,720,944,882 grandchildren=7830,7200,9440,8820
HASH_ROUTE token=179 layer=14 children=531,850,567,586 grandchildren=5310,8500,5670,5860
HASH_ROUTE token=179 layer=15 children=998,671,191,516 grandchildren=9980,6710,1910,5160
HASH_ROUTE token=179 layer=16 children=437,321,365,428 grandchildren=4370,3210,3650,4280
HASH_ROUTE token=179 layer=17 children=509,188,981,638 grandchildren=5090,1880,9810,6380
HASH_ROUTE token=179 layer=18 children=804,832,848,879 grandchildren=8040,8320,8480,8790
HASH_ROUTE token=179 layer=19 children=768,1248,607,120 grandchildren=7680,12480,6070,1200
HASH_ROUTE token=179 layer=20 children=764,727,604,779 grandchildren=7640,7270,6040,7790
HASH_ROUTE token=179 layer=21 children=1031,992,968,1080 grandchildren=10310,9920,9680,10800
HASH_ROUTE token=179 layer=22 children=178,334,305,265 grandchildren=1780,3340,3050,2650
HASH_ROUTE token=179 layer=23 children=582,909,620,945 grandchildren=5820,9090,6200,9450
HASH_ROUTE token=180 layer=0 children=848,803,851,917 grandchildren=8480,8030,8510,9170
HASH_ROUTE token=180 layer=1 children=267,209,427,361 grandchildren=2670,2090,4270,3610
HASH_ROUTE token=180 layer=2 children=429,354,382,320 grandchildren=4290,3540,3820,3200
HASH_ROUTE token=180 layer=3 children=700,652,386,337 grandchildren=7000,6520,3860,3370
HASH_ROUTE token=180 layer=4 children=251,299,184,891 grandchildren=2510,2990,1840,8910
HASH_ROUTE token=180 layer=5 children=1165,1191,842,1130 grandchildren=11650,11910,8420,11300
HASH_ROUTE token=180 layer=6 children=720,691,759,732 grandchildren=7200,6910,7590,7320
HASH_ROUTE token=180 layer=7 children=1168,360,1156,1187 grandchildren=11680,3600,11560,11870
HASH_ROUTE token=180 layer=8 children=620,1269,524,1104 grandchildren=6200,12690,5240,11040
HASH_ROUTE token=180 layer=9 children=27,348,147,133 grandchildren=270,3480,1470,1330
HASH_ROUTE token=180 layer=10 children=790,477,649,1272 grandchildren=7900,4770,6490,12720
HASH_ROUTE token=180 layer=11 children=354,323,475,422 grandchildren=3540,3230,4750,4220
HASH_ROUTE token=180 layer=12 children=553,639,527,586 grandchildren=5530,6390,5270,5860
HASH_ROUTE token=180 layer=13 children=787,626,144,720 grandchildren=7870,6260,1440,7200
HASH_ROUTE token=180 layer=14 children=330,178,19,819 grandchildren=3300,1780,190,8190
HASH_ROUTE token=180 layer=15 children=670,518,709,1159 grandchildren=6700,5180,7090,11590
HASH_ROUTE token=180 layer=16 children=1119,634,1051,570 grandchildren=11190,6340,10510,5700
HASH_ROUTE token=180 layer=17 children=591,535,633,545 grandchildren=5910,5350,6330,5450
HASH_ROUTE token=180 layer=18 children=802,914,1128,959 grandchildren=8020,9140,11280,9590
HASH_ROUTE token=180 layer=19 children=783,678,464,654 grandchildren=7830,6780,4640,6540
HASH_ROUTE token=180 layer=20 children=458,299,448,416 grandchildren=4580,2990,4480,4160
HASH_ROUTE token=180 layer=21 children=79,558,718,872 grandchildren=790,5580,7180,8720
HASH_ROUTE token=180 layer=22 children=983,1105,189,303 grandchildren=9830,11050,1890,3030
HASH_ROUTE token=180 layer=23 children=23,100,125,74 grandchildren=230,1000,1250,740
HASH_ROUTE token=181 layer=0 children=1108,965,464,306 grandchildren=11080,9650,4640,3060
HASH_ROUTE token=181 layer=1 children=421,744,904,585 grandchildren=4210,7440,9040,5850
HASH_ROUTE token=181 layer=2 children=1061,427,1003,366 grandchildren=10610,4270,10030,3660
HASH_ROUTE token=181 layer=3 children=597,539,611,117 grandchildren=5970,5390,6110,1170
HASH_ROUTE token=181 layer=4 children=1093,617,939,979 grandchildren=10930,6170,9390,9790
HASH_ROUTE token=181 layer=5 children=588,623,538,579 grandchildren=5880,6230,5380,5790
HASH_ROUTE token=181 layer=6 children=680,676,41,1162 grandchildren=6800,6760,410,11620
HASH_ROUTE token=181 layer=7 children=295,285,133,127 grandchildren=2950,2850,1330,1270
HASH_ROUTE token=181 layer=8 children=1101,1012,1268,982 grandchildren=11010,10120,12680,9820
HASH_ROUTE token=181 layer=9 children=828,860,809,903 grandchildren=8280,8600,8090,9030
HASH_ROUTE token=181 layer=10 children=1089,1242,991,1158 grandchildren=10890,12420,9910,11580
HASH_ROUTE token=181 layer=11 children=701,654,677,759 grandchildren=7010,6540,6770,7590
HASH_ROUTE token=181 layer=12 children=1162,681,204,1003 grandchildren=11620,6810,2040,10030
HASH_ROUTE token=181 layer=13 children=1070,1237,1042,1207 grandchildren=10700,12370,10420,12070
HASH_ROUTE token=181 layer=14 children=52,123,698,850 grandchildren=520,1230,6980,8500
HASH_ROUTE token=181 layer=15 children=1235,1186,1258,1247 grandchildren=12350,11860,12580,12470
HASH_ROUTE token=181 layer=16 children=1063,421,969,1051 grandchildren=10630,4210,9690,10510
HASH_ROUTE token=181 layer=17 children=584,542,598,1066 grandchildren=5840,5420,5980,10660
HASH_ROUTE token=181 layer=18 children=260,245,165,184 grandchildren=2600,2450,1650,1840
HASH_ROUTE token=181 layer=19 children=903,868,814,744 grandchildren=9030,8680,8140,7440
HASH_ROUTE token=181 layer=20 children=349,438,362,28 grandchildren=3490,4380,3620,280
HASH_ROUTE token=181 layer=21 children=76,65,718,45 grandchildren=760,650,7180,450
HASH_ROUTE token=181 layer=22 children=299,264,934,1091 grandchildren=2990,2640,9340,10910
HASH_ROUTE token=181 layer=23 children=841,46,825,528 grandchildren=8410,460,8250,5280
HASH_ROUTE token=182 layer=0 children=50,157,72,3 grandchildren=500,1570,720,30
HASH_ROUTE token=182 layer=1 children=23,80,17,340 grandchildren=230,800,170,3400
HASH_ROUTE token=182 layer=2 children=578,898,419,95 grandchildren=5780,8980,4190,950
HASH_ROUTE token=182 layer=3 children=730,771,651,411 grandchildren=7300,7710,6510,4110
HASH_ROUTE token=182 layer=4 children=572,251,491,172 grandchildren=5720,2510,4910,1720
HASH_ROUTE token=182 layer=5 children=901,891,844,1223 grandchildren=9010,8910,8440,12230
HASH_ROUTE token=182 layer=6 children=690,371,758,219 grandchildren=6900,3710,7580,2190
HASH_ROUTE token=182 layer=7 children=347,23,368,43 grandchildren=3470,230,3680,430
HASH_ROUTE token=182 layer=8 children=1266,941,1272,950 grandchildren=12660,9410,12720,9500
HASH_ROUTE token=182 layer=9 children=666,28,792,828 grandchildren=6660,280,7920,8280
HASH_ROUTE token=182 layer=10 children=383,433,402,325 grandchildren=3830,4330,4020,3250
HASH_ROUTE token=182 layer=11 children=1159,34,354,995 grandchildren=11590,340,3540,9950
HASH_ROUTE token=182 layer=12 children=513,592,564,570 grandchildren=5130,5920,5640,5700
HASH_ROUTE token=182 layer=13 children=1210,1206,1136,1255 grandchildren=12100,12060,11360,12550
HASH_ROUTE token=182 layer=14 children=14,335,494,139 grandchildren=140,3350,4940,1390
HASH_ROUTE token=182 layer=15 children=1235,1273,1179,1251 grandchildren=12350,12730,11790,12510
HASH_ROUTE token=182 layer=16 children=100,5,262,165 grandchildren=1000,50,2620,1650
HASH_ROUTE token=182 layer=17 children=1003,1066,1017,1080 grandchildren=10030,10660,10170,10800
HASH_ROUTE token=182 layer=18 children=48,121,102,159 grandchildren=480,1210,1020,1590
HASH_ROUTE token=182 layer=19 children=343,331,186,410 grandchildren=3430,3310,1860,4100
HASH_ROUTE token=182 layer=20 children=179,1130,160,206 grandchildren=1790,11300,1600,2060
HASH_ROUTE token=182 layer=21 children=899,878,810,846 grandchildren=8990,8780,8100,8460
HASH_ROUTE token=182 layer=22 children=500,486,593,492 grandchildren=5000,4860,5930,4920
HASH_ROUTE token=182 layer=23 children=89,1203,144,248 grandchildren=890,12030,1440,2480
HASH_ROUTE token=183 layer=0 children=965,649,1090,1020 grandchildren=9650,6490,10900,10200
HASH_ROUTE token=183 layer=1 children=340,981,410,180 grandchildren=3400,9810,4100,1800
HASH_ROUTE token=183 layer=2 children=580,1220,264,420 grandchildren=5800,12200,2640,4200
HASH_ROUTE token=183 layer=3 children=619,933,512,131 grandchildren=6190,9330,5120,1310
HASH_ROUTE token=183 layer=4 children=262,290,246,105 grandchildren=2620,2900,2460,1050
HASH_ROUTE token=183 layer=5 children=901,822,891,959 grandchildren=9010,8220,8910,9590
HASH_ROUTE token=183 layer=6 children=466,301,413,369 grandchildren=4660,3010,4130,3690
HASH_ROUTE token=183 layer=7 children=218,297,57,277 grandchildren=2180,2970,570,2770
HASH_ROUTE token=183 layer=8 children=754,661,722,919 grandchildren=7540,6610,7220,9190
HASH_ROUTE token=183 layer=9 children=950,804,791,890 grandchildren=9500,8040,7910,8900
HASH_ROUTE token=183 layer=10 children=747,711,646,789 grandchildren=7470,7110,6460,7890
HASH_ROUTE token=183 layer=11 children=641,688,968,1004 grandchildren=6410,6880,9680,10040
HASH_ROUTE token=183 layer=12 children=531,519,218,553 grandchildren=5310,5190,2180,5530
HASH_ROUTE token=183 layer=13 children=284,1248,187,1147 grandchildren=2840,12480,1870,11470
HASH_ROUTE token=183 layer=14 children=456,139,619,299 grandchildren=4560,1390,6190,2990
HASH_ROUTE token=183 layer=15 children=1279,793,311,477 grandchildren=12790,7930,3110,4770
HASH_ROUTE token=183 layer=16 children=221,212,250,1020 grandchildren=2210,2120,2500,10200
HASH_ROUTE token=183 layer=17 children=618,457,604,620 grandchildren=6180,4570,6040,6200
HASH_ROUTE token=183 layer=18 children=1200,1222,241,1257 grandchildren=12000,12220,2410,12570
HASH_ROUTE token=183 layer=19 children=13,39,94,25 grandchildren=130,390,940,250
HASH_ROUTE token=183 layer=20 children=197,256,185,208 grandchildren=1970,2560,1850,2080
HASH_ROUTE token=183 layer=21 children=940,467,142,814 grandchildren=9400,4670,1420,8140
HASH_ROUTE token=183 layer=22 children=626,145,1108,633 grandchildren=6260,1450,11080,6330
HASH_ROUTE token=183 layer=23 children=513,33,194,996 grandchildren=5130,330,1940,9960
HASH_ROUTE token=184 layer=0 children=153,471,41,50 grandchildren=1530,4710,410,500
HASH_ROUTE token=184 layer=1 children=184,160,262,200 grandchildren=1840,1600,2620,2000
HASH_ROUTE token=184 layer=2 children=1221,1138,1163,1206 grandchildren=12210,11380,11630,12060
HASH_ROUTE token=184 layer=3 children=136,778,1095,293 grandchildren=1360,7780,10950,2930
HASH_ROUTE token=184 layer=4 children=296,182,160,282 grandchildren=2960,1820,1600,2820
HASH_ROUTE token=184 layer=5 children=40,93,1165,1212 grandchildren=400,930,11650,12120
HASH_ROUTE token=184 layer=6 children=362,209,452,291 grandchildren=3620,2090,4520,2910
HASH_ROUTE token=184 layer=7 children=926,767,1087,606 grandchildren=9260,7670,10870,6060
HASH_ROUTE token=184 layer=8 children=634,1112,624,312 grandchildren=6340,11120,6240,3120
HASH_ROUTE token=184 layer=9 children=296,314,934,221 grandchildren=2960,3140,9340,2210
HASH_ROUTE token=184 layer=10 children=1274,1165,319,1183 grandchildren=12740,11650,3190,11830
HASH_ROUTE token=184 layer=11 children=359,415,331,383 grandchildren=3590,4150,3310,3830
HASH_ROUTE token=184 layer=12 children=559,568,237,240 grandchildren=5590,5680,2370,2400
HASH_ROUTE token=184 layer=13 children=773,731,1090,139 grandchildren=7730,7310,10900,1390
HASH_ROUTE token=184 layer=14 children=858,212,371,884 grandchildren=8580,2120,3710,8840
HASH_ROUTE token=184 layer=15 children=1150,1185,839,518 grandchildren=11500,11850,8390,5180
HASH_ROUTE token=184 layer=16 children=277,232,256,596 grandchildren=2770,2320,2560,5960
HASH_ROUTE token=184 layer=17 children=462,343,357,329 grandchildren=4620,3430,3570,3290
HASH_ROUTE token=184 layer=18 children=642,801,1128,751 grandchildren=6420,8010,11280,7510
HASH_ROUTE token=184 layer=19 children=792,783,770,768 grandchildren=7920,7830,7700,7680
HASH_ROUTE token=184 layer=20 children=650,730,647,669 grandchildren=6500,7300,6470,6690
HASH_ROUTE token=184 layer=21 children=884,872,953,899 grandchildren=8840,8720,9530,8990
HASH_ROUTE token=184 layer=22 children=971,337,1136,813 grandchildren=9710,3370,11360,8130
HASH_ROUTE token=184 layer=23 children=530,574,638,1019 grandchildren=5300,5740,6380,10190
HASH_ROUTE token=185 layer=0 children=153,50,72,65 grandchildren=1530,500,720,650
HASH_ROUTE token=185 layer=1 children=175,297,652,333 grandchildren=1750,2970,6520,3330
HASH_ROUTE token=185 layer=2 children=905,424,100,588 grandchildren=9050,4240,1000,5880
HASH_ROUTE token=185 layer=3 children=106,68,18,260 grandchildren=1060,680,180,2600
HASH_ROUTE token=185 layer=4 children=186,294,312,229 grandchildren=1860,2940,3120,2290
HASH_ROUTE token=185 layer=5 children=1272,1179,1210,1166 grandchildren=12720,11790,12100,11660
HASH_ROUTE token=185 layer=6 children=129,442,760,289 grandchildren=1290,4420,7600,2890
HASH_ROUTE token=185 layer=7 children=137,934,617,459 grandchildren=1370,9340,6170,4590
HASH_ROUTE token=185 layer=8 children=1110,953,314,1274 grandchildren=11100,9530,3140,12740
HASH_ROUTE token=185 layer=9 children=955,314,917,897 grandchildren=9550,3140,9170,8970
HASH_ROUTE token=185 layer=10 children=1144,347,180,1244 grandchildren=11440,3470,1800,12440
HASH_ROUTE token=185 layer=11 children=24,1142,31,1151 grandchildren=240,11420,310,11510
HASH_ROUTE token=185 layer=12 children=378,327,478,219 grandchildren=3780,3270,4780,2190
HASH_ROUTE token=185 layer=13 children=148,782,943,463 grandchildren=1480,7820,9430,4630
HASH_ROUTE token=185 layer=14 children=777,696,618,537 grandchildren=7770,6960,6180,5370
HASH_ROUTE token=185 layer=15 children=999,1024,1040,831 grandchildren=9990,10240,10400,8310
HASH_ROUTE token=185 layer=16 children=431,365,346,418 grandchildren=4310,3650,3460,4180
HASH_ROUTE token=185 layer=17 children=981,186,349,1144 grandchildren=9810,1860,3490,11440
HASH_ROUTE token=185 layer=18 children=325,964,364,380 grandchildren=3250,9640,3640,3800
HASH_ROUTE token=185 layer=19 children=606,440,120,523 grandchildren=6060,4400,1200,5230
HASH_ROUTE token=185 layer=20 children=766,642,743,779 grandchildren=7660,6420,7430,7790
HASH_ROUTE token=185 layer=21 children=1030,559,230,870 grandchildren=10300,5590,2300,8700
HASH_ROUTE token=185 layer=22 children=265,102,426,178 grandchildren=2650,1020,4260,1780
HASH_ROUTE token=185 layer=23 children=620,945,549,497 grandchildren=6200,9450,5490,4970
HASH_ROUTE token=186 layer=0 children=755,649,779,713 grandchildren=7550,6490,7790,7130
HASH_ROUTE token=186 layer=1 children=527,689,504,663 grandchildren=5270,6890,5040,6630
HASH_ROUTE token=186 layer=2 children=352,830,36,991 grandchildren=3520,8300,360,9910
HASH_ROUTE token=186 layer=3 children=623,613,535,554 grandchildren=6230,6130,5350,5540
HASH_ROUTE token=186 layer=4 children=465,434,1260,452 grandchildren=4650,4340,12600,4520
HASH_ROUTE token=186 layer=5 children=320,809,963,168 grandchildren=3200,8090,9630,1680
HASH_ROUTE token=186 layer=6 children=461,785,620,946 grandchildren=4610,7850,6200,9460
HASH_ROUTE token=186 layer=7 children=148,99,38,621 grandchildren=1480,990,380,6210
HASH_ROUTE token=186 layer=8 children=1014,697,1100,786 grandchildren=10140,6970,11000,7860
HASH_ROUTE token=186 layer=9 children=131,55,938,156 grandchildren=1310,550,9380,1560
HASH_ROUTE token=186 layer=10 children=616,626,540,587 grandchildren=6160,6260,5400,5870
HASH_ROUTE token=186 layer=11 children=916,1077,866,753 grandchildren=9160,10770,8660,7530
HASH_ROUTE token=186 layer=12 children=359,839,1151,512 grandchildren=3590,8390,11510,5120
HASH_ROUTE token=186 layer=13 children=324,167,489,361 grandchildren=3240,1670,4890,3610
HASH_ROUTE token=186 layer=14 children=1102,1264,1096,947 grandchildren=11020,12640,10960,9470
HASH_ROUTE token=186 layer=15 children=767,127,1080,678 grandchildren=7670,1270,10800,6780
HASH_ROUTE token=186 layer=16 children=921,600,889,124 grandchildren=9210,6000,8890,1240
HASH_ROUTE token=186 layer=17 children=893,954,801,91 grandchildren=8930,9540,8010,910
HASH_ROUTE token=186 layer=18 children=740,1226,268,721 grandchildren=7400,12260,2680,7210
HASH_ROUTE token=186 layer=19 children=322,647,1121,482 grandchildren=3220,6470,11210,4820
HASH_ROUTE token=186 layer=20 children=1264,309,1223,786 grandchildren=12640,3090,12230,7860
HASH_ROUTE token=186 layer=21 children=1180,1238,700,65 grandchildren=11800,12380,7000,650
HASH_ROUTE token=186 layer=22 children=939,295,1090,772 grandchildren=9390,2950,10900,7720
HASH_ROUTE token=186 layer=23 children=109,45,71,261 grandchildren=1090,450,710,2610
HASH_ROUTE token=187 layer=0 children=204,217,167,1162 grandchildren=2040,2170,1670,11620
HASH_ROUTE token=187 layer=1 children=175,297,810,207 grandchildren=1750,2970,8100,2070
HASH_ROUTE token=187 layer=2 children=330,410,461,400 grandchildren=3300,4100,4610,4000
HASH_ROUTE token=187 layer=3 children=1090,132,1114,931 grandchildren=10900,1320,11140,9310
HASH_ROUTE token=187 layer=4 children=315,193,635,511 grandchildren=3150,1930,6350,5110
HASH_ROUTE token=187 layer=5 children=1134,1261,1212,1174 grandchildren=11340,12610,12120,11740
HASH_ROUTE token=187 layer=6 children=686,761,205,676 grandchildren=6860,7610,2050,6760
HASH_ROUTE token=187 layer=7 children=297,189,770,218 grandchildren=2970,1890,7700,2180
HASH_ROUTE token=187 layer=8 children=1262,1225,1175,1257 grandchildren=12620,12250,11750,12570
HASH_ROUTE token=187 layer=9 children=826,830,186,191 grandchildren=8260,8300,1860,1910
HASH_ROUTE token=187 layer=10 children=271,756,259,733 grandchildren=2710,7560,2590,7330
HASH_ROUTE token=187 layer=11 children=51,693,531,853 grandchildren=510,6930,5310,8530
HASH_ROUTE token=187 layer=12 children=649,1121,802,5 grandchildren=6490,11210,8020,50
HASH_ROUTE token=187 layer=13 children=947,884,1105,1042 grandchildren=9470,8840,11050,10420
HASH_ROUTE token=187 layer=14 children=929,445,936,604 grandchildren=9290,4450,9360,6040
HASH_ROUTE token=187 layer=15 children=454,377,475,342 grandchildren=4540,3770,4750,3420
HASH_ROUTE token=187 layer=16 children=434,411,345,321 grandchildren=4340,4110,3450,3210
HASH_ROUTE token=187 layer=17 children=571,1050,732,1218 grandchildren=5710,10500,7320,12180
HASH_ROUTE token=187 layer=18 children=173,244,313,289 grandchildren=1730,2440,3130,2890
HASH_ROUTE token=187 layer=19 children=652,338,1133,660 grandchildren=6520,3380,11330,6600
HASH_ROUTE token=187 layer=20 children=314,472,208,273 grandchildren=3140,4720,2080,2730
HASH_ROUTE token=187 layer=21 children=10,490,651,1138 grandchildren=100,4900,6510,11380
HASH_ROUTE token=187 layer=22 children=168,199,966,220 grandchildren=1680,1990,9660,2200
HASH_ROUTE token=187 layer=23 children=49,57,681,527 grandchildren=490,570,6810,5270
HASH_ROUTE token=188 layer=0 children=49,126,152,2 grandchildren=490,1260,1520,20
HASH_ROUTE token=188 layer=1 children=342,456,350,396 grandchildren=3420,4560,3500,3960
HASH_ROUTE token=188 layer=2 children=1167,1127,1225,1003 grandchildren=11670,11270,12250,10030
HASH_ROUTE token=188 layer=3 children=106,1229,85,141 grandchildren=1060,12290,850,1410
HASH_ROUTE token=188 layer=4 children=319,162,266,246 grandchildren=3190,1620,2660,2460
HASH_ROUTE token=188 layer=5 children=1212,1173,1131,1227 grandchildren=12120,11730,11310,12270
HASH_ROUTE token=188 layer=6 children=246,1207,727,200 grandchildren=2460,12070,7270,2000
HASH_ROUTE token=188 layer=7 children=697,215,52,855 grandchildren=6970,2150,520,8550
HASH_ROUTE token=188 layer=8 children=917,941,844,881 grandchildren=9170,9410,8440,8810
HASH_ROUTE token=188 layer=9 children=310,955,792,635 grandchildren=3100,9550,7920,6350
HASH_ROUTE token=188 layer=10 children=1140,1216,1228,1167 grandchildren=11400,12160,12280,11670
HASH_ROUTE token=188 layer=11 children=130,777,52,690 grandchildren=1300,7770,520,6900
HASH_ROUTE token=188 layer=12 children=635,566,541,535 grandchildren=6350,5660,5410,5350
HASH_ROUTE token=188 layer=13 children=81,720,91,731 grandchildren=810,7200,910,7310
HASH_ROUTE token=188 layer=14 children=617,937,594,917 grandchildren=6170,9370,5940,9170
HASH_ROUTE token=188 layer=15 children=439,1078,456,1098 grandchildren=4390,10780,4560,10980
HASH_ROUTE token=188 layer=16 children=386,359,437,346 grandchildren=3860,3590,4370,3460
HASH_ROUTE token=188 layer=17 children=181,1143,231,263 grandchildren=1810,11430,2310,2630
HASH_ROUTE token=188 layer=18 children=337,970,352,325 grandchildren=3370,9700,3520,3250
HASH_ROUTE token=188 layer=19 children=740,679,783,653 grandchildren=7400,6790,7830,6530
HASH_ROUTE token=188 layer=20 children=1214,1238,735,571 grandchildren=12140,12380,7350,5710
HASH_ROUTE token=188 layer=21 children=1216,1125,410,257 grandchildren=12160,11250,4100,2570
HASH_ROUTE token=188 layer=22 children=455,331,1259,932 grandchildren=4550,3310,12590,9320
HASH_ROUTE token=188 layer=23 children=830,945,352,466 grandchildren=8300,9450,3520,4660
HASH_ROUTE token=189 layer=0 children=1001,1018,967,1066 grandchildren=10010,10180,9670,10660
HASH_ROUTE token=189 layer=1 children=250,411,181,342 grandchildren=2500,4110,1810,3420
HASH_ROUTE token=189 layer=2 children=335,975,651,1138 grandchildren=3350,9750,6510,11380
HASH_ROUTE token=189 layer=3 children=294,132,228,1251 grandchildren=2940,1320,2280,12510
HASH_ROUTE token=189 layer=4 children=196,178,228,204 grandchildren=1960,1780,2280,2040
HASH_ROUTE token=189 layer=5 children=1173,1223,1212,1240 grandchildren=11730,12230,12120,12400
HASH_ROUTE token=189 layer=6 children=200,365,843,247 grandchildren=2000,3650,8430,2470
HASH_ROUTE token=189 layer=7 children=859,697,933,777 grandchildren=8590,6970,9330,7770
HASH_ROUTE token=189 layer=8 children=953,791,937,941 grandchildren=9530,7910,9370,9410
HASH_ROUTE token=189 layer=9 children=314,180,251,221 grandchildren=3140,1800,2510,2210
HASH_ROUTE token=189 layer=10 children=986,1002,992,1049 grandchildren=9860,10020,9920,10490
HASH_ROUTE token=189 layer=11 children=56,34,854,1019 grandchildren=560,340,8540,10190
HASH_ROUTE token=189 layer=12 children=487,643,1125,166 grandchildren=4870,6430,11250,1660
HASH_ROUTE token=189 layer=13 children=140,81,106,124 grandchildren=1400,810,1060,1240
HASH_ROUTE token=189 layer=14 children=588,903,492,745 grandchildren=5880,9030,4920,7450
HASH_ROUTE token=189 layer=15 children=1009,991,1031,1112 grandchildren=10090,9910,10310,11120
HASH_ROUTE token=189 layer=16 children=437,325,419,470 grandchildren=4370,3250,4190,4700
HASH_ROUTE token=189 layer=17 children=586,505,544,426 grandchildren=5860,5050,5440,4260
HASH_ROUTE token=189 layer=18 children=1024,867,1013,381 grandchildren=10240,8670,10130,3810
HASH_ROUTE token=189 layer=19 children=1125,1196,1208,162 grandchildren=11250,11960,12080,1620
HASH_ROUTE token=189 layer=20 children=437,400,347,410 grandchildren=4370,4000,3470,4100
HASH_ROUTE token=189 layer=21 children=70,559,41,235 grandchildren=700,5590,410,2350
HASH_ROUTE token=189 layer=22 children=265,428,742,100 grandchildren=2650,4280,7420,1000
HASH_ROUTE token=189 layer=23 children=872,234,78,820 grandchildren=8720,2340,780,8200
HASH_ROUTE token=190 layer=0 children=680,361,209,41 grandchildren=6800,3610,2090,410
HASH_ROUTE token=190 layer=1 children=184,342,502,23 grandchildren=1840,3420,5020,230
HASH_ROUTE token=190 layer=2 children=330,499,659,975 grandchildren=3300,4990,6590,9750
HASH_ROUTE token=190 layer=3 children=682,739,205,669 grandchildren=6820,7390,2050,6690
HASH_ROUTE token=190 layer=4 children=314,261,171,295 grandchildren=3140,2610,1710,2950
HASH_ROUTE token=190 layer=5 children=856,373,1018,862 grandchildren=8560,3730,10180,8620
HASH_ROUTE token=190 layer=6 children=444,353,439,413 grandchildren=4440,3530,4390,4130
HASH_ROUTE token=190 layer=7 children=617,137,563,513 grandchildren=6170,1370,5630,5130
HASH_ROUTE token=190 layer=8 children=1022,548,864,1077 grandchildren=10220,5480,8640,10770
HASH_ROUTE token=190 layer=9 children=547,385,862,1020 grandchildren=5470,3850,8620,10200
HASH_ROUTE token=190 layer=10 children=798,752,707,742 grandchildren=7980,7520,7070,7420
HASH_ROUTE token=190 layer=11 children=157,40,795,688 grandchildren=1570,400,7950,6880
HASH_ROUTE token=190 layer=12 children=185,982,1141,26 grandchildren=1850,9820,11410,260
HASH_ROUTE token=190 layer=13 children=731,774,675,572 grandchildren=7310,7740,6750,5720
HASH_ROUTE token=190 layer=14 children=249,402,175,330 grandchildren=2490,4020,1750,3300
HASH_ROUTE token=190 layer=15 children=518,357,609,499 grandchildren=5180,3570,6090,4990
HASH_ROUTE token=190 layer=16 children=387,330,1027,464 grandchildren=3870,3300,10270,4640
HASH_ROUTE token=190 layer=17 children=501,531,584,484 grandchildren=5010,5310,5840,4840
HASH_ROUTE token=190 layer=18 children=1237,275,1252,1123 grandchildren=12370,2750,12520,11230
HASH_ROUTE token=190 layer=19 children=787,1100,941,749 grandchildren=7870,11000,9410,7490
HASH_ROUTE token=190 layer=20 children=166,215,317,800 grandchildren=1660,2150,3170,8000
HASH_ROUTE token=190 layer=21 children=713,878,744,1194 grandchildren=7130,8780,7440,11940
HASH_ROUTE token=190 layer=22 children=312,179,269,1110 grandchildren=3120,1790,2690,11100
HASH_ROUTE token=190 layer=23 children=513,31,672,584 grandchildren=5130,310,6720,5840
HASH_ROUTE token=191 layer=0 children=441,458,322,361 grandchildren=4410,4580,3220,3610
HASH_ROUTE token=191 layer=1 children=180,340,828,256 grandchildren=1800,3400,8280,2560
HASH_ROUTE token=191 layer=2 children=971,962,1064,1048 grandchildren=9710,9620,10640,10480
HASH_ROUTE token=191 layer=3 children=1172,533,691,51 grandchildren=11720,5330,6910,510
HASH_ROUTE token=191 layer=4 children=93,136,251,105 grandchildren=930,1360,2510,1050
HASH_ROUTE token=191 layer=5 children=34,62,991,1029 grandchildren=340,620,9910,10290
HASH_ROUTE token=191 layer=6 children=573,418,738,1051 grandchildren=5730,4180,7380,10510
HASH_ROUTE token=191 layer=7 children=448,409,123,84 grandchildren=4480,4090,1230,840
HASH_ROUTE token=191 layer=8 children=1208,248,888,408 grandchildren=12080,2480,8880,4080
HASH_ROUTE token=191 layer=9 children=955,821,803,314 grandchildren=9550,8210,8030,3140
HASH_ROUTE token=191 layer=10 children=905,959,742,1227 grandchildren=9050,9590,7420,12270
HASH_ROUTE token=191 layer=11 children=703,381,224,738 grandchildren=7030,3810,2240,7380
HASH_ROUTE token=191 layer=12 children=193,223,238,258 grandchildren=1930,2230,2380,2580
HASH_ROUTE token=191 layer=13 children=1036,711,1058,1196 grandchildren=10360,7110,10580,11960
HASH_ROUTE token=191 layer=14 children=451,933,130,407 grandchildren=4510,9330,1300,4070
HASH_ROUTE token=191 layer=15 children=1273,1150,1238,1132 grandchildren=12730,11500,12380,11320
HASH_ROUTE token=191 layer=16 children=251,270,221,315 grandchildren=2510,2700,2210,3150
HASH_ROUTE token=191 layer=17 children=456,437,462,385 grandchildren=4560,4370,4620,3850
HASH_ROUTE token=191 layer=18 children=167,295,261,964 grandchildren=1670,2950,2610,9640
HASH_ROUTE token=191 layer=19 children=783,653,467,716 grandchildren=7830,6530,4670,7160
HASH_ROUTE token=191 layer=20 children=185,315,245,502 grandchildren=1850,3150,2450,5020
HASH_ROUTE token=191 layer=21 children=142,467,93,410 grandchildren=1420,4670,930,4100
HASH_ROUTE token=191 layer=22 children=156,1274,16,1136 grandchildren=1560,12740,160,11360
HASH_ROUTE token=191 layer=23 children=32,108,194,261 grandchildren=320,1080,1940,2610
HASH_ROUTE token=192 layer=0 children=805,9,962,1126 grandchildren=8050,90,9620,11260
HASH_ROUTE token=192 layer=1 children=456,291,339,475 grandchildren=4560,2910,3390,4750
HASH_ROUTE token=192 layer=2 children=895,939,843,97 grandchildren=8950,9390,8430,970
HASH_ROUTE token=192 layer=3 children=670,758,778,739 grandchildren=6700,7580,7780,7390
HASH_ROUTE token=192 layer=4 children=181,299,504,254 grandchildren=1810,2990,5040,2540
HASH_ROUTE token=192 layer=5 children=405,419,378,384 grandchildren=4050,4190,3780,3840
HASH_ROUTE token=192 layer=6 children=679,732,716,779 grandchildren=6790,7320,7160,7790
HASH_ROUTE token=192 layer=7 children=544,587,65,514 grandchildren=5440,5870,650,5140
HASH_ROUTE token=192 layer=8 children=393,231,366,202 grandchildren=3930,2310,3660,2020
HASH_ROUTE token=192 layer=9 children=868,703,547,1184 grandchildren=8680,7030,5470,11840
HASH_ROUTE token=192 layer=10 children=32,510,196,357 grandchildren=320,5100,1960,3570
HASH_ROUTE token=192 layer=11 children=750,1075,591,111 grandchildren=7500,10750,5910,1110
HASH_ROUTE token=192 layer=12 children=506,984,527,1145 grandchildren=5060,9840,5270,11450
HASH_ROUTE token=192 layer=13 children=509,1142,572,496 grandchildren=5090,11420,5720,4960
HASH_ROUTE token=192 layer=14 children=177,306,253,261 grandchildren=1770,3060,2530,2610
HASH_ROUTE token=192 layer=15 children=1159,1243,1179,678 grandchildren=11590,12430,11790,6780
HASH_ROUTE token=192 layer=16 children=256,277,218,310 grandchildren=2560,2770,2180,3100
HASH_ROUTE token=192 layer=17 children=594,530,544,484 grandchildren=5940,5300,5440,4840
HASH_ROUTE token=192 layer=18 children=352,440,197,284 grandchildren=3520,4400,1970,2840
HASH_ROUTE token=192 layer=19 children=787,464,797,760 grandchildren=7870,4640,7970,7600
HASH_ROUTE token=192 layer=20 children=208,239,254,296 grandchildren=2080,2390,2540,2960
HASH_ROUTE token=192 layer=21 children=714,781,76,141 grandchildren=7140,7810,760,1410
HASH_ROUTE token=192 layer=22 children=628,502,483,1265 grandchildren=6280,5020,4830,12650
HASH_ROUTE token=192 layer=23 children=23,988,100,114 grandchildren=230,9880,1000,1140
HASH_ROUTE token=193 layer=0 children=934,861,131,803 grandchildren=9340,8610,1310,8030
HASH_ROUTE token=193 layer=1 children=189,349,297,25 grandchildren=1890,3490,2970,250
HASH_ROUTE token=193 layer=2 children=1229,1237,1215,1205 grandchildren=12290,12370,12150,12050
HASH_ROUTE token=193 layer=3 children=933,775,1095,614 grandchildren=9330,7750,10950,6140
HASH_ROUTE token=193 layer=4 children=237,308,278,186 grandchildren=2370,3080,2780,1860
HASH_ROUTE token=193 layer=5 children=861,384,811,913 grandchildren=8610,3840,8110,9130
HASH_ROUTE token=193 layer=6 children=200,253,280,246 grandchildren=2000,2530,2800,2460
HASH_ROUTE token=193 layer=7 children=692,373,1011,708 grandchildren=6920,3730,10110,7080
HASH_ROUTE token=193 layer=8 children=205,682,48,296 grandchildren=2050,6820,480,2960
HASH_ROUTE token=193 layer=9 children=951,639,840,315 grandchildren=9510,6390,8400,3150
HASH_ROUTE token=193 layer=10 children=1159,1227,1237,1160 grandchildren=11590,12270,12370,11600
HASH_ROUTE token=193 layer=11 children=687,752,783,795 grandchildren=6870,7520,7830,7950
HASH_ROUTE token=193 layer=12 children=559,587,527,516 grandchildren=5590,5870,5270,5160
HASH_ROUTE token=193 layer=13 children=737,664,704,696 grandchildren=7370,6640,7040,6960
HASH_ROUTE token=193 layer=14 children=937,941,919,618 grandchildren=9370,9410,9190,6180
HASH_ROUTE token=193 layer=15 children=432,357,402,337 grandchildren=4320,3570,4020,3370
HASH_ROUTE token=193 layer=16 children=251,182,315,166 grandchildren=2510,1820,3150,1660
HASH_ROUTE token=193 layer=17 children=982,1025,1091,503 grandchildren=9820,10250,10910,5030
HASH_ROUTE token=193 layer=18 children=1234,1243,277,432 grandchildren=12340,12430,2770,4320
HASH_ROUTE token=193 layer=19 children=338,13,658,467 grandchildren=3380,130,6580,4670
HASH_ROUTE token=193 layer=20 children=220,185,277,201 grandchildren=2200,1850,2770,2010
HASH_ROUTE token=193 layer=21 children=893,845,254,942 grandchildren=8930,8450,2540,9420
HASH_ROUTE token=193 layer=22 children=143,307,621,783 grandchildren=1430,3070,6210,7830
HASH_ROUTE token=193 layer=23 children=995,194,831,1069 grandchildren=9950,1940,8310,10690
HASH_ROUTE token=194 layer=0 children=441,360,127,49 grandchildren=4410,3600,1270,490
HASH_ROUTE token=194 layer=1 children=341,184,29,405 grandchildren=3410,1840,290,4050
HASH_ROUTE token=194 layer=2 children=739,641,686,1212 grandchildren=7390,6410,6860,12120
HASH_ROUTE token=194 layer=3 children=1052,970,1092,739 grandchildren=10520,9700,10920,7390
HASH_ROUTE token=194 layer=4 children=181,295,662,1148 grandchildren=1810,2950,6620,11480
HASH_ROUTE token=194 layer=5 children=1065,902,996,837 grandchildren=10650,9020,9960,8370
HASH_ROUTE token=194 layer=6 children=251,303,194,246 grandchildren=2510,3030,1940,2460
HASH_ROUTE token=194 layer=7 children=425,411,267,104 grandchildren=4250,4110,2670,1040
HASH_ROUTE token=194 layer=8 children=1040,1109,881,1073 grandchildren=10400,11090,8810,10730
HASH_ROUTE token=194 layer=9 children=861,848,802,929 grandchildren=8610,8480,8020,9290
HASH_ROUTE token=194 layer=10 children=1072,966,1098,1056 grandchildren=10720,9660,10980,10560
HASH_ROUTE token=194 layer=11 children=919,949,865,1078 grandchildren=9190,9490,8650,10780
HASH_ROUTE token=194 layer=12 children=541,584,551,227 grandchildren=5410,5840,5510,2270
HASH_ROUTE token=194 layer=13 children=139,1095,1255,124 grandchildren=1390,10950,12550,1240
HASH_ROUTE token=194 layer=14 children=937,878,299,615 grandchildren=9370,8780,2990,6150
HASH_ROUTE token=194 layer=15 children=338,650,472,978 grandchildren=3380,6500,4720,9780
HASH_ROUTE token=194 layer=16 children=227,250,272,192 grandchildren=2270,2500,2720,1920
HASH_ROUTE token=194 layer=17 children=188,983,504,1144 grandchildren=1880,9830,5040,11440
HASH_ROUTE token=194 layer=18 children=278,1234,173,113 grandchildren=2780,12340,1730,1130
HASH_ROUTE token=194 layer=19 children=190,671,179,39 grandchildren=1900,6710,1790,390
HASH_ROUTE token=194 layer=20 children=225,185,215,278 grandchildren=2250,1850,2150,2780
HASH_ROUTE token=194 layer=21 children=893,93,731,949 grandchildren=8930,930,7310,9490
HASH_ROUTE token=194 layer=22 children=465,333,621,943 grandchildren=4650,3330,6210,9430
HASH_ROUTE token=194 layer=23 children=831,898,999,942 grandchildren=8310,8980,9990,9420
HASH_ROUTE token=195 layer=0 children=153,50,72,65 grandchildren=1530,500,720,650
HASH_ROUTE token=195 layer=1 children=175,297,652,333 grandchildren=1750,2970,6520,3330
HASH_ROUTE token=195 layer=2 children=905,1060,747,424 grandchildren=9050,10600,7470,4240
HASH_ROUTE token=195 layer=3 children=106,68,18,900 grandchildren=1060,680,180,9000
HASH_ROUTE token=195 layer=4 children=186,294,312,194 grandchildren=1860,2940,3120,1940
HASH_ROUTE token=195 layer=5 children=1210,1272,1179,1130 grandchildren=12100,12720,11790,11300
HASH_ROUTE token=195 layer=6 children=129,442,760,288 grandchildren=1290,4420,7600,2880
HASH_ROUTE token=195 layer=7 children=931,137,617,459 grandchildren=9310,1370,6170,4590
HASH_ROUTE token=195 layer=8 children=1110,953,314,1274 grandchildren=11100,9530,3140,12740
HASH_ROUTE token=195 layer=9 children=955,316,897,631 grandchildren=9550,3160,8970,6310
HASH_ROUTE token=195 layer=10 children=347,1145,180,446 grandchildren=3470,11450,1800,4460
HASH_ROUTE token=195 layer=11 children=24,1149,32,1154 grandchildren=240,11490,320,11540
HASH_ROUTE token=195 layer=12 children=374,327,478,219 grandchildren=3740,3270,4780,2190
HASH_ROUTE token=195 layer=13 children=786,148,948,463 grandchildren=7860,1480,9480,4630
HASH_ROUTE token=195 layer=14 children=696,777,537,616 grandchildren=6960,7770,5370,6160
HASH_ROUTE token=195 layer=15 children=995,831,1024,1040 grandchildren=9950,8310,10240,10400
HASH_ROUTE token=195 layer=16 children=431,365,1076,346 grandchildren=4310,3650,10760,3460
HASH_ROUTE token=195 layer=17 children=981,188,346,1144 grandchildren=9810,1880,3460,11440
HASH_ROUTE token=195 layer=18 children=320,380,459,364 grandchildren=3200,3800,4590,3640
HASH_ROUTE token=195 layer=19 children=606,440,120,926 grandchildren=6060,4400,1200,9260
HASH_ROUTE token=195 layer=20 children=766,730,648,667 grandchildren=7660,7300,6480,6670
HASH_ROUTE token=195 layer=21 children=1030,552,870,236 grandchildren=10300,5520,8700,2360
HASH_ROUTE token=195 layer=22 children=178,331,13,265 grandchildren=1780,3310,130,2650
HASH_ROUTE token=195 layer=23 children=945,620,1267,906 grandchildren=9450,6200,12670,9060
HASH_ROUTE token=196 layer=0 children=755,649,779,713 grandchildren=7550,6490,7790,7130
HASH_ROUTE token=196 layer=1 children=527,689,504,663 grandchildren=5270,6890,5040,6630
HASH_ROUTE token=196 layer=2 children=352,830,36,418 grandchildren=3520,8300,360,4180
HASH_ROUTE token=196 layer=3 children=623,613,535,554 grandchildren=6230,6130,5350,5540
HASH_ROUTE token=196 layer=4 children=465,434,1260,452 grandchildren=4650,4340,12600,4520
HASH_ROUTE token=196 layer=5 children=320,809,963,168 grandchildren=3200,8090,9630,1680
HASH_ROUTE token=196 layer=6 children=461,785,620,946 grandchildren=4610,7850,6200,9460
HASH_ROUTE token=196 layer=7 children=148,99,38,621 grandchildren=1480,990,380,6210
HASH_ROUTE token=196 layer=8 children=1014,697,1100,786 grandchildren=10140,6970,11000,7860
HASH_ROUTE token=196 layer=9 children=131,55,938,156 grandchildren=1310,550,9380,1560
HASH_ROUTE token=196 layer=10 children=616,626,540,587 grandchildren=6160,6260,5400,5870
HASH_ROUTE token=196 layer=11 children=916,1077,866,753 grandchildren=9160,10770,8660,7530
HASH_ROUTE token=196 layer=12 children=359,839,1151,512 grandchildren=3590,8390,11510,5120
HASH_ROUTE token=196 layer=13 children=324,167,489,361 grandchildren=3240,1670,4890,3610
HASH_ROUTE token=196 layer=14 children=1102,1264,1096,947 grandchildren=11020,12640,10960,9470
HASH_ROUTE token=196 layer=15 children=767,127,1080,678 grandchildren=7670,1270,10800,6780
HASH_ROUTE token=196 layer=16 children=921,600,889,124 grandchildren=9210,6000,8890,1240
HASH_ROUTE token=196 layer=17 children=893,954,801,91 grandchildren=8930,9540,8010,910
HASH_ROUTE token=196 layer=18 children=740,1226,268,721 grandchildren=7400,12260,2680,7210
HASH_ROUTE token=196 layer=19 children=322,647,1121,482 grandchildren=3220,6470,11210,4820
HASH_ROUTE token=196 layer=20 children=1264,309,1223,786 grandchildren=12640,3090,12230,7860
HASH_ROUTE token=196 layer=21 children=1180,1238,700,65 grandchildren=11800,12380,7000,650
HASH_ROUTE token=196 layer=22 children=939,295,1090,772 grandchildren=9390,2950,10900,7720
HASH_ROUTE token=196 layer=23 children=109,45,71,261 grandchildren=1090,450,710,2610
HASH_ROUTE token=197 layer=0 children=219,202,377,362 grandchildren=2190,2020,3770,3620
HASH_ROUTE token=197 layer=1 children=290,137,770,458 grandchildren=2900,1370,7700,4580
HASH_ROUTE token=197 layer=2 children=577,499,891,418 grandchildren=5770,4990,8910,4180
HASH_ROUTE token=197 layer=3 children=771,135,452,618 grandchildren=7710,1350,4520,6180
HASH_ROUTE token=197 layer=4 children=180,162,292,193 grandchildren=1800,1620,2920,1930
HASH_ROUTE token=197 layer=5 children=892,1219,858,1171 grandchildren=8920,12190,8580,11710
HASH_ROUTE token=197 layer=6 children=126,927,444,288 grandchildren=1260,9270,4440,2880
HASH_ROUTE token=197 layer=7 children=774,617,290,1096 grandchildren=7740,6170,2900,10960
HASH_ROUTE token=197 layer=8 children=847,366,1009,527 grandchildren=8470,3660,10090,5270
HASH_ROUTE token=197 layer=9 children=830,825,897,936 grandchildren=8300,8250,8970,9360
HASH_ROUTE token=197 layer=10 children=249,181,318,286 grandchildren=2490,1810,3180,2860
HASH_ROUTE token=197 layer=11 children=56,699,853,1177 grandchildren=560,6990,8530,11770
HASH_ROUTE token=197 layer=12 children=0,1127,155,324 grandchildren=0,11270,1550,3240
HASH_ROUTE token=197 layer=13 children=783,714,720,461 grandchildren=7830,7140,7200,4610
HASH_ROUTE token=197 layer=14 children=588,636,617,565 grandchildren=5880,6360,6170,5650
HASH_ROUTE token=197 layer=15 children=992,839,352,1040 grandchildren=9920,8390,3520,10400
HASH_ROUTE token=197 layer=16 children=918,277,432,119 grandchildren=9180,2770,4320,1190
HASH_ROUTE token=197 layer=17 children=1111,637,983,1278 grandchildren=11110,6370,9830,12780
HASH_ROUTE token=197 layer=18 children=965,1093,160,5 grandchildren=9650,10930,1600,50
HASH_ROUTE token=197 layer=19 children=1162,1274,1196,520 grandchildren=11620,12740,11960,5200
HASH_ROUTE token=197 layer=20 children=352,38,512,400 grandchildren=3520,380,5120,4000
HASH_ROUTE token=197 layer=21 children=510,994,497,970 grandchildren=5100,9940,4970,9700
HASH_ROUTE token=197 layer=22 children=178,305,226,292 grandchildren=1780,3050,2260,2920
HASH_ROUTE token=197 layer=23 children=1037,78,1064,1001 grandchildren=10370,780,10640,10010
HASH_ROUTE token=198 layer=0 children=145,464,1109,123 grandchildren=1450,4640,11090,1230
HASH_ROUTE token=198 layer=1 children=189,244,293,346 grandchildren=1890,2440,2930,3460
HASH_ROUTE token=198 layer=2 children=1213,1148,252,1246 grandchildren=12130,11480,2520,12460
HASH_ROUTE token=198 layer=3 children=33,106,53,24 grandchildren=330,1060,530,240
HASH_ROUTE token=198 layer=4 children=292,227,163,185 grandchildren=2920,2270,1630,1850
HASH_ROUTE token=198 layer=5 children=1219,93,1174,897 grandchildren=12190,930,11740,8970
HASH_ROUTE token=198 layer=6 children=720,761,713,737 grandchildren=7200,7610,7130,7370
HASH_ROUTE token=198 layer=7 children=692,215,57,855 grandchildren=6920,2150,570,8550
HASH_ROUTE token=198 layer=8 children=940,953,864,914 grandchildren=9400,9530,8640,9140
HASH_ROUTE token=198 layer=9 children=310,254,1110,950 grandchildren=3100,2540,11100,9500
HASH_ROUTE token=198 layer=10 children=1263,1109,787,1276 grandchildren=12630,11090,7870,12760
HASH_ROUTE token=198 layer=11 children=52,88,154,690 grandchildren=520,880,1540,6900
HASH_ROUTE token=198 layer=12 children=728,699,643,682 grandchildren=7280,6990,6430,6820
HASH_ROUTE token=198 layer=13 children=895,731,845,91 grandchildren=8950,7310,8450,910
HASH_ROUTE token=198 layer=14 children=567,523,619,552 grandchildren=5670,5230,6190,5520
HASH_ROUTE token=198 layer=15 children=971,1041,999,1111 grandchildren=9710,10410,9990,11110
HASH_ROUTE token=198 layer=16 children=418,342,380,434 grandchildren=4180,3420,3800,4340
HASH_ROUTE token=198 layer=17 children=264,190,1221,1157 grandchildren=2640,1900,12210,11570
HASH_ROUTE token=198 layer=18 children=174,306,11,295 grandchildren=1740,3060,110,2950
HASH_ROUTE token=198 layer=19 children=100,423,39,355 grandchildren=1000,4230,390,3550
HASH_ROUTE token=198 layer=20 children=347,435,663,758 grandchildren=3470,4350,6630,7580
HASH_ROUTE token=198 layer=21 children=1136,1158,1247,1186 grandchildren=11360,11580,12470,11860
HASH_ROUTE token=198 layer=22 children=935,293,900,926 grandchildren=9350,2930,9000,9260
HASH_ROUTE token=198 layer=23 children=811,174,977,1133 grandchildren=8110,1740,9770,11330
HASH_ROUTE token=199 layer=0 children=1270,1115,1126,1176 grandchildren=12700,11150,11260,11760
HASH_ROUTE token=199 layer=1 children=298,456,184,340 grandchildren=2980,4560,1840,3400
HASH_ROUTE token=199 layer=2 children=88,405,17,332 grandchildren=880,4050,170,3320
HASH_ROUTE token=199 layer=3 children=679,359,760,746 grandchildren=6790,3590,7600,7460
HASH_ROUTE token=199 layer=4 children=189,503,294,243 grandchildren=1890,5030,2940,2430
HASH_ROUTE token=199 layer=5 children=1173,535,850,1195 grandchildren=11730,5350,8500,11950
HASH_ROUTE token=199 layer=6 children=793,714,657,765 grandchildren=7930,7140,6570,7650
HASH_ROUTE token=199 layer=7 children=300,240,310,224 grandchildren=3000,2400,3100,2240
HASH_ROUTE token=199 layer=8 children=1166,1267,1138,1209 grandchildren=11660,12670,11380,12090
HASH_ROUTE token=199 layer=9 children=821,188,836,886 grandchildren=8210,1880,8360,8860
HASH_ROUTE token=199 layer=10 children=477,349,452,952 grandchildren=4770,3490,4520,9520
HASH_ROUTE token=199 layer=11 children=703,690,738,672 grandchildren=7030,6900,7380,6720
HASH_ROUTE token=199 layer=12 children=1140,1193,1153,1209 grandchildren=11400,11930,11530,12090
HASH_ROUTE token=199 layer=13 children=1219,1058,739,895 grandchildren=12190,10580,7390,8950
HASH_ROUTE token=199 layer=14 children=130,30,14,618 grandchildren=1300,300,140,6180
HASH_ROUTE token=199 layer=15 children=676,1151,357,514 grandchildren=6760,11510,3570,5140
HASH_ROUTE token=199 layer=16 children=472,637,794,439 grandchildren=4720,6370,7940,4390
HASH_ROUTE token=199 layer=17 children=594,624,535,549 grandchildren=5940,6240,5350,5490
HASH_ROUTE token=199 layer=18 children=178,241,232,256 grandchildren=1780,2410,2320,2560
HASH_ROUTE token=199 layer=19 children=303,283,467,148 grandchildren=3030,2830,4670,1480
HASH_ROUTE token=199 layer=20 children=731,704,1058,258 grandchildren=7310,7040,10580,2580
HASH_ROUTE token=199 layer=21 children=889,240,727,870 grandchildren=8890,2400,7270,8700
HASH_ROUTE token=199 layer=22 children=187,1141,346,23 grandchildren=1870,11410,3460,230
HASH_ROUTE token=199 layer=23 children=20,157,125,44 grandchildren=200,1570,1250,440
HASH_ROUTE token=200 layer=0 children=1126,1276,4,1161 grandchildren=11260,12760,40,11610
HASH_ROUTE token=200 layer=1 children=770,610,459,652 grandchildren=7700,6100,4590,6520
HASH_ROUTE token=200 layer=2 children=428,748,400,358 grandchildren=4280,7480,4000,3580
HASH_ROUTE token=200 layer=3 children=1256,130,1178,54 grandchildren=12560,1300,11780,540
HASH_ROUTE token=200 layer=4 children=187,21,500,294 grandchildren=1870,210,5000,2940
HASH_ROUTE token=200 layer=5 children=368,844,433,527 grandchildren=3680,8440,4330,5270
HASH_ROUTE token=200 layer=6 children=1115,1102,475,795 grandchildren=11150,11020,4750,7950
HASH_ROUTE token=200 layer=7 children=360,479,202,357 grandchildren=3600,4790,2020,3570
HASH_ROUTE token=200 layer=8 children=520,41,489,365 grandchildren=5200,410,4890,3650
HASH_ROUTE token=200 layer=9 children=922,846,286,1245 grandchildren=9220,8460,2860,12450
HASH_ROUTE token=200 layer=10 children=171,240,304,180 grandchildren=1710,2400,3040,1800
HASH_ROUTE token=200 layer=11 children=1013,858,690,1075 grandchildren=10130,8580,6900,10750
HASH_ROUTE token=200 layer=12 children=1241,1151,1178,1181 grandchildren=12410,11510,11780,11810
HASH_ROUTE token=200 layer=13 children=608,283,1240,625 grandchildren=6080,2830,12400,6250
HASH_ROUTE token=200 layer=14 children=836,930,880,510 grandchildren=8360,9300,8800,5100
HASH_ROUTE token=200 layer=15 children=440,920,764,1087 grandchildren=4400,9200,7640,10870
HASH_ROUTE token=200 layer=16 children=387,428,324,1029 grandchildren=3870,4280,3240,10290
HASH_ROUTE token=200 layer=17 children=591,553,507,545 grandchildren=5910,5530,5070,5450
HASH_ROUTE token=200 layer=18 children=280,304,241,174 grandchildren=2800,3040,2410,1740
HASH_ROUTE token=200 layer=19 children=192,223,833,300 grandchildren=1920,2230,8330,3000
HASH_ROUTE token=200 layer=20 children=288,448,254,417 grandchildren=2880,4480,2540,4170
HASH_ROUTE token=200 layer=21 children=882,903,834,1044 grandchildren=8820,9030,8340,10440
HASH_ROUTE token=200 layer=22 children=187,502,23,660 grandchildren=1870,5020,230,6600
HASH_ROUTE token=200 layer=23 children=25,508,44,520 grandchildren=250,5080,440,5200
HASH_ROUTE token=201 layer=0 children=805,937,955,852 grandchildren=8050,9370,9550,8520
HASH_ROUTE token=201 layer=1 children=291,175,459,772 grandchildren=2910,1750,4590,7720
HASH_ROUTE token=201 layer=2 children=1158,357,1221,428 grandchildren=11580,3570,12210,4280
HASH_ROUTE token=201 layer=3 children=132,1099,291,452 grandchildren=1320,10990,2910,4520
HASH_ROUTE token=201 layer=4 children=828,934,21,134 grandchildren=8280,9340,210,1340
HASH_ROUTE token=201 layer=5 children=844,520,369,44 grandchildren=8440,5200,3690,440
HASH_ROUTE token=201 layer=6 children=475,460,331,432 grandchildren=4750,4600,3310,4320
HASH_ROUTE token=201 layer=7 children=471,360,430,357 grandchildren=4710,3600,4300,3570
HASH_ROUTE token=201 layer=8 children=840,520,805,42 grandchildren=8400,5200,8050,420
HASH_ROUTE token=201 layer=9 children=959,846,882,915 grandchildren=9590,8460,8820,9150
HASH_ROUTE token=201 layer=10 children=1044,1202,240,962 grandchildren=10440,12020,2400,9620
HASH_ROUTE token=201 layer=11 children=946,897,143,955 grandchildren=9460,8970,1430,9550
HASH_ROUTE token=201 layer=12 children=545,228,582,1181 grandchildren=5450,2280,5820,11810
HASH_ROUTE token=201 layer=13 children=624,552,1269,568 grandchildren=6240,5520,12690,5680
HASH_ROUTE token=201 layer=14 children=568,616,880,939 grandchildren=5680,6160,8800,9390
HASH_ROUTE token=201 layer=15 children=1248,920,1087,444 grandchildren=12480,9200,10870,4440
HASH_ROUTE token=201 layer=16 children=321,387,428,419 grandchildren=3210,3870,4280,4190
HASH_ROUTE token=201 layer=17 children=591,535,527,549 grandchildren=5910,5350,5270,5490
HASH_ROUTE token=201 layer=18 children=280,763,928,1088 grandchildren=2800,7630,9280,10880
HASH_ROUTE token=201 layer=19 children=944,833,300,878 grandchildren=9440,8330,3000,8780
HASH_ROUTE token=201 layer=20 children=288,254,224,269 grandchildren=2880,2540,2240,2690
HASH_ROUTE token=201 layer=21 children=81,35,728,880 grandchildren=810,350,7280,8800
HASH_ROUTE token=201 layer=22 children=639,499,607,150 grandchildren=6390,4990,6070,1500
HASH_ROUTE token=201 layer=23 children=579,1055,606,1084 grandchildren=5790,10550,6060,10840
HASH_ROUTE token=202 layer=0 children=154,477,1113,108 grandchildren=1540,4770,11130,1080
HASH_ROUTE token=202 layer=1 children=349,185,368,206 grandchildren=3490,1850,3680,2060
HASH_ROUTE token=202 layer=2 children=686,641,756,653 grandchildren=6860,6410,7560,6530
HASH_ROUTE token=202 layer=3 children=775,657,1258,1130 grandchildren=7750,6570,12580,11300
HASH_ROUTE token=202 layer=4 children=937,923,139,834 grandchildren=9370,9230,1390,8340
HASH_ROUTE token=202 layer=5 children=945,464,621,925 grandchildren=9450,4640,6210,9250
HASH_ROUTE token=202 layer=6 children=302,290,241,283 grandchildren=3020,2900,2410,2830
HASH_ROUTE token=202 layer=7 children=26,129,821,507 grandchildren=260,1290,8210,5070
HASH_ROUTE token=202 layer=8 children=1099,776,933,137 grandchildren=10990,7760,9330,1370
HASH_ROUTE token=202 layer=9 children=1116,955,314,154 grandchildren=11160,9550,3140,1540
HASH_ROUTE token=202 layer=10 children=787,750,795,655 grandchildren=7870,7500,7950,6550
HASH_ROUTE token=202 layer=11 children=757,119,1073,1233 grandchildren=7570,1190,10730,12330
HASH_ROUTE token=202 layer=12 children=590,527,507,541 grandchildren=5900,5270,5070,5410
HASH_ROUTE token=202 layer=13 children=673,652,660,777 grandchildren=6730,6520,6600,7770
HASH_ROUTE token=202 layer=14 children=450,939,372,295 grandchildren=4500,9390,3720,2950
HASH_ROUTE token=202 layer=15 children=1233,1179,1072,1013 grandchildren=12330,11790,10720,10130
HASH_ROUTE token=202 layer=16 children=216,379,1178,1017 grandchildren=2160,3790,11780,10170
HASH_ROUTE token=202 layer=17 children=586,624,429,505 grandchildren=5860,6240,4290,5050
HASH_ROUTE token=202 layer=18 children=964,1094,1049,1084 grandchildren=9640,10940,10490,10840
HASH_ROUTE token=202 layer=19 children=147,944,16,814 grandchildren=1470,9440,160,8140
HASH_ROUTE token=202 layer=20 children=201,274,213,315 grandchildren=2010,2740,2130,3150
HASH_ROUTE token=202 layer=21 children=76,87,103,140 grandchildren=760,870,1030,1400
HASH_ROUTE token=202 layer=22 children=585,109,1062,269 grandchildren=5850,1090,10620,2690
HASH_ROUTE token=202 layer=23 children=513,533,194,31 grandchildren=5130,5330,1940,310
HASH_ROUTE token=203 layer=0 children=375,472,362,418 grandchildren=3750,4720,3620,4180
HASH_ROUTE token=203 layer=1 children=349,453,411,397 grandchildren=3490,4530,4110,3970
HASH_ROUTE token=203 layer=2 children=41,844,125,683 grandchildren=410,8440,1250,6830
HASH_ROUTE token=203 layer=3 children=811,977,915,1079 grandchildren=8110,9770,9150,10790
HASH_ROUTE token=203 layer=4 children=297,245,939,881 grandchildren=2970,2450,9390,8810
HASH_ROUTE token=203 layer=5 children=926,607,880,958 grandchildren=9260,6070,8800,9580
HASH_ROUTE token=203 layer=6 children=410,98,1052,577 grandchildren=4100,980,10520,5770
HASH_ROUTE token=203 layer=7 children=508,827,347,29 grandchildren=5080,8270,3470,290
HASH_ROUTE token=203 layer=8 children=66,119,548,148 grandchildren=660,1190,5480,1480
HASH_ROUTE token=203 layer=9 children=950,634,801,312 grandchildren=9500,6340,8010,3120
HASH_ROUTE token=203 layer=10 children=907,1223,429,1060 grandchildren=9070,12230,4290,10600
HASH_ROUTE token=203 layer=11 children=678,654,37,191 grandchildren=6780,6540,370,1910
HASH_ROUTE token=203 layer=12 children=236,226,557,181 grandchildren=2360,2260,5570,1810
HASH_ROUTE token=203 layer=13 children=1216,1136,571,493 grandchildren=12160,11360,5710,4930
HASH_ROUTE token=203 layer=14 children=298,230,195,242 grandchildren=2980,2300,1950,2420
HASH_ROUTE token=203 layer=15 children=650,678,175,334 grandchildren=6500,6780,1750,3340
HASH_ROUTE token=203 layer=16 children=253,213,275,222 grandchildren=2530,2130,2750,2220
HASH_ROUTE token=203 layer=17 children=343,188,501,353 grandchildren=3430,1880,5010,3530
HASH_ROUTE token=203 layer=18 children=1266,306,1134,147 grandchildren=12660,3060,11340,1470
HASH_ROUTE token=203 layer=19 children=357,340,467,400 grandchildren=3570,3400,4670,4000
HASH_ROUTE token=203 layer=20 children=212,277,160,178 grandchildren=2120,2770,1600,1780
HASH_ROUTE token=203 layer=21 children=145,93,1262,1210 grandchildren=1450,930,12620,12100
HASH_ROUTE token=203 layer=22 children=623,301,566,585 grandchildren=6230,3010,5660,5850
HASH_ROUTE token=203 layer=23 children=254,579,1054,194 grandchildren=2540,5790,10540,1940
HASH_ROUTE token=204 layer=0 children=856,1172,373,1019 grandchildren=8560,11720,3730,10190
HASH_ROUTE token=204 layer=1 children=184,665,821,209 grandchildren=1840,6650,8210,2090
HASH_ROUTE token=204 layer=2 children=814,841,1137,1162 grandchildren=8140,8410,11370,11620
HASH_ROUTE token=204 layer=3 children=831,853,826,926 grandchildren=8310,8530,8260,9260
HASH_ROUTE token=204 layer=4 children=234,186,294,266 grandchildren=2340,1860,2940,2660
HASH_ROUTE token=204 layer=5 children=439,378,354,114 grandchildren=4390,3780,3540,1140
HASH_ROUTE token=204 layer=6 children=448,289,123,1243 grandchildren=4480,2890,1230,12430
HASH_ROUTE token=204 layer=7 children=928,910,883,903 grandchildren=9280,9100,8830,9030
HASH_ROUTE token=204 layer=8 children=887,895,241,250 grandchildren=8870,8950,2410,2500
HASH_ROUTE token=204 layer=9 children=958,898,871,314 grandchildren=9580,8980,8710,3140
HASH_ROUTE token=204 layer=10 children=361,380,1003,42 grandchildren=3610,3800,10030,420
HASH_ROUTE token=204 layer=11 children=357,1150,672,37 grandchildren=3570,11500,6720,370
HASH_ROUTE token=204 layer=12 children=523,1168,206,1005 grandchildren=5230,11680,2060,10050
HASH_ROUTE token=204 layer=13 children=606,628,517,505 grandchildren=6060,6280,5170,5050
HASH_ROUTE token=204 layer=14 children=582,101,267,425 grandchildren=5820,1010,2670,4250
HASH_ROUTE token=204 layer=15 children=175,191,497,224 grandchildren=1750,1910,4970,2240
HASH_ROUTE token=204 layer=16 children=842,368,1003,522 grandchildren=8420,3680,10030,5220
HASH_ROUTE token=204 layer=17 children=620,594,507,308 grandchildren=6200,5940,5070,3080
HASH_ROUTE token=204 layer=18 children=207,1001,313,841 grandchildren=2070,10010,3130,8410
HASH_ROUTE token=204 layer=19 children=789,792,949,764 grandchildren=7890,7920,9490,7640
HASH_ROUTE token=204 layer=20 children=314,167,955,174 grandchildren=3140,1670,9550,1740
HASH_ROUTE token=204 layer=21 children=76,557,875,93 grandchildren=760,5570,8750,930
HASH_ROUTE token=204 layer=22 children=265,424,171,301 grandchildren=2650,4240,1710,3010
HASH_ROUTE token=204 layer=23 children=513,672,606,579 grandchildren=5130,6720,6060,5790
HASH_ROUTE token=205 layer=0 children=153,50,72,65 grandchildren=1530,500,720,650
HASH_ROUTE token=205 layer=1 children=175,297,653,333 grandchildren=1750,2970,6530,3330
HASH_ROUTE token=205 layer=2 children=905,1060,100,581 grandchildren=9050,10600,1000,5810
HASH_ROUTE token=205 layer=3 children=106,68,18,900 grandchildren=1060,680,180,9000
HASH_ROUTE token=205 layer=4 children=186,299,312,194 grandchildren=1860,2990,3120,1940
HASH_ROUTE token=205 layer=5 children=1274,1210,1179,1130 grandchildren=12740,12100,11790,11300
HASH_ROUTE token=205 layer=6 children=129,442,760,289 grandchildren=1290,4420,7600,2890
HASH_ROUTE token=205 layer=7 children=934,137,617,459 grandchildren=9340,1370,6170,4590
HASH_ROUTE token=205 layer=8 children=1110,953,314,1274 grandchildren=11100,9530,3140,12740
HASH_ROUTE token=205 layer=9 children=955,314,897,915 grandchildren=9550,3140,8970,9150
HASH_ROUTE token=205 layer=10 children=347,1147,180,446 grandchildren=3470,11470,1800,4460
HASH_ROUTE token=205 layer=11 children=24,1142,30,1154 grandchildren=240,11420,300,11540
HASH_ROUTE token=205 layer=12 children=374,327,219,478 grandchildren=3740,3270,2190,4780
HASH_ROUTE token=205 layer=13 children=148,786,948,463 grandchildren=1480,7860,9480,4630
HASH_ROUTE token=205 layer=14 children=693,777,537,616 grandchildren=6930,7770,5370,6160
HASH_ROUTE token=205 layer=15 children=995,1024,831,1040 grandchildren=9950,10240,8310,10400
HASH_ROUTE token=205 layer=16 children=431,365,346,1076 grandchildren=4310,3650,3460,10760
HASH_ROUTE token=205 layer=17 children=981,188,349,509 grandchildren=9810,1880,3490,5090
HASH_ROUTE token=205 layer=18 children=382,320,454,364 grandchildren=3820,3200,4540,3640
HASH_ROUTE token=205 layer=19 children=606,446,522,926 grandchildren=6060,4460,5220,9260
HASH_ROUTE token=205 layer=20 children=766,730,642,677 grandchildren=7660,7300,6420,6770
HASH_ROUTE token=205 layer=21 children=1030,552,870,236 grandchildren=10300,5520,8700,2360
HASH_ROUTE token=205 layer=22 children=178,13,265,331 grandchildren=1780,130,2650,3310
HASH_ROUTE token=205 layer=23 children=945,620,861,1265 grandchildren=9450,6200,8610,12650
HASH_ROUTE token=206 layer=0 children=755,649,779,713 grandchildren=7550,6490,7790,7130
HASH_ROUTE token=206 layer=1 children=527,689,504,663 grandchildren=5270,6890,5040,6630
HASH_ROUTE token=206 layer=2 children=352,830,36,991 grandchildren=3520,8300,360,9910
HASH_ROUTE token=206 layer=3 children=623,613,535,554 grandchildren=6230,6130,5350,5540
HASH_ROUTE token=206 layer=4 children=465,434,1260,452 grandchildren=4650,4340,12600,4520
HASH_ROUTE token=206 layer=5 children=320,809,963,168 grandchildren=3200,8090,9630,1680
HASH_ROUTE token=206 layer=6 children=461,785,620,946 grandchildren=4610,7850,6200,9460
HASH_ROUTE token=206 layer=7 children=148,99,38,621 grandchildren=1480,990,380,6210
HASH_ROUTE token=206 layer=8 children=1014,697,1100,786 grandchildren=10140,6970,11000,7860
HASH_ROUTE token=206 layer=9 children=131,55,938,156 grandchildren=1310,550,9380,1560
HASH_ROUTE token=206 layer=10 children=616,626,540,587 grandchildren=6160,6260,5400,5870
HASH_ROUTE token=206 layer=11 children=916,1077,866,753 grandchildren=9160,10770,8660,7530
HASH_ROUTE token=206 layer=12 children=359,839,1151,512 grandchildren=3590,8390,11510,5120
HASH_ROUTE token=206 layer=13 children=324,167,489,361 grandchildren=3240,1670,4890,3610
HASH_ROUTE token=206 layer=14 children=1102,1264,1096,947 grandchildren=11020,12640,10960,9470
HASH_ROUTE token=206 layer=15 children=767,127,1080,678 grandchildren=7670,1270,10800,6780
HASH_ROUTE token=206 layer=16 children=921,600,889,124 grandchildren=9210,6000,8890,1240
HASH_ROUTE token=206 layer=17 children=893,954,801,91 grandchildren=8930,9540,8010,910
HASH_ROUTE token=206 layer=18 children=740,1226,268,721 grandchildren=7400,12260,2680,7210
HASH_ROUTE token=206 layer=19 children=322,647,1121,482 grandchildren=3220,6470,11210,4820
HASH_ROUTE token=206 layer=20 children=1264,309,1223,786 grandchildren=12640,3090,12230,7860
HASH_ROUTE token=206 layer=21 children=1180,1238,700,65 grandchildren=11800,12380,7000,650
HASH_ROUTE token=206 layer=22 children=939,295,1090,772 grandchildren=9390,2950,10900,7720
HASH_ROUTE token=206 layer=23 children=109,45,71,261 grandchildren=1090,450,710,2610
HASH_ROUTE token=207 layer=0 children=153,55,72,65 grandchildren=1530,550,720,650
HASH_ROUTE token=207 layer=1 children=295,174,238,205 grandchildren=2950,1740,2380,2050
HASH_ROUTE token=207 layer=2 children=422,330,403,329 grandchildren=4220,3300,4030,3290
HASH_ROUTE token=207 layer=3 children=65,135,100,158 grandchildren=650,1350,1000,1580
HASH_ROUTE token=207 layer=4 children=186,292,504,193 grandchildren=1860,2920,5040,1930
HASH_ROUTE token=207 layer=5 children=289,302,921,945 grandchildren=2890,3020,9210,9450
HASH_ROUTE token=207 layer=6 children=444,289,127,414 grandchildren=4440,2890,1270,4140
HASH_ROUTE token=207 layer=7 children=777,935,795,134 grandchildren=7770,9350,7950,1340
HASH_ROUTE token=207 layer=8 children=1112,1012,1043,1109 grandchildren=11120,10120,10430,11090
HASH_ROUTE token=207 layer=9 children=897,837,1219,1152 grandchildren=8970,8370,12190,11520
HASH_ROUTE token=207 layer=10 children=187,249,172,289 grandchildren=1870,2490,1720,2890
HASH_ROUTE token=207 layer=11 children=52,1178,530,853 grandchildren=520,11780,5300,8530
HASH_ROUTE token=207 layer=12 children=322,1125,161,6 grandchildren=3220,11250,1610,60
HASH_ROUTE token=207 layer=13 children=782,720,712,693 grandchildren=7820,7200,7120,6930
HASH_ROUTE token=207 layer=14 children=580,632,266,313 grandchildren=5800,6320,2660,3130
HASH_ROUTE token=207 layer=15 children=999,987,839,1041 grandchildren=9990,9870,8390,10410
HASH_ROUTE token=207 layer=16 children=439,366,471,457 grandchildren=4390,3660,4710,4570
HASH_ROUTE token=207 layer=17 children=981,504,188,667 grandchildren=9810,5040,1880,6670
HASH_ROUTE token=207 layer=18 children=1064,428,1057,1033 grandchildren=10640,4280,10570,10330
HASH_ROUTE token=207 layer=19 children=762,685,446,796 grandchildren=7620,6850,4460,7960
HASH_ROUTE token=207 layer=20 children=652,790,16,779 grandchildren=6520,7900,160,7790
HASH_ROUTE token=207 layer=21 children=874,1035,714,71 grandchildren=8740,10350,7140,710
HASH_ROUTE token=207 layer=22 children=176,210,298,334 grandchildren=1760,2100,2980,3340
HASH_ROUTE token=207 layer=23 children=583,909,552,871 grandchildren=5830,9090,5520,8710
HASH_ROUTE token=208 layer=0 children=449,327,361,411 grandchildren=4490,3270,3610,4110
HASH_ROUTE token=208 layer=1 children=348,453,362,411 grandchildren=3480,4530,3620,4110
HASH_ROUTE token=208 layer=2 children=1054,1003,991,1103 grandchildren=10540,10030,9910,11030
HASH_ROUTE token=208 layer=3 children=100,119,11,72 grandchildren=1000,1190,110,720
HASH_ROUTE token=208 layer=4 children=466,305,451,448 grandchildren=4660,3050,4510,4480
HASH_ROUTE token=208 layer=5 children=1212,1171,893,1134 grandchildren=12120,11710,8930,11340
HASH_ROUTE token=208 layer=6 children=247,725,169,1209 grandchildren=2470,7250,1690,12090
HASH_ROUTE token=208 layer=7 children=618,137,603,121 grandchildren=6180,1370,6030,1210
HASH_ROUTE token=208 layer=8 children=313,1277,247,1208 grandchildren=3130,12770,2470,12080
HASH_ROUTE token=208 layer=9 children=312,795,631,257 grandchildren=3120,7950,6310,2570
HASH_ROUTE token=208 layer=10 children=1140,1181,825,505 grandchildren=11400,11810,8250,5050
HASH_ROUTE token=208 layer=11 children=51,1010,117,1073 grandchildren=510,10100,1170,10730
HASH_ROUTE token=208 layer=12 children=636,472,484,544 grandchildren=6360,4720,4840,5440
HASH_ROUTE token=208 layer=13 children=734,665,728,91 grandchildren=7340,6650,7280,910
HASH_ROUTE token=208 layer=14 children=351,832,453,197 grandchildren=3510,8320,4530,1970
HASH_ROUTE token=208 layer=15 children=371,472,1013,1117 grandchildren=3710,4720,10130,11170
HASH_ROUTE token=208 layer=16 children=222,251,209,386 grandchildren=2220,2510,2090,3860
HASH_ROUTE token=208 layer=17 children=187,341,263,827 grandchildren=1870,3410,2630,8270
HASH_ROUTE token=208 layer=18 children=104,1,1067,14 grandchildren=1040,10,10670,140
HASH_ROUTE token=208 layer=19 children=679,660,700,353 grandchildren=6790,6600,7000,3530
HASH_ROUTE token=208 layer=20 children=730,798,749,750 grandchildren=7300,7980,7490,7500
HASH_ROUTE token=208 layer=21 children=208,1005,227,162 grandchildren=2080,10050,2270,1620
HASH_ROUTE token=208 layer=22 children=1091,1009,973,969 grandchildren=10910,10090,9730,9690
HASH_ROUTE token=208 layer=23 children=836,945,861,671 grandchildren=8360,9450,8610,6710
HASH_ROUTE token=209 layer=0 children=166,205,649,805 grandchildren=1660,2050,6490,8050
HASH_ROUTE token=209 layer=1 children=297,200,262,180 grandchildren=2970,2000,2620,1800
HASH_ROUTE token=209 layer=2 children=421,330,418,440 grandchildren=4210,3300,4180,4400
HASH_ROUTE token=209 layer=3 children=958,926,871,892 grandchildren=9580,9260,8710,8920
HASH_ROUTE token=209 layer=4 children=181,295,313,826 grandchildren=1810,2950,3130,8260
HASH_ROUTE token=209 layer=5 children=853,890,1172,814 grandchildren=8530,8900,11720,8140
HASH_ROUTE token=209 layer=6 children=204,297,255,249 grandchildren=2040,2970,2550,2490
HASH_ROUTE token=209 layer=7 children=308,624,145,1109 grandchildren=3080,6240,1450,11090
HASH_ROUTE token=209 layer=8 children=1107,948,465,1266 grandchildren=11070,9480,4650,12660
HASH_ROUTE token=209 layer=9 children=476,452,373,388 grandchildren=4760,4520,3730,3880
HASH_ROUTE token=209 layer=10 children=672,722,747,707 grandchildren=6720,7220,7470,7070
HASH_ROUTE token=209 layer=11 children=703,1182,1026,674 grandchildren=7030,11820,10260,6740
HASH_ROUTE token=209 layer=12 children=850,1011,844,1170 grandchildren=8500,10110,8440,11700
HASH_ROUTE token=209 layer=13 children=642,967,735,1058 grandchildren=6420,9670,7350,10580
HASH_ROUTE token=209 layer=14 children=452,440,407,425 grandchildren=4520,4400,4070,4250
HASH_ROUTE token=209 layer=15 children=1188,1235,1270,1258 grandchildren=11880,12350,12700,12580
HASH_ROUTE token=209 layer=16 children=323,165,967,428 grandchildren=3230,1650,9670,4280
HASH_ROUTE token=209 layer=17 children=263,587,184,509 grandchildren=2630,5870,1840,5090
HASH_ROUTE token=209 layer=18 children=997,1107,1061,196 grandchildren=9970,11070,10610,1960
HASH_ROUTE token=209 layer=19 children=239,714,397,172 grandchildren=2390,7140,3970,1720
HASH_ROUTE token=209 layer=20 children=197,164,298,215 grandchildren=1970,1640,2980,2150
HASH_ROUTE token=209 layer=21 children=76,126,106,874 grandchildren=760,1260,1060,8740
HASH_ROUTE token=209 layer=22 children=1093,1112,931,1060 grandchildren=10930,11120,9310,10600
HASH_ROUTE token=209 layer=23 children=270,263,193,289 grandchildren=2700,2630,1930,2890
HASH_ROUTE token=210 layer=0 children=153,50,72,65 grandchildren=1530,500,720,650
HASH_ROUTE token=210 layer=1 children=171,297,652,238 grandchildren=1710,2970,6520,2380
HASH_ROUTE token=210 layer=2 children=1225,1128,740,1262 grandchildren=12250,11280,7400,12620
HASH_ROUTE token=210 layer=3 children=931,138,1099,292 grandchildren=9310,1380,10990,2920
HASH_ROUTE token=210 layer=4 children=234,189,228,191 grandchildren=2340,1890,2280,1910
HASH_ROUTE token=210 layer=5 children=842,851,369,378 grandchildren=8420,8510,3690,3780
HASH_ROUTE token=210 layer=6 children=448,409,280,461 grandchildren=4480,4090,2800,4610
HASH_ROUTE token=210 layer=7 children=294,777,181,208 grandchildren=2940,7770,1810,2080
HASH_ROUTE token=210 layer=8 children=1015,1040,1021,536 grandchildren=10150,10400,10210,5360
HASH_ROUTE token=210 layer=9 children=296,459,934,1254 grandchildren=2960,4590,9340,12540
HASH_ROUTE token=210 layer=10 children=368,1169,849,1008 grandchildren=3680,11690,8490,10080
HASH_ROUTE token=210 layer=11 children=353,670,380,331 grandchildren=3530,6700,3800,3310
HASH_ROUTE token=210 layer=12 children=568,559,527,244 grandchildren=5680,5590,5270,2440
HASH_ROUTE token=210 layer=13 children=678,735,704,784 grandchildren=6780,7350,7040,7840
HASH_ROUTE token=210 layer=14 children=452,438,395,618 grandchildren=4520,4380,3950,6180
HASH_ROUTE token=210 layer=15 children=670,832,1150,357 grandchildren=6700,8320,11500,3570
HASH_ROUTE token=210 layer=16 children=439,279,349,594 grandchildren=4390,2790,3490,5940
HASH_ROUTE token=210 layer=17 children=594,515,584,574 grandchildren=5940,5150,5840,5740
HASH_ROUTE token=210 layer=18 children=732,1211,781,640 grandchildren=7320,12110,7810,6400
HASH_ROUTE token=210 layer=19 children=783,792,744,467 grandchildren=7830,7920,7440,4670
HASH_ROUTE token=210 layer=20 children=165,315,220,194 grandchildren=1650,3150,2200,1940
HASH_ROUTE token=210 layer=21 children=877,239,1194,718 grandchildren=8770,2390,11940,7180
HASH_ROUTE token=210 layer=22 children=428,269,335,179 grandchildren=4280,2690,3350,1790
HASH_ROUTE token=210 layer=23 children=579,514,530,566 grandchildren=5790,5140,5300,5660
HASH_ROUTE token=211 layer=0 children=955,478,798,854 grandchildren=9550,4780,7980,8540
HASH_ROUTE token=211 layer=1 children=410,737,424,252 grandchildren=4100,7370,4240,2520
HASH_ROUTE token=211 layer=2 children=656,767,774,726 grandchildren=6560,7670,7740,7260
HASH_ROUTE token=211 layer=3 children=774,694,619,657 grandchildren=7740,6940,6190,6570
HASH_ROUTE token=211 layer=4 children=245,881,1041,256 grandchildren=2450,8810,10410,2560
HASH_ROUTE token=211 layer=5 children=918,891,112,901 grandchildren=9180,8910,1120,9010
HASH_ROUTE token=211 layer=6 children=1054,1032,416,1105 grandchildren=10540,10320,4160,11050
HASH_ROUTE token=211 layer=7 children=284,169,199,187 grandchildren=2840,1690,1990,1870
HASH_ROUTE token=211 layer=8 children=914,591,941,628 grandchildren=9140,5910,9410,6280
HASH_ROUTE token=211 layer=9 children=180,664,311,792 grandchildren=1800,6640,3110,7920
HASH_ROUTE token=211 layer=10 children=907,1063,952,107 grandchildren=9070,10630,9520,1070
HASH_ROUTE token=211 layer=11 children=7,1123,323,965 grandchildren=70,11230,3230,9650
HASH_ROUTE token=211 layer=12 children=506,531,542,514 grandchildren=5060,5310,5420,5140
HASH_ROUTE token=211 layer=13 children=1210,1138,739,1278 grandchildren=12100,11380,7390,12780
HASH_ROUTE token=211 layer=14 children=455,939,447,139 grandchildren=4550,9390,4470,1390
HASH_ROUTE token=211 layer=15 children=1270,793,1238,1244 grandchildren=12700,7930,12380,12440
HASH_ROUTE token=211 layer=16 children=213,256,1172,222 grandchildren=2130,2560,11720,2220
HASH_ROUTE token=211 layer=17 children=587,426,1066,264 grandchildren=5870,4260,10660,2640
HASH_ROUTE token=211 layer=18 children=1211,1236,1208,1255 grandchildren=12110,12360,12080,12550
HASH_ROUTE token=211 layer=19 children=220,389,242,62 grandchildren=2200,3890,2420,620
HASH_ROUTE token=211 layer=20 children=315,208,263,254 grandchildren=3150,2080,2630,2540
HASH_ROUTE token=211 layer=21 children=1267,1226,1219,140 grandchildren=12670,12260,12190,1400
HASH_ROUTE token=211 layer=22 children=156,638,311,89 grandchildren=1560,6380,3110,890
HASH_ROUTE token=211 layer=23 children=996,1058,672,1071 grandchildren=9960,10580,6720,10710
HASH_ROUTE token=212 layer=0 children=449,1089,765,397 grandchildren=4490,10890,7650,3970
HASH_ROUTE token=212 layer=1 children=130,126,31,5 grandchildren=1300,1260,310,50
HASH_ROUTE token=212 layer=2 children=1216,411,94,730 grandchildren=12160,4110,940,7300
HASH_ROUTE token=212 layer=3 children=611,778,452,530 grandchildren=6110,7780,4520,5300
HASH_ROUTE token=212 layer=4 children=185,245,318,820 grandchildren=1850,2450,3180,8200
HASH_ROUTE token=212 layer=5 children=494,586,636,556 grandchildren=4940,5860,6360,5560
HASH_ROUTE token=212 layer=6 children=416,92,253,895 grandchildren=4160,920,2530,8950
HASH_ROUTE token=212 layer=7 children=48,368,83,30 grandchildren=480,3680,830,300
HASH_ROUTE token=212 layer=8 children=51,1170,535,210 grandchildren=510,11700,5350,2100
HASH_ROUTE token=212 layer=9 children=934,868,823,299 grandchildren=9340,8680,8230,2990
HASH_ROUTE token=212 layer=10 children=932,1259,619,458 grandchildren=9320,12590,6190,4580
HASH_ROUTE token=212 layer=11 children=381,61,419,704 grandchildren=3810,610,4190,7040
HASH_ROUTE token=212 layer=12 children=238,559,206,1192 grandchildren=2380,5590,2060,11920
HASH_ROUTE token=212 layer=13 children=735,756,779,652 grandchildren=7350,7560,7790,6520
HASH_ROUTE token=212 layer=14 children=447,330,467,397 grandchildren=4470,3300,4670,3970
HASH_ROUTE token=212 layer=15 children=379,1179,352,339 grandchildren=3790,11790,3520,3390
HASH_ROUTE token=212 layer=16 children=255,277,170,264 grandchildren=2550,2770,1700,2640
HASH_ROUTE token=212 layer=17 children=576,542,593,587 grandchildren=5760,5420,5930,5870
HASH_ROUTE token=212 layer=18 children=485,800,593,918 grandchildren=4850,8000,5930,9180
HASH_ROUTE token=212 layer=19 children=314,293,638,617 grandchildren=3140,2930,6380,6170
HASH_ROUTE token=212 layer=20 children=270,596,206,524 grandchildren=2700,5960,2060,5240
HASH_ROUTE token=212 layer=21 children=875,956,828,893 grandchildren=8750,9560,8280,8930
HASH_ROUTE token=212 layer=22 children=184,988,282,348 grandchildren=1840,9880,2820,3480
HASH_ROUTE token=212 layer=23 children=144,100,37,113 grandchildren=1440,1000,370,1130
HASH_ROUTE token=213 layer=0 children=363,1163,320,1126 grandchildren=3630,11630,3200,11260
HASH_ROUTE token=213 layer=1 children=349,186,450,352 grandchildren=3490,1860,4500,3520
HASH_ROUTE token=213 layer=2 children=45,128,95,1161 grandchildren=450,1280,950,11610
HASH_ROUTE token=213 layer=3 children=779,1256,452,135 grandchildren=7790,12560,4520,1350
HASH_ROUTE token=213 layer=4 children=294,189,179,312 grandchildren=2940,1890,1790,3120
HASH_ROUTE token=213 layer=5 children=891,1212,901,850 grandchildren=8910,12120,9010,8500
HASH_ROUTE token=213 layer=6 children=668,671,716,770 grandchildren=6680,6710,7160,7700
HASH_ROUTE token=213 layer=7 children=61,540,26,48 grandchildren=610,5400,260,480
HASH_ROUTE token=213 layer=8 children=1201,1161,243,408 grandchildren=12010,11610,2430,4080
HASH_ROUTE token=213 layer=9 children=700,867,664,226 grandchildren=7000,8670,6640,2260
HASH_ROUTE token=213 layer=10 children=959,477,837,907 grandchildren=9590,4770,8370,9070
HASH_ROUTE token=213 layer=11 children=750,1075,435,1230 grandchildren=7500,10750,4350,12300
HASH_ROUTE token=213 layer=12 children=183,506,203,198 grandchildren=1830,5060,2030,1980
HASH_ROUTE token=213 layer=13 children=1212,1255,739,1058 grandchildren=12120,12550,7390,10580
HASH_ROUTE token=213 layer=14 children=455,139,618,295 grandchildren=4550,1390,6180,2950
HASH_ROUTE token=213 layer=15 children=1238,1246,1177,1150 grandchildren=12380,12460,11770,11500
HASH_ROUTE token=213 layer=16 children=213,256,172,265 grandchildren=2130,2560,1720,2650
HASH_ROUTE token=213 layer=17 children=507,609,535,484 grandchildren=5070,6090,5350,4840
HASH_ROUTE token=213 layer=18 children=1194,237,1033,399 grandchildren=11940,2370,10330,3990
HASH_ROUTE token=213 layer=19 children=340,357,466,403 grandchildren=3400,3570,4660,4030
HASH_ROUTE token=213 layer=20 children=254,313,227,208 grandchildren=2540,3130,2270,2080
HASH_ROUTE token=213 layer=21 children=872,555,230,718 grandchildren=8720,5550,2300,7180
HASH_ROUTE token=213 layer=22 children=20,149,502,623 grandchildren=200,1490,5020,6230
HASH_ROUTE token=213 layer=23 children=504,981,585,188 grandchildren=5040,9810,5850,1880
HASH_ROUTE token=214 layer=0 children=482,163,962,805 grandchildren=4820,1630,9620,8050
HASH_ROUTE token=214 layer=1 children=826,860,932,833 grandchildren=8260,8600,9320,8330
HASH_ROUTE token=214 layer=2 children=1003,1051,1061,1092 grandchildren=10030,10510,10610,10920
HASH_ROUTE token=214 layer=3 children=932,610,953,1259 grandchildren=9320,6100,9530,12590
HASH_ROUTE token=214 layer=4 children=909,938,261,812 grandchildren=9090,9380,2610,8120
HASH_ROUTE token=214 layer=5 children=1223,905,582,1179 grandchildren=12230,9050,5820,11790
HASH_ROUTE token=214 layer=6 children=251,738,243,892 grandchildren=2510,7380,2430,8920
HASH_ROUTE token=214 layer=7 children=150,310,9,1272 grandchildren=1500,3100,90,12720
HASH_ROUTE token=214 layer=8 children=1229,1258,1208,1177 grandchildren=12290,12580,12080,11770
HASH_ROUTE token=214 layer=9 children=864,828,387,346 grandchildren=8640,8280,3870,3460
HASH_ROUTE token=214 layer=10 children=752,707,798,642 grandchildren=7520,7070,7980,6420
HASH_ROUTE token=214 layer=11 children=757,115,1074,435 grandchildren=7570,1150,10740,4350
HASH_ROUTE token=214 layer=12 children=1011,213,697,51 grandchildren=10110,2130,6970,510
HASH_ROUTE token=214 layer=13 children=1255,1232,1122,1248 grandchildren=12550,12320,11220,12480
HASH_ROUTE token=214 layer=14 children=939,777,816,456 grandchildren=9390,7770,8160,4560
HASH_ROUTE token=214 layer=15 children=853,378,1175,538 grandchildren=8530,3780,11750,5380
HASH_ROUTE token=214 layer=16 children=253,417,1215,1056 grandchildren=2530,4170,12150,10560
HASH_ROUTE token=214 layer=17 children=564,542,532,587 grandchildren=5640,5420,5320,5870
HASH_ROUTE token=214 layer=18 children=159,1275,141,1266 grandchildren=1590,12750,1410,12660
HASH_ROUTE token=214 layer=19 children=346,338,460,409 grandchildren=3460,3380,4600,4090
HASH_ROUTE token=214 layer=20 children=215,208,185,197 grandchildren=2150,2080,1850,1970
HASH_ROUTE token=214 layer=21 children=819,893,839,878 grandchildren=8190,8930,8390,8780
HASH_ROUTE token=214 layer=22 children=636,509,624,533 grandchildren=6360,5090,6240,5330
HASH_ROUTE token=214 layer=23 children=513,194,995,1151 grandchildren=5130,1940,9950,11510
HASH_ROUTE token=215 layer=0 children=153,50,72,65 grandchildren=1530,500,720,650
HASH_ROUTE token=215 layer=1 children=175,297,653,333 grandchildren=1750,2970,6530,3330
HASH_ROUTE token=215 layer=2 children=905,424,1060,100 grandchildren=9050,4240,10600,1000
HASH_ROUTE token=215 layer=3 children=106,68,18,900 grandchildren=1060,680,180,9000
HASH_ROUTE token=215 layer=4 children=186,294,312,229 grandchildren=1860,2940,3120,2290
HASH_ROUTE token=215 layer=5 children=1272,1210,1179,1130 grandchildren=12720,12100,11790,11300
HASH_ROUTE token=215 layer=6 children=129,442,760,289 grandchildren=1290,4420,7600,2890
HASH_ROUTE token=215 layer=7 children=934,137,617,459 grandchildren=9340,1370,6170,4590
HASH_ROUTE token=215 layer=8 children=1110,953,319,1047 grandchildren=11100,9530,3190,10470
HASH_ROUTE token=215 layer=9 children=955,897,314,913 grandchildren=9550,8970,3140,9130
HASH_ROUTE token=215 layer=10 children=1147,347,180,1244 grandchildren=11470,3470,1800,12440
HASH_ROUTE token=215 layer=11 children=24,1142,30,1151 grandchildren=240,11420,300,11510
HASH_ROUTE token=215 layer=12 children=378,327,478,216 grandchildren=3780,3270,4780,2160
HASH_ROUTE token=215 layer=13 children=148,786,943,463 grandchildren=1480,7860,9430,4630
HASH_ROUTE token=215 layer=14 children=777,693,610,537 grandchildren=7770,6930,6100,5370
HASH_ROUTE token=215 layer=15 children=995,1024,831,1040 grandchildren=9950,10240,8310,10400
HASH_ROUTE token=215 layer=16 children=431,365,346,1076 grandchildren=4310,3650,3460,10760
HASH_ROUTE token=215 layer=17 children=981,186,1144,1045 grandchildren=9810,1860,11440,10450
HASH_ROUTE token=215 layer=18 children=320,380,364,456 grandchildren=3200,3800,3640,4560
HASH_ROUTE token=215 layer=19 children=606,446,120,523 grandchildren=6060,4460,1200,5230
HASH_ROUTE token=215 layer=20 children=766,647,730,744 grandchildren=7660,6470,7300,7440
HASH_ROUTE token=215 layer=21 children=1030,554,870,236 grandchildren=10300,5540,8700,2360
HASH_ROUTE token=215 layer=22 children=178,265,13,331 grandchildren=1780,2650,130,3310
HASH_ROUTE token=215 layer=23 children=624,945,607,927 grandchildren=6240,9450,6070,9270
HASH_ROUTE token=216 layer=0 children=755,649,779,713 grandchildren=7550,6490,7790,7130
HASH_ROUTE token=216 layer=1 children=527,689,504,663 grandchildren=5270,6890,5040,6630
HASH_ROUTE token=216 layer=2 children=352,830,36,991 grandchildren=3520,8300,360,9910
HASH_ROUTE token=216 layer=3 children=623,613,535,554 grandchildren=6230,6130,5350,5540
HASH_ROUTE token=216 layer=4 children=465,434,1260,452 grandchildren=4650,4340,12600,4520
HASH_ROUTE token=216 layer=5 children=320,809,963,168 grandchildren=3200,8090,9630,1680
HASH_ROUTE token=216 layer=6 children=461,785,620,946 grandchildren=4610,7850,6200,9460
HASH_ROUTE token=216 layer=7 children=148,99,38,621 grandchildren=1480,990,380,6210
HASH_ROUTE token=216 layer=8 children=1014,697,1100,786 grandchildren=10140,6970,11000,7860
HASH_ROUTE token=216 layer=9 children=131,55,938,156 grandchildren=1310,550,9380,1560
HASH_ROUTE token=216 layer=10 children=616,626,540,587 grandchildren=6160,6260,5400,5870
HASH_ROUTE token=216 layer=11 children=916,1077,866,753 grandchildren=9160,10770,8660,7530
HASH_ROUTE token=216 layer=12 children=359,839,1151,512 grandchildren=3590,8390,11510,5120
HASH_ROUTE token=216 layer=13 children=324,167,489,361 grandchildren=3240,1670,4890,3610
HASH_ROUTE token=216 layer=14 children=1102,1264,1096,947 grandchildren=11020,12640,10960,9470
HASH_ROUTE token=216 layer=15 children=767,127,1080,678 grandchildren=7670,1270,10800,6780
HASH_ROUTE token=216 layer=16 children=921,600,889,124 grandchildren=9210,6000,8890,1240
HASH_ROUTE token=216 layer=17 children=893,954,801,91 grandchildren=8930,9540,8010,910
HASH_ROUTE token=216 layer=18 children=740,1226,268,721 grandchildren=7400,12260,2680,7210
HASH_ROUTE token=216 layer=19 children=322,647,1121,482 grandchildren=3220,6470,11210,4820
HASH_ROUTE token=216 layer=20 children=1264,309,1223,786 grandchildren=12640,3090,12230,7860
HASH_ROUTE token=216 layer=21 children=1180,1238,700,65 grandchildren=11800,12380,7000,650
HASH_ROUTE token=216 layer=22 children=939,295,1090,772 grandchildren=9390,2950,10900,7720
HASH_ROUTE token=216 layer=23 children=109,45,71,261 grandchildren=1090,450,710,2610
HASH_ROUTE token=217 layer=0 children=441,322,414,927 grandchildren=4410,3220,4140,9270
HASH_ROUTE token=217 layer=1 children=879,909,233,937 grandchildren=8790,9090,2330,9370
HASH_ROUTE token=217 layer=2 children=48,117,144,842 grandchildren=480,1170,1440,8420
HASH_ROUTE token=217 layer=3 children=618,554,525,497 grandchildren=6180,5540,5250,4970
HASH_ROUTE token=217 layer=4 children=261,312,164,194 grandchildren=2610,3120,1640,1940
HASH_ROUTE token=217 layer=5 children=1212,1174,252,892 grandchildren=12120,11740,2520,8920
HASH_ROUTE token=217 layer=6 children=725,681,1204,761 grandchildren=7250,6810,12040,7610
HASH_ROUTE token=217 layer=7 children=137,52,773,692 grandchildren=1370,520,7730,6920
HASH_ROUTE token=217 layer=8 children=950,1117,794,823 grandchildren=9500,11170,7940,8230
HASH_ROUTE token=217 layer=9 children=257,314,1219,1277 grandchildren=2570,3140,12190,12770
HASH_ROUTE token=217 layer=10 children=662,1140,676,722 grandchildren=6620,11400,6760,7220
HASH_ROUTE token=217 layer=11 children=61,1,52,40 grandchildren=610,10,520,400
HASH_ROUTE token=217 layer=12 children=803,322,1124,480 grandchildren=8030,3220,11240,4800
HASH_ROUTE token=217 layer=13 children=143,84,98,782 grandchildren=1430,840,980,7820
HASH_ROUTE token=217 layer=14 children=520,200,840,614 grandchildren=5200,2000,8400,6140
HASH_ROUTE token=217 layer=15 children=357,415,338,398 grandchildren=3570,4150,3380,3980
HASH_ROUTE token=217 layer=16 children=1092,456,1083,771 grandchildren=10920,4560,10830,7710
HASH_ROUTE token=217 layer=17 children=1204,1127,1230,1189 grandchildren=12040,11270,12300,11890
HASH_ROUTE token=217 layer=18 children=203,44,364,1006 grandchildren=2030,440,3640,10060
HASH_ROUTE token=217 layer=19 children=305,941,267,903 grandchildren=3050,9410,2670,9030
HASH_ROUTE token=217 layer=20 children=357,1155,349,1147 grandchildren=3570,11550,3490,11470
HASH_ROUTE token=217 layer=21 children=70,130,60,101 grandchildren=700,1300,600,1010
HASH_ROUTE token=217 layer=22 children=178,254,282,495 grandchildren=1780,2540,2820,4950
HASH_ROUTE token=217 layer=23 children=179,245,972,1042 grandchildren=1790,2450,9720,10420
HASH_ROUTE token=218 layer=0 children=449,122,1082,925 grandchildren=4490,1220,10820,9250
HASH_ROUTE token=218 layer=1 children=184,297,663,774 grandchildren=1840,2970,6630,7740
HASH_ROUTE token=218 layer=2 children=1225,424,1069,1205 grandchildren=12250,4240,10690,12050
HASH_ROUTE token=218 layer=3 children=63,15,100,7 grandchildren=630,150,1000,70
HASH_ROUTE token=218 layer=4 children=292,193,313,213 grandchildren=2920,1930,3130,2130
HASH_ROUTE token=218 layer=5 children=1212,1174,418,1276 grandchildren=12120,11740,4180,12760
HASH_ROUTE token=218 layer=6 children=683,768,727,49 grandchildren=6830,7680,7270,490
HASH_ROUTE token=218 layer=7 children=777,937,139,617 grandchildren=7770,9370,1390,6170
HASH_ROUTE token=218 layer=8 children=1112,953,1040,1015 grandchildren=11120,9530,10400,10150
HASH_ROUTE token=218 layer=9 children=254,316,897,955 grandchildren=2540,3160,8970,9550
HASH_ROUTE token=218 layer=10 children=1147,1277,1160,1135 grandchildren=11470,12770,11600,11350
HASH_ROUTE token=218 layer=11 children=53,853,64,43 grandchildren=530,8530,640,430
HASH_ROUTE token=218 layer=12 children=329,378,166,217 grandchildren=3290,3780,1660,2170
HASH_ROUTE token=218 layer=13 children=720,783,735,689 grandchildren=7200,7830,7350,6890
HASH_ROUTE token=218 layer=14 children=580,567,536,636 grandchildren=5800,5670,5360,6360
HASH_ROUTE token=218 layer=15 children=831,995,192,883 grandchildren=8310,9950,1920,8830
HASH_ROUTE token=218 layer=16 children=432,365,342,471 grandchildren=4320,3650,3420,4710
HASH_ROUTE token=218 layer=17 children=509,634,983,601 grandchildren=5090,6340,9830,6010
HASH_ROUTE token=218 layer=18 children=1001,1033,842,1051 grandchildren=10010,10330,8420,10510
HASH_ROUTE token=218 layer=19 children=768,446,601,1241 grandchildren=7680,4460,6010,12410
HASH_ROUTE token=218 layer=20 children=764,779,667,647 grandchildren=7640,7790,6670,6470
HASH_ROUTE token=218 layer=21 children=1030,558,230,871 grandchildren=10300,5580,2300,8710
HASH_ROUTE token=218 layer=22 children=265,178,422,102 grandchildren=2650,1780,4220,1020
HASH_ROUTE token=218 layer=23 children=945,903,829,620 grandchildren=9450,9030,8290,6200
HASH_ROUTE token=219 layer=0 children=932,955,131,158 grandchildren=9320,9550,1310,1580
HASH_ROUTE token=219 layer=1 children=843,43,209,522 grandchildren=8430,430,2090,5220
HASH_ROUTE token=219 layer=2 children=366,356,431,48 grandchildren=3660,3560,4310,480
HASH_ROUTE token=219 layer=3 children=799,1278,319,472 grandchildren=7990,12780,3190,4720
HASH_ROUTE token=219 layer=4 children=186,163,1146,295 grandchildren=1860,1630,11460,2950
HASH_ROUTE token=219 layer=5 children=94,35,106,411 grandchildren=940,350,1060,4110
HASH_ROUTE token=219 layer=6 children=672,765,198,286 grandchildren=6720,7650,1980,2860
HASH_ROUTE token=219 layer=7 children=1168,528,1189,544 grandchildren=11680,5280,11890,5440
HASH_ROUTE token=219 layer=8 children=1102,941,1094,1266 grandchildren=11020,9410,10940,12660
HASH_ROUTE token=219 layer=9 children=1146,828,349,987 grandchildren=11460,8280,3490,9870
HASH_ROUTE token=219 layer=10 children=724,677,786,86 grandchildren=7240,6770,7860,860
HASH_ROUTE token=219 layer=11 children=1278,1254,1191,795 grandchildren=12780,12540,11910,7950
HASH_ROUTE token=219 layer=12 children=1063,982,1221,1050 grandchildren=10630,9820,12210,10500
HASH_ROUTE token=219 layer=13 children=784,735,657,626 grandchildren=7840,7350,6570,6260
HASH_ROUTE token=219 layer=14 children=492,16,657,815 grandchildren=4920,160,6570,8150
HASH_ROUTE token=219 layer=15 children=1188,1241,1235,1251 grandchildren=11880,12410,12350,12510
HASH_ROUTE token=219 layer=16 children=251,234,570,263 grandchildren=2510,2340,5700,2630
HASH_ROUTE token=219 layer=17 children=1003,525,40,682 grandchildren=10030,5250,400,6820
HASH_ROUTE token=219 layer=18 children=721,1203,781,645 grandchildren=7210,12030,7810,6450
HASH_ROUTE token=219 layer=19 children=340,467,355,452 grandchildren=3400,4670,3550,4520
HASH_ROUTE token=219 layer=20 children=1194,1223,1272,1258 grandchildren=11940,12230,12720,12580
HASH_ROUTE token=219 layer=21 children=884,569,400,83 grandchildren=8840,5690,4000,830
HASH_ROUTE token=219 layer=22 children=627,504,560,301 grandchildren=6270,5040,5600,3010
HASH_ROUTE token=219 layer=23 children=1065,266,905,1075 grandchildren=10650,2660,9050,10750
HASH_ROUTE token=220 layer=0 children=937,861,955,805 grandchildren=9370,8610,9550,8050
HASH_ROUTE token=220 layer=1 children=685,207,846,46 grandchildren=6850,2070,8460,460
HASH_ROUTE token=220 layer=2 children=354,378,341,387 grandchildren=3540,3780,3410,3870
HASH_ROUTE token=220 layer=3 children=1011,694,1029,52 grandchildren=10110,6940,10290,520
HASH_ROUTE token=220 layer=4 children=181,163,294,266 grandchildren=1810,1630,2940,2660
HASH_ROUTE token=220 layer=5 children=47,528,365,842 grandchildren=470,5280,3650,8420
HASH_ROUTE token=220 layer=6 children=996,352,1035,198 grandchildren=9960,3520,10350,1980
HASH_ROUTE token=220 layer=7 children=606,496,563,1089 grandchildren=6060,4960,5630,10890
HASH_ROUTE token=220 layer=8 children=1165,522,203,365 grandchildren=11650,5220,2030,3650
HASH_ROUTE token=220 layer=9 children=244,888,229,867 grandchildren=2440,8880,2290,8670
HASH_ROUTE token=220 layer=10 children=355,346,471,365 grandchildren=3550,3460,4710,3650
HASH_ROUTE token=220 layer=11 children=686,779,738,1006 grandchildren=6860,7790,7380,10060
HASH_ROUTE token=220 layer=12 children=1049,245,1088,1018 grandchildren=10490,2450,10880,10180
HASH_ROUTE token=220 layer=13 children=135,617,127,41 grandchildren=1350,6170,1270,410
HASH_ROUTE token=220 layer=14 children=230,286,165,254 grandchildren=2300,2860,1650,2540
HASH_ROUTE token=220 layer=15 children=1186,1159,1028,1227 grandchildren=11860,11590,10280,12270
HASH_ROUTE token=220 layer=16 children=219,690,376,258 grandchildren=2190,6900,3760,2580
HASH_ROUTE token=220 layer=17 children=535,545,507,609 grandchildren=5350,5450,5070,6090
HASH_ROUTE token=220 layer=18 children=1270,1265,1155,957 grandchildren=12700,12650,11550,9570
HASH_ROUTE token=220 layer=19 children=445,467,435,423 grandchildren=4450,4670,4350,4230
HASH_ROUTE token=220 layer=20 children=243,254,282,406 grandchildren=2430,2540,2820,4060
HASH_ROUTE token=220 layer=21 children=74,143,558,623 grandchildren=740,1430,5580,6230
HASH_ROUTE token=220 layer=22 children=150,127,1274,1117 grandchildren=1500,1270,12740,11170
HASH_ROUTE token=220 layer=23 children=37,125,513,81 grandchildren=370,1250,5130,810
HASH_ROUTE token=221 layer=0 children=153,50,471,41 grandchildren=1530,500,4710,410
HASH_ROUTE token=221 layer=1 children=297,451,209,260 grandchildren=2970,4510,2090,2600
HASH_ROUTE token=221 layer=2 children=332,432,420,178 grandchildren=3320,4320,4200,1780
HASH_ROUTE token=221 layer=3 children=183,661,27,221 grandchildren=1830,6610,270,2210
HASH_ROUTE token=221 layer=4 children=299,186,209,252 grandchildren=2990,1860,2090,2520
HASH_ROUTE token=221 layer=5 children=844,687,867,700 grandchildren=8440,6870,8670,7000
HASH_ROUTE token=221 layer=6 children=413,448,93,363 grandchildren=4130,4480,930,3630
HASH_ROUTE token=221 layer=7 children=528,848,597,915 grandchildren=5280,8480,5970,9150
HASH_ROUTE token=221 layer=8 children=1001,843,1049,883 grandchildren=10010,8430,10490,8830
HASH_ROUTE token=221 layer=9 children=938,866,457,911 grandchildren=9380,8660,4570,9110
HASH_ROUTE token=221 layer=10 children=790,732,691,472 grandchildren=7900,7320,6910,4720
HASH_ROUTE token=221 layer=11 children=738,794,679,703 grandchildren=7380,7940,6790,7030
HASH_ROUTE token=221 layer=12 children=1189,1148,1120,1273 grandchildren=11890,11480,11200,12730
HASH_ROUTE token=221 layer=13 children=608,1084,765,628 grandchildren=6080,10840,7650,6280
HASH_ROUTE token=221 layer=14 children=858,887,214,247 grandchildren=8580,8870,2140,2470
HASH_ROUTE token=221 layer=15 children=1081,991,1028,969 grandchildren=10810,9910,10280,9690
HASH_ROUTE token=221 layer=16 children=1058,1026,986,1063 grandchildren=10580,10260,9860,10630
HASH_ROUTE token=221 layer=17 children=601,530,515,484 grandchildren=6010,5300,5150,4840
HASH_ROUTE token=221 layer=18 children=794,769,742,660 grandchildren=7940,7690,7420,6600
HASH_ROUTE token=221 layer=19 children=761,783,447,747 grandchildren=7610,7830,4470,7470
HASH_ROUTE token=221 layer=20 children=279,313,214,594 grandchildren=2790,3130,2140,5940
HASH_ROUTE token=221 layer=21 children=231,74,552,879 grandchildren=2310,740,5520,8790
HASH_ROUTE token=221 layer=22 children=799,1110,719,657 grandchildren=7990,11100,7190,6570
HASH_ROUTE token=221 layer=23 children=33,995,672,513 grandchildren=330,9950,6720,5130
HASH_ROUTE token=222 layer=0 children=958,847,917,944 grandchildren=9580,8470,9170,9440
HASH_ROUTE token=222 layer=1 children=349,450,184,660 grandchildren=3490,4500,1840,6600
HASH_ROUTE token=222 layer=2 children=691,659,378,677 grandchildren=6910,6590,3780,6770
HASH_ROUTE token=222 layer=3 children=610,576,1099,778 grandchildren=6100,5760,10990,7780
HASH_ROUTE token=222 layer=4 children=299,185,279,232 grandchildren=2990,1850,2790,2320
HASH_ROUTE token=222 layer=5 children=844,41,893,681 grandchildren=8440,410,8930,6810
HASH_ROUTE token=222 layer=6 children=351,336,363,472 grandchildren=3510,3360,3630,4720
HASH_ROUTE token=222 layer=7 children=495,597,639,543 grandchildren=4950,5970,6390,5430
HASH_ROUTE token=222 layer=8 children=524,612,45,132 grandchildren=5240,6120,450,1320
HASH_ROUTE token=222 layer=9 children=937,956,911,868 grandchildren=9370,9560,9110,8680
HASH_ROUTE token=222 layer=10 children=477,959,153,795 grandchildren=4770,9590,1530,7950
HASH_ROUTE token=222 layer=11 children=671,193,999,735 grandchildren=6710,1930,9990,7350
HASH_ROUTE token=222 layer=12 children=1030,981,1027,1190 grandchildren=10300,9810,10270,11900
HASH_ROUTE token=222 layer=13 children=308,142,626,784 grandchildren=3080,1420,6260,7840
HASH_ROUTE token=222 layer=14 children=887,858,832,911 grandchildren=8870,8580,8320,9110
HASH_ROUTE token=222 layer=15 children=1150,993,677,1249 grandchildren=11500,9930,6770,12490
HASH_ROUTE token=222 layer=16 children=1020,541,1065,387 grandchildren=10200,5410,10650,3870
HASH_ROUTE token=222 layer=17 children=533,622,598,507 grandchildren=5330,6220,5980,5070
HASH_ROUTE token=222 layer=18 children=762,285,928,440 grandchildren=7620,2850,9280,4400
HASH_ROUTE token=222 layer=19 children=759,783,919,767 grandchildren=7590,7830,9190,7670
HASH_ROUTE token=222 layer=20 children=246,1207,224,1188 grandchildren=2460,12070,2240,11880
HASH_ROUTE token=222 layer=21 children=15,33,102,70 grandchildren=150,330,1020,700
HASH_ROUTE token=222 layer=22 children=799,150,1111,651 grandchildren=7990,1500,11110,6510
HASH_ROUTE token=222 layer=23 children=125,928,31,1084 grandchildren=1250,9280,310,10840
HASH_ROUTE token=223 layer=0 children=932,955,805,864 grandchildren=9320,9550,8050,8640
HASH_ROUTE token=223 layer=1 children=746,261,428,900 grandchildren=7460,2610,4280,9000
HASH_ROUTE token=223 layer=2 children=410,377,454,357 grandchildren=4100,3770,4540,3570
HASH_ROUTE token=223 layer=3 children=213,533,1011,694 grandchildren=2130,5330,10110,6940
HASH_ROUTE token=223 layer=4 children=187,503,254,294 grandchildren=1870,5030,2540,2940
HASH_ROUTE token=223 layer=5 children=1238,112,1165,1132 grandchildren=12380,1120,11650,11320
HASH_ROUTE token=223 layer=6 children=416,1052,404,895 grandchildren=4160,10520,4040,8950
HASH_ROUTE token=223 layer=7 children=587,542,490,567 grandchildren=5870,5420,4900,5670
HASH_ROUTE token=223 layer=8 children=561,614,585,608 grandchildren=5610,6140,5850,6080
HASH_ROUTE token=223 layer=9 children=445,762,289,605 grandchildren=4450,7620,2890,6050
HASH_ROUTE token=223 layer=10 children=670,752,728,994 grandchildren=6700,7520,7280,9940
HASH_ROUTE token=223 layer=11 children=540,709,538,512 grandchildren=5400,7090,5380,5120
HASH_ROUTE token=223 layer=12 children=564,596,527,531 grandchildren=5640,5960,5270,5310
HASH_ROUTE token=223 layer=13 children=973,11,333,654 grandchildren=9730,110,3330,6540
HASH_ROUTE token=223 layer=14 children=429,261,387,447 grandchildren=4290,2610,3870,4470
HASH_ROUTE token=223 layer=15 children=1186,700,1159,1237 grandchildren=11860,7000,11590,12370
HASH_ROUTE token=223 layer=16 children=227,169,265,869 grandchildren=2270,1690,2650,8690
HASH_ROUTE token=223 layer=17 children=533,484,52,545 grandchildren=5330,4840,520,5450
HASH_ROUTE token=223 layer=18 children=921,958,762,943 grandchildren=9210,9580,7620,9430
HASH_ROUTE token=223 layer=19 children=783,755,462,764 grandchildren=7830,7550,4620,7640
HASH_ROUTE token=223 layer=20 children=171,254,229,1136 grandchildren=1710,2540,2290,11360
HASH_ROUTE token=223 layer=21 children=551,718,874,230 grandchildren=5510,7180,8740,2300
HASH_ROUTE token=223 layer=22 children=157,631,102,581 grandchildren=1570,6310,1020,5810
HASH_ROUTE token=223 layer=23 children=1043,985,962,729 grandchildren=10430,9850,9620,7290
HASH_ROUTE token=224 layer=0 children=49,360,206,680 grandchildren=490,3600,2060,6800
HASH_ROUTE token=224 layer=1 children=297,455,279,209 grandchildren=2970,4550,2790,2090
HASH_ROUTE token=224 layer=2 children=1163,1241,41,1217 grandchildren=11630,12410,410,12170
HASH_ROUTE token=224 layer=3 children=553,587,878,614 grandchildren=5530,5870,8780,6140
HASH_ROUTE token=224 layer=4 children=243,186,881,827 grandchildren=2430,1860,8810,8270
HASH_ROUTE token=224 layer=5 children=891,853,905,94 grandchildren=8910,8530,9050,940
HASH_ROUTE token=224 layer=6 children=1092,1054,450,990 grandchildren=10920,10540,4500,9900
HASH_ROUTE token=224 layer=7 children=601,445,508,125 grandchildren=6010,4450,5080,1250
HASH_ROUTE token=224 layer=8 children=1277,1161,631,1208 grandchildren=12770,11610,6310,12080
HASH_ROUTE token=224 layer=9 children=314,950,202,241 grandchildren=3140,9500,2020,2410
HASH_ROUTE token=224 layer=10 children=653,752,720,1133 grandchildren=6530,7520,7200,11330
HASH_ROUTE token=224 layer=11 children=34,152,673,74 grandchildren=340,1520,6730,740
HASH_ROUTE token=224 layer=12 children=533,510,509,541 grandchildren=5330,5100,5090,5410
HASH_ROUTE token=224 layer=13 children=139,27,774,35 grandchildren=1390,270,7740,350
HASH_ROUTE token=224 layer=14 children=835,936,871,858 grandchildren=8350,9360,8710,8580
HASH_ROUTE token=224 layer=15 children=991,1019,976,1086 grandchildren=9910,10190,9760,10860
HASH_ROUTE token=224 layer=16 children=410,389,256,92 grandchildren=4100,3890,2560,920
HASH_ROUTE token=224 layer=17 children=981,824,181,509 grandchildren=9810,8240,1810,5090
HASH_ROUTE token=224 layer=18 children=165,1128,277,962 grandchildren=1650,11280,2770,9620
HASH_ROUTE token=224 layer=19 children=660,653,719,783 grandchildren=6600,6530,7190,7830
HASH_ROUTE token=224 layer=20 children=210,278,183,206 grandchildren=2100,2780,1830,2060
HASH_ROUTE token=224 layer=21 children=553,233,577,259 grandchildren=5530,2330,5770,2590
HASH_ROUTE token=224 layer=22 children=489,969,583,1066 grandchildren=4890,9690,5830,10660
HASH_ROUTE token=224 layer=23 children=513,39,584,606 grandchildren=5130,390,5840,6060
HASH_ROUTE token=225 layer=0 children=153,50,72,65 grandchildren=1530,500,720,650
HASH_ROUTE token=225 layer=1 children=175,297,653,333 grandchildren=1750,2970,6530,3330
HASH_ROUTE token=225 layer=2 children=905,424,588,100 grandchildren=9050,4240,5880,1000
HASH_ROUTE token=225 layer=3 children=106,68,18,900 grandchildren=1060,680,180,9000
HASH_ROUTE token=225 layer=4 children=186,294,312,194 grandchildren=1860,2940,3120,1940
HASH_ROUTE token=225 layer=5 children=1210,1274,1179,1130 grandchildren=12100,12740,11790,11300
HASH_ROUTE token=225 layer=6 children=129,442,760,289 grandchildren=1290,4420,7600,2890
HASH_ROUTE token=225 layer=7 children=137,931,617,459 grandchildren=1370,9310,6170,4590
HASH_ROUTE token=225 layer=8 children=1110,953,314,1274 grandchildren=11100,9530,3140,12740
HASH_ROUTE token=225 layer=9 children=955,311,897,915 grandchildren=9550,3110,8970,9150
HASH_ROUTE token=225 layer=10 children=347,1147,180,446 grandchildren=3470,11470,1800,4460
HASH_ROUTE token=225 layer=11 children=24,1142,32,1154 grandchildren=240,11420,320,11540
HASH_ROUTE token=225 layer=12 children=374,327,478,219 grandchildren=3740,3270,4780,2190
HASH_ROUTE token=225 layer=13 children=148,786,944,463 grandchildren=1480,7860,9440,4630
HASH_ROUTE token=225 layer=14 children=693,777,537,792 grandchildren=6930,7770,5370,7920
HASH_ROUTE token=225 layer=15 children=995,831,1024,1040 grandchildren=9950,8310,10240,10400
HASH_ROUTE token=225 layer=16 children=431,365,346,1076 grandchildren=4310,3650,3460,10760
HASH_ROUTE token=225 layer=17 children=981,186,1144,349 grandchildren=9810,1860,11440,3490
HASH_ROUTE token=225 layer=18 children=382,320,454,704 grandchildren=3820,3200,4540,7040
HASH_ROUTE token=225 layer=19 children=606,446,768,120 grandchildren=6060,4460,7680,1200
HASH_ROUTE token=225 layer=20 children=764,730,642,603 grandchildren=7640,7300,6420,6030
HASH_ROUTE token=225 layer=21 children=552,1030,870,230 grandchildren=5520,10300,8700,2300
HASH_ROUTE token=225 layer=22 children=178,13,265,333 grandchildren=1780,130,2650,3330
HASH_ROUTE token=225 layer=23 children=945,879,620,811 grandchildren=9450,8790,6200,8110
HASH_ROUTE token=226 layer=0 children=755,649,779,713 grandchildren=7550,6490,7790,7130
HASH_ROUTE token=226 layer=1 children=527,689,504,663 grandchildren=5270,6890,5040,6630
HASH_ROUTE token=226 layer=2 children=352,830,36,991 grandchildren=3520,8300,360,9910
HASH_ROUTE token=226 layer=3 children=623,613,535,554 grandchildren=6230,6130,5350,5540
HASH_ROUTE token=226 layer=4 children=465,434,1260,452 grandchildren=4650,4340,12600,4520
HASH_ROUTE token=226 layer=5 children=320,809,963,168 grandchildren=3200,8090,9630,1680
HASH_ROUTE token=226 layer=6 children=461,785,620,946 grandchildren=4610,7850,6200,9460
HASH_ROUTE token=226 layer=7 children=148,99,38,621 grandchildren=1480,990,380,6210
HASH_ROUTE token=226 layer=8 children=1014,697,1100,786 grandchildren=10140,6970,11000,7860
HASH_ROUTE token=226 layer=9 children=131,55,938,156 grandchildren=1310,550,9380,1560
HASH_ROUTE token=226 layer=10 children=616,626,540,587 grandchildren=6160,6260,5400,5870
HASH_ROUTE token=226 layer=11 children=916,1077,866,753 grandchildren=9160,10770,8660,7530
HASH_ROUTE token=226 layer=12 children=359,839,1151,512 grandchildren=3590,8390,11510,5120
HASH_ROUTE token=226 layer=13 children=324,167,489,361 grandchildren=3240,1670,4890,3610
HASH_ROUTE token=226 layer=14 children=1102,1264,1096,947 grandchildren=11020,12640,10960,9470
HASH_ROUTE token=226 layer=15 children=767,127,1080,678 grandchildren=7670,1270,10800,6780
HASH_ROUTE token=226 layer=16 children=921,600,889,124 grandchildren=9210,6000,8890,1240
HASH_ROUTE token=226 layer=17 children=893,954,801,91 grandchildren=8930,9540,8010,910
HASH_ROUTE token=226 layer=18 children=740,1226,268,721 grandchildren=7400,12260,2680,7210
HASH_ROUTE token=226 layer=19 children=322,647,1121,482 grandchildren=3220,6470,11210,4820
HASH_ROUTE token=226 layer=20 children=1264,309,1223,786 grandchildren=12640,3090,12230,7860
HASH_ROUTE token=226 layer=21 children=1180,1238,700,65 grandchildren=11800,12380,7000,650
HASH_ROUTE token=226 layer=22 children=939,295,1090,772 grandchildren=9390,2950,10900,7720
HASH_ROUTE token=226 layer=23 children=109,45,71,261 grandchildren=1090,450,710,2610
HASH_ROUTE token=227 layer=0 children=645,751,776,711 grandchildren=6450,7510,7760,7110
HASH_ROUTE token=227 layer=1 children=205,521,689,40 grandchildren=2050,5210,6890,400
HASH_ROUTE token=227 layer=2 children=730,418,572,892 grandchildren=7300,4180,5720,8920
HASH_ROUTE token=227 layer=3 children=751,696,110,783 grandchildren=7510,6960,1100,7830
HASH_ROUTE token=227 layer=4 children=195,184,237,296 grandchildren=1950,1840,2370,2960
HASH_ROUTE token=227 layer=5 children=898,856,921,861 grandchildren=8980,8560,9210,8610
HASH_ROUTE token=227 layer=6 children=417,251,892,446 grandchildren=4170,2510,8920,4460
HASH_ROUTE token=227 layer=7 children=771,683,134,48 grandchildren=7710,6830,1340,480
HASH_ROUTE token=227 layer=8 children=1112,631,959,790 grandchildren=11120,6310,9590,7900
HASH_ROUTE token=227 layer=9 children=917,833,921,898 grandchildren=9170,8330,9210,8980
HASH_ROUTE token=227 layer=10 children=985,186,1045,244 grandchildren=9850,1860,10450,2440
HASH_ROUTE token=227 layer=11 children=54,1172,150,856 grandchildren=540,11720,1500,8560
HASH_ROUTE token=227 layer=12 children=403,326,422,476 grandchildren=4030,3260,4220,4760
HASH_ROUTE token=227 layer=13 children=727,786,715,756 grandchildren=7270,7860,7150,7560
HASH_ROUTE token=227 layer=14 children=265,580,1224,317 grandchildren=2650,5800,12240,3170
HASH_ROUTE token=227 layer=15 children=995,838,352,199 grandchildren=9950,8380,3520,1990
HASH_ROUTE token=227 layer=16 children=489,511,578,322 grandchildren=4890,5110,5780,3220
HASH_ROUTE token=227 layer=17 children=983,1022,1017,663 grandchildren=9830,10220,10170,6630
HASH_ROUTE token=227 layer=18 children=317,159,262,109 grandchildren=3170,1590,2620,1090
HASH_ROUTE token=227 layer=19 children=768,794,128,157 grandchildren=7680,7940,1280,1570
HASH_ROUTE token=227 layer=20 children=656,11,813,979 grandchildren=6560,110,8130,9790
HASH_ROUTE token=227 layer=21 children=34,74,831,870 grandchildren=340,740,8310,8700
HASH_ROUTE token=227 layer=22 children=286,263,212,176 grandchildren=2860,2630,2120,1760
HASH_ROUTE token=227 layer=23 children=41,78,682,527 grandchildren=410,780,6820,5270
HASH_ROUTE token=228 layer=0 children=280,444,163,209 grandchildren=2800,4440,1630,2090
HASH_ROUTE token=228 layer=1 children=297,180,171,265 grandchildren=2970,1800,1710,2650
HASH_ROUTE token=228 layer=2 children=738,98,259,1217 grandchildren=7380,980,2590,12170
HASH_ROUTE token=228 layer=3 children=21,109,51,15 grandchildren=210,1090,510,150
HASH_ROUTE token=228 layer=4 children=317,186,163,477 grandchildren=3170,1860,1630,4770
HASH_ROUTE token=228 layer=5 children=1212,1170,1138,574 grandchildren=12120,11700,11380,5740
HASH_ROUTE token=228 layer=6 children=683,1168,204,1000 grandchildren=6830,11680,2040,10000
HASH_ROUTE token=228 layer=7 children=57,695,7,137 grandchildren=570,6950,70,1370
HASH_ROUTE token=228 layer=8 children=411,471,384,365 grandchildren=4110,4710,3840,3650
HASH_ROUTE token=228 layer=9 children=252,315,209,161 grandchildren=2520,3150,2090,1610
HASH_ROUTE token=228 layer=10 children=1051,1006,982,1048 grandchildren=10510,10060,9820,10480
HASH_ROUTE token=228 layer=11 children=52,117,854,916 grandchildren=520,1170,8540,9160
HASH_ROUTE token=228 layer=12 children=727,241,560,1204 grandchildren=7270,2410,5600,12040
HASH_ROUTE token=228 layer=13 children=731,96,722,785 grandchildren=7310,960,7220,7850
HASH_ROUTE token=228 layer=14 children=565,510,586,617 grandchildren=5650,5100,5860,6170
HASH_ROUTE token=228 layer=15 children=334,323,409,380 grandchildren=3340,3230,4090,3800
HASH_ROUTE token=228 layer=16 children=201,275,251,191 grandchildren=2010,2750,2510,1910
HASH_ROUTE token=228 layer=17 children=188,246,509,562 grandchildren=1880,2460,5090,5620
HASH_ROUTE token=228 layer=18 children=100,1061,903,421 grandchildren=1000,10610,9030,4210
HASH_ROUTE token=228 layer=19 children=877,833,946,710 grandchildren=8770,8330,9460,7100
HASH_ROUTE token=228 layer=20 children=399,239,452,373 grandchildren=3990,2390,4520,3730
HASH_ROUTE token=228 layer=21 children=871,883,835,559 grandchildren=8710,8830,8350,5590
HASH_ROUTE token=228 layer=22 children=1058,251,1061,269 grandchildren=10580,2510,10610,2690
HASH_ROUTE token=228 layer=23 children=851,825,847,871 grandchildren=8510,8250,8470,8710
HASH_ROUTE token=229 layer=0 children=122,49,153,4 grandchildren=1220,490,1530,40
HASH_ROUTE token=229 layer=1 children=297,180,174,454 grandchildren=2970,1800,1740,4540
HASH_ROUTE token=229 layer=2 children=819,880,801,908 grandchildren=8190,8800,8010,9080
HASH_ROUTE token=229 layer=3 children=673,699,758,836 grandchildren=6730,6990,7580,8360
HASH_ROUTE token=229 layer=4 children=294,457,193,302 grandchildren=2940,4570,1930,3020
HASH_ROUTE token=229 layer=5 children=850,379,53,910 grandchildren=8500,3790,530,9100
HASH_ROUTE token=229 layer=6 children=304,1101,469,949 grandchildren=3040,11010,4690,9490
HASH_ROUTE token=229 layer=7 children=965,329,1043,404 grandchildren=9650,3290,10430,4040
HASH_ROUTE token=229 layer=8 children=1048,1060,1010,560 grandchildren=10480,10600,10100,5600
HASH_ROUTE token=229 layer=9 children=314,955,188,821 grandchildren=3140,9550,1880,8210
HASH_ROUTE token=229 layer=10 children=477,1272,402,1203 grandchildren=4770,12720,4020,12030
HASH_ROUTE token=229 layer=11 children=695,532,792,703 grandchildren=6950,5320,7920,7030
HASH_ROUTE token=229 layer=12 children=560,620,887,518 grandchildren=5600,6200,8870,5180
HASH_ROUTE token=229 layer=13 children=731,895,767,664 grandchildren=7310,8950,7670,6640
HASH_ROUTE token=229 layer=14 children=931,884,831,295 grandchildren=9310,8840,8310,2950
HASH_ROUTE token=229 layer=15 children=673,838,1150,514 grandchildren=6730,8380,11500,5140
HASH_ROUTE token=229 layer=16 children=318,479,278,439 grandchildren=3180,4790,2780,4390
HASH_ROUTE token=229 layer=17 children=264,184,292,220 grandchildren=2640,1840,2920,2200
HASH_ROUTE token=229 layer=18 children=991,1072,1083,1051 grandchildren=9910,10720,10830,10510
HASH_ROUTE token=229 layer=19 children=670,789,794,714 grandchildren=6700,7890,7940,7140
HASH_ROUTE token=229 layer=20 children=277,219,595,165 grandchildren=2770,2190,5950,1650
HASH_ROUTE token=229 layer=21 children=253,230,99,162 grandchildren=2530,2300,990,1620
HASH_ROUTE token=229 layer=22 children=971,1107,1094,1060 grandchildren=9710,11070,10940,10600
HASH_ROUTE token=229 layer=23 children=1241,1221,1174,1166 grandchildren=12410,12210,11740,11660
HASH_ROUTE token=230 layer=0 children=50,41,150,7 grandchildren=500,410,1500,70
HASH_ROUTE token=230 layer=1 children=297,457,171,137 grandchildren=2970,4570,1710,1370
HASH_ROUTE token=230 layer=2 children=431,448,758,1237 grandchildren=4310,4480,7580,12370
HASH_ROUTE token=230 layer=3 children=932,291,459,831 grandchildren=9320,2910,4590,8310
HASH_ROUTE token=230 layer=4 children=266,187,237,294 grandchildren=2660,1870,2370,2940
HASH_ROUTE token=230 layer=5 children=949,958,855,927 grandchildren=9490,9580,8550,9270
HASH_ROUTE token=230 layer=6 children=351,442,420,432 grandchildren=3510,4420,4200,4320
HASH_ROUTE token=230 layer=7 children=563,617,503,528 grandchildren=5630,6170,5030,5280
HASH_ROUTE token=230 layer=8 children=368,1167,400,846 grandchildren=3680,11670,4000,8460
HASH_ROUTE token=230 layer=9 children=1075,968,999,1053 grandchildren=10750,9680,9990,10530
HASH_ROUTE token=230 layer=10 children=153,66,1279,111 grandchildren=1530,660,12790,1110
HASH_ROUTE token=230 layer=11 children=157,58,1275,1171 grandchildren=1570,580,12750,11710
HASH_ROUTE token=230 layer=12 children=89,1045,246,405 grandchildren=890,10450,2460,4050
HASH_ROUTE token=230 layer=13 children=651,498,739,674 grandchildren=6510,4980,7390,6740
HASH_ROUTE token=230 layer=14 children=901,588,880,562 grandchildren=9010,5880,8800,5620
HASH_ROUTE token=230 layer=15 children=1182,1243,546,604 grandchildren=11820,12430,5460,6040
HASH_ROUTE token=230 layer=16 children=386,336,464,376 grandchildren=3860,3360,4640,3760
HASH_ROUTE token=230 layer=17 children=594,535,484,527 grandchildren=5940,5350,4840,5270
HASH_ROUTE token=230 layer=18 children=670,777,1154,720 grandchildren=6700,7770,11540,7200
HASH_ROUTE token=230 layer=19 children=783,745,944,738 grandchildren=7830,7450,9440,7380
HASH_ROUTE token=230 layer=20 children=474,313,632,1278 grandchildren=4740,3130,6320,12780
HASH_ROUTE token=230 layer=21 children=905,103,744,940 grandchildren=9050,1030,7440,9400
HASH_ROUTE token=230 layer=22 children=798,789,312,656 grandchildren=7980,7890,3120,6560
HASH_ROUTE token=230 layer=23 children=513,194,31,672 grandchildren=5130,1940,310,6720
HASH_ROUTE token=231 layer=0 children=50,41,379,150 grandchildren=500,410,3790,1500
HASH_ROUTE token=231 layer=1 children=457,297,137,440 grandchildren=4570,2970,1370,4400
HASH_ROUTE token=231 layer=2 children=416,332,737,1213 grandchildren=4160,3320,7370,12130
HASH_ROUTE token=231 layer=3 children=932,453,1090,291 grandchildren=9320,4530,10900,2910
HASH_ROUTE token=231 layer=4 children=264,297,187,234 grandchildren=2640,2970,1870,2340
HASH_ROUTE token=231 layer=5 children=475,445,378,958 grandchildren=4750,4450,3780,9580
HASH_ROUTE token=231 layer=6 children=432,442,403,275 grandchildren=4320,4420,4030,2750
HASH_ROUTE token=231 layer=7 children=135,936,777,459 grandchildren=1350,9360,7770,4590
HASH_ROUTE token=231 layer=8 children=404,562,411,365 grandchildren=4040,5620,4110,3650
HASH_ROUTE token=231 layer=9 children=934,1090,898,777 grandchildren=9340,10900,8980,7770
HASH_ROUTE token=231 layer=10 children=1187,384,869,1277 grandchildren=11870,3840,8690,12770
HASH_ROUTE token=231 layer=11 children=699,535,1013,57 grandchildren=6990,5350,10130,570
HASH_ROUTE token=231 layer=12 children=506,20,534,56 grandchildren=5060,200,5340,560
HASH_ROUTE token=231 layer=13 children=781,653,675,625 grandchildren=7810,6530,6750,6250
HASH_ROUTE token=231 layer=14 children=848,901,870,835 grandchildren=8480,9010,8700,8350
HASH_ROUTE token=231 layer=15 children=1205,1181,1128,1243 grandchildren=12050,11810,11280,12430
HASH_ROUTE token=231 layer=16 children=417,339,379,369 grandchildren=4170,3390,3790,3690
HASH_ROUTE token=231 layer=17 children=509,983,594,574 grandchildren=5090,9830,5940,5740
HASH_ROUTE token=231 layer=18 children=1236,1077,756,1128 grandchildren=12360,10770,7560,11280
HASH_ROUTE token=231 layer=19 children=783,764,654,1108 grandchildren=7830,7640,6540,11080
HASH_ROUTE token=231 layer=20 children=315,955,633,474 grandchildren=3150,9550,6330,4740
HASH_ROUTE token=231 layer=21 children=942,140,920,125 grandchildren=9420,1400,9200,1250
HASH_ROUTE token=231 layer=22 children=585,563,499,634 grandchildren=5850,5630,4990,6340
HASH_ROUTE token=231 layer=23 children=518,194,534,585 grandchildren=5180,1940,5340,5850
HASH_ROUTE token=232 layer=0 children=117,41,157,914 grandchildren=1170,410,1570,9140
HASH_ROUTE token=232 layer=1 children=246,297,273,265 grandchildren=2460,2970,2730,2650
HASH_ROUTE token=232 layer=2 children=740,1061,730,1055 grandchildren=7400,10610,7300,10550
HASH_ROUTE token=232 layer=3 children=932,135,1250,892 grandchildren=9320,1350,12500,8920
HASH_ROUTE token=232 layer=4 children=251,295,186,266 grandchildren=2510,2950,1860,2660
HASH_ROUTE token=232 layer=5 children=948,959,808,927 grandchildren=9480,9590,8080,9270
HASH_ROUTE token=232 layer=6 children=418,358,255,195 grandchildren=4180,3580,2550,1950
HASH_ROUTE token=232 layer=7 children=49,23,208,187 grandchildren=490,230,2080,1870
HASH_ROUTE token=232 layer=8 children=948,1268,464,306 grandchildren=9480,12680,4640,3060
HASH_ROUTE token=232 layer=9 children=868,897,921,955 grandchildren=8680,8970,9210,9550
HASH_ROUTE token=232 layer=10 children=708,786,227,300 grandchildren=7080,7860,2270,3000
HASH_ROUTE token=232 layer=11 children=1159,1134,1272,1182 grandchildren=11590,11340,12720,11820
HASH_ROUTE token=232 layer=12 children=526,206,481,162 grandchildren=5260,2060,4810,1620
HASH_ROUTE token=232 layer=13 children=998,673,971,1058 grandchildren=9980,6730,9710,10580
HASH_ROUTE token=232 layer=14 children=934,929,858,458 grandchildren=9340,9290,8580,4580
HASH_ROUTE token=232 layer=15 children=444,604,768,1246 grandchildren=4440,6040,7680,12460
HASH_ROUTE token=232 layer=16 children=360,419,206,256 grandchildren=3600,4190,2060,2560
HASH_ROUTE token=232 layer=17 children=587,1066,533,261 grandchildren=5870,10660,5330,2610
HASH_ROUTE token=232 layer=18 children=1236,1278,1155,1265 grandchildren=12360,12780,11550,12650
HASH_ROUTE token=232 layer=19 children=460,303,1263,393 grandchildren=4600,3030,12630,3930
HASH_ROUTE token=232 layer=20 children=313,271,632,593 grandchildren=3130,2710,6320,5930
HASH_ROUTE token=232 layer=21 children=49,13,1161,103 grandchildren=490,130,11610,1030
HASH_ROUTE token=232 layer=22 children=631,1270,795,1110 grandchildren=6310,12700,7950,11100
HASH_ROUTE token=232 layer=23 children=193,511,38,838 grandchildren=1930,5110,380,8380
HASH_ROUTE token=233 layer=0 children=41,117,844,153 grandchildren=410,1170,8440,1530
HASH_ROUTE token=233 layer=1 children=246,267,80,885 grandchildren=2460,2670,800,8850
HASH_ROUTE token=233 layer=2 children=1061,1072,1055,1037 grandchildren=10610,10720,10550,10370
HASH_ROUTE token=233 layer=3 children=932,917,1096,291 grandchildren=9320,9170,10960,2910
HASH_ROUTE token=233 layer=4 children=252,266,295,173 grandchildren=2520,2660,2950,1730
HASH_ROUTE token=233 layer=5 children=913,809,754,643 grandchildren=9130,8090,7540,6430
HASH_ROUTE token=233 layer=6 children=358,997,199,448 grandchildren=3580,9970,1990,4480
HASH_ROUTE token=233 layer=7 children=989,347,1004,366 grandchildren=9890,3470,10040,3660
HASH_ROUTE token=233 layer=8 children=389,465,862,944 grandchildren=3890,4650,8620,9440
HASH_ROUTE token=233 layer=9 children=930,1256,893,868 grandchildren=9300,12560,8930,8680
HASH_ROUTE token=233 layer=10 children=230,265,227,179 grandchildren=2300,2650,2270,1790
HASH_ROUTE token=233 layer=11 children=1135,15,1272,157 grandchildren=11350,150,12720,1570
HASH_ROUTE token=233 layer=12 children=54,213,27,185 grandchildren=540,2130,270,1850
HASH_ROUTE token=233 layer=13 children=971,1094,11,1059 grandchildren=9710,10940,110,10590
HASH_ROUTE token=233 layer=14 children=745,721,651,692 grandchildren=7450,7210,6510,6920
HASH_ROUTE token=233 layer=15 children=444,920,472,439 grandchildren=4440,9200,4720,4390
HASH_ROUTE token=233 layer=16 children=417,360,384,406 grandchildren=4170,3600,3840,4060
HASH_ROUTE token=233 layer=17 children=901,261,1064,848 grandchildren=9010,2610,10640,8480
HASH_ROUTE token=233 layer=18 children=1231,910,1265,947 grandchildren=12310,9100,12650,9470
HASH_ROUTE token=233 layer=19 children=358,197,387,464 grandchildren=3580,1970,3870,4640
HASH_ROUTE token=233 layer=20 children=190,311,513,632 grandchildren=1900,3110,5130,6320
HASH_ROUTE token=233 layer=21 children=138,42,103,13 grandchildren=1380,420,1030,130
HASH_ROUTE token=233 layer=22 children=1273,631,1110,155 grandchildren=12730,6310,11100,1550
HASH_ROUTE token=233 layer=23 children=518,624,193,591 grandchildren=5180,6240,1930,5910
HASH_ROUTE token=234 layer=0 children=850,844,923,52 grandchildren=8500,8440,9230,520
HASH_ROUTE token=234 layer=1 children=340,189,457,297 grandchildren=3400,1890,4570,2970
HASH_ROUTE token=234 layer=2 children=689,1000,523,733 grandchildren=6890,10000,5230,7330
HASH_ROUTE token=234 layer=3 children=1099,932,1061,978 grandchildren=10990,9320,10610,9780
HASH_ROUTE token=234 layer=4 children=169,7,246,804 grandchildren=1690,70,2460,8040
HASH_ROUTE token=234 layer=5 children=865,929,884,802 grandchildren=8650,9290,8840,8020
HASH_ROUTE token=234 layer=6 children=1117,999,983,1098 grandchildren=11170,9990,9830,10980
HASH_ROUTE token=234 layer=7 children=97,26,251,184 grandchildren=970,260,2510,1840
HASH_ROUTE token=234 layer=8 children=279,306,754,1235 grandchildren=2790,3060,7540,12350
HASH_ROUTE token=234 layer=9 children=947,953,805,876 grandchildren=9470,9530,8050,8760
HASH_ROUTE token=234 layer=10 children=584,741,267,426 grandchildren=5840,7410,2670,4260
HASH_ROUTE token=234 layer=11 children=1015,56,1052,994 grandchildren=10150,560,10520,9940
HASH_ROUTE token=234 layer=12 children=218,206,191,230 grandchildren=2180,2060,1910,2300
HASH_ROUTE token=234 layer=13 children=1037,1058,712,735 grandchildren=10370,10580,7120,7350
HASH_ROUTE token=234 layer=14 children=168,235,316,969 grandchildren=1680,2350,3160,9690
HASH_ROUTE token=234 layer=15 children=281,609,766,173 grandchildren=2810,6090,7660,1730
HASH_ROUTE token=234 layer=16 children=286,182,250,211 grandchildren=2860,1820,2500,2110
HASH_ROUTE token=234 layer=17 children=504,608,824,584 grandchildren=5040,6080,8240,5840
HASH_ROUTE token=234 layer=18 children=277,1075,296,1091 grandchildren=2770,10750,2960,10910
HASH_ROUTE token=234 layer=19 children=654,679,794,171 grandchildren=6540,6790,7940,1710
HASH_ROUTE token=234 layer=20 children=215,538,227,234 grandchildren=2150,5380,2270,2340
HASH_ROUTE token=234 layer=21 children=814,884,849,826 grandchildren=8140,8840,8490,8260
HASH_ROUTE token=234 layer=22 children=491,337,14,1136 grandchildren=4910,3370,140,11360
HASH_ROUTE token=234 layer=23 children=46,845,34,50 grandchildren=460,8450,340,500
HASH_ROUTE token=235 layer=0 children=153,50,72,65 grandchildren=1530,500,720,650
HASH_ROUTE token=235 layer=1 children=175,297,653,333 grandchildren=1750,2970,6530,3330
HASH_ROUTE token=235 layer=2 children=905,1060,424,747 grandchildren=9050,10600,4240,7470
HASH_ROUTE token=235 layer=3 children=106,68,18,900 grandchildren=1060,680,180,9000
HASH_ROUTE token=235 layer=4 children=186,294,312,194 grandchildren=1860,2940,3120,1940
HASH_ROUTE token=235 layer=5 children=1272,1210,1179,1166 grandchildren=12720,12100,11790,11660
HASH_ROUTE token=235 layer=6 children=129,448,760,289 grandchildren=1290,4480,7600,2890
HASH_ROUTE token=235 layer=7 children=137,934,617,459 grandchildren=1370,9340,6170,4590
HASH_ROUTE token=235 layer=8 children=1110,953,314,1274 grandchildren=11100,9530,3140,12740
HASH_ROUTE token=235 layer=9 children=955,314,897,917 grandchildren=9550,3140,8970,9170
HASH_ROUTE token=235 layer=10 children=347,1147,180,446 grandchildren=3470,11470,1800,4460
HASH_ROUTE token=235 layer=11 children=24,1142,32,1154 grandchildren=240,11420,320,11540
HASH_ROUTE token=235 layer=12 children=374,327,478,219 grandchildren=3740,3270,4780,2190
HASH_ROUTE token=235 layer=13 children=145,786,943,463 grandchildren=1450,7860,9430,4630
HASH_ROUTE token=235 layer=14 children=693,777,537,616 grandchildren=6930,7770,5370,6160
HASH_ROUTE token=235 layer=15 children=995,1024,831,1040 grandchildren=9950,10240,8310,10400
HASH_ROUTE token=235 layer=16 children=437,365,346,1076 grandchildren=4370,3650,3460,10760
HASH_ROUTE token=235 layer=17 children=981,188,1144,509 grandchildren=9810,1880,11440,5090
HASH_ROUTE token=235 layer=18 children=382,320,364,456 grandchildren=3820,3200,3640,4560
HASH_ROUTE token=235 layer=19 children=606,446,120,523 grandchildren=6060,4460,1200,5230
HASH_ROUTE token=235 layer=20 children=766,648,929,779 grandchildren=7660,6480,9290,7790
HASH_ROUTE token=235 layer=21 children=1030,552,233,870 grandchildren=10300,5520,2330,8700
HASH_ROUTE token=235 layer=22 children=178,265,13,102 grandchildren=1780,2650,130,1020
HASH_ROUTE token=235 layer=23 children=945,1109,624,1265 grandchildren=9450,11090,6240,12650
HASH_ROUTE token=236 layer=0 children=755,649,779,713 grandchildren=7550,6490,7790,7130
HASH_ROUTE token=236 layer=1 children=527,689,504,663 grandchildren=5270,6890,5040,6630
HASH_ROUTE token=236 layer=2 children=352,830,36,991 grandchildren=3520,8300,360,9910
HASH_ROUTE token=236 layer=3 children=623,613,535,554 grandchildren=6230,6130,5350,5540
HASH_ROUTE token=236 layer=4 children=465,434,1260,452 grandchildren=4650,4340,12600,4520
HASH_ROUTE token=236 layer=5 children=320,809,963,168 grandchildren=3200,8090,9630,1680
HASH_ROUTE token=236 layer=6 children=461,785,620,946 grandchildren=4610,7850,6200,9460
HASH_ROUTE token=236 layer=7 children=148,99,38,621 grandchildren=1480,990,380,6210
HASH_ROUTE token=236 layer=8 children=1014,697,1100,786 grandchildren=10140,6970,11000,7860
HASH_ROUTE token=236 layer=9 children=131,55,938,156 grandchildren=1310,550,9380,1560
HASH_ROUTE token=236 layer=10 children=616,626,540,587 grandchildren=6160,6260,5400,5870
HASH_ROUTE token=236 layer=11 children=916,1077,866,753 grandchildren=9160,10770,8660,7530
HASH_ROUTE token=236 layer=12 children=359,839,1151,512 grandchildren=3590,8390,11510,5120
HASH_ROUTE token=236 layer=13 children=324,167,489,361 grandchildren=3240,1670,4890,3610
HASH_ROUTE token=236 layer=14 children=1102,1264,1096,947 grandchildren=11020,12640,10960,9470
HASH_ROUTE token=236 layer=15 children=767,127,1080,678 grandchildren=7670,1270,10800,6780
HASH_ROUTE token=236 layer=16 children=921,600,889,124 grandchildren=9210,6000,8890,1240
HASH_ROUTE token=236 layer=17 children=893,954,801,91 grandchildren=8930,9540,8010,910
HASH_ROUTE token=236 layer=18 children=740,1226,268,721 grandchildren=7400,12260,2680,7210
HASH_ROUTE token=236 layer=19 children=322,647,1121,482 grandchildren=3220,6470,11210,4820
HASH_ROUTE token=236 layer=20 children=1264,309,1223,786 grandchildren=12640,3090,12230,7860
HASH_ROUTE token=236 layer=21 children=1180,1238,700,65 grandchildren=11800,12380,7000,650
HASH_ROUTE token=236 layer=22 children=939,295,1090,772 grandchildren=9390,2950,10900,7720
HASH_ROUTE token=236 layer=23 children=109,45,71,261 grandchildren=1090,450,710,2610
HASH_ROUTE token=237 layer=0 children=125,153,41,449 grandchildren=1250,1530,410,4490
HASH_ROUTE token=237 layer=1 children=189,171,297,261 grandchildren=1890,1710,2970,2610
HASH_ROUTE token=237 layer=2 children=818,945,822,863 grandchildren=8180,9450,8220,8630
HASH_ROUTE token=237 layer=3 children=106,4,26,741 grandchildren=1060,40,260,7410
HASH_ROUTE token=237 layer=4 children=299,167,180,213 grandchildren=2990,1670,1800,2130
HASH_ROUTE token=237 layer=5 children=897,1210,252,576 grandchildren=8970,12100,2520,5760
HASH_ROUTE token=237 layer=6 children=1160,682,200,1209 grandchildren=11600,6820,2000,12090
HASH_ROUTE token=237 layer=7 children=948,937,622,825 grandchildren=9480,9370,6220,8250
HASH_ROUTE token=237 layer=8 children=953,942,882,1276 grandchildren=9530,9420,8820,12760
HASH_ROUTE token=237 layer=9 children=257,314,1217,897 grandchildren=2570,3140,12170,8970
HASH_ROUTE token=237 layer=10 children=724,750,641,666 grandchildren=7240,7500,6410,6660
HASH_ROUTE token=237 layer=11 children=56,134,78,67 grandchildren=560,1340,780,670
HASH_ROUTE token=237 layer=12 children=634,955,504,820 grandchildren=6340,9550,5040,8200
HASH_ROUTE token=237 layer=13 children=760,731,127,91 grandchildren=7600,7310,1270,910
HASH_ROUTE token=237 layer=14 children=631,314,525,200 grandchildren=6310,3140,5250,2000
HASH_ROUTE token=237 layer=15 children=380,345,439,371 grandchildren=3800,3450,4390,3710
HASH_ROUTE token=237 layer=16 children=419,328,437,474 grandchildren=4190,3280,4370,4740
HASH_ROUTE token=237 layer=17 children=184,343,190,223 grandchildren=1840,3430,1900,2230
HASH_ROUTE token=237 layer=18 children=308,210,261,196 grandchildren=3080,2100,2610,1960
HASH_ROUTE token=237 layer=19 children=744,266,900,705 grandchildren=7440,2660,9000,7050
HASH_ROUTE token=237 layer=20 children=1163,201,529,1002 grandchildren=11630,2010,5290,10020
HASH_ROUTE token=237 layer=21 children=126,38,18,6 grandchildren=1260,380,180,60
HASH_ROUTE token=237 layer=22 children=281,929,178,1247 grandchildren=2810,9290,1780,12470
HASH_ROUTE token=237 layer=23 children=235,717,289,71 grandchildren=2350,7170,2890,710
HASH_ROUTE token=238 layer=0 children=55,695,123,375 grandchildren=550,6950,1230,3750
HASH_ROUTE token=238 layer=1 children=297,180,200,777 grandchildren=2970,1800,2000,7770
HASH_ROUTE token=238 layer=2 children=109,35,25,423 grandchildren=1090,350,250,4230
HASH_ROUTE token=238 layer=3 children=788,746,759,695 grandchildren=7880,7460,7590,6950
HASH_ROUTE token=238 layer=4 children=296,186,313,160 grandchildren=2960,1860,3130,1600
HASH_ROUTE token=238 layer=5 children=43,56,841,851 grandchildren=430,560,8410,8510
HASH_ROUTE token=238 layer=6 children=765,288,779,681 grandchildren=7650,2880,7790,6810
HASH_ROUTE token=238 layer=7 children=996,834,356,671 grandchildren=9960,8340,3560,6710
HASH_ROUTE token=238 layer=8 children=941,1109,930,1269 grandchildren=9410,11090,9300,12690
HASH_ROUTE token=238 layer=9 children=1183,1174,1131,1211 grandchildren=11830,11740,11310,12110
HASH_ROUTE token=238 layer=10 children=720,798,640,1207 grandchildren=7200,7980,6400,12070
HASH_ROUTE token=238 layer=11 children=353,386,437,376 grandchildren=3530,3860,4370,3760
HASH_ROUTE token=238 layer=12 children=1038,1003,982,979 grandchildren=10380,10030,9820,9790
HASH_ROUTE token=238 layer=13 children=731,1215,899,572 grandchildren=7310,12150,8990,5720
HASH_ROUTE token=238 layer=14 children=178,13,261,242 grandchildren=1780,130,2610,2420
HASH_ROUTE token=238 layer=15 children=1188,1150,1254,706 grandchildren=11880,11500,12540,7060
HASH_ROUTE token=238 layer=16 children=390,470,557,428 grandchildren=3900,4700,5570,4280
HASH_ROUTE token=238 layer=17 children=1017,695,986,532 grandchildren=10170,6950,9860,5320
HASH_ROUTE token=238 layer=18 children=1051,253,1076,1005 grandchildren=10510,2530,10760,10050
HASH_ROUTE token=238 layer=19 children=670,355,650,710 grandchildren=6700,3550,6500,7100
HASH_ROUTE token=238 layer=20 children=457,139,771,932 grandchildren=4570,1390,7710,9320
HASH_ROUTE token=238 layer=21 children=400,395,83,70 grandchildren=4000,3950,830,700
HASH_ROUTE token=238 layer=22 children=504,614,624,539 grandchildren=5040,6140,6240,5390
HASH_ROUTE token=238 layer=23 children=239,72,870,273 grandchildren=2390,720,8700,2730
HASH_ROUTE token=239 layer=0 children=371,1174,327,214 grandchildren=3710,11740,3270,2140
HASH_ROUTE token=239 layer=1 children=925,280,760,907 grandchildren=9250,2800,7600,9070
HASH_ROUTE token=239 layer=2 children=424,332,1225,386 grandchildren=4240,3320,12250,3860
HASH_ROUTE token=239 layer=3 children=863,63,939,824 grandchildren=8630,630,9390,8240
HASH_ROUTE token=239 layer=4 children=228,187,191,292 grandchildren=2280,1870,1910,2920
HASH_ROUTE token=239 layer=5 children=856,915,698,376 grandchildren=8560,9150,6980,3760
HASH_ROUTE token=239 layer=6 children=448,283,414,469 grandchildren=4480,2830,4140,4690
HASH_ROUTE token=239 layer=7 children=777,721,795,455 grandchildren=7770,7210,7950,4550
HASH_ROUTE token=239 layer=8 children=1015,1046,1094,852 grandchildren=10150,10460,10940,8520
HASH_ROUTE token=239 layer=9 children=296,610,934,312 grandchildren=2960,6100,9340,3120
HASH_ROUTE token=239 layer=10 children=368,1167,404,685 grandchildren=3680,11670,4040,6850
HASH_ROUTE token=239 layer=11 children=833,357,34,853 grandchildren=8330,3570,340,8530
HASH_ROUTE token=239 layer=12 children=181,310,1147,283 grandchildren=1810,3100,11470,2830
HASH_ROUTE token=239 layer=13 children=624,562,943,788 grandchildren=6240,5620,9430,7880
HASH_ROUTE token=239 layer=14 children=588,261,1226,901 grandchildren=5880,2610,12260,9010
HASH_ROUTE token=239 layer=15 children=993,831,671,518 grandchildren=9930,8310,6710,5180
HASH_ROUTE token=239 layer=16 children=206,365,522,272 grandchildren=2060,3650,5220,2720
HASH_ROUTE token=239 layer=17 children=507,186,545,983 grandchildren=5070,1860,5450,9830
HASH_ROUTE token=239 layer=18 children=647,165,770,1128 grandchildren=6470,1650,7700,11280
HASH_ROUTE token=239 layer=19 children=789,768,742,709 grandchildren=7890,7680,7420,7090
HASH_ROUTE token=239 layer=20 children=311,283,219,169 grandchildren=3110,2830,2190,1690
HASH_ROUTE token=239 layer=21 children=838,878,888,517 grandchildren=8380,8780,8880,5170
HASH_ROUTE token=239 layer=22 children=331,179,971,492 grandchildren=3310,1790,9710,4920
HASH_ROUTE token=239 layer=23 children=582,508,621,634 grandchildren=5820,5080,6210,6340
HASH_ROUTE token=240 layer=0 children=805,955,932,877 grandchildren=8050,9550,9320,8770
HASH_ROUTE token=240 layer=1 children=900,261,847,203 grandchildren=9000,2610,8470,2030
HASH_ROUTE token=240 layer=2 children=918,112,808,0 grandchildren=9180,1120,8080,0
HASH_ROUTE token=240 layer=3 children=54,7,106,857 grandchildren=540,70,1060,8570
HASH_ROUTE token=240 layer=4 children=185,162,171,193 grandchildren=1850,1620,1710,1930
HASH_ROUTE token=240 layer=5 children=1140,1220,1212,1234 grandchildren=11400,12200,12120,12340
HASH_ROUTE token=240 layer=6 children=1071,1059,1092,759 grandchildren=10710,10590,10920,7590
HASH_ROUTE token=240 layer=7 children=1256,294,613,1189 grandchildren=12560,2940,6130,11890
HASH_ROUTE token=240 layer=8 children=1169,520,1197,684 grandchildren=11690,5200,11970,6840
HASH_ROUTE token=240 layer=9 children=389,430,222,1182 grandchildren=3890,4300,2220,11820
HASH_ROUTE token=240 layer=10 children=720,798,675,409 grandchildren=7200,7980,6750,4090
HASH_ROUTE token=240 layer=11 children=672,511,752,799 grandchildren=6720,5110,7520,7990
HASH_ROUTE token=240 layer=12 children=1062,1049,981,1226 grandchildren=10620,10490,9810,12260
HASH_ROUTE token=240 layer=13 children=763,1248,799,1276 grandchildren=7630,12480,7990,12760
HASH_ROUTE token=240 layer=14 children=392,321,713,876 grandchildren=3920,3210,7130,8760
HASH_ROUTE token=240 layer=15 children=1243,1150,1186,605 grandchildren=12430,11500,11860,6050
HASH_ROUTE token=240 layer=16 children=221,203,253,213 grandchildren=2210,2030,2530,2130
HASH_ROUTE token=240 layer=17 children=507,484,987,624 grandchildren=5070,4840,9870,6240
HASH_ROUTE token=240 layer=18 children=951,928,1110,940 grandchildren=9510,9280,11100,9400
HASH_ROUTE token=240 layer=19 children=755,765,749,783 grandchildren=7550,7650,7490,7830
HASH_ROUTE token=240 layer=20 children=249,224,1045,160 grandchildren=2490,2240,10450,1600
HASH_ROUTE token=240 layer=21 children=718,75,551,878 grandchildren=7180,750,5510,8780
HASH_ROUTE token=240 layer=22 children=319,1116,179,631 grandchildren=3190,11160,1790,6310
HASH_ROUTE token=240 layer=23 children=245,88,1043,261 grandchildren=2450,880,10430,2610
HASH_ROUTE token=241 layer=0 children=327,375,471,801 grandchildren=3270,3750,4710,8010
HASH_ROUTE token=241 layer=1 children=183,297,209,267 grandchildren=1830,2970,2090,2670
HASH_ROUTE token=241 layer=2 children=424,1061,901,368 grandchildren=4240,10610,9010,3680
HASH_ROUTE token=241 layer=3 children=838,953,199,319 grandchildren=8380,9530,1990,3190
HASH_ROUTE token=241 layer=4 children=296,264,135,105 grandchildren=2960,2640,1350,1050
HASH_ROUTE token=241 layer=5 children=433,462,388,1076 grandchildren=4330,4620,3880,10760
HASH_ROUTE token=241 layer=6 children=448,411,399,120 grandchildren=4480,4110,3990,1200
HASH_ROUTE token=241 layer=7 children=294,1096,937,269 grandchildren=2940,10960,9370,2690
HASH_ROUTE token=241 layer=8 children=573,565,522,546 grandchildren=5730,5650,5220,5460
HASH_ROUTE token=241 layer=9 children=897,924,931,850 grandchildren=8970,9240,9310,8500
HASH_ROUTE token=241 layer=10 children=1279,472,1163,952 grandchildren=12790,4720,11630,9520
HASH_ROUTE token=241 layer=11 children=1014,376,854,996 grandchildren=10140,3760,8540,9960
HASH_ROUTE token=241 layer=12 children=1049,981,1074,1088 grandchildren=10490,9810,10740,10880
HASH_ROUTE token=241 layer=13 children=626,148,606,307 grandchildren=6260,1480,6060,3070
HASH_ROUTE token=241 layer=14 children=588,901,510,562 grandchildren=5880,9010,5100,5620
HASH_ROUTE token=241 layer=15 children=548,525,483,530 grandchildren=5480,5250,4830,5300
HASH_ROUTE token=241 layer=16 children=201,365,1004,294 grandchildren=2010,3650,10040,2940
HASH_ROUTE token=241 layer=17 children=547,486,501,490 grandchildren=5470,4860,5010,4900
HASH_ROUTE token=241 layer=18 children=1257,1128,295,1238 grandchildren=12570,11280,2950,12380
HASH_ROUTE token=241 layer=19 children=749,760,900,424 grandchildren=7490,7600,9000,4240
HASH_ROUTE token=241 layer=20 children=271,919,219,854 grandchildren=2710,9190,2190,8540
HASH_ROUTE token=241 layer=21 children=1039,1063,552,583 grandchildren=10390,10630,5520,5830
HASH_ROUTE token=241 layer=22 children=179,337,972,499 grandchildren=1790,3370,9720,4990
HASH_ROUTE token=241 layer=23 children=513,199,535,626 grandchildren=5130,1990,5350,6260
HASH_ROUTE token=242 layer=0 children=371,327,1174,214 grandchildren=3710,3270,11740,2140
HASH_ROUTE token=242 layer=1 children=666,821,697,851 grandchildren=6660,8210,6970,8510
HASH_ROUTE token=242 layer=2 children=978,1134,495,332 grandchildren=9780,11340,4950,3320
HASH_ROUTE token=242 layer=3 children=854,1178,830,1154 grandchildren=8540,11780,8300,11540
HASH_ROUTE token=242 layer=4 children=195,297,234,286 grandchildren=1950,2970,2340,2860
HASH_ROUTE token=242 layer=5 children=850,378,1174,842 grandchildren=8500,3780,11740,8420
HASH_ROUTE token=242 layer=6 children=440,124,289,761 grandchildren=4400,1240,2890,7610
HASH_ROUTE token=242 layer=7 children=777,661,721,795 grandchildren=7770,6610,7210,7950
HASH_ROUTE token=242 layer=8 children=405,881,87,565 grandchildren=4050,8810,870,5650
HASH_ROUTE token=242 layer=9 children=1254,772,296,1216 grandchildren=12540,7720,2960,12160
HASH_ROUTE token=242 layer=10 children=1141,1274,340,507 grandchildren=11410,12740,3400,5070
HASH_ROUTE token=242 layer=11 children=835,891,32,996 grandchildren=8350,8910,320,9960
HASH_ROUTE token=242 layer=12 children=508,189,22,980 grandchildren=5080,1890,220,9800
HASH_ROUTE token=242 layer=13 children=566,728,551,626 grandchildren=5660,7280,5510,6260
HASH_ROUTE token=242 layer=14 children=588,1225,1068,901 grandchildren=5880,12250,10680,9010
HASH_ROUTE token=242 layer=15 children=993,519,831,354 grandchildren=9930,5190,8310,3540
HASH_ROUTE token=242 layer=16 children=345,439,337,188 grandchildren=3450,4390,3370,1880
HASH_ROUTE token=242 layer=17 children=504,186,983,486 grandchildren=5040,1860,9830,4860
HASH_ROUTE token=242 layer=18 children=679,516,647,481 grandchildren=6790,5160,6470,4810
HASH_ROUTE token=242 layer=19 children=768,747,789,654 grandchildren=7680,7470,7890,6540
HASH_ROUTE token=242 layer=20 children=311,633,795,955 grandchildren=3110,6330,7950,9550
HASH_ROUTE token=242 layer=21 children=874,232,830,559 grandchildren=8740,2320,8300,5590
HASH_ROUTE token=242 layer=22 children=179,334,301,469 grandchildren=1790,3340,3010,4690
HASH_ROUTE token=242 layer=23 children=584,626,508,1069 grandchildren=5840,6260,5080,10690
HASH_ROUTE token=243 layer=0 children=327,801,379,856 grandchildren=3270,8010,3790,8560
HASH_ROUTE token=243 layer=1 children=184,342,668,821 grandchildren=1840,3420,6680,8210
HASH_ROUTE token=243 layer=2 children=970,819,332,12 grandchildren=9700,8190,3320,120
HASH_ROUTE token=243 layer=3 children=828,857,187,838 grandchildren=8280,8570,1870,8380
HASH_ROUTE token=243 layer=4 children=295,266,190,133 grandchildren=2950,2660,1900,1330
HASH_ROUTE token=243 layer=5 children=362,378,433,384 grandchildren=3620,3780,4330,3840
HASH_ROUTE token=243 layer=6 children=448,289,411,399 grandchildren=4480,2890,4110,3990
HASH_ROUTE token=243 layer=7 children=617,137,528,49 grandchildren=6170,1370,5280,490
HASH_ROUTE token=243 layer=8 children=573,565,627,546 grandchildren=5730,5650,6270,5460
HASH_ROUTE token=243 layer=9 children=604,614,923,125 grandchildren=6040,6140,9230,1250
HASH_ROUTE token=243 layer=10 children=477,959,1272,383 grandchildren=4770,9590,12720,3830
HASH_ROUTE token=243 layer=11 children=1203,1171,1141,1219 grandchildren=12030,11710,11410,12190
HASH_ROUTE token=243 layer=12 children=982,1062,1078,184 grandchildren=9820,10620,10780,1840
HASH_ROUTE token=243 layer=13 children=606,124,517,38 grandchildren=6060,1240,5170,380
HASH_ROUTE token=243 layer=14 children=836,510,352,994 grandchildren=8360,5100,3520,9940
HASH_ROUTE token=243 layer=15 children=1017,1078,536,1029 grandchildren=10170,10780,5360,10290
HASH_ROUTE token=243 layer=16 children=365,438,466,201 grandchildren=3650,4380,4660,2010
HASH_ROUTE token=243 layer=17 children=980,962,507,486 grandchildren=9800,9620,5070,4860
HASH_ROUTE token=243 layer=18 children=1177,536,1255,853 grandchildren=11770,5360,12550,8530
HASH_ROUTE token=243 layer=19 children=783,709,742,941 grandchildren=7830,7090,7420,9410
HASH_ROUTE token=243 layer=20 children=271,919,317,218 grandchildren=2710,9190,3170,2180
HASH_ROUTE token=243 layer=21 children=1030,550,874,718 grandchildren=10300,5500,8740,7180
HASH_ROUTE token=243 layer=22 children=179,337,499,312 grandchildren=1790,3370,4990,3120
HASH_ROUTE token=243 layer=23 children=513,199,584,31 grandchildren=5130,1990,5840,310
HASH_ROUTE token=244 layer=0 children=150,479,50,955 grandchildren=1500,4790,500,9550
HASH_ROUTE token=244 layer=1 children=342,446,665,21 grandchildren=3420,4460,6650,210
HASH_ROUTE token=244 layer=2 children=125,444,1241,147 grandchildren=1250,4440,12410,1470
HASH_ROUTE token=244 layer=3 children=931,1095,778,1250 grandchildren=9310,10950,7780,12500
HASH_ROUTE token=244 layer=4 children=186,296,243,668 grandchildren=1860,2960,2430,6680
HASH_ROUTE token=244 layer=5 children=842,528,902,582 grandchildren=8420,5280,9020,5820
HASH_ROUTE token=244 layer=6 children=283,765,442,292 grandchildren=2830,7650,4420,2920
HASH_ROUTE token=244 layer=7 children=587,562,428,404 grandchildren=5870,5620,4280,4040
HASH_ROUTE token=244 layer=8 children=846,1161,522,910 grandchildren=8460,11610,5220,9100
HASH_ROUTE token=244 layer=9 children=804,642,868,967 grandchildren=8040,6420,8680,9670
HASH_ROUTE token=244 layer=10 children=747,101,727,707 grandchildren=7470,1010,7270,7070
HASH_ROUTE token=244 layer=11 children=1154,1136,34,1210 grandchildren=11540,11360,340,12100
HASH_ROUTE token=244 layer=12 children=527,487,585,590 grandchildren=5270,4870,5850,5900
HASH_ROUTE token=244 layer=13 children=1206,724,1186,1168 grandchildren=12060,7240,11860,11680
HASH_ROUTE token=244 layer=14 children=819,937,978,918 grandchildren=8190,9370,9780,9180
HASH_ROUTE token=244 layer=15 children=518,990,535,547 grandchildren=5180,9900,5350,5470
HASH_ROUTE token=244 layer=16 children=385,391,1020,1035 grandchildren=3850,3910,10200,10350
HASH_ROUTE token=244 layer=17 children=507,343,542,564 grandchildren=5070,3430,5420,5640
HASH_ROUTE token=244 layer=18 children=1077,1067,910,903 grandchildren=10770,10670,9100,9030
HASH_ROUTE token=244 layer=19 children=789,742,301,944 grandchildren=7890,7420,3010,9440
HASH_ROUTE token=244 layer=20 children=298,194,612,174 grandchildren=2980,1940,6120,1740
HASH_ROUTE token=244 layer=21 children=1267,144,1198,76 grandchildren=12670,1440,11980,760
HASH_ROUTE token=244 layer=22 children=689,526,1005,660 grandchildren=6890,5260,10050,6600
HASH_ROUTE token=244 layer=23 children=1151,191,514,33 grandchildren=11510,1910,5140,330
HASH_ROUTE token=245 layer=0 children=153,50,72,65 grandchildren=1530,500,720,650
HASH_ROUTE token=245 layer=1 children=177,297,653,333 grandchildren=1770,2970,6530,3330
HASH_ROUTE token=245 layer=2 children=905,427,100,1060 grandchildren=9050,4270,1000,10600
HASH_ROUTE token=245 layer=3 children=106,68,18,900 grandchildren=1060,680,180,9000
HASH_ROUTE token=245 layer=4 children=186,294,312,194 grandchildren=1860,2940,3120,1940
HASH_ROUTE token=245 layer=5 children=1274,1179,1210,1130 grandchildren=12740,11790,12100,11300
HASH_ROUTE token=245 layer=6 children=129,442,288,760 grandchildren=1290,4420,2880,7600
HASH_ROUTE token=245 layer=7 children=931,137,617,459 grandchildren=9310,1370,6170,4590
HASH_ROUTE token=245 layer=8 children=1110,953,319,1043 grandchildren=11100,9530,3190,10430
HASH_ROUTE token=245 layer=9 children=955,311,897,913 grandchildren=9550,3110,8970,9130
HASH_ROUTE token=245 layer=10 children=1147,347,180,1244 grandchildren=11470,3470,1800,12440
HASH_ROUTE token=245 layer=11 children=24,1142,32,1156 grandchildren=240,11420,320,11560
HASH_ROUTE token=245 layer=12 children=378,327,478,219 grandchildren=3780,3270,4780,2190
HASH_ROUTE token=245 layer=13 children=148,782,943,469 grandchildren=1480,7820,9430,4690
HASH_ROUTE token=245 layer=14 children=693,777,537,616 grandchildren=6930,7770,5370,6160
HASH_ROUTE token=245 layer=15 children=995,1024,831,1040 grandchildren=9950,10240,8310,10400
HASH_ROUTE token=245 layer=16 children=431,365,1075,346 grandchildren=4310,3650,10750,3460
HASH_ROUTE token=245 layer=17 children=981,186,1144,1046 grandchildren=9810,1860,11440,10460
HASH_ROUTE token=245 layer=18 children=320,382,364,454 grandchildren=3200,3820,3640,4540
HASH_ROUTE token=245 layer=19 children=606,440,768,523 grandchildren=6060,4400,7680,5230
HASH_ROUTE token=245 layer=20 children=764,929,647,608 grandchildren=7640,9290,6470,6080
HASH_ROUTE token=245 layer=21 children=1030,559,870,236 grandchildren=10300,5590,8700,2360
HASH_ROUTE token=245 layer=22 children=333,178,13,424 grandchildren=3330,1780,130,4240
HASH_ROUTE token=245 layer=23 children=945,624,1109,900 grandchildren=9450,6240,11090,9000
HASH_ROUTE token=246 layer=0 children=755,649,779,713 grandchildren=7550,6490,7790,7130
HASH_ROUTE token=246 layer=1 children=527,689,504,663 grandchildren=5270,6890,5040,6630
HASH_ROUTE token=246 layer=2 children=352,830,36,991 grandchildren=3520,8300,360,9910
HASH_ROUTE token=246 layer=3 children=623,613,535,554 grandchildren=6230,6130,5350,5540
HASH_ROUTE token=246 layer=4 children=465,434,1260,452 grandchildren=4650,4340,12600,4520
HASH_ROUTE token=246 layer=5 children=320,809,963,168 grandchildren=3200,8090,9630,1680
HASH_ROUTE token=246 layer=6 children=461,785,620,946 grandchildren=4610,7850,6200,9460
HASH_ROUTE token=246 layer=7 children=148,99,38,621 grandchildren=1480,990,380,6210
HASH_ROUTE token=246 layer=8 children=1014,697,1100,786 grandchildren=10140,6970,11000,7860
HASH_ROUTE token=246 layer=9 children=131,55,938,156 grandchildren=1310,550,9380,1560
HASH_ROUTE token=246 layer=10 children=616,626,540,587 grandchildren=6160,6260,5400,5870
HASH_ROUTE token=246 layer=11 children=916,1077,866,753 grandchildren=9160,10770,8660,7530
HASH_ROUTE token=246 layer=12 children=359,839,1151,512 grandchildren=3590,8390,11510,5120
HASH_ROUTE token=246 layer=13 children=324,167,489,361 grandchildren=3240,1670,4890,3610
HASH_ROUTE token=246 layer=14 children=1102,1264,1096,947 grandchildren=11020,12640,10960,9470
HASH_ROUTE token=246 layer=15 children=767,127,1080,678 grandchildren=7670,1270,10800,6780
HASH_ROUTE token=246 layer=16 children=921,600,889,124 grandchildren=9210,6000,8890,1240
HASH_ROUTE token=246 layer=17 children=893,954,801,91 grandchildren=8930,9540,8010,910
HASH_ROUTE token=246 layer=18 children=740,1226,268,721 grandchildren=7400,12260,2680,7210
HASH_ROUTE token=246 layer=19 children=322,647,1121,482 grandchildren=3220,6470,11210,4820
HASH_ROUTE token=246 layer=20 children=1264,309,1223,786 grandchildren=12640,3090,12230,7860
HASH_ROUTE token=246 layer=21 children=1180,1238,700,65 grandchildren=11800,12380,7000,650
HASH_ROUTE token=246 layer=22 children=939,295,1090,772 grandchildren=9390,2950,10900,7720
HASH_ROUTE token=246 layer=23 children=109,45,71,261 grandchildren=1090,450,710,2610
HASH_ROUTE token=247 layer=0 children=441,322,414,927 grandchildren=4410,3220,4140,9270
HASH_ROUTE token=247 layer=1 children=879,909,233,937 grandchildren=8790,9090,2330,9370
HASH_ROUTE token=247 layer=2 children=48,117,144,842 grandchildren=480,1170,1440,8420
HASH_ROUTE token=247 layer=3 children=618,554,525,497 grandchildren=6180,5540,5250,4970
HASH_ROUTE token=247 layer=4 children=261,312,164,194 grandchildren=2610,3120,1640,1940
HASH_ROUTE token=247 layer=5 children=1212,1174,252,892 grandchildren=12120,11740,2520,8920
HASH_ROUTE token=247 layer=6 children=725,681,1204,761 grandchildren=7250,6810,12040,7610
HASH_ROUTE token=247 layer=7 children=137,52,773,692 grandchildren=1370,520,7730,6920
HASH_ROUTE token=247 layer=8 children=950,1117,794,823 grandchildren=9500,11170,7940,8230
HASH_ROUTE token=247 layer=9 children=257,314,1219,1277 grandchildren=2570,3140,12190,12770
HASH_ROUTE token=247 layer=10 children=662,1140,676,722 grandchildren=6620,11400,6760,7220
HASH_ROUTE token=247 layer=11 children=61,1,52,40 grandchildren=610,10,520,400
HASH_ROUTE token=247 layer=12 children=803,322,1124,480 grandchildren=8030,3220,11240,4800
HASH_ROUTE token=247 layer=13 children=143,84,98,782 grandchildren=1430,840,980,7820
HASH_ROUTE token=247 layer=14 children=520,200,840,614 grandchildren=5200,2000,8400,6140
HASH_ROUTE token=247 layer=15 children=357,415,338,398 grandchildren=3570,4150,3380,3980
HASH_ROUTE token=247 layer=16 children=1092,456,1083,771 grandchildren=10920,4560,10830,7710
HASH_ROUTE token=247 layer=17 children=1204,1127,1230,1189 grandchildren=12040,11270,12300,11890
HASH_ROUTE token=247 layer=18 children=203,44,364,1006 grandchildren=2030,440,3640,10060
HASH_ROUTE token=247 layer=19 children=305,941,267,903 grandchildren=3050,9410,2670,9030
HASH_ROUTE token=247 layer=20 children=357,1155,349,1147 grandchildren=3570,11550,3490,11470
HASH_ROUTE token=247 layer=21 children=70,130,60,101 grandchildren=700,1300,600,1010
HASH_ROUTE token=247 layer=22 children=178,254,282,495 grandchildren=1780,2540,2820,4950
HASH_ROUTE token=247 layer=23 children=179,245,972,1042 grandchildren=1790,2450,9720,10420
HASH_ROUTE token=248 layer=0 children=857,925,936,842 grandchildren=8570,9250,9360,8420
HASH_ROUTE token=248 layer=1 children=298,453,130,938 grandchildren=2980,4530,1300,9380
HASH_ROUTE token=248 layer=2 children=896,817,418,739 grandchildren=8960,8170,4180,7390
HASH_ROUTE token=248 layer=3 children=936,775,299,616 grandchildren=9360,7750,2990,6160
HASH_ROUTE token=248 layer=4 children=259,220,294,164 grandchildren=2590,2200,2940,1640
HASH_ROUTE token=248 layer=5 children=418,377,897,858 grandchildren=4180,3770,8970,8580
HASH_ROUTE token=248 layer=6 children=251,410,200,367 grandchildren=2510,4100,2000,3670
HASH_ROUTE token=248 layer=7 children=126,13,137,51 grandchildren=1260,130,1370,510
HASH_ROUTE token=248 layer=8 children=953,919,942,314 grandchildren=9530,9190,9420,3140
HASH_ROUTE token=248 layer=9 children=892,801,852,573 grandchildren=8920,8010,8520,5730
HASH_ROUTE token=248 layer=10 children=1149,982,188,349 grandchildren=11490,9820,1880,3490
HASH_ROUTE token=248 layer=11 children=56,34,695,115 grandchildren=560,340,6950,1150
HASH_ROUTE token=248 layer=12 children=487,1125,594,586 grandchildren=4870,11250,5940,5860
HASH_ROUTE token=248 layer=13 children=148,783,88,944 grandchildren=1480,7830,880,9440
HASH_ROUTE token=248 layer=14 children=880,565,242,905 grandchildren=8800,5650,2420,9050
HASH_ROUTE token=248 layer=15 children=972,991,1112,338 grandchildren=9720,9910,11120,3380
HASH_ROUTE token=248 layer=16 children=432,368,390,459 grandchildren=4320,3680,3900,4590
HASH_ROUTE token=248 layer=17 children=981,509,1022,542 grandchildren=9810,5090,10220,5420
HASH_ROUTE token=248 layer=18 children=1024,1094,1033,1084 grandchildren=10240,10940,10330,10840
HASH_ROUTE token=248 layer=19 children=312,162,237,216 grandchildren=3120,1620,2370,2160
HASH_ROUTE token=248 layer=20 children=985,1073,994,342 grandchildren=9850,10730,9940,3420
HASH_ROUTE token=248 layer=21 children=899,410,254,99 grandchildren=8990,4100,2540,990
HASH_ROUTE token=248 layer=22 children=268,1065,742,312 grandchildren=2680,10650,7420,3120
HASH_ROUTE token=248 layer=23 children=756,694,1073,684 grandchildren=7560,6940,10730,6840
HASH_ROUTE token=249 layer=0 children=122,281,1089,1245 grandchildren=1220,2810,10890,12450
HASH_ROUTE token=249 layer=1 children=420,261,446,287 grandchildren=4200,2610,4460,2870
HASH_ROUTE token=249 layer=2 children=1225,1063,1137,424 grandchildren=12250,10630,11370,4240
HASH_ROUTE token=249 layer=3 children=860,843,931,903 grandchildren=8600,8430,9310,9030
HASH_ROUTE token=249 layer=4 children=295,234,191,261 grandchildren=2950,2340,1910,2610
HASH_ROUTE token=249 layer=5 children=434,911,751,1239 grandchildren=4340,9110,7510,12390
HASH_ROUTE token=249 layer=6 children=442,283,402,247 grandchildren=4420,2830,4020,2470
HASH_ROUTE token=249 layer=7 children=777,720,791,667 grandchildren=7770,7200,7910,6670
HASH_ROUTE token=249 layer=8 children=1041,562,1109,1021 grandchildren=10410,5620,11090,10210
HASH_ROUTE token=249 layer=9 children=897,950,252,314 grandchildren=8970,9500,2520,3140
HASH_ROUTE token=249 layer=10 children=798,1277,472,634 grandchildren=7980,12770,4720,6340
HASH_ROUTE token=249 layer=11 children=57,37,97,117 grandchildren=570,370,970,1170
HASH_ROUTE token=249 layer=12 children=667,1149,799,189 grandchildren=6670,11490,7990,1890
HASH_ROUTE token=249 layer=13 children=677,699,736,781 grandchildren=6770,6990,7360,7810
HASH_ROUTE token=249 layer=14 children=267,586,230,553 grandchildren=2670,5860,2300,5530
HASH_ROUTE token=249 layer=15 children=839,995,352,1150 grandchildren=8390,9950,3520,11500
HASH_ROUTE token=249 layer=16 children=430,278,365,349 grandchildren=4300,2780,3650,3490
HASH_ROUTE token=249 layer=17 children=509,983,634,1115 grandchildren=5090,9830,6340,11150
HASH_ROUTE token=249 layer=18 children=969,991,1066,1107 grandchildren=9690,9910,10660,11070
HASH_ROUTE token=249 layer=19 children=764,789,743,654 grandchildren=7640,7890,7430,6540
HASH_ROUTE token=249 layer=20 children=311,633,795,472 grandchildren=3110,6330,7950,4720
HASH_ROUTE token=249 layer=21 children=883,874,833,249 grandchildren=8830,8740,8330,2490
HASH_ROUTE token=249 layer=22 children=179,301,333,269 grandchildren=1790,3010,3330,2690
HASH_ROUTE token=249 layer=23 children=620,504,583,634 grandchildren=6200,5040,5830,6340
HASH_ROUTE token=250 layer=0 children=932,864,805,955 grandchildren=9320,8640,8050,9550
HASH_ROUTE token=250 layer=1 children=746,589,422,260 grandchildren=7460,5890,4220,2600
HASH_ROUTE token=250 layer=2 children=35,354,519,98 grandchildren=350,3540,5190,980
HASH_ROUTE token=250 layer=3 children=530,54,370,597 grandchildren=5300,540,3700,5970
HASH_ROUTE token=250 layer=4 children=181,828,503,28 grandchildren=1810,8280,5030,280
HASH_ROUTE token=250 layer=5 children=1128,164,1134,1212 grandchildren=11280,1640,11340,12120
HASH_ROUTE token=250 layer=6 children=785,733,772,1109 grandchildren=7850,7330,7720,11090
HASH_ROUTE token=250 layer=7 children=514,490,506,677 grandchildren=5140,4900,5060,6770
HASH_ROUTE token=250 layer=8 children=572,540,1215,621 grandchildren=5720,5400,12150,6210
HASH_ROUTE token=250 layer=9 children=562,547,497,608 grandchildren=5620,5470,4970,6080
HASH_ROUTE token=250 layer=10 children=790,750,726,746 grandchildren=7900,7500,7260,7460
HASH_ROUTE token=250 layer=11 children=679,703,752,797 grandchildren=6790,7030,7520,7970
HASH_ROUTE token=250 layer=12 children=506,582,592,527 grandchildren=5060,5820,5920,5270
HASH_ROUTE token=250 layer=13 children=679,993,774,513 grandchildren=6790,9930,7740,5130
HASH_ROUTE token=250 layer=14 children=298,455,1090,618 grandchildren=2980,4550,10900,6180
HASH_ROUTE token=250 layer=15 children=1235,1186,1242,1072 grandchildren=12350,11860,12420,10720
HASH_ROUTE token=250 layer=16 children=1051,1061,256,260 grandchildren=10510,10610,2560,2600
HASH_ROUTE token=250 layer=17 children=591,545,507,564 grandchildren=5910,5450,5070,5640
HASH_ROUTE token=250 layer=18 children=1262,781,943,304 grandchildren=12620,7810,9430,3040
HASH_ROUTE token=250 layer=19 children=783,464,770,661 grandchildren=7830,4640,7700,6610
HASH_ROUTE token=250 layer=20 children=206,194,263,176 grandchildren=2060,1940,2630,1760
HASH_ROUTE token=250 layer=21 children=870,76,884,949 grandchildren=8700,760,8840,9490
HASH_ROUTE token=250 layer=22 children=460,338,621,496 grandchildren=4600,3380,6210,4960
HASH_ROUTE token=250 layer=23 children=577,566,585,895 grandchildren=5770,5660,5850,8950
HASH_ROUTE token=251 layer=0 children=969,646,807,8 grandchildren=9690,6460,8070,80
HASH_ROUTE token=251 layer=1 children=281,928,262,1241 grandchildren=2810,9280,2620,12410
HASH_ROUTE token=251 layer=2 children=420,1223,462,343 grandchildren=4200,12230,4620,3430
HASH_ROUTE token=251 layer=3 children=613,296,621,772 grandchildren=6130,2960,6210,7720
HASH_ROUTE token=251 layer=4 children=179,266,185,291 grandchildren=1790,2660,1850,2910
HASH_ROUTE token=251 layer=5 children=1165,1229,1258,1190 grandchildren=11650,12290,12580,11900
HASH_ROUTE token=251 layer=6 children=198,277,996,257 grandchildren=1980,2770,9960,2570
HASH_ROUTE token=251 layer=7 children=456,368,137,49 grandchildren=4560,3680,1370,490
HASH_ROUTE token=251 layer=8 children=1252,1208,1228,1170 grandchildren=12520,12080,12280,11700
HASH_ROUTE token=251 layer=9 children=664,709,828,184 grandchildren=6640,7090,8280,1840
HASH_ROUTE token=251 layer=10 children=1227,902,106,742 grandchildren=12270,9020,1060,7420
HASH_ROUTE token=251 layer=11 children=388,1186,1021,545 grandchildren=3880,11860,10210,5450
HASH_ROUTE token=251 layer=12 children=581,1221,526,740 grandchildren=5810,12210,5260,7400
HASH_ROUTE token=251 layer=13 children=1255,1243,1210,139 grandchildren=12550,12430,12100,1390
HASH_ROUTE token=251 layer=14 children=447,289,373,1085 grandchildren=4470,2890,3730,10850
HASH_ROUTE token=251 layer=15 children=1273,1251,1235,1179 grandchildren=12730,12510,12350,11790
HASH_ROUTE token=251 layer=16 children=254,417,276,430 grandchildren=2540,4170,2760,4300
HASH_ROUTE token=251 layer=17 children=507,515,987,995 grandchildren=5070,5150,9870,9950
HASH_ROUTE token=251 layer=18 children=304,313,147,184 grandchildren=3040,3130,1470,1840
HASH_ROUTE token=251 layer=19 children=783,1263,666,651 grandchildren=7830,12630,6660,6510
HASH_ROUTE token=251 layer=20 children=298,195,176,1258 grandchildren=2980,1950,1760,12580
HASH_ROUTE token=251 layer=21 children=106,76,149,580 grandchildren=1060,760,1490,5800
HASH_ROUTE token=251 layer=22 children=260,195,315,279 grandchildren=2600,1950,3150,2790
HASH_ROUTE token=251 layer=23 children=277,113,309,163 grandchildren=2770,1130,3090,1630
HASH_ROUTE token=252 layer=0 children=853,801,846,934 grandchildren=8530,8010,8460,9340
HASH_ROUTE token=252 layer=1 children=763,643,744,668 grandchildren=7630,6430,7440,6680
HASH_ROUTE token=252 layer=2 children=994,512,37,1090 grandchildren=9940,5120,370,10900
HASH_ROUTE token=252 layer=3 children=436,462,597,329 grandchildren=4360,4620,5970,3290
HASH_ROUTE token=252 layer=4 children=822,189,900,266 grandchildren=8220,1890,9000,2660
HASH_ROUTE token=252 layer=5 children=1223,1212,1161,1126 grandchildren=12230,12120,11610,11260
HASH_ROUTE token=252 layer=6 children=253,194,416,352 grandchildren=2530,1940,4160,3520
HASH_ROUTE token=252 layer=7 children=528,840,563,504 grandchildren=5280,8400,5630,5040
HASH_ROUTE token=252 layer=8 children=1161,361,42,205 grandchildren=11610,3610,420,2050
HASH_ROUTE token=252 layer=9 children=341,371,457,422 grandchildren=3410,3710,4570,4220
HASH_ROUTE token=252 layer=10 children=153,65,43,106 grandchildren=1530,650,430,1060
HASH_ROUTE token=252 layer=11 children=738,891,673,753 grandchildren=7380,8910,6730,7530
HASH_ROUTE token=252 layer=12 children=215,252,206,188 grandchildren=2150,2520,2060,1880
HASH_ROUTE token=252 layer=13 children=498,654,596,614 grandchildren=4980,6540,5960,6140
HASH_ROUTE token=252 layer=14 children=354,1152,330,407 grandchildren=3540,11520,3300,4070
HASH_ROUTE token=252 layer=15 children=1016,1179,538,993 grandchildren=10160,11790,5380,9930
HASH_ROUTE token=252 layer=16 children=1058,1027,417,970 grandchildren=10580,10270,4170,9700
HASH_ROUTE token=252 layer=17 children=486,494,968,615 grandchildren=4860,4940,9680,6150
HASH_ROUTE token=252 layer=18 children=1249,1272,1264,1256 grandchildren=12490,12720,12640,12560
HASH_ROUTE token=252 layer=19 children=462,783,430,751 grandchildren=4620,7830,4300,7510
HASH_ROUTE token=252 layer=20 children=227,314,271,289 grandchildren=2270,3140,2710,2890
HASH_ROUTE token=252 layer=21 children=72,718,874,555 grandchildren=720,7180,8740,5550
HASH_ROUTE token=252 layer=22 children=634,585,519,626 grandchildren=6340,5850,5190,6260
HASH_ROUTE token=252 layer=23 children=193,513,31,266 grandchildren=1930,5130,310,2660
HASH_ROUTE token=253 layer=0 children=805,482,958,165 grandchildren=8050,4820,9580,1650
HASH_ROUTE token=253 layer=1 children=343,420,452,184 grandchildren=3430,4200,4520,1840
HASH_ROUTE token=253 layer=2 children=494,335,816,560 grandchildren=4940,3350,8160,5600
HASH_ROUTE token=253 layer=3 children=773,936,694,850 grandchildren=7730,9360,6940,8500
HASH_ROUTE token=253 layer=4 children=105,261,135,25 grandchildren=1050,2610,1350,250
HASH_ROUTE token=253 layer=5 children=711,754,687,79 grandchildren=7110,7540,6870,790
HASH_ROUTE token=253 layer=6 children=660,185,712,735 grandchildren=6600,1850,7120,7350
HASH_ROUTE token=253 layer=7 children=74,123,137,9 grandchildren=740,1230,1370,90
HASH_ROUTE token=253 layer=8 children=529,588,1009,548 grandchildren=5290,5880,10090,5480
HASH_ROUTE token=253 layer=9 children=856,800,868,894 grandchildren=8560,8000,8680,8940
HASH_ROUTE token=253 layer=10 children=707,675,759,790 grandchildren=7070,6750,7590,7900
HASH_ROUTE token=253 layer=11 children=997,1073,1051,983 grandchildren=9970,10730,10510,9830
HASH_ROUTE token=253 layer=12 children=260,1069,281,1088 grandchildren=2600,10690,2810,10880
HASH_ROUTE token=253 layer=13 children=756,599,783,687 grandchildren=7560,5990,7830,6870
HASH_ROUTE token=253 layer=14 children=408,358,1049,424 grandchildren=4080,3580,10490,4240
HASH_ROUTE token=253 layer=15 children=991,1033,1153,1197 grandchildren=9910,10330,11530,11970
HASH_ROUTE token=253 layer=16 children=1028,1035,1095,1017 grandchildren=10280,10350,10950,10170
HASH_ROUTE token=253 layer=17 children=484,327,960,544 grandchildren=4840,3270,9600,5440
HASH_ROUTE token=253 layer=18 children=777,1252,690,1094 grandchildren=7770,12520,6900,10940
HASH_ROUTE token=253 layer=19 children=788,667,651,946 grandchildren=7880,6670,6510,9460
HASH_ROUTE token=253 layer=20 children=1274,1138,1227,1205 grandchildren=12740,11380,12270,12050
HASH_ROUTE token=253 layer=21 children=877,76,903,894 grandchildren=8770,760,9030,8940
HASH_ROUTE token=253 layer=22 children=583,635,1062,1110 grandchildren=5830,6350,10620,11100
HASH_ROUTE token=253 layer=23 children=513,197,672,995 grandchildren=5130,1970,6720,9950
HASH_ROUTE token=254 layer=0 children=150,78,477,50 grandchildren=1500,780,4770,500
HASH_ROUTE token=254 layer=1 children=297,250,262,181 grandchildren=2970,2500,2620,1810
HASH_ROUTE token=254 layer=2 children=961,1066,1092,984 grandchildren=9610,10660,10920,9840
HASH_ROUTE token=254 layer=3 children=135,148,111,1099 grandchildren=1350,1480,1110,10990
HASH_ROUTE token=254 layer=4 children=251,299,235,225 grandchildren=2510,2990,2350,2250
HASH_ROUTE token=254 layer=5 children=1215,1160,1188,94 grandchildren=12150,11600,11880,940
HASH_ROUTE token=254 layer=6 children=288,440,1082,265 grandchildren=2880,4400,10820,2650
HASH_ROUTE token=254 layer=7 children=615,504,935,821 grandchildren=6150,5040,9350,8210
HASH_ROUTE token=254 layer=8 children=617,631,133,566 grandchildren=6170,6310,1330,5660
HASH_ROUTE token=254 layer=9 children=923,769,1241,955 grandchildren=9230,7690,12410,9550
HASH_ROUTE token=254 layer=10 children=1162,1153,1277,847 grandchildren=11620,11530,12770,8470
HASH_ROUTE token=254 layer=11 children=193,670,1159,515 grandchildren=1930,6700,11590,5150
HASH_ROUTE token=254 layer=12 children=610,564,515,538 grandchildren=6100,5640,5150,5380
HASH_ROUTE token=254 layer=13 children=667,773,761,687 grandchildren=6670,7730,7610,6870
HASH_ROUTE token=254 layer=14 children=1105,948,462,994 grandchildren=11050,9480,4620,9940
HASH_ROUTE token=254 layer=15 children=497,518,544,597 grandchildren=4970,5180,5440,5970
HASH_ROUTE token=254 layer=16 children=592,522,569,627 grandchildren=5920,5220,5690,6270
HASH_ROUTE token=254 layer=17 children=462,386,357,411 grandchildren=4620,3860,3570,4110
HASH_ROUTE token=254 layer=18 children=642,1128,964,769 grandchildren=6420,11280,9640,7690
HASH_ROUTE token=254 layer=19 children=783,764,746,946 grandchildren=7830,7640,7460,9460
HASH_ROUTE token=254 layer=20 children=318,165,283,632 grandchildren=3180,1650,2830,6320
HASH_ROUTE token=254 layer=21 children=872,718,76,556 grandchildren=8720,7180,760,5560
HASH_ROUTE token=254 layer=22 children=475,1110,336,971 grandchildren=4750,11100,3360,9710
HASH_ROUTE token=254 layer=23 children=566,530,504,579 grandchildren=5660,5300,5040,5790
HASH_ROUTE token=255 layer=0 children=153,50,72,65 grandchildren=1530,500,720,650
HASH_ROUTE token=255 layer=1 children=175,297,653,333 grandchildren=1750,2970,6530,3330
HASH_ROUTE token=255 layer=2 children=1060,905,424,747 grandchildren=10600,9050,4240,7470
HASH_ROUTE token=255 layer=3 children=106,68,12,900 grandchildren=1060,680,120,9000
HASH_ROUTE token=255 layer=4 children=186,299,311,229 grandchildren=1860,2990,3110,2290
HASH_ROUTE token=255 layer=5 children=1210,1272,1174,1130 grandchildren=12100,12720,11740,11300
HASH_ROUTE token=255 layer=6 children=129,442,760,288 grandchildren=1290,4420,7600,2880
HASH_ROUTE token=255 layer=7 children=137,931,617,777 grandchildren=1370,9310,6170,7770
HASH_ROUTE token=255 layer=8 children=1110,953,314,1040 grandchildren=11100,9530,3140,10400
HASH_ROUTE token=255 layer=9 children=955,314,897,915 grandchildren=9550,3140,8970,9150
HASH_ROUTE token=255 layer=10 children=347,1147,180,446 grandchildren=3470,11470,1800,4460
HASH_ROUTE token=255 layer=11 children=24,1149,32,1154 grandchildren=240,11490,320,11540
HASH_ROUTE token=255 layer=12 children=374,327,219,478 grandchildren=3740,3270,2190,4780
HASH_ROUTE token=255 layer=13 children=148,786,948,463 grandchildren=1480,7860,9480,4630
HASH_ROUTE token=255 layer=14 children=693,777,537,616 grandchildren=6930,7770,5370,6160
HASH_ROUTE token=255 layer=15 children=995,1024,831,1040 grandchildren=9950,10240,8310,10400
HASH_ROUTE token=255 layer=16 children=431,365,346,1075 grandchildren=4310,3650,3460,10750
HASH_ROUTE token=255 layer=17 children=981,188,1144,349 grandchildren=9810,1880,11440,3490
HASH_ROUTE token=255 layer=18 children=380,320,364,454 grandchildren=3800,3200,3640,4540
HASH_ROUTE token=255 layer=19 children=606,440,120,926 grandchildren=6060,4400,1200,9260
HASH_ROUTE token=255 layer=20 children=766,737,642,779 grandchildren=7660,7370,6420,7790
HASH_ROUTE token=255 layer=21 children=1030,552,870,236 grandchildren=10300,5520,8700,2360
HASH_ROUTE token=255 layer=22 children=178,333,265,13 grandchildren=1780,3330,2650,130
HASH_ROUTE token=255 layer=23 children=945,624,909,807 grandchildren=9450,6240,9090,8070
HASH_REP rep=0 base_ms=1.552271094 hash_ms=1.591450000
HASH_REP rep=1 base_ms=1.581639062 hash_ms=1.570959375
HASH_REP rep=2 base_ms=1.592046094 hash_ms=1.595840625
HASH_REP rep=3 base_ms=1.656358594 hash_ms=1.613407422
HASH_REP rep=4 base_ms=1.665130469 hash_ms=1.610161719
HASH_LAYER layer=0 coverage=275
HASH_LAYER layer=1 coverage=293
HASH_LAYER layer=2 coverage=392
HASH_LAYER layer=3 coverage=359
HASH_LAYER layer=4 coverage=291
HASH_LAYER layer=5 coverage=316
HASH_LAYER layer=6 coverage=360
HASH_LAYER layer=7 coverage=378
HASH_LAYER layer=8 coverage=381
HASH_LAYER layer=9 coverage=370
HASH_LAYER layer=10 coverage=402
HASH_LAYER layer=11 coverage=362
HASH_LAYER layer=12 coverage=380
HASH_LAYER layer=13 coverage=369
HASH_LAYER layer=14 coverage=354
HASH_LAYER layer=15 coverage=307
HASH_LAYER layer=16 coverage=324
HASH_LAYER layer=17 coverage=252
HASH_LAYER layer=18 coverage=358
HASH_LAYER layer=19 coverage=283
HASH_LAYER layer=20 coverage=311
HASH_LAYER layer=21 coverage=311
HASH_LAYER layer=22 coverage=366
HASH_LAYER layer=23 coverage=351
HASH_SUMMARY states=6144 selections=24576 structural_hits=24576 unique_total=8145 base_median_ms=1.592046094 hash_median_ms=1.595840625 ratio=1.002383 table_bytes=916 fixture_bytes=3084 rss_bytes=534462464 elapsed_seconds=5.064934 checksum=197076066.093750000 gate=PASS
