HASH_ROUTE token=0 layer=0 children=755,649,779,713 grandchildren=7553,6490,7795,7137
HASH_ROUTE token=0 layer=1 children=527,689,504,663 grandchildren=5277,6896,5046,6630
HASH_ROUTE token=0 layer=2 children=352,830,36,991 grandchildren=3522,8302,368,9915
HASH_ROUTE token=0 layer=3 children=623,613,535,554 grandchildren=6237,6132,5355,5543
HASH_ROUTE token=0 layer=4 children=465,434,1260,452 grandchildren=4651,4345,12608,4522
HASH_ROUTE token=0 layer=5 children=320,809,963,168 grandchildren=3204,8095,9637,1683
HASH_ROUTE token=0 layer=6 children=461,785,620,946 grandchildren=4610,7852,6202,9466
HASH_ROUTE token=0 layer=7 children=148,99,38,621 grandchildren=1485,991,389,6213
HASH_ROUTE token=0 layer=8 children=1014,697,1100,786 grandchildren=10149,6972,11008,7868
HASH_ROUTE token=0 layer=9 children=131,55,938,156 grandchildren=1317,556,9380,1567
HASH_ROUTE token=0 layer=10 children=616,626,540,587 grandchildren=6169,6262,5406,5875
HASH_ROUTE token=0 layer=11 children=916,1077,866,753 grandchildren=9167,10772,8664,7539
HASH_ROUTE token=0 layer=12 children=359,839,1151,512 grandchildren=3596,8392,11513,5123
HASH_ROUTE token=0 layer=13 children=324,167,489,361 grandchildren=3248,1674,4895,3618
HASH_ROUTE token=0 layer=14 children=1102,1264,1096,947 grandchildren=11027,12647,10967,9471
HASH_ROUTE token=0 layer=15 children=767,127,1080,678 grandchildren=7670,1278,10800,6786
HASH_ROUTE token=0 layer=16 children=921,600,889,124 grandchildren=9219,6006,8895,1242
HASH_ROUTE token=0 layer=17 children=893,954,801,91 grandchildren=8931,9548,8018,912
HASH_ROUTE token=0 layer=18 children=740,1226,268,721 grandchildren=7400,12262,2688,7211
HASH_ROUTE token=0 layer=19 children=322,647,1121,482 grandchildren=3220,6478,11218,4826
HASH_ROUTE token=0 layer=20 children=1264,309,1223,786 grandchildren=12649,3091,12230,7863
HASH_ROUTE token=0 layer=21 children=1180,1238,700,65 grandchildren=11805,12381,7004,656
HASH_ROUTE token=0 layer=22 children=939,295,1090,772 grandchildren=9390,2954,10904,7725
HASH_ROUTE token=0 layer=23 children=109,45,71,261 grandchildren=1099,453,717,2617
HASH_ROUTE token=1 layer=0 children=326,367,434,441 grandchildren=3268,3670,4349,4416
HASH_ROUTE token=1 layer=1 children=172,207,810,843 grandchildren=1724,2074,8109,8432
HASH_ROUTE token=1 layer=2 children=899,576,815,417 grandchildren=8997,5760,8156,4178
HASH_ROUTE token=1 layer=3 children=931,1090,130,294 grandchildren=9316,10902,1303,2940
HASH_ROUTE token=1 layer=4 children=635,317,959,475 grandchildren=6354,3170,9596,4758
HASH_ROUTE token=1 layer=5 children=1212,1130,1174,252 grandchildren=12127,11307,11748,2528
HASH_ROUTE token=1 layer=6 children=289,761,310,197 grandchildren=2898,7615,3103,1978
HASH_ROUTE token=1 layer=7 children=611,521,514,536 grandchildren=6119,5213,5148,5363
HASH_ROUTE token=1 layer=8 children=788,1105,627,944 grandchildren=7888,11055,6275,9442
HASH_ROUTE token=1 layer=9 children=838,513,191,892 grandchildren=8387,5136,1913,8924
HASH_ROUTE token=1 layer=10 children=240,275,187,727 grandchildren=2400,2750,1875,7279
HASH_ROUTE token=1 layer=11 children=10,490,6,173 grandchildren=102,4904,68,1732
HASH_ROUTE token=1 layer=12 children=684,1003,748,772 grandchildren=6845,10037,7488,7723
HASH_ROUTE token=1 layer=13 children=946,147,1260,1105 grandchildren=9461,1471,12608,11050
HASH_ROUTE token=1 layer=14 children=613,936,777,294 grandchildren=6133,9367,7775,2941
HASH_ROUTE token=1 layer=15 children=343,472,827,410 grandchildren=3433,4721,8273,4101
HASH_ROUTE token=1 layer=16 children=429,325,413,434 grandchildren=4296,3256,4132,4341
HASH_ROUTE token=1 layer=17 children=983,1060,662,1056 grandchildren=9837,10603,6622,10565
HASH_ROUTE token=1 layer=18 children=161,186,248,283 grandchildren=1610,1869,2489,2833
HASH_ROUTE token=1 layer=19 children=652,712,778,15 grandchildren=6529,7124,7783,159
HASH_ROUTE token=1 layer=20 children=318,634,178,278 grandchildren=3185,6341,1785,2789
HASH_ROUTE token=1 layer=21 children=10,40,93,335 grandchildren=106,401,932,3355
HASH_ROUTE token=1 layer=22 children=1247,1123,1084,969 grandchildren=12476,11235,10844,9697
HASH_ROUTE token=1 layer=23 children=34,124,44,86 grandchildren=340,1249,445,863
HASH_ROUTE token=2 layer=0 children=960,321,1089,1128 grandchildren=9600,3216,10893,11289
HASH_ROUTE token=2 layer=1 children=295,189,244,160 grandchildren=2950,1893,2442,1607
HASH_ROUTE token=2 layer=2 children=330,973,18,499 grandchildren=3302,9734,181,4998
HASH_ROUTE token=2 layer=3 children=107,1221,267,421 grandchildren=1070,12218,2678,4212
HASH_ROUTE token=2 layer=4 children=200,364,287,449 grandchildren=2000,3648,2870,4498
HASH_ROUTE token=2 layer=5 children=1213,1173,1134,252 grandchildren=12137,11732,11344,2520
HASH_ROUTE token=2 layer=6 children=246,725,1209,88 grandchildren=2467,7253,12095,883
HASH_ROUTE token=2 layer=7 children=697,52,219,534 grandchildren=6976,522,2198,5349
HASH_ROUTE token=2 layer=8 children=311,950,792,1117 grandchildren=3113,9509,7924,11174
HASH_ROUTE token=2 layer=9 children=312,257,957,795 grandchildren=3124,2572,9573,7956
HASH_ROUTE token=2 layer=10 children=545,591,707,1181 grandchildren=5452,5911,7072,11810
HASH_ROUTE token=2 layer=11 children=43,77,61,24 grandchildren=438,772,614,244
HASH_ROUTE token=2 layer=12 children=378,696,850,217 grandchildren=3783,6961,8502,2173
HASH_ROUTE token=2 layer=13 children=86,147,91,50 grandchildren=861,1473,917,508
HASH_ROUTE token=2 layer=14 children=293,196,248,282 grandchildren=2930,1960,2487,2826
HASH_ROUTE token=2 layer=15 children=1003,363,997,351 grandchildren=10034,3638,9976,3518
HASH_ROUTE token=2 layer=16 children=452,418,434,1253 grandchildren=4523,4187,4348,12535
HASH_ROUTE token=2 layer=17 children=180,215,238,1144 grandchildren=1809,2150,2381,11443
HASH_ROUTE token=2 layer=18 children=100,909,429,261 grandchildren=1000,9094,4294,2613
HASH_ROUTE token=2 layer=19 children=676,744,705,1152 grandchildren=6761,7442,7058,11522
HASH_ROUTE token=2 layer=20 children=213,319,244,198 grandchildren=2136,3190,2442,1984
HASH_ROUTE token=2 layer=21 children=33,46,70,831 grandchildren=336,461,709,8318
HASH_ROUTE token=2 layer=22 children=269,428,742,179 grandchildren=2693,4282,7429,1798
HASH_ROUTE token=2 layer=23 children=1037,235,1017,1064 grandchildren=10374,2354,10173,10649
HASH_ROUTE token=3 layer=0 children=901,100,422,951 grandchildren=9018,1002,4223,9515
HASH_ROUTE token=3 layer=1 children=259,189,203,242 grandchildren=2596,1892,2034,2421
HASH_ROUTE token=3 layer=2 children=867,382,891,1024 grandchildren=8673,3820,8913,10245
HASH_ROUTE token=3 layer=3 children=1229,107,740,1154 grandchildren=12292,1073,7405,11544
HASH_ROUTE token=3 layer=4 children=444,382,281,365 grandchildren=4441,3820,2817,3652
HASH_ROUTE token=3 layer=5 children=389,410,865,891 grandchildren=3890,4109,8658,8912
HASH_ROUTE token=3 layer=6 children=728,1203,676,243 grandchildren=7286,12036,6764,2432
HASH_ROUTE token=3 layer=7 children=219,1018,854,294 grandchildren=2193,10188,8547,2949
HASH_ROUTE token=3 layer=8 children=102,58,149,583 grandchildren=1028,588,1497,5835
HASH_ROUTE token=3 layer=9 children=246,314,182,251 grandchildren=2467,3147,1825,2519
HASH_ROUTE token=3 layer=10 children=884,1045,1203,932 grandchildren=8845,10458,12032,9324
HASH_ROUTE token=3 layer=11 children=159,56,956,853 grandchildren=1593,567,9569,8531
HASH_ROUTE token=3 layer=12 children=169,247,213,223 grandchildren=1693,2471,2135,2235
HASH_ROUTE token=3 layer=13 children=729,779,737,787 grandchildren=7295,7797,7378,7874
HASH_ROUTE token=3 layer=14 children=936,855,777,920 grandchildren=9363,8552,7773,9203
HASH_ROUTE token=3 layer=15 children=474,363,371,345 grandchildren=4744,3631,3711,3459
HASH_ROUTE token=3 layer=16 children=251,418,223,381 grandchildren=2518,4189,2230,3819
HASH_ROUTE token=3 layer=17 children=1144,1179,1153,1222 grandchildren=11442,11799,11531,12225
HASH_ROUTE token=3 layer=18 children=151,1114,477,100 grandchildren=1512,11146,4779,1009
HASH_ROUTE token=3 layer=19 children=1208,242,724,1151 grandchildren=12084,2422,7242,11518
HASH_ROUTE token=3 layer=20 children=347,185,362,375 grandchildren=3476,1852,3627,3756
HASH_ROUTE token=3 layer=21 children=143,1262,464,71 grandchildren=1435,12625,4640,713
HASH_ROUTE token=3 layer=22 children=281,238,243,161 grandchildren=2818,2382,2438,1616
HASH_ROUTE token=3 layer=23 children=199,309,213,261 grandchildren=1999,3095,2137,2611
HASH_ROUTE token=4 layer=0 children=106,52,9,908 grandchildren=1065,522,98,9088
HASH_ROUTE token=4 layer=1 children=294,610,934,137 grandchildren=2948,6108,9342,1377
HASH_ROUTE token=4 layer=2 children=570,610,1219,522 grandchildren=5700,6100,12193,5227
HASH_ROUTE token=4 layer=3 children=436,382,273,225 grandchildren=4362,3820,2738,2256
HASH_ROUTE token=4 layer=4 children=247,881,569,724 grandchildren=2476,8816,5694,7242
HASH_ROUTE token=4 layer=5 children=528,202,576,258 grandchildren=5281,2020,5762,2584
HASH_ROUTE token=4 layer=6 children=685,363,1161,520 grandchildren=6856,3637,11619,5209
HASH_ROUTE token=4 layer=7 children=306,177,787,654 grandchildren=3063,1772,7873,6540
HASH_ROUTE token=4 layer=8 children=842,823,902,859 grandchildren=8422,8234,9021,8592
HASH_ROUTE token=4 layer=9 children=774,700,791,721 grandchildren=7745,7004,7917,7217
HASH_ROUTE token=4 layer=10 children=401,240,80,724 grandchildren=4012,2405,800,7240
HASH_ROUTE token=4 layer=11 children=333,1132,401,656 grandchildren=3331,11328,4012,6567
HASH_ROUTE token=4 layer=12 children=981,184,664,1027 grandchildren=9810,1841,6646,10272
HASH_ROUTE token=4 layer=13 children=999,352,676,835 grandchildren=9998,3524,6762,8355
HASH_ROUTE token=4 layer=14 children=178,289,269,338 grandchildren=1780,2890,2695,3384
HASH_ROUTE token=4 layer=15 children=1117,993,1027,1016 grandchildren=11171,9935,10276,10167
HASH_ROUTE token=4 layer=16 children=856,908,816,895 grandchildren=8568,9087,8167,8959
HASH_ROUTE token=4 layer=17 children=1017,1091,968,375 grandchildren=10175,10914,9682,3750
HASH_ROUTE token=4 layer=18 children=766,928,689,703 grandchildren=7666,9289,6891,7039
HASH_ROUTE token=4 layer=19 children=789,708,1261,1187 grandchildren=7894,7086,12618,11878
HASH_ROUTE token=4 layer=20 children=1116,1021,977,966 grandchildren=11167,10210,9773,9663
HASH_ROUTE token=4 layer=21 children=72,717,872,237 grandchildren=729,7171,8728,2379
HASH_ROUTE token=4 layer=22 children=265,246,288,101 grandchildren=2656,2463,2885,1016
HASH_ROUTE token=4 layer=23 children=606,283,1083,505 grandchildren=6064,2839,10837,5053
HASH_ROUTE token=5 layer=0 children=646,689,962,1007 grandchildren=6464,6890,9622,10076
HASH_ROUTE token=5 layer=1 children=241,184,276,177 grandchildren=2413,1848,2763,1778
HASH_ROUTE token=5 layer=2 children=656,749,739,679 grandchildren=6563,7495,7393,6790
HASH_ROUTE token=5 layer=3 children=758,771,915,1079 grandchildren=7586,7711,9159,10794
HASH_ROUTE token=5 layer=4 children=294,615,172,499 grandchildren=2943,6157,1720,4991
HASH_ROUTE token=5 layer=5 children=1212,891,1173,1129 grandchildren=12121,8910,11735,11298
HASH_ROUTE token=5 layer=6 children=734,671,779,668 grandchildren=7343,6710,7794,6686
HASH_ROUTE token=5 layer=7 children=224,65,541,249 grandchildren=2248,658,5411,2497
HASH_ROUTE token=5 layer=8 children=308,269,1106,1066 grandchildren=3080,2698,11060,10666
HASH_ROUTE token=5 layer=9 children=868,226,824,925 grandchildren=8687,2268,8249,9254
HASH_ROUTE token=5 layer=10 children=358,30,435,832 grandchildren=3582,308,4356,8329
HASH_ROUTE token=5 layer=11 children=1211,1167,737,578 grandchildren=12113,11674,7379,5784
HASH_ROUTE token=5 layer=12 children=1084,984,1043,1004 grandchildren=10840,9840,10432,10044
HASH_ROUTE token=5 layer=13 children=133,1091,35,997 grandchildren=1331,10914,352,9974
HASH_ROUTE token=5 layer=14 children=261,289,225,198 grandchildren=2615,2898,2256,1984
HASH_ROUTE token=5 layer=15 children=1029,1016,382,374 grandchildren=10292,10161,3823,3749
HASH_ROUTE token=5 layer=16 children=1174,373,1017,1213 grandchildren=11741,3736,10175,12132
HASH_ROUTE token=5 layer=17 children=507,983,535,613 grandchildren=5078,9837,5357,6132
HASH_ROUTE token=5 layer=18 children=690,707,1017,781 grandchildren=6900,7077,10170,7815
HASH_ROUTE token=5 layer=19 children=789,678,1263,770 grandchildren=7890,6789,12632,7707
HASH_ROUTE token=5 layer=20 children=227,704,266,319 grandchildren=2273,7041,2665,3191
HASH_ROUTE token=5 layer=21 children=72,718,870,558 grandchildren=722,7182,8705,5583
HASH_ROUTE token=5 layer=22 children=464,343,621,502 grandchildren=4645,3435,6217,5024
HASH_ROUTE token=5 layer=23 children=1147,982,180,824 grandchildren=11479,9821,1806,8245
HASH_ROUTE token=6 layer=0 children=805,955,932,853 grandchildren=8056,9554,9322,8532
HASH_ROUTE token=6 layer=1 children=209,242,841,1006 grandchildren=2098,2427,8417,10063
HASH_ROUTE token=6 layer=2 children=447,358,766,921 grandchildren=4474,3586,7668,9212
HASH_ROUTE token=6 layer=3 children=791,673,155,775 grandchildren=7919,6732,1559,7753
HASH_ROUTE token=6 layer=4 children=292,186,169,193 grandchildren=2923,1866,1691,1933
HASH_ROUTE token=6 layer=5 children=891,1212,809,1129 grandchildren=8918,12127,8095,11291
HASH_ROUTE token=6 layer=6 children=430,353,398,422 grandchildren=4300,3533,3986,4224
HASH_ROUTE token=6 layer=7 children=1189,226,1251,299 grandchildren=11891,2267,12512,2994
HASH_ROUTE token=6 layer=8 children=1175,1266,1252,1128 grandchildren=11753,12669,12520,11285
HASH_ROUTE token=6 layer=9 children=185,220,314,272 grandchildren=1854,2203,3141,2722
HASH_ROUTE token=6 layer=10 children=1272,1157,1252,959 grandchildren=12723,11571,12523,9598
HASH_ROUTE token=6 layer=11 children=733,411,93,896 grandchildren=7339,4115,939,8966
HASH_ROUTE token=6 layer=12 children=1088,1247,1056,1219 grandchildren=10886,12474,10569,12199
HASH_ROUTE token=6 layer=13 children=735,676,774,760 grandchildren=7353,6767,7742,7602
HASH_ROUTE token=6 layer=14 children=429,588,261,904 grandchildren=4295,5885,2613,9049
HASH_ROUTE token=6 layer=15 children=1187,1232,1177,1153 grandchildren=11874,12323,11771,11538
HASH_ROUTE token=6 layer=16 children=217,533,1017,270 grandchildren=2175,5338,10177,2700
HASH_ROUTE token=6 layer=17 children=507,343,530,987 grandchildren=5073,3431,5307,9876
HASH_ROUTE token=6 layer=18 children=300,257,179,248 grandchildren=3000,2576,1799,2488
HASH_ROUTE token=6 layer=19 children=1263,789,1159,678 grandchildren=12632,7898,11591,6787
HASH_ROUTE token=6 layer=20 children=227,282,314,265 grandchildren=2270,2820,3149,2653
HASH_ROUTE token=6 layer=21 children=72,555,21,717 grandchildren=722,5552,214,7177
HASH_ROUTE token=6 layer=22 children=1067,269,1110,1049 grandchildren=10677,2697,11105,10498
HASH_ROUTE token=6 layer=23 children=184,1141,981,261 grandchildren=1844,11411,9810,2616
HASH_ROUTE token=7 layer=0 children=50,4,43,120 grandchildren=504,43,437,1201
HASH_ROUTE token=7 layer=1 children=175,657,15,331 grandchildren=1758,6573,159,3311
HASH_ROUTE token=7 layer=2 children=896,738,410,577 grandchildren=8966,7381,4104,5777
HASH_ROUTE token=7 layer=3 children=1230,597,1188,548 grandchildren=12309,5975,11881,5481
HASH_ROUTE token=7 layer=4 children=294,181,194,312 grandchildren=2945,1812,1943,3129
HASH_ROUTE token=7 layer=5 children=1212,1173,1238,1223 grandchildren=12121,11732,12386,12237
HASH_ROUTE token=7 layer=6 children=683,734,792,729 grandchildren=6837,7346,7923,7293
HASH_ROUTE token=7 layer=7 children=224,240,276,294 grandchildren=2240,2409,2761,2943
HASH_ROUTE token=7 layer=8 children=841,944,203,309 grandchildren=8418,9448,2031,3092
HASH_ROUTE token=7 layer=9 children=291,310,939,959 grandchildren=2915,3106,9392,9593
HASH_ROUTE token=7 layer=10 children=592,547,610,497 grandchildren=5924,5472,6103,4972
HASH_ROUTE token=7 layer=11 children=752,695,665,670 grandchildren=7526,6951,6654,6701
HASH_ROUTE token=7 layer=12 children=183,984,298,1098 grandchildren=1835,9841,2980,10980
HASH_ROUTE token=7 layer=13 children=495,976,579,625 grandchildren=4952,9760,5795,6258
HASH_ROUTE token=7 layer=14 children=269,588,904,192 grandchildren=2695,5886,9049,1922
HASH_ROUTE token=7 layer=15 children=1248,1274,1253,1266 grandchildren=12485,12748,12535,12665
HASH_ROUTE token=7 layer=16 children=1055,1213,895,251 grandchildren=10558,12138,8952,2517
HASH_ROUTE token=7 layer=17 children=545,507,611,486 grandchildren=5455,5075,6116,4868
HASH_ROUTE token=7 layer=18 children=244,318,287,184 grandchildren=2448,3182,2873,1841
HASH_ROUTE token=7 layer=19 children=789,1266,305,723 grandchildren=7898,12661,3055,7232
HASH_ROUTE token=7 layer=20 children=227,1024,387,240 grandchildren=2276,10243,3878,2406
HASH_ROUTE token=7 layer=21 children=144,72,949,10 grandchildren=1442,723,9491,105
HASH_ROUTE token=7 layer=22 children=309,287,269,249 grandchildren=3094,2871,2691,2491
HASH_ROUTE token=7 layer=23 children=666,702,764,985 grandchildren=6662,7028,7646,9851
HASH_ROUTE token=8 layer=0 children=320,807,166,1126 grandchildren=3203,8079,1667,11261
HASH_ROUTE token=8 layer=1 children=274,240,436,210 grandchildren=2743,2401,4361,2108
HASH_ROUTE token=8 layer=2 children=737,419,745,659 grandchildren=7376,4190,7452,6598
HASH_ROUTE token=8 layer=3 children=343,451,414,369 grandchildren=3432,4510,4141,3695
HASH_ROUTE token=8 layer=4 children=294,191,771,318 grandchildren=2945,1919,7715,3181
HASH_ROUTE token=8 layer=5 children=1223,1183,582,1062 grandchildren=12239,11837,5822,10626
HASH_ROUTE token=8 layer=6 children=670,794,779,668 grandchildren=6703,7948,7791,6681
HASH_ROUTE token=8 layer=7 children=405,1041,563,1203 grandchildren=4054,10418,5633,12031
HASH_ROUTE token=8 layer=8 children=202,308,1000,1106 grandchildren=2029,3088,10005,11069
HASH_ROUTE token=8 layer=9 children=806,925,862,884 grandchildren=8063,9256,8620,8841
HASH_ROUTE token=8 layer=10 children=675,835,763,355 grandchildren=6759,8350,7632,3557
HASH_ROUTE token=8 layer=11 children=1231,753,272,1211 grandchildren=12315,7531,2723,12110
HASH_ROUTE token=8 layer=12 children=992,1043,1089,1057 grandchildren=9921,10434,10891,10576
HASH_ROUTE token=8 layer=13 children=1255,614,1265,1210 grandchildren=12553,6146,12657,12103
HASH_ROUTE token=8 layer=14 children=135,36,614,1090 grandchildren=1352,369,6148,10901
HASH_ROUTE token=8 layer=15 children=1239,1179,1210,1186 grandchildren=12390,11795,12105,11863
HASH_ROUTE token=8 layer=16 children=1178,533,1131,213 grandchildren=11784,5334,11319,2133
HASH_ROUTE token=8 layer=17 children=1065,987,587,1017 grandchildren=10656,9875,5870,10170
HASH_ROUTE token=8 layer=18 children=282,768,248,726 grandchildren=2829,7685,2488,7262
HASH_ROUTE token=8 layer=19 children=242,305,179,239 grandchildren=2421,3054,1790,2391
HASH_ROUTE token=8 layer=20 children=1024,387,224,998 grandchildren=10245,3872,2240,9985
HASH_ROUTE token=8 layer=21 children=872,76,826,235 grandchildren=8723,762,8263,2353
HASH_ROUTE token=8 layer=22 children=265,314,306,243 grandchildren=2654,3141,3067,2435
HASH_ROUTE token=8 layer=23 children=755,769,1070,1083 grandchildren=7557,7691,10700,10831
HASH_ROUTE token=9 layer=0 children=939,955,864,847 grandchildren=9397,9551,8644,8476
HASH_ROUTE token=9 layer=1 children=207,265,172,229 grandchildren=2074,2659,1724,2293
HASH_ROUTE token=9 layer=2 children=575,418,891,1217 grandchildren=5755,4188,8917,12174
HASH_ROUTE token=9 layer=3 children=1195,1223,554,585 grandchildren=11951,12233,5545,5853
HASH_ROUTE token=9 layer=4 children=822,900,186,937 grandchildren=8229,9003,1864,9379
HASH_ROUTE token=9 layer=5 children=844,871,205,529 grandchildren=8446,8715,2054,5295
HASH_ROUTE token=9 layer=6 children=395,366,1034,1002 grandchildren=3951,3666,10348,10024
HASH_ROUTE token=9 layer=7 children=202,1168,240,1209 grandchildren=2020,11686,2406,12098
HASH_ROUTE token=9 layer=8 children=950,795,1272,158 grandchildren=9505,7950,12728,1588
HASH_ROUTE token=9 layer=9 children=328,350,8,484 grandchildren=3286,3504,85,4841
HASH_ROUTE token=9 layer=10 children=360,470,358,321 grandchildren=3604,4705,3587,3213
HASH_ROUTE token=9 layer=11 children=1219,1132,1204,1129 grandchildren=12198,11326,12044,11295
HASH_ROUTE token=9 layer=12 children=985,1038,1062,1050 grandchildren=9858,10384,10623,10502
HASH_ROUTE token=9 layer=13 children=1105,787,979,654 grandchildren=11050,7878,9795,6548
HASH_ROUTE token=9 layer=14 children=267,285,313,212 grandchildren=2678,2850,3139,2126
HASH_ROUTE token=9 layer=15 children=1239,1273,1186,1251 grandchildren=12393,12736,11866,12514
HASH_ROUTE token=9 layer=16 children=1051,97,570,964 grandchildren=10517,978,5705,9643
HASH_ROUTE token=9 layer=17 children=594,494,530,545 grandchildren=5940,4946,5309,5455
HASH_ROUTE token=9 layer=18 children=796,318,1276,785 grandchildren=7965,3181,12760,7850
HASH_ROUTE token=9 layer=19 children=784,143,305,467 grandchildren=7847,1434,3050,4677
HASH_ROUTE token=9 layer=20 children=1112,1092,1271,1258 grandchildren=11126,10924,12718,12589
HASH_ROUTE token=9 layer=21 children=74,152,718,106 grandchildren=743,1525,7181,1062
HASH_ROUTE token=9 layer=22 children=317,249,173,1110 grandchildren=3170,2490,1736,11102
HASH_ROUTE token=9 layer=23 children=1191,1141,1202,1037 grandchildren=11914,11418,12022,10379
HASH_ROUTE token=10 layer=0 children=153,50,72,65 grandchildren=1537,500,728,655
HASH_ROUTE token=10 layer=1 children=175,297,333,653 grandchildren=1754,2970,3335,6534
HASH_ROUTE token=10 layer=2 children=1061,424,1225,901 grandchildren=10612,4241,12250,9014
HASH_ROUTE token=10 layer=3 children=106,68,18,900 grandchildren=1061,686,181,9004
HASH_ROUTE token=10 layer=4 children=186,299,311,229 grandchildren=1867,2999,3118,2291
HASH_ROUTE token=10 layer=5 children=1272,1213,1174,1130 grandchildren=12729,12134,11747,11308
HASH_ROUTE token=10 layer=6 children=129,442,760,288 grandchildren=1294,4422,7606,2883
HASH_ROUTE token=10 layer=7 children=934,137,617,459 grandchildren=9346,1373,6170,4594
HASH_ROUTE token=10 layer=8 children=1110,953,314,1043 grandchildren=11103,9530,3146,10432
HASH_ROUTE token=10 layer=9 children=955,314,897,913 grandchildren=9552,3143,8979,9136
HASH_ROUTE token=10 layer=10 children=347,1147,180,446 grandchildren=3478,11473,1800,4468
HASH_ROUTE token=10 layer=11 children=24,1142,32,1154 grandchildren=241,11422,321,11542
HASH_ROUTE token=10 layer=12 children=374,327,219,478 grandchildren=3747,3270,2199,4785
HASH_ROUTE token=10 layer=13 children=786,148,943,463 grandchildren=7863,1488,9435,4633
HASH_ROUTE token=10 layer=14 children=693,777,537,616 grandchildren=6934,7779,5377,6168
HASH_ROUTE token=10 layer=15 children=995,1024,1040,831 grandchildren=9951,10241,10407,8319
HASH_ROUTE token=10 layer=16 children=431,365,1076,346 grandchildren=4315,3652,10761,3466
HASH_ROUTE token=10 layer=17 children=981,188,1144,509 grandchildren=9815,1883,11447,5093
HASH_ROUTE token=10 layer=18 children=382,320,454,364 grandchildren=3820,3206,4544,3649
HASH_ROUTE token=10 layer=19 children=606,446,523,120 grandchildren=6064,4467,5233,1206
HASH_ROUTE token=10 layer=20 children=766,734,642,667 grandchildren=7661,7345,6423,6675
HASH_ROUTE token=10 layer=21 children=1030,552,870,236 grandchildren=10305,5523,8708,2362
HASH_ROUTE token=10 layer=22 children=178,265,13,102 grandchildren=1787,2658,130,1027
HASH_ROUTE token=10 layer=23 children=945,620,820,861 grandchildren=9458,6200,8207,8610
HASH_ROUTE token=11 layer=0 children=755,649,779,713 grandchildren=7559,6492,7792,7130
HASH_ROUTE token=11 layer=1 children=527,689,504,663 grandchildren=5272,6899,5045,6632
HASH_ROUTE token=11 layer=2 children=352,830,36,991 grandchildren=3525,8304,361,9917
HASH_ROUTE token=11 layer=3 children=623,613,535,554 grandchildren=6230,6135,5355,5540
HASH_ROUTE token=11 layer=4 children=465,434,1260,452 grandchildren=4656,4341,12608,4521
HASH_ROUTE token=11 layer=5 children=320,809,963,168 grandchildren=3203,8092,9631,1681
HASH_ROUTE token=11 layer=6 children=461,785,620,946 grandchildren=4610,7856,6207,9461
HASH_ROUTE token=11 layer=7 children=148,99,38,621 grandchildren=1484,991,387,6218
HASH_ROUTE token=11 layer=8 children=1014,697,1100,786 grandchildren=10140,6975,11004,7863
HASH_ROUTE token=11 layer=9 children=131,55,938,156 grandchildren=1319,552,9381,1565
HASH_ROUTE token=11 layer=10 children=616,626,540,587 grandchildren=6165,6264,5405,5876
HASH_ROUTE token=11 layer=11 children=916,1077,866,753 grandchildren=9168,10778,8665,7539
HASH_ROUTE token=11 layer=12 children=359,839,1151,512 grandchildren=3595,8394,11512,5124
HASH_ROUTE token=11 layer=13 children=324,167,489,361 grandchildren=3248,1674,4895,3617
HASH_ROUTE token=11 layer=14 children=1102,1264,1096,947 grandchildren=11029,12643,10963,9479
HASH_ROUTE token=11 layer=15 children=767,127,1080,678 grandchildren=7675,1275,10809,6784
HASH_ROUTE token=11 layer=16 children=921,600,889,124 grandchildren=9217,6000,8895,1244
HASH_ROUTE token=11 layer=17 children=893,954,801,91 grandchildren=8931,9543,8015,919
HASH_ROUTE token=11 layer=18 children=740,1226,268,721 grandchildren=7405,12263,2685,7214
HASH_ROUTE token=11 layer=19 children=322,647,1121,482 grandchildren=3228,6476,11213,4824
HASH_ROUTE token=11 layer=20 children=1264,309,1223,786 grandchildren=12648,3096,12236,7868
HASH_ROUTE token=11 layer=21 children=1180,1238,700,65 grandchildren=11809,12381,7000,652
HASH_ROUTE token=11 layer=22 children=939,295,1090,772 grandchildren=9394,2955,10904,7723
HASH_ROUTE token=11 layer=23 children=109,45,71,261 grandchildren=1098,455,716,2618
HASH_ROUTE token=12 layer=0 children=447,376,327,418 grandchildren=4470,3760,3271,4185
HASH_ROUTE token=12 layer=1 children=201,241,841,49 grandchildren=2019,2416,8418,494
HASH_ROUTE token=12 layer=2 children=753,596,276,657 grandchildren=7539,5968,2764,6571
HASH_ROUTE token=12 layer=3 children=27,106,984,133 grandchildren=277,1066,9846,1331
HASH_ROUTE token=12 layer=4 children=168,186,236,3 grandchildren=1685,1863,2362,35
HASH_ROUTE token=12 layer=5 children=301,256,940,1103 grandchildren=3011,2560,9402,11035
HASH_ROUTE token=12 layer=6 children=794,720,730,676 grandchildren=7941,7203,7302,6761
HASH_ROUTE token=12 layer=7 children=926,766,950,821 grandchildren=9263,7660,9506,8217
HASH_ROUTE token=12 layer=8 children=369,1009,420,456 grandchildren=3696,10095,4202,4564
HASH_ROUTE token=12 layer=9 children=897,830,906,954 grandchildren=8971,8303,9067,9548
HASH_ROUTE token=12 layer=10 children=242,215,1040,166 grandchildren=2422,2159,10406,1666
HASH_ROUTE token=12 layer=11 children=954,874,790,154 grandchildren=9549,8744,7909,1540
HASH_ROUTE token=12 layer=12 children=805,884,6,321 grandchildren=8055,8848,68,3212
HASH_ROUTE token=12 layer=13 children=70,712,89,728 grandchildren=704,7120,895,7287
HASH_ROUTE token=12 layer=14 children=552,230,871,571 grandchildren=5520,2302,8719,5713
HASH_ROUTE token=12 layer=15 children=345,455,828,939 grandchildren=3456,4555,8287,9397
HASH_ROUTE token=12 layer=16 children=325,437,5,114 grandchildren=3253,4375,57,1142
HASH_ROUTE token=12 layer=17 children=1081,605,1248,980 grandchildren=10816,6054,12487,9801
HASH_ROUTE token=12 layer=18 children=172,335,970,818 grandchildren=1726,3359,9709,8181
HASH_ROUTE token=12 layer=19 children=677,648,653,712 grandchildren=6775,6487,6535,7120
HASH_ROUTE token=12 layer=20 children=1073,599,758,1117 grandchildren=10737,5995,7581,11177
HASH_ROUTE token=12 layer=21 children=1058,1022,967,731 grandchildren=10586,10225,9675,7315
HASH_ROUTE token=12 layer=22 children=162,961,809,265 grandchildren=1626,9611,8094,2654
HASH_ROUTE token=12 layer=23 children=671,39,1152,764 grandchildren=6712,390,11522,7648
HASH_ROUTE token=13 layer=0 children=125,153,41,449 grandchildren=1255,1534,419,4490
HASH_ROUTE token=13 layer=1 children=189,171,297,261 grandchildren=1895,1717,2979,2612
HASH_ROUTE token=13 layer=2 children=818,945,822,863 grandchildren=8189,9458,8229,8636
HASH_ROUTE token=13 layer=3 children=106,4,26,741 grandchildren=1069,42,268,7410
HASH_ROUTE token=13 layer=4 children=299,167,180,213 grandchildren=2999,1679,1801,2131
HASH_ROUTE token=13 layer=5 children=897,1210,252,576 grandchildren=8979,12105,2523,5768
HASH_ROUTE token=13 layer=6 children=1160,682,200,1209 grandchildren=11607,6820,2006,12093
HASH_ROUTE token=13 layer=7 children=948,937,622,825 grandchildren=9481,9378,6226,8254
HASH_ROUTE token=13 layer=8 children=953,942,882,1276 grandchildren=9530,9421,8823,12764
HASH_ROUTE token=13 layer=9 children=257,314,1217,897 grandchildren=2573,3141,12172,8979
HASH_ROUTE token=13 layer=10 children=724,752,641,666 grandchildren=7249,7521,6412,6661
HASH_ROUTE token=13 layer=11 children=56,134,78,67 grandchildren=566,1342,780,677
HASH_ROUTE token=13 layer=12 children=634,955,504,820 grandchildren=6343,9551,5049,8205
HASH_ROUTE token=13 layer=13 children=760,731,127,91 grandchildren=7608,7316,1279,913
HASH_ROUTE token=13 layer=14 children=631,314,525,512 grandchildren=6319,3148,5258,5129
HASH_ROUTE token=13 layer=15 children=380,345,439,371 grandchildren=3802,3454,4393,3715
HASH_ROUTE token=13 layer=16 children=419,328,437,474 grandchildren=4191,3286,4376,4742
HASH_ROUTE token=13 layer=17 children=184,343,190,223 grandchildren=1842,3437,1904,2239
HASH_ROUTE token=13 layer=18 children=308,210,261,196 grandchildren=3082,2106,2611,1964
HASH_ROUTE token=13 layer=19 children=744,266,900,705 grandchildren=7448,2660,9007,7053
HASH_ROUTE token=13 layer=20 children=1163,529,201,1002 grandchildren=11635,5296,2016,10024
HASH_ROUTE token=13 layer=21 children=126,38,18,6 grandchildren=1264,386,186,65
HASH_ROUTE token=13 layer=22 children=281,929,178,1247 grandchildren=2814,9299,1789,12479
HASH_ROUTE token=13 layer=23 children=235,717,289,71 grandchildren=2353,7176,2894,714
HASH_ROUTE token=14 layer=0 children=153,955,479,65 grandchildren=1537,9553,4798,656
HASH_ROUTE token=14 layer=1 children=297,281,244,180 grandchildren=2976,2816,2448,1802
HASH_ROUTE token=14 layer=2 children=1205,1225,404,242 grandchildren=12051,12250,4048,2426
HASH_ROUTE token=14 layer=3 children=100,15,68,158 grandchildren=1000,156,681,1580
HASH_ROUTE token=14 layer=4 children=180,295,162,209 grandchildren=1801,2957,1626,2098
HASH_ROUTE token=14 layer=5 children=1212,258,1174,897 grandchildren=12126,2584,11746,8972
HASH_ROUTE token=14 layer=6 children=727,683,761,737 grandchildren=7278,6830,7616,7379
HASH_ROUTE token=14 layer=7 children=139,931,777,617 grandchildren=1392,9310,7770,6173
HASH_ROUTE token=14 layer=8 children=1040,1117,1011,882 grandchildren=10408,11177,10112,8825
HASH_ROUTE token=14 layer=9 children=252,316,897,953 grandchildren=2526,3168,8978,9534
HASH_ROUTE token=14 layer=10 children=1233,1251,1276,1144 grandchildren=12337,12512,12766,11442
HASH_ROUTE token=14 layer=11 children=58,41,134,853 grandchildren=583,414,1348,8533
HASH_ROUTE token=14 layer=12 children=374,327,217,167 grandchildren=3748,3276,2173,1671
HASH_ROUTE token=14 layer=13 children=881,890,953,943 grandchildren=8814,8907,9537,9438
HASH_ROUTE token=14 layer=14 children=567,590,528,580 grandchildren=5671,5907,5287,5801
HASH_ROUTE token=14 layer=15 children=971,1041,1115,1080 grandchildren=9714,10411,11154,10807
HASH_ROUTE token=14 layer=16 children=361,437,349,419 grandchildren=3617,4377,3498,4190
HASH_ROUTE token=14 layer=17 children=295,188,317,167 grandchildren=2954,1882,3176,1676
HASH_ROUTE token=14 layer=18 children=842,1001,909,45 grandchildren=8420,10016,9099,454
HASH_ROUTE token=14 layer=19 children=353,673,363,687 grandchildren=3531,6730,3636,6875
HASH_ROUTE token=14 layer=20 children=536,553,513,613 grandchildren=5367,5531,5139,6137
HASH_ROUTE token=14 layer=21 children=844,833,1006,871 grandchildren=8442,8336,10062,8711
HASH_ROUTE token=14 layer=22 children=269,178,230,312 grandchildren=2698,1789,2305,3120
HASH_ROUTE token=14 layer=23 children=1164,1245,1186,1194 grandchildren=11644,12453,11863,11945
HASH_ROUTE token=15 layer=0 children=371,1017,474,1174 grandchildren=3716,10170,4747,11741
HASH_ROUTE token=15 layer=1 children=246,252,171,274 grandchildren=2463,2522,1714,2742
HASH_ROUTE token=15 layer=2 children=456,295,420,405 grandchildren=4565,2958,4201,4059
HASH_ROUTE token=15 layer=3 children=355,517,450,614 grandchildren=3559,5175,4502,6147
HASH_ROUTE token=15 layer=4 children=493,552,571,529 grandchildren=4936,5524,5713,5297
HASH_ROUTE token=15 layer=5 children=625,596,558,940 grandchildren=6251,5963,5581,9407
HASH_ROUTE token=15 layer=6 children=732,1051,673,750 grandchildren=7321,10515,6738,7500
HASH_ROUTE token=15 layer=7 children=466,425,402,1103 grandchildren=4663,4256,4025,11038
HASH_ROUTE token=15 layer=8 children=148,941,786,1266 grandchildren=1489,9415,7869,12662
HASH_ROUTE token=15 layer=9 children=185,824,1140,660 grandchildren=1854,8243,11401,6607
HASH_ROUTE token=15 layer=10 children=242,722,277,750 grandchildren=2427,7229,2774,7500
HASH_ROUTE token=15 layer=11 children=677,703,656,737 grandchildren=6776,7030,6562,7374
HASH_ROUTE token=15 layer=12 children=714,688,664,641 grandchildren=7148,6881,6640,6419
HASH_ROUTE token=15 layer=13 children=895,735,1213,838 grandchildren=8954,7350,12138,8388
HASH_ROUTE token=15 layer=14 children=813,172,14,901 grandchildren=8138,1721,146,9016
HASH_ROUTE token=15 layer=15 children=1235,751,1251,1266 grandchildren=12353,7517,12516,12669
HASH_ROUTE token=15 layer=16 children=470,315,950,430 grandchildren=4704,3159,9503,4308
HASH_ROUTE token=15 layer=17 children=1029,546,1067,984 grandchildren=10297,5468,10673,9844
HASH_ROUTE token=15 layer=18 children=570,250,1058,625 grandchildren=5704,2500,10583,6254
HASH_ROUTE token=15 layer=19 children=462,357,397,789 grandchildren=4620,3576,3973,7898
HASH_ROUTE token=15 layer=20 children=229,1026,1186,313 grandchildren=2298,10268,11860,3139
HASH_ROUTE token=15 layer=21 children=76,719,237,878 grandchildren=764,7196,2375,8785
HASH_ROUTE token=15 layer=22 children=583,269,428,101 grandchildren=5832,2695,4285,1017
HASH_ROUTE token=15 layer=23 children=256,180,579,261 grandchildren=2561,1801,5796,2615
HASH_ROUTE token=16 layer=0 children=449,1089,322,762 grandchildren=4493,10890,3228,7628
HASH_ROUTE token=16 layer=1 children=184,249,250,345 grandchildren=1841,2498,2500,3452
HASH_ROUTE token=16 layer=2 children=778,655,684,753 grandchildren=7789,6557,6842,7539
HASH_ROUTE token=16 layer=3 children=1250,931,617,451 grandchildren=12509,9315,6174,4510
HASH_ROUTE token=16 layer=4 children=318,280,959,292 grandchildren=3189,2809,9591,2928
HASH_ROUTE token=16 layer=5 children=442,928,403,1249 grandchildren=4425,9289,4031,12497
HASH_ROUTE token=16 layer=6 children=1073,1036,990,1055 grandchildren=10735,10367,9908,10558
HASH_ROUTE token=16 layer=7 children=340,356,404,368 grandchildren=3405,3565,4044,3683
HASH_ROUTE token=16 layer=8 children=856,930,217,1177 grandchildren=8567,9304,2179,11773
HASH_ROUTE token=16 layer=9 children=808,951,828,167 grandchildren=8080,9515,8286,1673
HASH_ROUTE token=16 layer=10 children=832,904,928,823 grandchildren=8329,9041,9289,8230
HASH_ROUTE token=16 layer=11 children=705,545,688,670 grandchildren=7054,5456,6885,6702
HASH_ROUTE token=16 layer=12 children=516,541,508,586 grandchildren=5165,5410,5083,5863
HASH_ROUTE token=16 layer=13 children=1256,772,1235,759 grandchildren=12569,7724,12354,7598
HASH_ROUTE token=16 layer=14 children=767,929,120,283 grandchildren=7679,9299,1207,2839
HASH_ROUTE token=16 layer=15 children=1273,1238,797,632 grandchildren=12734,12388,7974,6324
HASH_ROUTE token=16 layer=16 children=410,1219,1050,389 grandchildren=4109,12197,10506,3894
HASH_ROUTE token=16 layer=17 children=344,982,429,1064 grandchildren=3449,9821,4296,10647
HASH_ROUTE token=16 layer=18 children=1107,1061,970,1072 grandchildren=11073,10614,9702,10728
HASH_ROUTE token=16 layer=19 children=39,1159,355,15 grandchildren=392,11591,3554,159
HASH_ROUTE token=16 layer=20 children=274,225,247,183 grandchildren=2741,2253,2476,1838
HASH_ROUTE token=16 layer=21 children=870,949,828,396 grandchildren=8706,9496,8283,3962
HASH_ROUTE token=16 layer=22 children=944,907,827,813 grandchildren=9442,9075,8273,8135
HASH_ROUTE token=16 layer=23 children=36,517,199,675 grandchildren=368,5175,1991,6756
HASH_ROUTE token=17 layer=0 children=7,41,150,805 grandchildren=75,416,1503,8051
HASH_ROUTE token=17 layer=1 children=446,288,423,261 grandchildren=4469,2883,4230,2619
HASH_ROUTE token=17 layer=2 children=730,749,656,765 grandchildren=7308,7496,6569,7650
HASH_ROUTE token=17 layer=3 children=746,664,771,648 grandchildren=7464,6649,7716,6484
HASH_ROUTE token=17 layer=4 children=259,169,180,294 grandchildren=2595,1698,1805,2945
HASH_ROUTE token=17 layer=5 children=958,479,842,861 grandchildren=9581,4791,8423,8619
HASH_ROUTE token=17 layer=6 children=904,422,879,923 grandchildren=9045,4229,8794,9238
HASH_ROUTE token=17 layer=7 children=225,707,204,688 grandchildren=2257,7074,2040,6889
HASH_ROUTE token=17 layer=8 children=948,146,304,460 grandchildren=9484,1468,3044,4609
HASH_ROUTE token=17 layer=9 children=734,742,896,904 grandchildren=7343,7426,8968,9041
HASH_ROUTE token=17 layer=10 children=325,647,477,413 grandchildren=3254,6476,4777,4135
HASH_ROUTE token=17 layer=11 children=1162,363,1234,1182 grandchildren=11629,3633,12340,11823
HASH_ROUTE token=17 layer=12 children=508,481,1141,1126 grandchildren=5081,4813,11416,11261
HASH_ROUTE token=17 layer=13 children=921,830,767,673 grandchildren=9210,8305,7673,6739
HASH_ROUTE token=17 layer=14 children=813,901,18,929 grandchildren=8134,9017,181,9299
HASH_ROUTE token=17 layer=15 children=763,694,1080,605 grandchildren=7634,6944,10808,6058
HASH_ROUTE token=17 layer=16 children=550,231,492,583 grandchildren=5503,2312,4922,5834
HASH_ROUTE token=17 layer=17 children=507,601,594,347 grandchildren=5074,6012,5942,3479
HASH_ROUTE token=17 layer=18 children=1163,686,522,841 grandchildren=11634,6865,5222,8418
HASH_ROUTE token=17 layer=19 children=329,462,478,350 grandchildren=3298,4628,4788,3500
HASH_ROUTE token=17 layer=20 children=474,318,386,229 grandchildren=4743,3187,3861,2299
HASH_ROUTE token=17 layer=21 children=76,555,33,715 grandchildren=765,5556,334,7158
HASH_ROUTE token=17 layer=22 children=460,428,335,405 grandchildren=4600,4282,3351,4053
HASH_ROUTE token=17 layer=23 children=24,140,64,154 grandchildren=246,1403,646,1543
HASH_ROUTE token=18 layer=0 children=127,2,441,23 grandchildren=1271,28,4411,231
HASH_ROUTE token=18 layer=1 children=369,349,204,424 grandchildren=3699,3496,2049,4246
HASH_ROUTE token=18 layer=2 children=419,1213,442,1241 grandchildren=4196,12137,4424,12415
HASH_ROUTE token=18 layer=3 children=459,1092,342,931 grandchildren=4598,10929,3426,9313
HASH_ROUTE token=18 layer=4 children=266,101,1064,174 grandchildren=2662,1014,10642,1747
HASH_ROUTE token=18 layer=5 children=1248,1258,440,1212 grandchildren=12485,12587,4404,12121
HASH_ROUTE token=18 layer=6 children=431,273,415,253 grandchildren=4318,2731,4155,2539
HASH_ROUTE token=18 layer=7 children=314,296,215,224 grandchildren=3144,2963,2159,2246
HASH_ROUTE token=18 layer=8 children=1067,1000,1095,904 grandchildren=10674,10009,10956,9049
HASH_ROUTE token=18 layer=9 children=649,767,808,921 grandchildren=6491,7674,8085,9214
HASH_ROUTE token=18 layer=10 children=351,677,335,196 grandchildren=3513,6777,3357,1960
HASH_ROUTE token=18 layer=11 children=472,350,435,153 grandchildren=4726,3501,4350,1537
HASH_ROUTE token=18 layer=12 children=506,635,619,528 grandchildren=5065,6357,6196,5282
HASH_ROUTE token=18 layer=13 children=517,30,508,832 grandchildren=5170,308,5080,8329
HASH_ROUTE token=18 layer=14 children=978,813,179,1087 grandchildren=9781,8135,1795,10878
HASH_ROUTE token=18 layer=15 children=1029,1078,1095,1016 grandchildren=10290,10787,10956,10165
HASH_ROUTE token=18 layer=16 children=338,650,18,1139 grandchildren=3388,6508,186,11394
HASH_ROUTE token=18 layer=17 children=594,527,507,587 grandchildren=5944,5273,5073,5870
HASH_ROUTE token=18 layer=18 children=685,841,762,528 grandchildren=6859,8417,7624,5282
HASH_ROUTE token=18 layer=19 children=1265,941,789,466 grandchildren=12659,9414,7893,4663
HASH_ROUTE token=18 layer=20 children=317,474,792,264 grandchildren=3176,4749,7923,2641
HASH_ROUTE token=18 layer=21 children=72,715,555,35 grandchildren=722,7156,5553,356
HASH_ROUTE token=18 layer=22 children=307,295,171,245 grandchildren=3079,2954,1712,2459
HASH_ROUTE token=18 layer=23 children=125,928,25,1083 grandchildren=1255,9285,253,10838
HASH_ROUTE token=19 layer=0 children=150,950,5,806 grandchildren=1508,9505,51,8062
HASH_ROUTE token=19 layer=1 children=496,500,569,975 grandchildren=4963,5003,5692,9757
HASH_ROUTE token=19 layer=2 children=765,773,705,659 grandchildren=7656,7734,7052,6595
HASH_ROUTE token=19 layer=3 children=855,897,216,536 grandchildren=8550,8973,2168,5360
HASH_ROUTE token=19 layer=4 children=237,180,259,294 grandchildren=2372,1809,2590,2940
HASH_ROUTE token=19 layer=5 children=844,865,364,388 grandchildren=8440,8656,3649,3887
HASH_ROUTE token=19 layer=6 children=431,351,417,1076 grandchildren=4319,3515,4171,10762
HASH_ROUTE token=19 layer=7 children=408,245,369,80 grandchildren=4086,2454,3696,800
HASH_ROUTE token=19 layer=8 children=1264,308,624,1104 grandchildren=12648,3085,6247,11041
HASH_ROUTE token=19 layer=9 children=763,734,799,283 grandchildren=7632,7340,7994,2831
HASH_ROUTE token=19 layer=10 children=642,650,671,322 grandchildren=6424,6501,6711,3225
HASH_ROUTE token=19 layer=11 children=1136,657,1162,1219 grandchildren=11368,6579,11629,12195
HASH_ROUTE token=19 layer=12 children=668,1145,185,799 grandchildren=6682,11458,1858,7995
HASH_ROUTE token=19 layer=13 children=1255,616,133,298 grandchildren=12556,6162,1336,2986
HASH_ROUTE token=19 layer=14 children=674,196,833,357 grandchildren=6741,1966,8337,3578
HASH_ROUTE token=19 layer=15 children=1090,1105,450,460 grandchildren=10905,11058,4508,4601
HASH_ROUTE token=19 layer=16 children=417,1212,895,427 grandchildren=4170,12125,8953,4274
HASH_ROUTE token=19 layer=17 children=594,486,532,613 grandchildren=5941,4861,5328,6139
HASH_ROUTE token=19 layer=18 children=726,1207,719,568 grandchildren=7267,12070,7194,5681
HASH_ROUTE token=19 layer=19 children=789,1266,644,462 grandchildren=7892,12666,6446,4620
HASH_ROUTE token=19 layer=20 children=704,229,1021,744 grandchildren=7049,2297,10216,7446
HASH_ROUTE token=19 layer=21 children=72,41,33,50 grandchildren=721,418,336,504
HASH_ROUTE token=19 layer=22 children=428,464,391,269 grandchildren=4283,4642,3916,2691
HASH_ROUTE token=19 layer=23 children=20,508,824,108 grandchildren=207,5082,8248,1086
HASH_ROUTE token=20 layer=0 children=1002,202,365,961 grandchildren=10027,2020,3653,9619
HASH_ROUTE token=20 layer=1 children=280,244,444,278 grandchildren=2809,2447,4443,2782
HASH_ROUTE token=20 layer=2 children=656,334,495,696 grandchildren=6561,3344,4959,6962
HASH_ROUTE token=20 layer=3 children=771,931,669,133 grandchildren=7717,9316,6693,1338
HASH_ROUTE token=20 layer=4 children=294,261,193,318 grandchildren=2948,2610,1939,3185
HASH_ROUTE token=20 layer=5 children=1179,1275,1123,1166 grandchildren=11796,12753,11235,11666
HASH_ROUTE token=20 layer=6 children=671,779,654,734 grandchildren=6715,7792,6548,7349
HASH_ROUTE token=20 layer=7 children=80,67,563,240 grandchildren=806,670,5635,2402
HASH_ROUTE token=20 layer=8 children=140,100,1106,621 grandchildren=1402,1007,11060,6210
HASH_ROUTE token=20 layer=9 children=925,762,289,835 grandchildren=9258,7627,2895,8352
HASH_ROUTE token=20 layer=10 children=914,899,437,830 grandchildren=9141,8996,4374,8308
HASH_ROUTE token=20 layer=11 children=1211,1206,257,242 grandchildren=12119,12062,2579,2424
HASH_ROUTE token=20 layer=12 children=1045,1200,984,1145 grandchildren=10453,12006,9847,11455
HASH_ROUTE token=20 layer=13 children=511,34,192,997 grandchildren=5114,347,1921,9974
HASH_ROUTE token=20 layer=14 children=261,429,288,192 grandchildren=2612,4292,2880,1925
HASH_ROUTE token=20 layer=15 children=976,1133,1098,1251 grandchildren=9769,11338,10982,12515
HASH_ROUTE token=20 layer=16 children=373,401,332,412 grandchildren=3737,4013,3322,4123
HASH_ROUTE token=20 layer=17 children=594,437,521,533 grandchildren=5948,4371,5210,5331
HASH_ROUTE token=20 layer=18 children=710,1033,237,393 grandchildren=7108,10336,2370,3933
HASH_ROUTE token=20 layer=19 children=789,1269,145,672 grandchildren=7891,12696,1450,6722
HASH_ROUTE token=20 layer=20 children=792,704,470,387 grandchildren=7923,7044,4704,3877
HASH_ROUTE token=20 layer=21 children=290,930,300,949 grandchildren=2901,9306,3006,9490
HASH_ROUTE token=20 layer=22 children=339,389,428,459 grandchildren=3396,3890,4280,4599
HASH_ROUTE token=20 layer=23 children=449,606,416,579 grandchildren=4496,6063,4163,5798
HASH_ROUTE token=21 layer=0 children=153,50,72,65 grandchildren=1539,503,728,655
HASH_ROUTE token=21 layer=1 children=175,297,333,653 grandchildren=1753,2972,3331,6535
HASH_ROUTE token=21 layer=2 children=1061,424,905,1225 grandchildren=10613,4245,9058,12250
HASH_ROUTE token=21 layer=3 children=106,68,18,900 grandchildren=1069,684,189,9008
HASH_ROUTE token=21 layer=4 children=186,294,312,194 grandchildren=1866,2944,3124,1941
HASH_ROUTE token=21 layer=5 children=1274,1213,1179,1130 grandchildren=12748,12133,11798,11307
HASH_ROUTE token=21 layer=6 children=129,448,765,280 grandchildren=1294,4486,7656,2802
HASH_ROUTE token=21 layer=7 children=137,934,617,456 grandchildren=1370,9344,6174,4568
HASH_ROUTE token=21 layer=8 children=1110,953,314,1274 grandchildren=11108,9531,3140,12740
HASH_ROUTE token=21 layer=9 children=955,314,897,913 grandchildren=9554,3145,8970,9138
HASH_ROUTE token=21 layer=10 children=1145,347,180,1244 grandchildren=11457,3473,1808,12441
HASH_ROUTE token=21 layer=11 children=24,1142,30,1156 grandchildren=241,11420,304,11566
HASH_ROUTE token=21 layer=12 children=374,327,219,478 grandchildren=3747,3271,2190,4785
HASH_ROUTE token=21 layer=13 children=148,786,943,463 grandchildren=1485,7867,9436,4630
HASH_ROUTE token=21 layer=14 children=777,696,616,537 grandchildren=7776,6969,6167,5379
HASH_ROUTE token=21 layer=15 children=995,1024,1040,839 grandchildren=9958,10242,10408,8397
HASH_ROUTE token=21 layer=16 children=431,365,346,1076 grandchildren=4316,3655,3465,10763
HASH_ROUTE token=21 layer=17 children=981,349,509,188 grandchildren=9814,3495,5094,1884
HASH_ROUTE token=21 layer=18 children=325,380,364,964 grandchildren=3258,3802,3641,9643
HASH_ROUTE token=21 layer=19 children=606,446,523,120 grandchildren=6061,4466,5235,1207
HASH_ROUTE token=21 layer=20 children=766,730,667,642 grandchildren=7669,7302,6679,6423
HASH_ROUTE token=21 layer=21 children=1030,552,870,236 grandchildren=10306,5525,8704,2368
HASH_ROUTE token=21 layer=22 children=265,178,102,13 grandchildren=2658,1784,1028,135
HASH_ROUTE token=21 layer=23 children=945,620,820,861 grandchildren=9458,6205,8209,8617
HASH_ROUTE token=22 layer=0 children=755,649,779,713 grandchildren=7556,6493,7795,7135
HASH_ROUTE token=22 layer=1 children=527,689,504,663 grandchildren=5274,6895,5045,6638
HASH_ROUTE token=22 layer=2 children=352,830,36,991 grandchildren=3528,8301,363,9911
HASH_ROUTE token=22 layer=3 children=623,613,535,554 grandchildren=6237,6132,5356,5544
HASH_ROUTE token=22 layer=4 children=465,434,1260,452 grandchildren=4658,4342,12600,4521
HASH_ROUTE token=22 layer=5 children=320,809,963,168 grandchildren=3205,8098,9632,1689
HASH_ROUTE token=22 layer=6 children=461,785,620,946 grandchildren=4610,7851,6200,9462
HASH_ROUTE token=22 layer=7 children=148,99,38,621 grandchildren=1486,996,388,6213
HASH_ROUTE token=22 layer=8 children=1014,697,1100,786 grandchildren=10145,6975,11005,7868
HASH_ROUTE token=22 layer=9 children=131,55,938,156 grandchildren=1319,552,9385,1565
HASH_ROUTE token=22 layer=10 children=616,626,540,587 grandchildren=6168,6268,5409,5876
HASH_ROUTE token=22 layer=11 children=916,1077,866,753 grandchildren=9162,10778,8669,7532
HASH_ROUTE token=22 layer=12 children=359,839,1151,512 grandchildren=3595,8390,11512,5128
HASH_ROUTE token=22 layer=13 children=324,167,489,361 grandchildren=3240,1670,4897,3611
HASH_ROUTE token=22 layer=14 children=1102,1264,1096,947 grandchildren=11027,12646,10966,9479
HASH_ROUTE token=22 layer=15 children=767,127,1080,678 grandchildren=7670,1273,10800,6781
HASH_ROUTE token=22 layer=16 children=921,600,889,124 grandchildren=9219,6008,8898,1243
HASH_ROUTE token=22 layer=17 children=893,954,801,91 grandchildren=8937,9542,8012,918
HASH_ROUTE token=22 layer=18 children=740,1226,268,721 grandchildren=7409,12267,2688,7217
HASH_ROUTE token=22 layer=19 children=322,647,1121,482 grandchildren=3223,6478,11212,4827
HASH_ROUTE token=22 layer=20 children=1264,309,1223,786 grandchildren=12642,3091,12236,7861
HASH_ROUTE token=22 layer=21 children=1180,1238,700,65 grandchildren=11807,12385,7003,658
HASH_ROUTE token=22 layer=22 children=939,295,1090,772 grandchildren=9394,2955,10909,7728
HASH_ROUTE token=22 layer=23 children=109,45,71,261 grandchildren=1098,450,713,2611
HASH_ROUTE token=23 layer=0 children=441,322,414,927 grandchildren=4410,3223,4145,9276
HASH_ROUTE token=23 layer=1 children=879,909,233,937 grandchildren=8791,9099,2331,9374
HASH_ROUTE token=23 layer=2 children=48,117,144,842 grandchildren=480,1170,1449,8425
HASH_ROUTE token=23 layer=3 children=618,554,525,497 grandchildren=6185,5548,5258,4975
HASH_ROUTE token=23 layer=4 children=261,312,164,194 grandchildren=2610,3126,1642,1949
HASH_ROUTE token=23 layer=5 children=1212,1174,252,892 grandchildren=12128,11744,2526,8920
HASH_ROUTE token=23 layer=6 children=725,681,1204,761 grandchildren=7257,6816,12044,7619
HASH_ROUTE token=23 layer=7 children=137,52,773,692 grandchildren=1374,526,7730,6923
HASH_ROUTE token=23 layer=8 children=950,1117,794,823 grandchildren=9504,11178,7943,8238
HASH_ROUTE token=23 layer=9 children=257,314,1219,1277 grandchildren=2573,3142,12194,12770
HASH_ROUTE token=23 layer=10 children=662,1140,676,722 grandchildren=6626,11402,6763,7225
HASH_ROUTE token=23 layer=11 children=61,1,52,40 grandchildren=619,13,525,402
HASH_ROUTE token=23 layer=12 children=803,322,1124,480 grandchildren=8033,3222,11243,4808
HASH_ROUTE token=23 layer=13 children=143,84,98,782 grandchildren=1431,849,980,7821
HASH_ROUTE token=23 layer=14 children=520,200,840,614 grandchildren=5204,2008,8407,6147
HASH_ROUTE token=23 layer=15 children=357,415,338,398 grandchildren=3570,4157,3384,3984
HASH_ROUTE token=23 layer=16 children=1092,456,1083,771 grandchildren=10920,4565,10839,7710
HASH_ROUTE token=23 layer=17 children=1204,1127,1230,1189 grandchildren=12046,11275,12304,11899
HASH_ROUTE token=23 layer=18 children=203,44,364,1006 grandchildren=2034,442,3649,10060
HASH_ROUTE token=23 layer=19 children=305,941,267,903 grandchildren=3056,9411,2676,9036
HASH_ROUTE token=23 layer=20 children=357,1155,349,1147 grandchildren=3578,11550,3490,11471
HASH_ROUTE token=23 layer=21 children=70,130,60,101 grandchildren=708,1300,602,1017
HASH_ROUTE token=23 layer=22 children=178,254,282,495 grandchildren=1785,2544,2827,4950
HASH_ROUTE token=23 layer=23 children=179,245,972,1042 grandchildren=1795,2452,9722,10420
HASH_ROUTE token=24 layer=0 children=857,925,936,842 grandchildren=8571,9253,9366,8428
HASH_ROUTE token=24 layer=1 children=298,453,130,938 grandchildren=2980,4532,1306,9389
HASH_ROUTE token=24 layer=2 children=896,817,418,739 grandchildren=8965,8178,4183,7391
HASH_ROUTE token=24 layer=3 children=936,775,299,616 grandchildren=9366,7757,2994,6166
HASH_ROUTE token=24 layer=4 children=259,220,294,164 grandchildren=2593,2206,2942,1644
HASH_ROUTE token=24 layer=5 children=418,377,897,858 grandchildren=4183,3777,8972,8586
HASH_ROUTE token=24 layer=6 children=251,410,200,367 grandchildren=2511,4100,2006,3672
HASH_ROUTE token=24 layer=7 children=126,13,137,51 grandchildren=1269,131,1375,513
HASH_ROUTE token=24 layer=8 children=953,919,942,314 grandchildren=9534,9194,9429,3149
HASH_ROUTE token=24 layer=9 children=892,801,852,573 grandchildren=8926,8019,8526,5735
HASH_ROUTE token=24 layer=10 children=1149,982,188,349 grandchildren=11496,9829,1881,3496
HASH_ROUTE token=24 layer=11 children=56,34,695,115 grandchildren=568,341,6951,1155
HASH_ROUTE token=24 layer=12 children=487,1125,594,586 grandchildren=4875,11256,5943,5866
HASH_ROUTE token=24 layer=13 children=148,783,88,944 grandchildren=1487,7837,887,9445
HASH_ROUTE token=24 layer=14 children=880,565,242,905 grandchildren=8800,5655,2421,9053
HASH_ROUTE token=24 layer=15 children=972,991,1112,338 grandchildren=9723,9915,11128,3384
HASH_ROUTE token=24 layer=16 children=432,368,390,459 grandchildren=4329,3688,3903,4596
HASH_ROUTE token=24 layer=17 children=981,509,1022,542 grandchildren=9817,5098,10229,5424
HASH_ROUTE token=24 layer=18 children=1024,1094,1033,1084 grandchildren=10241,10947,10333,10846
HASH_ROUTE token=24 layer=19 children=312,162,237,216 grandchildren=3125,1629,2371,2166
HASH_ROUTE token=24 layer=20 children=985,1073,994,342 grandchildren=9852,10730,9942,3425
HASH_ROUTE token=24 layer=21 children=899,410,254,99 grandchildren=8996,4103,2545,997
HASH_ROUTE token=24 layer=22 children=268,1065,742,312 grandchildren=2689,10659,7421,3121
HASH_ROUTE token=24 layer=23 children=756,694,1073,684 grandchildren=7566,6943,10734,6841
HASH_ROUTE token=25 layer=0 children=932,949,911,805 grandchildren=9327,9495,9113,8051
HASH_ROUTE token=25 layer=1 children=458,336,772,295 grandchildren=4583,3368,7727,2956
HASH_ROUTE token=25 layer=2 children=358,448,366,330 grandchildren=3583,4485,3667,3305
HASH_ROUTE token=25 layer=3 children=775,933,676,1093 grandchildren=7756,9334,6762,10938
HASH_ROUTE token=25 layer=4 children=135,290,459,938 grandchildren=1358,2909,4595,9381
HASH_ROUTE token=25 layer=5 children=913,844,809,435 grandchildren=9136,8448,8092,4351
HASH_ROUTE token=25 layer=6 children=739,418,786,461 grandchildren=7399,4183,7865,4612
HASH_ROUTE token=25 layer=7 children=435,1075,597,113 grandchildren=4355,10754,5976,1137
HASH_ROUTE token=25 layer=8 children=42,86,137,148 grandchildren=425,862,1375,1487
HASH_ROUTE token=25 layer=9 children=633,953,471,156 grandchildren=6331,9530,4715,1567
HASH_ROUTE token=25 layer=10 children=1262,1189,1232,1274 grandchildren=12627,11893,12320,12741
HASH_ROUTE token=25 layer=11 children=797,630,472,157 grandchildren=7970,6302,4728,1570
HASH_ROUTE token=25 layer=12 children=1146,1151,1178,1228 grandchildren=11466,11518,11781,12281
HASH_ROUTE token=25 layer=13 children=769,650,787,608 grandchildren=7692,6500,7879,6086
HASH_ROUTE token=25 layer=14 children=864,542,69,225 grandchildren=8641,5424,698,2253
HASH_ROUTE token=25 layer=15 children=126,54,1246,30 grandchildren=1262,540,12462,302
HASH_ROUTE token=25 layer=16 children=428,419,331,395 grandchildren=4284,4198,3319,3956
HASH_ROUTE token=25 layer=17 children=591,622,521,553 grandchildren=5913,6220,5213,5530
HASH_ROUTE token=25 layer=18 children=943,307,782,1107 grandchildren=9430,3073,7825,11071
HASH_ROUTE token=25 layer=19 children=944,783,300,1100 grandchildren=9448,7838,3003,11004
HASH_ROUTE token=25 layer=20 children=224,269,254,288 grandchildren=2241,2699,2541,2880
HASH_ROUTE token=25 layer=21 children=81,76,37,728 grandchildren=814,764,376,7281
HASH_ROUTE token=25 layer=22 children=170,288,333,813 grandchildren=1701,2881,3334,8138
HASH_ROUTE token=25 layer=23 children=103,125,72,21 grandchildren=1037,1251,728,210
HASH_ROUTE token=26 layer=0 children=326,367,421,642 grandchildren=3267,3674,4213,6426
HASH_ROUTE token=26 layer=1 children=779,297,135,455 grandchildren=7798,2975,1356,4551
HASH_ROUTE token=26 layer=2 children=748,108,674,37 grandchildren=7480,1081,6743,372
HASH_ROUTE token=26 layer=3 children=1093,130,291,616 grandchildren=10934,1301,2916,6166
HASH_ROUTE token=26 layer=4 children=776,298,660,130 grandchildren=7763,2989,6607,1301
HASH_ROUTE token=26 layer=5 children=913,435,597,270 grandchildren=9130,4354,5975,2705
HASH_ROUTE token=26 layer=6 children=1102,1115,1060,1052 grandchildren=11024,11157,10601,10527
HASH_ROUTE token=26 layer=7 children=1005,1042,1073,360 grandchildren=10054,10423,10736,3606
HASH_ROUTE token=26 layer=8 children=489,520,616,805 grandchildren=4894,5209,6166,8054
HASH_ROUTE token=26 layer=9 children=118,44,156,750 grandchildren=1182,449,1564,7503
HASH_ROUTE token=26 layer=10 children=1048,1086,1058,1075 grandchildren=10487,10864,10583,10753
HASH_ROUTE token=26 layer=11 children=897,734,908,1058 grandchildren=8972,7348,9089,10586
HASH_ROUTE token=26 layer=12 children=545,1186,863,555 grandchildren=5453,11861,8634,5555
HASH_ROUTE token=26 layer=13 children=1260,626,1246,469 grandchildren=12602,6264,12468,4697
HASH_ROUTE token=26 layer=14 children=880,928,835,939 grandchildren=8809,9282,8357,9391
HASH_ROUTE token=26 layer=15 children=1246,762,444,126 grandchildren=12460,7623,4447,1263
HASH_ROUTE token=26 layer=16 children=380,324,428,419 grandchildren=3801,3245,4280,4198
HASH_ROUTE token=26 layer=17 children=591,609,527,622 grandchildren=5919,6090,5277,6226
HASH_ROUTE token=26 layer=18 children=280,241,304,184 grandchildren=2804,2416,3040,1844
HASH_ROUTE token=26 layer=19 children=300,949,1100,199 grandchildren=3007,9499,11006,1994
HASH_ROUTE token=26 layer=20 children=224,269,258,288 grandchildren=2245,2691,2586,2884
HASH_ROUTE token=26 layer=21 children=785,718,949,870 grandchildren=7853,7180,9497,8702
HASH_ROUTE token=26 layer=22 children=283,232,170,312 grandchildren=2830,2329,1709,3124
HASH_ROUTE token=26 layer=23 children=23,48,103,114 grandchildren=232,488,1034,1145
HASH_ROUTE token=27 layer=0 children=955,846,932,901 grandchildren=9553,8462,9321,9014
HASH_ROUTE token=27 layer=1 children=295,779,615,172 grandchildren=2956,7796,6151,1726
HASH_ROUTE token=27 layer=2 children=350,366,994,196 grandchildren=3504,3663,9944,1964
HASH_ROUTE token=27 layer=3 children=18,973,66,336 grandchildren=181,9731,663,3367
HASH_ROUTE token=27 layer=4 children=665,776,189,294 grandchildren=6654,7760,1899,2943
HASH_ROUTE token=27 layer=5 children=525,597,45,114 grandchildren=5257,5977,450,1148
HASH_ROUTE token=27 layer=6 children=416,353,468,475 grandchildren=4165,3537,4683,4754
HASH_ROUTE token=27 layer=7 children=360,409,48,437 grandchildren=3601,4090,486,4370
HASH_ROUTE token=27 layer=8 children=520,843,481,490 grandchildren=5201,8437,4810,4905
HASH_ROUTE token=27 layer=9 children=246,311,187,882 grandchildren=2462,3114,1874,8825
HASH_ROUTE token=27 layer=10 children=962,1044,976,1127 grandchildren=9620,10449,9761,11274
HASH_ROUTE token=27 layer=11 children=17,65,118,655 grandchildren=171,658,1187,6559
HASH_ROUTE token=27 layer=12 children=546,631,485,533 grandchildren=5467,6318,4851,5332
HASH_ROUTE token=27 layer=13 children=628,784,461,596 grandchildren=6287,7846,4612,5967
HASH_ROUTE token=27 layer=14 children=881,862,814,568 grandchildren=8815,8626,8140,5682
HASH_ROUTE token=27 layer=15 children=994,832,1153,673 grandchildren=9941,8329,11536,6738
HASH_ROUTE token=27 layer=16 children=1065,428,1058,419 grandchildren=10657,4280,10583,4190
HASH_ROUTE token=27 layer=17 children=504,594,545,530 grandchildren=5043,5940,5451,5308
HASH_ROUTE token=27 layer=18 children=1260,1249,1274,949 grandchildren=12606,12491,12747,9496
HASH_ROUTE token=27 layer=19 children=787,300,1108,744 grandchildren=7877,3004,11082,7449
HASH_ROUTE token=27 layer=20 children=318,264,289,251 grandchildren=3188,2645,2895,2519
HASH_ROUTE token=27 layer=21 children=72,718,152,799 grandchildren=725,7189,1525,7998
HASH_ROUTE token=27 layer=22 children=302,170,288,317 grandchildren=3021,1704,2886,3174
HASH_ROUTE token=27 layer=23 children=72,103,551,1037 grandchildren=723,1036,5514,10378
HASH_ROUTE token=28 layer=0 children=846,801,937,955 grandchildren=8465,8017,9379,9559
HASH_ROUTE token=28 layer=1 children=660,744,184,501 grandchildren=6603,7447,1844,5012
HASH_ROUTE token=28 layer=2 children=358,420,196,443 grandchildren=3584,4208,1966,4432
HASH_ROUTE token=28 layer=3 children=610,778,548,506 grandchildren=6102,7784,5484,5062
HASH_ROUTE token=28 layer=4 children=294,135,938,182 grandchildren=2945,1358,9388,1826
HASH_ROUTE token=28 layer=5 children=520,591,44,844 grandchildren=5201,5913,447,8440
HASH_ROUTE token=28 layer=6 children=468,358,418,786 grandchildren=4683,3582,4185,7869
HASH_ROUTE token=28 layer=7 children=514,625,528,591 grandchildren=5143,6259,5280,5917
HASH_ROUTE token=28 layer=8 children=48,843,7,525 grandchildren=485,8439,79,5258
HASH_ROUTE token=28 layer=9 children=632,611,478,536 grandchildren=6329,6110,4781,5363
HASH_ROUTE token=28 layer=10 children=1026,1112,1064,1098 grandchildren=10268,11120,10642,10987
HASH_ROUTE token=28 layer=11 children=37,671,150,794 grandchildren=378,6714,1506,7943
HASH_ROUTE token=28 layer=12 children=506,527,181,206 grandchildren=5065,5271,1818,2066
HASH_ROUTE token=28 layer=13 children=631,316,1276,628 grandchildren=6313,3160,12768,6285
HASH_ROUTE token=28 layer=14 children=30,14,127,117 grandchildren=309,141,1277,1178
HASH_ROUTE token=28 layer=15 children=432,1073,1239,386 grandchildren=4325,10738,12391,3865
HASH_ROUTE token=28 layer=16 children=1065,1032,1020,428 grandchildren=10652,10322,10204,4288
HASH_ROUTE token=28 layer=17 children=591,633,521,507 grandchildren=5918,6333,5218,5076
HASH_ROUTE token=28 layer=18 children=284,307,763,789 grandchildren=2840,3075,7637,7897
HASH_ROUTE token=28 layer=19 children=948,833,300,197 grandchildren=9485,8338,3001,1971
HASH_ROUTE token=28 layer=20 children=288,269,254,224 grandchildren=2888,2694,2543,2241
HASH_ROUTE token=28 layer=21 children=81,727,79,35 grandchildren=815,7276,794,355
HASH_ROUTE token=28 layer=22 children=813,498,926,607 grandchildren=8130,4989,9266,6074
HASH_ROUTE token=28 layer=23 children=1055,93,1084,986 grandchildren=10559,933,10844,9868
HASH_ROUTE token=29 layer=0 children=847,955,805,944 grandchildren=8472,9554,8054,9444
HASH_ROUTE token=29 layer=1 children=200,175,261,297 grandchildren=2007,1753,2612,2976
HASH_ROUTE token=29 layer=2 children=350,1158,410,339 grandchildren=3500,11584,4100,3393
HASH_ROUTE token=29 layer=3 children=130,64,610,291 grandchildren=1305,645,6101,2914
HASH_ROUTE token=29 layer=4 children=135,935,21,828 grandchildren=1359,9355,210,8285
HASH_ROUTE token=29 layer=5 children=364,435,844,916 grandchildren=3644,4358,8449,9161
HASH_ROUTE token=29 layer=6 children=1102,462,946,1115 grandchildren=11027,4623,9463,11155
HASH_ROUTE token=29 layer=7 children=1042,81,409,562 grandchildren=10422,810,4095,5623
HASH_ROUTE token=29 layer=8 children=487,575,522,557 grandchildren=4879,5750,5220,5574
HASH_ROUTE token=29 layer=9 children=156,959,112,14 grandchildren=1564,9592,1128,148
HASH_ROUTE token=29 layer=10 children=1049,1202,1079,727 grandchildren=10494,12028,10796,7277
HASH_ROUTE token=29 layer=11 children=93,145,575,30 grandchildren=934,1454,5759,307
HASH_ROUTE token=29 layer=12 children=506,181,522,559 grandchildren=5065,1819,5221,5594
HASH_ROUTE token=29 layer=13 children=626,551,633,568 grandchildren=6268,5515,6339,5683
HASH_ROUTE token=29 layer=14 children=562,613,623,884 grandchildren=5620,6133,6231,8844
HASH_ROUTE token=29 layer=15 children=1246,602,444,762 grandchildren=12462,6025,4441,7625
HASH_ROUTE token=29 layer=16 children=421,419,1065,398 grandchildren=4213,4191,10650,3987
HASH_ROUTE token=29 layer=17 children=591,549,527,553 grandchildren=5918,5492,5277,5537
HASH_ROUTE token=29 layer=18 children=280,928,768,440 grandchildren=2809,9288,7683,4402
HASH_ROUTE token=29 layer=19 children=948,300,833,197 grandchildren=9482,3006,8333,1973
HASH_ROUTE token=29 layer=20 children=288,254,224,762 grandchildren=2888,2542,2248,7629
HASH_ROUTE token=29 layer=21 children=81,728,882,34 grandchildren=817,7286,8820,348
HASH_ROUTE token=29 layer=22 children=607,499,123,281 grandchildren=6076,4996,1233,2812
HASH_ROUTE token=29 layer=23 children=1055,1084,1001,1061 grandchildren=10553,10841,10012,10619
HASH_ROUTE token=30 layer=0 children=955,845,917,851 grandchildren=9559,8451,9175,8511
HASH_ROUTE token=30 layer=1 children=209,294,364,259 grandchildren=2098,2946,3646,2590
HASH_ROUTE token=30 layer=2 children=354,425,323,405 grandchildren=3543,4258,3238,4059
HASH_ROUTE token=30 layer=3 children=452,775,1095,936 grandchildren=4525,7759,10957,9361
HASH_ROUTE token=30 layer=4 children=985,184,665,1092 grandchildren=9858,1840,6654,10923
HASH_ROUTE token=30 layer=5 children=1215,891,99,1179 grandchildren=12155,8917,997,11794
HASH_ROUTE token=30 layer=6 children=678,735,353,993 grandchildren=6786,7359,3533,9939
HASH_ROUTE token=30 layer=7 children=1209,402,240,1043 grandchildren=12095,4028,2403,10438
HASH_ROUTE token=30 layer=8 children=1166,1266,1000,1109 grandchildren=11668,12662,10005,11091
HASH_ROUTE token=30 layer=9 children=542,607,869,509 grandchildren=5427,6077,8692,5090
HASH_ROUTE token=30 layer=10 children=677,32,798,1155 grandchildren=6777,325,7986,11559
HASH_ROUTE token=30 layer=11 children=338,18,657,819 grandchildren=3387,180,6573,8192
HASH_ROUTE token=30 layer=12 children=1048,984,1207,1005 grandchildren=10480,9845,12079,10053
HASH_ROUTE token=30 layer=13 children=780,704,736,944 grandchildren=7808,7044,7366,9443
HASH_ROUTE token=30 layer=14 children=330,11,493,177 grandchildren=3306,116,4936,1778
HASH_ROUTE token=30 layer=15 children=1150,1185,1172,670 grandchildren=11507,11856,11726,6707
HASH_ROUTE token=30 layer=16 children=489,541,648,967 grandchildren=4899,5419,6486,9678
HASH_ROUTE token=30 layer=17 children=594,627,535,609 grandchildren=5942,6277,5352,6093
HASH_ROUTE token=30 layer=18 children=821,959,506,633 grandchildren=8210,9594,5064,6333
HASH_ROUTE token=30 layer=19 children=783,667,464,732 grandchildren=7836,6678,4648,7321
HASH_ROUTE token=30 layer=20 children=1252,458,1194,1214 grandchildren=12528,4586,11942,12149
HASH_ROUTE token=30 layer=21 children=72,555,143,1194 grandchildren=720,5554,1435,11942
HASH_ROUTE token=30 layer=22 children=301,312,627,636 grandchildren=3011,3123,6276,6365
HASH_ROUTE token=30 layer=23 children=568,602,559,579 grandchildren=5685,6022,5591,5796
HASH_ROUTE token=31 layer=0 children=955,847,917,944 grandchildren=9553,8470,9173,9444
HASH_ROUTE token=31 layer=1 children=297,459,131,209 grandchildren=2975,4592,1316,2096
HASH_ROUTE token=31 layer=2 children=924,764,855,1248 grandchildren=9243,7643,8551,12485
HASH_ROUTE token=31 layer=3 children=44,207,1008,521 grandchildren=444,2074,10084,5213
HASH_ROUTE token=31 layer=4 children=299,135,161,1097 grandchildren=2996,1354,1615,10979
HASH_ROUTE token=31 layer=5 children=1130,1188,1251,1191 grandchildren=11308,11881,12519,11918
HASH_ROUTE token=31 layer=6 children=1162,684,1153,369 grandchildren=11621,6846,11536,3696
HASH_ROUTE token=31 layer=7 children=61,544,47,528 grandchildren=613,5442,474,5284
HASH_ROUTE token=31 layer=8 children=1264,624,465,1252 grandchildren=12641,6241,4655,12523
HASH_ROUTE token=31 layer=9 children=880,566,958,630 grandchildren=8809,5662,9585,6302
HASH_ROUTE token=31 layer=10 children=36,837,354,1157 grandchildren=363,8375,3546,11570
HASH_ROUTE token=31 layer=11 children=1204,560,245,1184 grandchildren=12048,5604,2459,11840
HASH_ROUTE token=31 layer=12 children=400,1047,1206,383 grandchildren=4003,10476,12064,3838
HASH_ROUTE token=31 layer=13 children=148,19,785,34 grandchildren=1483,199,7859,341
HASH_ROUTE token=31 layer=14 children=104,67,11,262 grandchildren=1042,676,116,2625
HASH_ROUTE token=31 layer=15 children=700,758,1186,546 grandchildren=7001,7584,11863,5467
HASH_ROUTE token=31 layer=16 children=1216,1128,1187,1195 grandchildren=12163,11280,11875,11957
HASH_ROUTE token=31 layer=17 children=594,495,544,613 grandchildren=5943,4950,5441,6137
HASH_ROUTE token=31 layer=18 children=1271,1206,1191,794 grandchildren=12710,12066,11916,7945
HASH_ROUTE token=31 layer=19 children=788,690,686,641 grandchildren=7885,6909,6864,6418
HASH_ROUTE token=31 layer=20 children=1274,318,1138,1121 grandchildren=12741,3180,11387,11215
HASH_ROUTE token=31 layer=21 children=718,1194,870,72 grandchildren=7183,11943,8704,726
HASH_ROUTE token=31 layer=22 children=499,631,623,972 grandchildren=4991,6317,6232,9728
HASH_ROUTE token=31 layer=23 children=503,577,580,20 grandchildren=5030,5779,5802,203
HASH_ROUTE token=32 layer=0 children=153,53,72,65 grandchildren=1535,538,720,656
HASH_ROUTE token=32 layer=1 children=175,297,333,659 grandchildren=1757,2979,3331,6599
HASH_ROUTE token=32 layer=2 children=1061,1225,424,901 grandchildren=10615,12259,4246,9013
HASH_ROUTE token=32 layer=3 children=106,68,18,900 grandchildren=1065,681,183,9004
HASH_ROUTE token=32 layer=4 children=186,299,311,229 grandchildren=1867,2993,3118,2296
HASH_ROUTE token=32 layer=5 children=1210,1272,1174,1130 grandchildren=12104,12720,11742,11304
HASH_ROUTE token=32 layer=6 children=126,442,765,288 grandchildren=1262,4426,7655,2881
HASH_ROUTE token=32 layer=7 children=931,137,617,459 grandchildren=9317,1377,6179,4597
HASH_ROUTE token=32 layer=8 children=1110,953,314,1040 grandchildren=11100,9533,3142,10407
HASH_ROUTE token=32 layer=9 children=955,314,897,913 grandchildren=9550,3146,8978,9134
HASH_ROUTE token=32 layer=10 children=347,1147,180,449 grandchildren=3479,11478,1807,4491
HASH_ROUTE token=32 layer=11 children=24,1142,32,1154 grandchildren=240,11428,322,11548
HASH_ROUTE token=32 layer=12 children=378,327,478,219 grandchildren=3780,3279,4780,2198
HASH_ROUTE token=32 layer=13 children=148,782,944,463 grandchildren=1485,7826,9447,4631
HASH_ROUTE token=32 layer=14 children=777,696,616,537 grandchildren=7776,6968,6162,5373
HASH_ROUTE token=32 layer=15 children=995,831,1024,1040 grandchildren=9957,8311,10249,10400
HASH_ROUTE token=32 layer=16 children=431,365,346,1076 grandchildren=4315,3659,3467,10766
HASH_ROUTE token=32 layer=17 children=981,188,1144,509 grandchildren=9812,1886,11441,5090
HASH_ROUTE token=32 layer=18 children=320,380,364,454 grandchildren=3206,3808,3648,4540
HASH_ROUTE token=32 layer=19 children=606,446,120,523 grandchildren=6068,4461,1202,5234
HASH_ROUTE token=32 layer=20 children=766,734,642,779 grandchildren=7666,7341,6427,7795
HASH_ROUTE token=32 layer=21 children=1030,552,870,236 grandchildren=10301,5525,8701,2362
HASH_ROUTE token=32 layer=22 children=333,178,13,652 grandchildren=3338,1781,133,6520
HASH_ROUTE token=32 layer=23 children=909,583,945,820 grandchildren=9097,5834,9452,8204
HASH_ROUTE token=33 layer=0 children=755,649,779,713 grandchildren=7558,6498,7791,7130
HASH_ROUTE token=33 layer=1 children=527,689,504,663 grandchildren=5272,6897,5040,6638
HASH_ROUTE token=33 layer=2 children=352,830,36,991 grandchildren=3529,8300,367,9913
HASH_ROUTE token=33 layer=3 children=623,613,535,554 grandchildren=6236,6137,5355,5544
HASH_ROUTE token=33 layer=4 children=465,434,1260,452 grandchildren=4650,4342,12607,4524
HASH_ROUTE token=33 layer=5 children=320,809,963,168 grandchildren=3200,8092,9635,1689
HASH_ROUTE token=33 layer=6 children=461,785,620,946 grandchildren=4619,7857,6207,9466
HASH_ROUTE token=33 layer=7 children=148,99,38,621 grandchildren=1481,994,380,6216
HASH_ROUTE token=33 layer=8 children=1014,697,1100,786 grandchildren=10146,6977,11008,7867
HASH_ROUTE token=33 layer=9 children=131,55,938,156 grandchildren=1315,550,9388,1563
HASH_ROUTE token=33 layer=10 children=616,626,540,587 grandchildren=6167,6264,5406,5870
HASH_ROUTE token=33 layer=11 children=916,1077,866,753 grandchildren=9169,10774,8663,7536
HASH_ROUTE token=33 layer=12 children=359,839,1151,512 grandchildren=3595,8397,11516,5125
HASH_ROUTE token=33 layer=13 children=324,167,489,361 grandchildren=3243,1675,4890,3617
HASH_ROUTE token=33 layer=14 children=1102,1264,1096,947 grandchildren=11020,12646,10961,9470
HASH_ROUTE token=33 layer=15 children=767,127,1080,678 grandchildren=7677,1274,10808,6785
HASH_ROUTE token=33 layer=16 children=921,600,889,124 grandchildren=9211,6002,8894,1244
HASH_ROUTE token=33 layer=17 children=893,954,801,91 grandchildren=8934,9545,8015,914
HASH_ROUTE token=33 layer=18 children=740,1226,268,721 grandchildren=7408,12261,2680,7217
HASH_ROUTE token=33 layer=19 children=322,647,1121,482 grandchildren=3224,6471,11214,4823
HASH_ROUTE token=33 layer=20 children=1264,309,1223,786 grandchildren=12641,3099,12234,7868
HASH_ROUTE token=33 layer=21 children=1180,1238,700,65 grandchildren=11800,12386,7005,655
HASH_ROUTE token=33 layer=22 children=939,295,1090,772 grandchildren=9393,2952,10908,7724
HASH_ROUTE token=33 layer=23 children=109,45,71,261 grandchildren=1090,451,715,2611
HASH_ROUTE token=34 layer=0 children=153,65,475,955 grandchildren=1539,656,4756,9556
HASH_ROUTE token=34 layer=1 children=205,297,180,244 grandchildren=2053,2970,1808,2449
HASH_ROUTE token=34 layer=2 children=402,883,569,1205 grandchildren=4022,8836,5698,12056
HASH_ROUTE token=34 layer=3 children=1112,976,152,1099 grandchildren=11127,9768,1526,10994
HASH_ROUTE token=34 layer=4 children=180,292,199,827 grandchildren=1803,2924,1994,8278
HASH_ROUTE token=34 layer=5 children=289,307,446,462 grandchildren=2892,3074,4464,4623
HASH_ROUTE token=34 layer=6 children=766,680,725,673 grandchildren=7661,6803,7253,6734
HASH_ROUTE token=34 layer=7 children=617,779,139,935 grandchildren=6174,7793,1394,9357
HASH_ROUTE token=34 layer=8 children=1043,1091,1028,1012 grandchildren=10438,10910,10286,10121
HASH_ROUTE token=34 layer=9 children=897,1212,837,731 grandchildren=8978,12125,8378,7311
HASH_ROUTE token=34 layer=10 children=242,1044,275,723 grandchildren=2428,10445,2757,7233
HASH_ROUTE token=34 layer=11 children=51,533,1172,102 grandchildren=512,5337,11726,1028
HASH_ROUTE token=34 layer=12 children=322,1,645,1125 grandchildren=3229,19,6457,11252
HASH_ROUTE token=34 layer=13 children=782,1269,943,727 grandchildren=7826,12696,9438,7270
HASH_ROUTE token=34 layer=14 children=632,580,562,959 grandchildren=6320,5806,5626,9592
HASH_ROUTE token=34 layer=15 children=983,1015,973,1098 grandchildren=9836,10156,9733,10980
HASH_ROUTE token=34 layer=16 children=361,325,426,347 grandchildren=3617,3254,4267,3473
HASH_ROUTE token=34 layer=17 children=589,1060,261,524 grandchildren=5899,10607,2619,5245
HASH_ROUTE token=34 layer=18 children=812,492,909,585 grandchildren=8128,4921,9095,5853
HASH_ROUTE token=34 layer=19 children=642,729,781,685 grandchildren=6425,7294,7818,6854
HASH_ROUTE token=34 layer=20 children=918,111,438,857 grandchildren=9185,1113,4380,8577
HASH_ROUTE token=34 layer=21 children=13,76,43,973 grandchildren=137,762,436,9736
HASH_ROUTE token=34 layer=22 children=170,168,267,334 grandchildren=1709,1685,2671,3344
HASH_ROUTE token=34 layer=23 children=44,39,123,142 grandchildren=446,395,1230,1428
HASH_ROUTE token=35 layer=0 children=446,364,322,378 grandchildren=4461,3645,3220,3781
HASH_ROUTE token=35 layer=1 children=184,22,209,293 grandchildren=1849,224,2090,2939
HASH_ROUTE token=35 layer=2 children=1009,974,1069,1022 grandchildren=10091,9748,10690,10220
HASH_ROUTE token=35 layer=3 children=1227,106,260,584 grandchildren=12271,1063,2606,5843
HASH_ROUTE token=35 layer=4 children=322,360,411,451 grandchildren=3224,3605,4117,4511
HASH_ROUTE token=35 layer=5 children=1173,1212,1227,1276 grandchildren=11733,12120,12276,12767
HASH_ROUTE token=35 layer=6 children=249,725,1209,204 grandchildren=2493,7252,12090,2044
HASH_ROUTE token=35 layer=7 children=52,129,137,28 grandchildren=526,1293,1370,284
HASH_ROUTE token=35 layer=8 children=844,953,918,942 grandchildren=8448,9532,9180,9427
HASH_ROUTE token=35 layer=9 children=310,151,958,632 grandchildren=3105,1514,9584,6325
HASH_ROUTE token=35 layer=10 children=756,1231,706,778 grandchildren=7561,12318,7060,7789
HASH_ROUTE token=35 layer=11 children=691,681,58,41 grandchildren=6919,6819,583,415
HASH_ROUTE token=35 layer=12 children=212,304,531,206 grandchildren=2120,3043,5319,2065
HASH_ROUTE token=35 layer=13 children=88,91,75,39 grandchildren=880,919,754,395
HASH_ROUTE token=35 layer=14 children=770,937,764,691 grandchildren=7702,9370,7648,6918
HASH_ROUTE token=35 layer=15 children=758,115,794,156 grandchildren=7587,1157,7943,1561
HASH_ROUTE token=35 layer=16 children=386,412,360,63 grandchildren=3866,4120,3605,631
HASH_ROUTE token=35 layer=17 children=1143,981,661,188 grandchildren=11433,9814,6619,1889
HASH_ROUTE token=35 layer=18 children=819,1134,499,970 grandchildren=8195,11343,4998,9702
HASH_ROUTE token=35 layer=19 children=19,652,39,679 grandchildren=191,6523,399,6797
HASH_ROUTE token=35 layer=20 children=185,248,264,255 grandchildren=1850,2482,2644,2559
HASH_ROUTE token=35 layer=21 children=411,1216,320,463 grandchildren=4114,12163,3202,4637
HASH_ROUTE token=35 layer=22 children=414,459,375,441 grandchildren=4146,4597,3752,4412
HASH_ROUTE token=35 layer=23 children=307,232,266,1108 grandchildren=3074,2324,2662,11082
HASH_ROUTE token=36 layer=0 children=120,50,42,106 grandchildren=1202,505,424,1066
HASH_ROUTE token=36 layer=1 children=246,175,727,652 grandchildren=2467,1751,7278,6527
HASH_ROUTE token=36 layer=2 children=538,573,499,548 grandchildren=5382,5735,4998,5480
HASH_ROUTE token=36 layer=3 children=102,11,66,1228 grandchildren=1025,119,664,12280
HASH_ROUTE token=36 layer=4 children=318,198,222,177 grandchildren=3187,1981,2229,1778
HASH_ROUTE token=36 layer=5 children=1132,1269,1192,1173 grandchildren=11326,12693,11923,11738
HASH_ROUTE token=36 layer=6 children=42,204,687,1164 grandchildren=425,2042,6877,11642
HASH_ROUTE token=36 layer=7 children=650,334,812,645 grandchildren=6500,3341,8128,6453
HASH_ROUTE token=36 layer=8 children=527,613,45,133 grandchildren=5270,6132,450,1337
HASH_ROUTE token=36 layer=9 children=896,1214,259,834 grandchildren=8964,12149,2591,8347
HASH_ROUTE token=36 layer=10 children=1047,242,727,889 grandchildren=10475,2423,7273,8893
HASH_ROUTE token=36 layer=11 children=674,515,690,531 grandchildren=6745,5157,6904,5315
HASH_ROUTE token=36 layer=12 children=129,80,27,762 grandchildren=1295,807,271,7621
HASH_ROUTE token=36 layer=13 children=491,656,172,14 grandchildren=4910,6563,1727,149
HASH_ROUTE token=36 layer=14 children=955,1114,936,901 grandchildren=9555,11148,9366,9014
HASH_ROUTE token=36 layer=15 children=993,1000,1095,1014 grandchildren=9936,10006,10957,10146
HASH_ROUTE token=36 layer=16 children=1210,898,417,250 grandchildren=12104,8980,4172,2508
HASH_ROUTE token=36 layer=17 children=983,666,503,1059 grandchildren=9836,6669,5031,10590
HASH_ROUTE token=36 layer=18 children=355,443,381,373 grandchildren=3555,4437,3818,3735
HASH_ROUTE token=36 layer=19 children=760,722,687,796 grandchildren=7602,7220,6877,7968
HASH_ROUTE token=36 layer=20 children=51,111,12,130 grandchildren=514,1110,123,1303
HASH_ROUTE token=36 layer=21 children=72,13,126,109 grandchildren=724,136,1260,1098
HASH_ROUTE token=36 layer=22 children=261,247,231,420 grandchildren=2611,2471,2312,4204
HASH_ROUTE token=36 layer=23 children=144,948,1109,118 grandchildren=1449,9486,11093,1182
HASH_ROUTE token=37 layer=0 children=5,41,960,1007 grandchildren=56,419,9604,10073
HASH_ROUTE token=37 layer=1 children=183,171,311,297 grandchildren=1837,1717,3114,2973
HASH_ROUTE token=37 layer=2 children=655,702,332,739 grandchildren=6558,7027,3328,7397
HASH_ROUTE token=37 layer=3 children=779,1254,290,452 grandchildren=7794,12543,2904,4523
HASH_ROUTE token=37 layer=4 children=292,179,165,189 grandchildren=2921,1793,1655,1899
HASH_ROUTE token=37 layer=5 children=891,842,901,577 grandchildren=8919,8423,9014,5773
HASH_ROUTE token=37 layer=6 children=714,735,673,668 grandchildren=7141,7356,6739,6688
HASH_ROUTE token=37 layer=7 children=137,20,83,49 grandchildren=1371,205,832,491
HASH_ROUTE token=37 layer=8 children=153,1273,149,1266 grandchildren=1531,12738,1494,12669
HASH_ROUTE token=37 layer=9 children=862,700,220,547 grandchildren=8621,7009,2203,5472
HASH_ROUTE token=37 layer=10 children=386,446,357,321 grandchildren=3867,4460,3572,3214
HASH_ROUTE token=37 layer=11 children=1207,1158,1214,1184 grandchildren=12078,11584,12141,11840
HASH_ROUTE token=37 layer=12 children=1163,1002,1145,685 grandchildren=11639,10021,11453,6859
HASH_ROUTE token=37 layer=13 children=670,738,774,760 grandchildren=6704,7381,7749,7600
HASH_ROUTE token=37 layer=14 children=617,592,482,298 grandchildren=6170,5922,4824,2985
HASH_ROUTE token=37 layer=15 children=1246,1239,762,1273 grandchildren=12460,12391,7625,12732
HASH_ROUTE token=37 layer=16 children=172,655,300,213 grandchildren=1721,6553,3000,2133
HASH_ROUTE token=37 layer=17 children=507,987,484,343 grandchildren=5078,9876,4841,3435
HASH_ROUTE token=37 layer=18 children=1194,1177,1135,1033 grandchildren=11945,11777,11356,10333
HASH_ROUTE token=37 layer=19 children=679,355,660,341 grandchildren=6795,3559,6604,3416
HASH_ROUTE token=37 layer=20 children=313,1112,206,229 grandchildren=3135,11124,2062,2294
HASH_ROUTE token=37 layer=21 children=75,555,1194,718 grandchildren=753,5551,11947,7181
HASH_ROUTE token=37 layer=22 children=464,347,329,945 grandchildren=4642,3478,3299,9455
HASH_ROUTE token=37 layer=23 children=593,118,534,1077 grandchildren=5937,1180,5347,10771
HASH_ROUTE token=38 layer=0 children=245,218,281,89 grandchildren=2458,2180,2819,894
HASH_ROUTE token=38 layer=1 children=421,454,335,436 grandchildren=4212,4545,3353,4362
HASH_ROUTE token=38 layer=2 children=1229,1133,740,1126 grandchildren=12296,11330,7406,11261
HASH_ROUTE token=38 layer=3 children=931,942,1099,1101 grandchildren=9313,9426,10990,11019
HASH_ROUTE token=38 layer=4 children=169,295,246,259 grandchildren=1695,2957,2465,2596
HASH_ROUTE token=38 layer=5 children=915,438,851,110 grandchildren=9153,4384,8514,1100
HASH_ROUTE token=38 layer=6 children=337,397,320,433 grandchildren=3373,3977,3209,4335
HASH_ROUTE token=38 layer=7 children=49,144,528,628 grandchildren=492,1447,5284,6287
HASH_ROUTE token=38 layer=8 children=802,1120,846,1166 grandchildren=8028,11202,8467,11668
HASH_ROUTE token=38 layer=9 children=729,882,696,708 grandchildren=7291,8820,6968,7086
HASH_ROUTE token=38 layer=10 children=471,155,334,350 grandchildren=4713,1553,3349,3506
HASH_ROUTE token=38 layer=11 children=1135,1207,1214,1187 grandchildren=11351,12076,12141,11872
HASH_ROUTE token=38 layer=12 children=1149,1275,1227,820 grandchildren=11491,12753,12279,8209
HASH_ROUTE token=38 layer=13 children=289,278,124,118 grandchildren=2890,2787,1248,1188
HASH_ROUTE token=38 layer=14 children=582,901,630,952 grandchildren=5829,9012,6300,9526
HASH_ROUTE token=38 layer=15 children=762,920,677,832 grandchildren=7624,9207,6775,8323
HASH_ROUTE token=38 layer=16 children=171,497,213,534 grandchildren=1712,4978,2131,5346
HASH_ROUTE token=38 layer=17 children=824,347,913,433 grandchildren=8247,3473,9133,4335
HASH_ROUTE token=38 layer=18 children=527,605,485,552 grandchildren=5273,6053,4854,5525
HASH_ROUTE token=38 layer=19 children=780,145,744,767 grandchildren=7800,1459,7447,7676
HASH_ROUTE token=38 layer=20 children=470,315,354,195 grandchildren=4700,3157,3549,1955
HASH_ROUTE token=38 layer=21 children=712,680,1039,668 grandchildren=7121,6808,10397,6685
HASH_ROUTE token=38 layer=22 children=16,0,51,136 grandchildren=169,1,516,1368
HASH_ROUTE token=38 layer=23 children=885,838,856,82 grandchildren=8857,8381,8563,820
HASH_ROUTE token=39 layer=0 children=441,375,394,349 grandchildren=4417,3752,3941,3497
HASH_ROUTE token=39 layer=1 children=361,345,420,374 grandchildren=3616,3454,4200,3742
HASH_ROUTE token=39 layer=2 children=600,446,760,516 grandchildren=6004,4461,7601,5160
HASH_ROUTE token=39 layer=3 children=1214,892,1055,739 grandchildren=12140,8928,10555,7397
HASH_ROUTE token=39 layer=4 children=906,266,854,888 grandchildren=9061,2660,8544,8885
HASH_ROUTE token=39 layer=5 children=920,605,958,1244 grandchildren=9202,6051,9585,12441
HASH_ROUTE token=39 layer=6 children=798,683,470,363 grandchildren=7983,6835,4705,3630
HASH_ROUTE token=39 layer=7 children=169,176,187,1127 grandchildren=1693,1764,1872,11277
HASH_ROUTE token=39 layer=8 children=848,949,874,951 grandchildren=8480,9495,8748,9519
HASH_ROUTE token=39 layer=9 children=920,768,933,774 grandchildren=9200,7685,9330,7740
HASH_ROUTE token=39 layer=10 children=1059,1079,737,759 grandchildren=10590,10796,7378,7593
HASH_ROUTE token=39 layer=11 children=722,87,1204,1042 grandchildren=7229,879,12041,10424
HASH_ROUTE token=39 layer=12 children=669,761,723,183 grandchildren=6698,7612,7238,1832
HASH_ROUTE token=39 layer=13 children=17,338,491,970 grandchildren=178,3382,4918,9707
HASH_ROUTE token=39 layer=14 children=442,429,458,407 grandchildren=4423,4295,4586,4077
HASH_ROUTE token=39 layer=15 children=472,793,152,1117 grandchildren=4721,7933,1522,11177
HASH_ROUTE token=39 layer=16 children=1261,1176,1138,1216 grandchildren=12614,11766,11383,12163
HASH_ROUTE token=39 layer=17 children=1008,995,1029,987 grandchildren=10087,9954,10299,9878
HASH_ROUTE token=39 layer=18 children=1169,1189,847,1256 grandchildren=11690,11894,8470,12569
HASH_ROUTE token=39 layer=19 children=667,783,708,1144 grandchildren=6672,7834,7081,11445
HASH_ROUTE token=39 layer=20 children=218,314,1017,225 grandchildren=2189,3149,10171,2258
HASH_ROUTE token=39 layer=21 children=872,718,72,1035 grandchildren=8724,7184,729,10358
HASH_ROUTE token=39 layer=22 children=423,269,447,460 grandchildren=4235,2694,4471,4602
HASH_ROUTE token=39 layer=23 children=729,88,765,563 grandchildren=7292,886,7652,5637
HASH_ROUTE token=40 layer=0 children=209,166,278,217 grandchildren=2096,1668,2784,2179
HASH_ROUTE token=40 layer=1 children=902,921,833,262 grandchildren=9024,9219,8337,2621
HASH_ROUTE token=40 layer=2 children=264,588,905,172 grandchildren=2644,5885,9053,1723
HASH_ROUTE token=40 layer=3 children=373,851,354,836 grandchildren=3735,8514,3549,8367
HASH_ROUTE token=40 layer=4 children=775,294,130,747 grandchildren=7755,2944,1302,7477
HASH_ROUTE token=40 layer=5 children=434,378,397,342 grandchildren=4346,3789,3976,3422
HASH_ROUTE token=40 layer=6 children=1195,715,1181,1217 grandchildren=11952,7154,11818,12171
HASH_ROUTE token=40 layer=7 children=657,708,11,491 grandchildren=6577,7085,115,4917
HASH_ROUTE token=40 layer=8 children=258,1211,184,1141 grandchildren=2582,12117,1842,11419
HASH_ROUTE token=40 layer=9 children=921,958,801,821 grandchildren=9218,9585,8015,8213
HASH_ROUTE token=40 layer=10 children=724,753,775,709 grandchildren=7242,7533,7751,7099
HASH_ROUTE token=40 layer=11 children=995,1098,1013,1037 grandchildren=9950,10985,10132,10376
HASH_ROUTE token=40 layer=12 children=501,541,1145,635 grandchildren=5016,5416,11451,6356
HASH_ROUTE token=40 layer=13 children=630,629,486,519 grandchildren=6302,6299,4869,5196
HASH_ROUTE token=40 layer=14 children=866,1020,909,221 grandchildren=8663,10206,9090,2216
HASH_ROUTE token=40 layer=15 children=1237,1246,599,602 grandchildren=12379,12468,5997,6025
HASH_ROUTE token=40 layer=16 children=391,556,439,718 grandchildren=3916,5560,4398,7180
HASH_ROUTE token=40 layer=17 children=486,530,507,545 grandchildren=4869,5301,5079,5459
HASH_ROUTE token=40 layer=18 children=781,1266,660,791 grandchildren=7814,12663,6600,7913
HASH_ROUTE token=40 layer=19 children=764,787,678,652 grandchildren=7647,7872,6781,6521
HASH_ROUTE token=40 layer=20 children=313,254,470,413 grandchildren=3131,2543,4707,4139
HASH_ROUTE token=40 layer=21 children=1198,76,230,559 grandchildren=11984,765,2304,5593
HASH_ROUTE token=40 layer=22 children=301,622,460,268 grandchildren=3017,6224,4608,2684
HASH_ROUTE token=40 layer=23 children=535,507,596,480 grandchildren=5359,5078,5965,4801
HASH_ROUTE token=41 layer=0 children=477,360,1272,150 grandchildren=4779,3609,12726,1506
HASH_ROUTE token=41 layer=1 children=297,457,282,443 grandchildren=2972,4574,2826,4430
HASH_ROUTE token=41 layer=2 children=753,740,698,730 grandchildren=7530,7407,6983,7300
HASH_ROUTE token=41 layer=3 children=308,273,183,141 grandchildren=3086,2738,1830,1413
HASH_ROUTE token=41 layer=4 children=266,109,215,52 grandchildren=2662,1092,2154,522
HASH_ROUTE token=41 layer=5 children=378,478,434,850 grandchildren=3787,4780,4346,8509
HASH_ROUTE token=41 layer=6 children=429,479,903,953 grandchildren=4290,4799,9034,9534
HASH_ROUTE token=41 layer=7 children=208,198,680,528 grandchildren=2084,1987,6809,5283
HASH_ROUTE token=41 layer=8 children=103,145,3,52 grandchildren=1032,1455,37,522
HASH_ROUTE token=41 layer=9 children=852,923,938,813 grandchildren=8529,9230,9381,8131
HASH_ROUTE token=41 layer=10 children=969,1096,1128,1251 grandchildren=9692,10969,11287,12517
HASH_ROUTE token=41 layer=11 children=1214,1059,418,1238 grandchildren=12140,10595,4182,12387
HASH_ROUTE token=41 layer=12 children=1240,1148,1212,1199 grandchildren=12403,11482,12129,11994
HASH_ROUTE token=41 layer=13 children=756,596,438,118 grandchildren=7562,5961,4380,1180
HASH_ROUTE token=41 layer=14 children=588,612,632,901 grandchildren=5884,6124,6327,9019
HASH_ROUTE token=41 layer=15 children=1041,978,1086,1091 grandchildren=10412,9781,10861,10918
HASH_ROUTE token=41 layer=16 children=218,171,690,1172 grandchildren=2181,1716,6900,11723
HASH_ROUTE token=41 layer=17 children=987,506,1004,521 grandchildren=9875,5061,10044,5214
HASH_ROUTE token=41 layer=18 children=440,1243,762,921 grandchildren=4408,12433,7623,9217
HASH_ROUTE token=41 layer=19 children=789,678,1262,732 grandchildren=7893,6784,12626,7327
HASH_ROUTE token=41 layer=20 children=318,632,194,470 grandchildren=3184,6329,1940,4704
HASH_ROUTE token=41 layer=21 children=874,943,826,76 grandchildren=8744,9436,8268,766
HASH_ROUTE token=41 layer=22 children=795,749,158,1110 grandchildren=7951,7493,1586,11105
HASH_ROUTE token=41 layer=23 children=751,697,765,729 grandchildren=7517,6975,7651,7290
HASH_ROUTE token=42 layer=0 children=150,318,477,7 grandchildren=1509,3187,4776,73
HASH_ROUTE token=42 layer=1 children=240,174,200,187 grandchildren=2404,1742,2006,1871
HASH_ROUTE token=42 layer=2 children=1162,1137,1249,1214 grandchildren=11620,11372,12490,12142
HASH_ROUTE token=42 layer=3 children=774,679,930,686 grandchildren=7746,6798,9305,6868
HASH_ROUTE token=42 layer=4 children=185,296,165,254 grandchildren=1851,2968,1657,2545
HASH_ROUTE token=42 layer=5 children=1212,1256,1195,1166 grandchildren=12123,12560,11950,11661
HASH_ROUTE token=42 layer=6 children=736,765,714,671 grandchildren=7360,7658,7141,6719
HASH_ROUTE token=42 layer=7 children=456,441,134,125 grandchildren=4567,4415,1341,1253
HASH_ROUTE token=42 layer=8 children=1272,1161,1266,1255 grandchildren=12727,11615,12666,12557
HASH_ROUTE token=42 layer=9 children=1142,821,183,1277 grandchildren=11423,8210,1833,12773
HASH_ROUTE token=42 layer=10 children=358,477,459,1153 grandchildren=3588,4779,4592,11535
HASH_ROUTE token=42 layer=11 children=37,58,99,670 grandchildren=370,580,995,6700
HASH_ROUTE token=42 layer=12 children=253,280,205,192 grandchildren=2531,2805,2056,1920
HASH_ROUTE token=42 layer=13 children=772,616,675,739 grandchildren=7727,6166,6751,7396
HASH_ROUTE token=42 layer=14 children=613,598,605,483 grandchildren=6132,5981,6059,4839
HASH_ROUTE token=42 layer=15 children=1177,1159,1232,1210 grandchildren=11771,11595,12323,12100
HASH_ROUTE token=42 layer=16 children=301,247,253,234 grandchildren=3018,2472,2534,2341
HASH_ROUTE token=42 layer=17 children=507,666,576,532 grandchildren=5078,6666,5760,5320
HASH_ROUTE token=42 layer=18 children=432,376,352,443 grandchildren=4324,3762,3525,4438
HASH_ROUTE token=42 layer=19 children=651,783,709,760 grandchildren=6511,7839,7094,7604
HASH_ROUTE token=42 layer=20 children=296,166,239,289 grandchildren=2963,1667,2391,2896
HASH_ROUTE token=42 layer=21 children=1266,142,1248,125 grandchildren=12665,1428,12482,1250
HASH_ROUTE token=42 layer=22 children=804,161,488,322 grandchildren=8044,1616,4886,3222
HASH_ROUTE token=42 layer=23 children=245,85,261,108 grandchildren=2452,850,2612,1082
HASH_ROUTE token=43 layer=0 children=153,50,72,65 grandchildren=1532,509,727,655
HASH_ROUTE token=43 layer=1 children=175,297,333,653 grandchildren=1752,2973,3333,6533
HASH_ROUTE token=43 layer=2 children=905,427,581,1061 grandchildren=9053,4272,5817,10612
HASH_ROUTE token=43 layer=3 children=106,68,18,900 grandchildren=1064,681,184,9009
HASH_ROUTE token=43 layer=4 children=186,299,312,194 grandchildren=1862,2995,3124,1943
HASH_ROUTE token=43 layer=5 children=1210,1272,1179,1130 grandchildren=12104,12728,11791,11309
HASH_ROUTE token=43 layer=6 children=129,448,760,280 grandchildren=1292,4486,7600,2800
HASH_ROUTE token=43 layer=7 children=931,137,617,459 grandchildren=9319,1378,6176,4591
HASH_ROUTE token=43 layer=8 children=1110,953,314,1043 grandchildren=11109,9539,3143,10431
HASH_ROUTE token=43 layer=9 children=955,897,913,314 grandchildren=9556,8975,9135,3143
HASH_ROUTE token=43 layer=10 children=347,1147,180,446 grandchildren=3476,11470,1808,4468
HASH_ROUTE token=43 layer=11 children=24,1142,32,1151 grandchildren=241,11426,326,11519
HASH_ROUTE token=43 layer=12 children=374,327,219,478 grandchildren=3744,3273,2199,4782
HASH_ROUTE token=43 layer=13 children=148,786,943,463 grandchildren=1488,7868,9437,4636
HASH_ROUTE token=43 layer=14 children=777,693,792,616 grandchildren=7773,6936,7927,6160
HASH_ROUTE token=43 layer=15 children=995,1024,831,1040 grandchildren=9952,10244,8319,10406
HASH_ROUTE token=43 layer=16 children=431,365,346,1076 grandchildren=4310,3659,3469,10766
HASH_ROUTE token=43 layer=17 children=981,188,346,509 grandchildren=9814,1889,3464,5090
HASH_ROUTE token=43 layer=18 children=320,382,364,454 grandchildren=3201,3829,3646,4548
HASH_ROUTE token=43 layer=19 children=606,440,120,523 grandchildren=6061,4404,1209,5234
HASH_ROUTE token=43 layer=20 children=766,642,743,779 grandchildren=7667,6422,7430,7793
HASH_ROUTE token=43 layer=21 children=1030,552,870,236 grandchildren=10304,5529,8707,2364
HASH_ROUTE token=43 layer=22 children=179,266,13,656 grandchildren=1792,2669,138,6560
HASH_ROUTE token=43 layer=23 children=945,624,906,143 grandchildren=9454,6241,9061,1434
HASH_ROUTE token=44 layer=0 children=755,649,779,713 grandchildren=7553,6493,7797,7138
HASH_ROUTE token=44 layer=1 children=527,689,504,663 grandchildren=5273,6891,5040,6638
HASH_ROUTE token=44 layer=2 children=352,830,36,991 grandchildren=3529,8301,367,9911
HASH_ROUTE token=44 layer=3 children=623,613,535,554 grandchildren=6230,6139,5353,5541
HASH_ROUTE token=44 layer=4 children=465,434,1260,452 grandchildren=4657,4341,12601,4523
HASH_ROUTE token=44 layer=5 children=320,809,963,168 grandchildren=3203,8097,9631,1686
HASH_ROUTE token=44 layer=6 children=461,785,620,946 grandchildren=4617,7850,6202,9462
HASH_ROUTE token=44 layer=7 children=148,99,38,621 grandchildren=1484,995,385,6219
HASH_ROUTE token=44 layer=8 children=1014,697,1100,786 grandchildren=10140,6976,11003,7861
HASH_ROUTE token=44 layer=9 children=131,55,938,156 grandchildren=1315,556,9388,1567
HASH_ROUTE token=44 layer=10 children=616,626,540,587 grandchildren=6166,6260,5401,5874
HASH_ROUTE token=44 layer=11 children=916,1077,866,753 grandchildren=9160,10771,8668,7539
HASH_ROUTE token=44 layer=12 children=359,839,1151,512 grandchildren=3594,8391,11519,5120
HASH_ROUTE token=44 layer=13 children=324,167,489,361 grandchildren=3243,1670,4896,3610
HASH_ROUTE token=44 layer=14 children=1102,1264,1096,947 grandchildren=11021,12648,10966,9478
HASH_ROUTE token=44 layer=15 children=767,127,1080,678 grandchildren=7676,1279,10804,6781
HASH_ROUTE token=44 layer=16 children=921,600,889,124 grandchildren=9215,6006,8892,1245
HASH_ROUTE token=44 layer=17 children=893,954,801,91 grandchildren=8930,9543,8017,914
HASH_ROUTE token=44 layer=18 children=740,1226,268,721 grandchildren=7409,12262,2684,7212
HASH_ROUTE token=44 layer=19 children=322,647,1121,482 grandchildren=3220,6476,11219,4827
HASH_ROUTE token=44 layer=20 children=1264,309,1223,786 grandchildren=12643,3093,12233,7860
HASH_ROUTE token=44 layer=21 children=1180,1238,700,65 grandchildren=11800,12389,7006,652
HASH_ROUTE token=44 layer=22 children=939,295,1090,772 grandchildren=9398,2951,10904,7729
HASH_ROUTE token=44 layer=23 children=109,45,71,261 grandchildren=1092,457,719,2615
HASH_ROUTE token=45 layer=0 children=153,65,475,955 grandchildren=1531,658,4755,9553
HASH_ROUTE token=45 layer=1 children=205,297,180,244 grandchildren=2058,2971,1808,2447
HASH_ROUTE token=45 layer=2 children=402,883,569,1205 grandchildren=4024,8831,5696,12053
HASH_ROUTE token=45 layer=3 children=1112,976,152,1099 grandchildren=11120,9769,1525,10996
HASH_ROUTE token=45 layer=4 children=180,292,199,827 grandchildren=1801,2923,1999,8278
HASH_ROUTE token=45 layer=5 children=289,307,446,462 grandchildren=2898,3079,4462,4622
HASH_ROUTE token=45 layer=6 children=766,680,725,673 grandchildren=7666,6805,7251,6732
HASH_ROUTE token=45 layer=7 children=617,779,139,935 grandchildren=6174,7790,1398,9351
HASH_ROUTE token=45 layer=8 children=1043,1091,1028,1012 grandchildren=10438,10910,10286,10125
HASH_ROUTE token=45 layer=9 children=897,1212,837,731 grandchildren=8978,12123,8378,7317
HASH_ROUTE token=45 layer=10 children=242,1044,275,723 grandchildren=2422,10448,2752,7232
HASH_ROUTE token=45 layer=11 children=51,533,1172,102 grandchildren=510,5339,11724,1023
HASH_ROUTE token=45 layer=12 children=322,1,645,1125 grandchildren=3220,13,6455,11253
HASH_ROUTE token=45 layer=13 children=782,1269,943,727 grandchildren=7822,12694,9437,7278
HASH_ROUTE token=45 layer=14 children=632,580,562,959 grandchildren=6329,5806,5627,9592
HASH_ROUTE token=45 layer=15 children=983,1015,973,1098 grandchildren=9830,10151,9732,10981
HASH_ROUTE token=45 layer=16 children=361,325,426,347 grandchildren=3616,3252,4261,3472
HASH_ROUTE token=45 layer=17 children=589,1060,261,524 grandchildren=5897,10605,2616,5249
HASH_ROUTE token=45 layer=18 children=812,492,909,585 grandchildren=8128,4921,9094,5852
HASH_ROUTE token=45 layer=19 children=642,729,781,685 grandchildren=6424,7298,7816,6851
HASH_ROUTE token=45 layer=20 children=918,111,438,857 grandchildren=9185,1112,4380,8578
HASH_ROUTE token=45 layer=21 children=13,76,43,973 grandchildren=130,761,434,9738
HASH_ROUTE token=45 layer=22 children=170,168,267,334 grandchildren=1708,1685,2674,3345
HASH_ROUTE token=45 layer=23 children=44,39,123,142 grandchildren=440,395,1239,1429
HASH_ROUTE token=46 layer=0 children=446,364,322,378 grandchildren=4465,3641,3222,3781
HASH_ROUTE token=46 layer=1 children=184,22,209,293 grandchildren=1848,223,2098,2938
HASH_ROUTE token=46 layer=2 children=1009,974,1069,1022 grandchildren=10093,9747,10698,10227
HASH_ROUTE token=46 layer=3 children=1227,106,260,584 grandchildren=12277,1065,2606,5843
HASH_ROUTE token=46 layer=4 children=322,360,411,451 grandchildren=3227,3602,4117,4510
HASH_ROUTE token=46 layer=5 children=1173,1212,1227,1276 grandchildren=11739,12124,12271,12765
HASH_ROUTE token=46 layer=6 children=249,725,1209,204 grandchildren=2496,7253,12099,2040
HASH_ROUTE token=46 layer=7 children=52,129,137,28 grandchildren=523,1297,1379,282
HASH_ROUTE token=46 layer=8 children=844,953,918,942 grandchildren=8444,9538,9188,9427
HASH_ROUTE token=46 layer=9 children=310,151,958,632 grandchildren=3103,1513,9581,6329
HASH_ROUTE token=46 layer=10 children=756,1231,706,778 grandchildren=7566,12311,7062,7781
HASH_ROUTE token=46 layer=11 children=691,681,58,41 grandchildren=6919,6818,587,410
HASH_ROUTE token=46 layer=12 children=212,304,531,206 grandchildren=2128,3046,5317,2065
HASH_ROUTE token=46 layer=13 children=88,91,75,39 grandchildren=885,916,752,395
HASH_ROUTE token=46 layer=14 children=770,937,764,691 grandchildren=7705,9378,7640,6919
HASH_ROUTE token=46 layer=15 children=758,115,794,156 grandchildren=7584,1158,7942,1568
HASH_ROUTE token=46 layer=16 children=386,412,360,63 grandchildren=3860,4123,3607,638
HASH_ROUTE token=46 layer=17 children=1143,981,661,188 grandchildren=11432,9817,6611,1882
HASH_ROUTE token=46 layer=18 children=819,1134,499,970 grandchildren=8199,11342,4995,9708
HASH_ROUTE token=46 layer=19 children=19,652,39,679 grandchildren=197,6525,398,6798
HASH_ROUTE token=46 layer=20 children=185,248,264,255 grandchildren=1851,2483,2643,2556
HASH_ROUTE token=46 layer=21 children=411,1216,320,463 grandchildren=4119,12165,3200,4632
HASH_ROUTE token=46 layer=22 children=414,459,375,441 grandchildren=4144,4593,3759,4418
HASH_ROUTE token=46 layer=23 children=307,232,266,1108 grandchildren=3079,2320,2667,11081
HASH_ROUTE token=47 layer=0 children=120,50,42,106 grandchildren=1207,505,421,1063
HASH_ROUTE token=47 layer=1 children=246,175,727,652 grandchildren=2465,1753,7279,6522
HASH_ROUTE token=47 layer=2 children=538,573,499,548 grandchildren=5388,5738,4999,5480
HASH_ROUTE token=47 layer=3 children=102,11,66,1228 grandchildren=1026,118,660,12289
HASH_ROUTE token=47 layer=4 children=318,198,222,177 grandchildren=3182,1987,2221,1777
HASH_ROUTE token=47 layer=5 children=1132,1269,1192,1173 grandchildren=11322,12699,11927,11732
HASH_ROUTE token=47 layer=6 children=42,204,687,1164 grandchildren=420,2041,6877,11647
HASH_ROUTE token=47 layer=7 children=650,334,812,645 grandchildren=6501,3346,8127,6454
HASH_ROUTE token=47 layer=8 children=527,613,45,133 grandchildren=5270,6138,457,1333
HASH_ROUTE token=47 layer=9 children=896,1214,259,834 grandchildren=8964,12141,2598,8344
HASH_ROUTE token=47 layer=10 children=1047,242,727,889 grandchildren=10479,2421,7272,8891
HASH_ROUTE token=47 layer=11 children=674,515,690,531 grandchildren=6748,5156,6903,5310
HASH_ROUTE token=47 layer=12 children=129,80,27,762 grandchildren=1290,805,275,7624
HASH_ROUTE token=47 layer=13 children=491,656,172,14 grandchildren=4918,6560,1726,143
HASH_ROUTE token=47 layer=14 children=955,1114,936,901 grandchildren=9553,11141,9365,9015
HASH_ROUTE token=47 layer=15 children=993,1000,1095,1014 grandchildren=9933,10005,10954,10146
HASH_ROUTE token=47 layer=16 children=1210,898,417,250 grandchildren=12107,8988,4175,2504
HASH_ROUTE token=47 layer=17 children=983,666,503,1059 grandchildren=9830,6666,5031,10594
HASH_ROUTE token=47 layer=18 children=355,443,381,373 grandchildren=3553,4437,3813,3732
HASH_ROUTE token=47 layer=19 children=760,722,687,796 grandchildren=7603,7227,6876,7964
HASH_ROUTE token=47 layer=20 children=51,111,12,130 grandchildren=510,1113,127,1301
HASH_ROUTE token=47 layer=21 children=72,13,126,109 grandchildren=727,137,1263,1094
HASH_ROUTE token=47 layer=22 children=261,247,231,420 grandchildren=2610,2475,2314,4209
HASH_ROUTE token=47 layer=23 children=144,948,1109,118 grandchildren=1448,9489,11098,1189
HASH_ROUTE token=48 layer=0 children=7,39,42,93 grandchildren=76,393,426,932
HASH_ROUTE token=48 layer=1 children=180,195,230,262 grandchildren=1802,1952,2301,2627
HASH_ROUTE token=48 layer=2 children=461,1104,431,1073 grandchildren=4616,11049,4315,10737
HASH_ROUTE token=48 layer=3 children=585,500,629,109 grandchildren=5855,5002,6296,1090
HASH_ROUTE token=48 layer=4 children=193,236,269,257 grandchildren=1931,2366,2694,2577
HASH_ROUTE token=48 layer=5 children=572,896,588,904 grandchildren=5725,8961,5887,9046
HASH_ROUTE token=48 layer=6 children=678,199,745,788 grandchildren=6789,1990,7456,7884
HASH_ROUTE token=48 layer=7 children=133,1098,61,1022 grandchildren=1332,10981,618,10228
HASH_ROUTE token=48 layer=8 children=1261,629,789,142 grandchildren=12611,6298,7892,1422
HASH_ROUTE token=48 layer=9 children=934,828,452,837 grandchildren=9343,8284,4526,8373
HASH_ROUTE token=48 layer=10 children=1256,1181,1279,779 grandchildren=12569,11815,12794,7795
HASH_ROUTE token=48 layer=11 children=737,750,697,709 grandchildren=7371,7509,6970,7097
HASH_ROUTE token=48 layer=12 children=87,1200,728,247 grandchildren=872,12006,7283,2477
HASH_ROUTE token=48 layer=13 children=1235,1154,1243,1163 grandchildren=12352,11542,12432,11636
HASH_ROUTE token=48 layer=14 children=267,201,908,846 grandchildren=2676,2014,9087,8467
HASH_ROUTE token=48 layer=15 children=1254,1179,1274,1187 grandchildren=12541,11797,12746,11877
HASH_ROUTE token=48 layer=16 children=255,170,1212,578 grandchildren=2556,1708,12127,5784
HASH_ROUTE token=48 layer=17 children=544,1025,580,509 grandchildren=5443,10253,5808,5099
HASH_ROUTE token=48 layer=18 children=1264,949,1107,307 grandchildren=12645,9495,11073,3077
HASH_ROUTE token=48 layer=19 children=679,650,666,789 grandchildren=6790,6506,6662,7897
HASH_ROUTE token=48 layer=20 children=225,167,1027,246 grandchildren=2252,1675,10276,2467
HASH_ROUTE token=48 layer=21 children=72,28,45,33 grandchildren=721,281,459,335
HASH_ROUTE token=48 layer=22 children=319,263,634,1110 grandchildren=3198,2635,6345,11103
HASH_ROUTE token=48 layer=23 children=587,504,1229,540 grandchildren=5879,5042,12299,5403
HASH_ROUTE token=49 layer=0 children=150,955,471,7 grandchildren=1509,9552,4714,75
HASH_ROUTE token=49 layer=1 children=297,457,206,174 grandchildren=2974,4575,2066,1745
HASH_ROUTE token=49 layer=2 children=99,1215,49,1165 grandchildren=996,12151,490,11659
HASH_ROUTE token=49 layer=3 children=947,789,832,912 grandchildren=9473,7890,8323,9123
HASH_ROUTE token=49 layer=4 children=308,298,174,167 grandchildren=3082,2980,1748,1670
HASH_ROUTE token=49 layer=5 children=802,844,945,851 grandchildren=8021,8441,9452,8516
HASH_ROUTE token=49 layer=6 children=417,363,432,393 grandchildren=4177,3633,4323,3933
HASH_ROUTE token=49 layer=7 children=240,883,83,404 grandchildren=2402,8836,832,4042
HASH_ROUTE token=49 layer=8 children=1203,1265,249,567 grandchildren=12037,12654,2496,5671
HASH_ROUTE token=49 layer=9 children=229,177,180,266 grandchildren=2295,1770,1808,2668
HASH_ROUTE token=49 layer=10 children=322,459,472,645 grandchildren=3224,4599,4725,6451
HASH_ROUTE token=49 layer=11 children=97,733,1214,110 grandchildren=972,7331,12146,1106
HASH_ROUTE token=49 layer=12 children=481,166,562,246 grandchildren=4810,1665,5625,2465
HASH_ROUTE token=49 layer=13 children=546,606,530,631 grandchildren=5463,6060,5308,6311
HASH_ROUTE token=49 layer=14 children=267,428,213,276 grandchildren=2677,4282,2139,2761
HASH_ROUTE token=49 layer=15 children=1153,1189,517,676 grandchildren=11535,11892,5174,6765
HASH_ROUTE token=49 layer=16 children=309,466,277,430 grandchildren=3097,4661,2774,4305
HASH_ROUTE token=49 layer=17 children=438,594,462,383 grandchildren=4385,5941,4624,3831
HASH_ROUTE token=49 layer=18 children=1128,642,320,1 grandchildren=11289,6421,3203,12
HASH_ROUTE token=49 layer=19 children=768,783,445,708 grandchildren=7686,7831,4454,7082
HASH_ROUTE token=49 layer=20 children=174,313,491,632 grandchildren=1741,3132,4916,6324
HASH_ROUTE token=49 layer=21 children=72,230,555,718 grandchildren=726,2303,5557,7182
HASH_ROUTE token=49 layer=22 children=301,1106,460,623 grandchildren=3010,11061,4608,6237
HASH_ROUTE token=49 layer=23 children=631,504,530,584 grandchildren=6310,5048,5304,5847
HASH_ROUTE token=50 layer=0 children=395,1031,873,712 grandchildren=3952,10318,8731,7124
HASH_ROUTE token=50 layer=1 children=278,179,315,436 grandchildren=2788,1798,3152,4365
HASH_ROUTE token=50 layer=2 children=1241,1134,1148,1214 grandchildren=12419,11344,11488,12144
HASH_ROUTE token=50 layer=3 children=931,900,833,842 grandchildren=9316,9005,8332,8422
HASH_ROUTE token=50 layer=4 children=181,294,257,161 grandchildren=1815,2946,2573,1615
HASH_ROUTE token=50 layer=5 children=891,735,1212,94 grandchildren=8913,7351,12120,941
HASH_ROUTE token=50 layer=6 children=734,790,765,724 grandchildren=7341,7900,7654,7245
HASH_ROUTE token=50 layer=7 children=1041,1020,1098,409 grandchildren=10419,10201,10985,4092
HASH_ROUTE token=50 layer=8 children=1165,1252,1208,1229 grandchildren=11654,12528,12088,12290
HASH_ROUTE token=50 layer=9 children=807,160,867,229 grandchildren=8077,1602,8671,2290
HASH_ROUTE token=50 layer=10 children=386,350,325,446 grandchildren=3867,3503,3250,4462
HASH_ROUTE token=50 layer=11 children=995,357,1026,381 grandchildren=9950,3576,10267,3813
HASH_ROUTE token=50 layer=12 children=185,203,281,251 grandchildren=1856,2034,2813,2513
HASH_ROUTE token=50 layer=13 children=670,511,730,572 grandchildren=6705,5115,7304,5723
HASH_ROUTE token=50 layer=14 children=588,523,267,206 grandchildren=5887,5235,2674,2063
HASH_ROUTE token=50 layer=15 children=1177,1150,1251,535 grandchildren=11772,11503,12519,5356
HASH_ROUTE token=50 layer=16 children=213,305,234,172 grandchildren=2139,3059,2343,1722
HASH_ROUTE token=50 layer=17 children=546,532,594,587 grandchildren=5468,5327,5947,5875
HASH_ROUTE token=50 layer=18 children=1279,1249,1110,1146 grandchildren=12797,12496,11109,11464
HASH_ROUTE token=50 layer=19 children=1086,445,991,1244 grandchildren=10868,4459,9918,12447
HASH_ROUTE token=50 layer=20 children=1243,289,1189,1194 grandchildren=12432,2892,11891,11947
HASH_ROUTE token=50 layer=21 children=620,142,949,501 grandchildren=6209,1426,9497,5010
HASH_ROUTE token=50 layer=22 children=1110,312,993,1101 grandchildren=11102,3120,9934,11017
HASH_ROUTE token=50 layer=23 children=260,100,245,902 grandchildren=2605,1009,2450,9024
HASH_ROUTE token=51 layer=0 children=150,958,148,49 grandchildren=1506,9588,1481,496
HASH_ROUTE token=51 layer=1 children=297,453,173,331 grandchildren=2973,4530,1737,3317
HASH_ROUTE token=51 layer=2 children=656,776,649,813 grandchildren=6568,7760,6498,8135
HASH_ROUTE token=51 layer=3 children=759,917,1079,689 grandchildren=7592,9179,10795,6892
HASH_ROUTE token=51 layer=4 children=294,930,611,254 grandchildren=2945,9301,6115,2543
HASH_ROUTE token=51 layer=5 children=891,1212,258,573 grandchildren=8910,12128,2586,5734
HASH_ROUTE token=51 layer=6 children=717,673,735,871 grandchildren=7171,6739,7353,8719
HASH_ROUTE token=51 layer=7 children=87,563,61,245 grandchildren=870,5638,619,2452
HASH_ROUTE token=51 layer=8 children=1266,308,786,148 grandchildren=12664,3084,7869,1481
HASH_ROUTE token=51 layer=9 children=824,184,864,982 grandchildren=8241,1843,8642,9826
HASH_ROUTE token=51 layer=10 children=833,806,938,352 grandchildren=8335,8064,9388,3523
HASH_ROUTE token=51 layer=11 children=119,752,434,1232 grandchildren=1196,7523,4346,12327
HASH_ROUTE token=51 layer=12 children=506,514,605,634 grandchildren=5067,5146,6058,6342
HASH_ROUTE token=51 layer=13 children=739,1052,694,670 grandchildren=7392,10525,6943,6702
HASH_ROUTE token=51 layer=14 children=429,447,370,261 grandchildren=4290,4470,3708,2612
HASH_ROUTE token=51 layer=15 children=1250,1183,1177,1244 grandchildren=12507,11830,11772,12441
HASH_ROUTE token=51 layer=16 children=1138,1172,1213,650 grandchildren=11388,11729,12131,6508
HASH_ROUTE token=51 layer=17 children=507,987,343,532 grandchildren=5073,9875,3430,5323
HASH_ROUTE token=51 layer=18 children=1146,1243,1252,1279 grandchildren=11465,12433,12523,12792
HASH_ROUTE token=51 layer=19 children=1262,789,1159,1144 grandchildren=12620,7892,11595,11444
HASH_ROUTE token=51 layer=20 children=224,314,704,172 grandchildren=2246,3140,7047,1721
HASH_ROUTE token=51 layer=21 children=141,21,72,1107 grandchildren=1416,219,729,11079
HASH_ROUTE token=51 layer=22 children=314,473,1110,196 grandchildren=3141,4738,11107,1960
HASH_ROUTE token=51 layer=23 children=108,905,1062,20 grandchildren=1082,9059,10628,206
HASH_ROUTE token=52 layer=0 children=1120,962,322,1213 grandchildren=11204,9626,3229,12139
HASH_ROUTE token=52 layer=1 children=184,241,172,284 grandchildren=1846,2414,1727,2847
HASH_ROUTE token=52 layer=2 children=656,332,672,357 grandchildren=6567,3322,6722,3576
HASH_ROUTE token=52 layer=3 children=931,454,826,854 grandchildren=9318,4542,8265,8547
HASH_ROUTE token=52 layer=4 children=261,294,255,243 grandchildren=2613,2944,2553,2435
HASH_ROUTE token=52 layer=5 children=891,901,1212,573 grandchildren=8917,9019,12129,5734
HASH_ROUTE token=52 layer=6 children=735,414,716,251 grandchildren=7358,4142,7164,2516
HASH_ROUTE token=52 layer=7 children=295,137,615,269 grandchildren=2953,1370,6153,2694
HASH_ROUTE token=52 layer=8 children=308,1104,282,142 grandchildren=3080,11046,2822,1429
HASH_ROUTE token=52 layer=9 children=704,868,668,229 grandchildren=7043,8685,6685,2290
HASH_ROUTE token=52 layer=10 children=357,677,403,729 grandchildren=3577,6773,4036,7293
HASH_ROUTE token=52 layer=11 children=381,354,1022,545 grandchildren=3819,3547,10224,5454
HASH_ROUTE token=52 layer=12 children=1007,981,205,47 grandchildren=10077,9816,2059,477
HASH_ROUTE token=52 layer=13 children=677,736,659,698 grandchildren=6778,7367,6590,6987
HASH_ROUTE token=52 layer=14 children=139,117,296,613 grandchildren=1392,1177,2968,6137
HASH_ROUTE token=52 layer=15 children=1246,1084,289,1238 grandchildren=12461,10844,2894,12388
HASH_ROUTE token=52 layer=16 children=650,691,737,971 grandchildren=6506,6914,7373,9716
HASH_ROUTE token=52 layer=17 children=1066,587,995,1076 grandchildren=10663,5871,9957,10765
HASH_ROUTE token=52 layer=18 children=1211,1252,732,1146 grandchildren=12116,12523,7327,11462
HASH_ROUTE token=52 layer=19 children=1261,1159,941,833 grandchildren=12615,11591,9410,8333
HASH_ROUTE token=52 layer=20 children=1024,227,1183,387 grandchildren=10242,2274,11836,3873
HASH_ROUTE token=52 layer=21 children=140,72,21,784 grandchildren=1408,726,216,7843
HASH_ROUTE token=52 layer=22 children=348,508,473,1140 grandchildren=3482,5083,4736,11407
HASH_ROUTE token=52 layer=23 children=1066,982,1071,586 grandchildren=10668,9827,10713,5862
HASH_ROUTE token=53 layer=0 children=420,365,324,432 grandchildren=4208,3651,3248,4326
HASH_ROUTE token=53 layer=1 children=441,368,760,682 grandchildren=4416,3685,7608,6820
HASH_ROUTE token=53 layer=2 children=176,653,18,260 grandchildren=1762,6534,188,2603
HASH_ROUTE token=53 layer=3 children=696,852,539,54 grandchildren=6960,8520,5399,544
HASH_ROUTE token=53 layer=4 children=297,235,312,161 grandchildren=2974,2354,3125,1612
HASH_ROUTE token=53 layer=5 children=844,528,368,1161 grandchildren=8444,5282,3681,11616
HASH_ROUTE token=53 layer=6 children=716,875,642,803 grandchildren=7165,8757,6424,8032
HASH_ROUTE token=53 layer=7 children=120,281,81,42 grandchildren=1209,2811,815,420
HASH_ROUTE token=53 layer=8 children=1244,124,1197,1265 grandchildren=12442,1243,11972,12657
HASH_ROUTE token=53 layer=9 children=958,808,938,630 grandchildren=9585,8086,9381,6304
HASH_ROUTE token=53 layer=10 children=334,472,413,405 grandchildren=3346,4721,4139,4055
HASH_ROUTE token=53 layer=11 children=1020,1040,997,1088 grandchildren=10207,10404,9975,10883
HASH_ROUTE token=53 layer=12 children=378,474,1178,212 grandchildren=3789,4741,11782,2123
HASH_ROUTE token=53 layer=13 children=492,511,533,599 grandchildren=4921,5110,5331,5997
HASH_ROUTE token=53 layer=14 children=582,510,533,492 grandchildren=5828,5108,5333,4923
HASH_ROUTE token=53 layer=15 children=195,297,993,304 grandchildren=1957,2973,9939,3042
HASH_ROUTE token=53 layer=16 children=58,534,691,1017 grandchildren=582,5342,6911,10175
HASH_ROUTE token=53 layer=17 children=1072,1003,987,594 grandchildren=10726,10031,9877,5947
HASH_ROUTE token=53 layer=18 children=184,1146,248,1209 grandchildren=1841,11465,2482,12090
HASH_ROUTE token=53 layer=19 children=783,628,466,1265 grandchildren=7832,6287,4660,12654
HASH_ROUTE token=53 layer=20 children=317,174,220,167 grandchildren=3179,1740,2205,1672
HASH_ROUTE token=53 layer=21 children=75,49,27,874 grandchildren=754,491,275,8744
HASH_ROUTE token=53 layer=22 children=1042,246,89,1101 grandchildren=10426,2468,890,11015
HASH_ROUTE token=53 layer=23 children=1043,568,1081,1111 grandchildren=10435,5684,10815,11119
HASH_ROUTE token=54 layer=0 children=153,50,72,65 grandchildren=1535,505,728,650
HASH_ROUTE token=54 layer=1 children=175,297,333,653 grandchildren=1755,2972,3334,6534
HASH_ROUTE token=54 layer=2 children=1060,424,1225,901 grandchildren=10601,4249,12255,9011
HASH_ROUTE token=54 layer=3 children=106,68,18,900 grandchildren=1068,680,185,9000
HASH_ROUTE token=54 layer=4 children=186,294,311,229 grandchildren=1861,2948,3119,2290
HASH_ROUTE token=54 layer=5 children=1213,1272,1174,1130 grandchildren=12133,12724,11744,11304
HASH_ROUTE token=54 layer=6 children=129,442,760,288 grandchildren=1290,4428,7609,2886
HASH_ROUTE token=54 layer=7 children=931,137,617,459 grandchildren=9318,1374,6170,4595
HASH_ROUTE token=54 layer=8 children=1110,953,314,1040 grandchildren=11103,9535,3144,10407
HASH_ROUTE token=54 layer=9 children=955,897,314,913 grandchildren=9555,8973,3149,9131
HASH_ROUTE token=54 layer=10 children=347,1147,180,446 grandchildren=3473,11479,1806,4468
HASH_ROUTE token=54 layer=11 children=24,1142,32,1151 grandchildren=245,11425,325,11515
HASH_ROUTE token=54 layer=12 children=374,327,219,478 grandchildren=3746,3271,2194,4781
HASH_ROUTE token=54 layer=13 children=786,148,943,463 grandchildren=7866,1483,9436,4634
HASH_ROUTE token=54 layer=14 children=777,693,616,537 grandchildren=7777,6933,6164,5370
HASH_ROUTE token=54 layer=15 children=995,1024,831,1040 grandchildren=9953,10248,8317,10406
HASH_ROUTE token=54 layer=16 children=431,365,346,1076 grandchildren=4310,3650,3463,10766
HASH_ROUTE token=54 layer=17 children=981,188,509,349 grandchildren=9813,1883,5095,3494
HASH_ROUTE token=54 layer=18 children=320,382,364,454 grandchildren=3204,3827,3646,4546
HASH_ROUTE token=54 layer=19 children=606,446,523,120 grandchildren=6061,4464,5230,1209
HASH_ROUTE token=54 layer=20 children=764,737,642,667 grandchildren=7643,7374,6424,6677
HASH_ROUTE token=54 layer=21 children=1030,552,236,870 grandchildren=10308,5522,2364,8706
HASH_ROUTE token=54 layer=22 children=178,265,13,331 grandchildren=1785,2658,130,3315
HASH_ROUTE token=54 layer=23 children=945,900,820,1265 grandchildren=9454,9004,8205,12653
HASH_ROUTE token=55 layer=0 children=755,649,779,713 grandchildren=7552,6492,7795,7134
HASH_ROUTE token=55 layer=1 children=527,689,504,663 grandchildren=5279,6895,5045,6637
HASH_ROUTE token=55 layer=2 children=352,830,36,991 grandchildren=3528,8302,361,9910
HASH_ROUTE token=55 layer=3 children=623,613,535,554 grandchildren=6237,6137,5353,5545
HASH_ROUTE token=55 layer=4 children=465,434,1260,452 grandchildren=4659,4341,12608,4527
HASH_ROUTE token=55 layer=5 children=320,809,963,168 grandchildren=3202,8092,9633,1684
HASH_ROUTE token=55 layer=6 children=461,785,620,946 grandchildren=4615,7859,6206,9468
HASH_ROUTE token=55 layer=7 children=148,99,38,621 grandchildren=1489,996,387,6210
HASH_ROUTE token=55 layer=8 children=1014,697,1100,786 grandchildren=10147,6978,11007,7865
HASH_ROUTE token=55 layer=9 children=131,55,938,156 grandchildren=1317,553,9389,1567
HASH_ROUTE token=55 layer=10 children=616,626,540,587 grandchildren=6166,6266,5405,5875
HASH_ROUTE token=55 layer=11 children=916,1077,866,753 grandchildren=9163,10771,8669,7538
HASH_ROUTE token=55 layer=12 children=359,839,1151,512 grandchildren=3593,8396,11510,5128
HASH_ROUTE token=55 layer=13 children=324,167,489,361 grandchildren=3247,1671,4894,3615
HASH_ROUTE token=55 layer=14 children=1102,1264,1096,947 grandchildren=11026,12649,10966,9475
HASH_ROUTE token=55 layer=15 children=767,127,1080,678 grandchildren=7671,1271,10806,6780
HASH_ROUTE token=55 layer=16 children=921,600,889,124 grandchildren=9216,6006,8891,1245
HASH_ROUTE token=55 layer=17 children=893,954,801,91 grandchildren=8936,9541,8015,915
HASH_ROUTE token=55 layer=18 children=740,1226,268,721 grandchildren=7409,12264,2685,7216
HASH_ROUTE token=55 layer=19 children=322,647,1121,482 grandchildren=3229,6473,11212,4827
HASH_ROUTE token=55 layer=20 children=1264,309,1223,786 grandchildren=12646,3093,12236,7865
HASH_ROUTE token=55 layer=21 children=1180,1238,700,65 grandchildren=11801,12382,7008,650
HASH_ROUTE token=55 layer=22 children=939,295,1090,772 grandchildren=9395,2956,10903,7728
HASH_ROUTE token=55 layer=23 children=109,45,71,261 grandchildren=1092,458,717,2615
HASH_ROUTE token=56 layer=0 children=1007,209,1015,214 grandchildren=10074,2090,10153,2147
HASH_ROUTE token=56 layer=1 children=295,455,937,189 grandchildren=2952,4559,9379,1898
HASH_ROUTE token=56 layer=2 children=975,335,495,813 grandchildren=9758,3356,4950,8134
HASH_ROUTE token=56 layer=3 children=906,839,877,811 grandchildren=9061,8399,8774,8111
HASH_ROUTE token=56 layer=4 children=292,204,196,172 grandchildren=2924,2040,1961,1726
HASH_ROUTE token=56 layer=5 children=1173,1212,1240,1130 grandchildren=11738,12122,12401,11307
HASH_ROUTE token=56 layer=6 children=244,200,251,191 grandchildren=2449,2005,2519,1918
HASH_ROUTE token=56 layer=7 children=697,214,854,1013 grandchildren=6971,2145,8544,10131
HASH_ROUTE token=56 layer=8 children=931,953,888,804 grandchildren=9313,9533,8887,8040
HASH_ROUTE token=56 layer=9 children=314,954,1272,182 grandchildren=3148,9549,12729,1825
HASH_ROUTE token=56 layer=10 children=563,546,85,64 grandchildren=5633,5464,855,647
HASH_ROUTE token=56 layer=11 children=40,56,61,682 grandchildren=401,566,612,6821
HASH_ROUTE token=56 layer=12 children=745,643,789,778 grandchildren=7459,6430,7899,7784
HASH_ROUTE token=56 layer=13 children=88,149,99,50 grandchildren=887,1499,992,508
HASH_ROUTE token=56 layer=14 children=447,766,282,455 grandchildren=4479,7661,2825,4559
HASH_ROUTE token=56 layer=15 children=1013,378,991,351 grandchildren=10136,3785,9914,3519
HASH_ROUTE token=56 layer=16 children=418,437,1219,346 grandchildren=4182,4373,12196,3463
HASH_ROUTE token=56 layer=17 children=188,343,502,981 grandchildren=1882,3435,5023,9818
HASH_ROUTE token=56 layer=18 children=1067,1107,1024,997 grandchildren=10670,11071,10245,9973
HASH_ROUTE token=56 layer=19 children=192,1151,253,170 grandchildren=1925,11512,2534,1704
HASH_ROUTE token=56 layer=20 children=377,347,438,403 grandchildren=3775,3470,4387,4032
HASH_ROUTE token=56 layer=21 children=13,41,126,66 grandchildren=133,411,1267,666
HASH_ROUTE token=56 layer=22 children=265,428,179,909 grandchildren=2658,4288,1799,9096
HASH_ROUTE token=56 layer=23 children=234,877,71,1037 grandchildren=2344,8778,717,10377
HASH_ROUTE token=57 layer=0 children=150,52,41,311 grandchildren=1509,525,412,3118
HASH_ROUTE token=57 layer=1 children=189,297,206,173 grandchildren=1892,2973,2065,1737
HASH_ROUTE token=57 layer=2 children=735,749,697,686 grandchildren=7352,7491,6976,6860
HASH_ROUTE token=57 layer=3 children=931,817,779,838 grandchildren=9311,8170,7793,8382
HASH_ROUTE token=57 layer=4 children=189,190,297,237 grandchildren=1890,1904,2978,2375
HASH_ROUTE token=57 layer=5 children=475,329,368,958 grandchildren=4756,3298,3682,9582
HASH_ROUTE token=57 layer=6 children=760,289,442,927 grandchildren=7604,2894,4420,9270
HASH_ROUTE token=57 layer=7 children=471,332,951,812 grandchildren=4715,3326,9519,8121
HASH_ROUTE token=57 layer=8 children=1040,1065,241,267 grandchildren=10408,10652,2419,2674
HASH_ROUTE token=57 layer=9 children=548,869,611,1180 grandchildren=5483,8690,6112,11803
HASH_ROUTE token=57 layer=10 children=1165,1144,1181,202 grandchildren=11658,11447,11818,2021
HASH_ROUTE token=57 layer=11 children=58,37,93,157 grandchildren=588,379,934,1571
HASH_ROUTE token=57 layer=12 children=728,86,668,240 grandchildren=7284,867,6684,2400
HASH_ROUTE token=57 layer=13 children=781,948,463,720 grandchildren=7818,9481,4639,7207
HASH_ROUTE token=57 layer=14 children=813,937,850,884 grandchildren=8133,9371,8505,8845
HASH_ROUTE token=57 layer=15 children=670,514,353,192 grandchildren=6702,5141,3535,1928
HASH_ROUTE token=57 layer=16 children=472,439,362,347 grandchildren=4727,4394,3624,3473
HASH_ROUTE token=57 layer=17 children=509,983,601,348 grandchildren=5090,9831,6011,3483
HASH_ROUTE token=57 layer=18 children=964,1072,1051,1099 grandchildren=9641,10725,10513,10999
HASH_ROUTE token=57 layer=19 children=768,1241,440,789 grandchildren=7684,12415,4406,7897
HASH_ROUTE token=57 layer=20 children=157,6,635,474 grandchildren=1572,65,6352,4740
HASH_ROUTE token=57 layer=21 children=126,75,142,603 grandchildren=1264,751,1422,6035
HASH_ROUTE token=57 layer=22 children=265,741,307,179 grandchildren=2654,7410,3074,1797
HASH_ROUTE token=57 layer=23 children=529,208,510,194 grandchildren=5299,2085,5103,1940
HASH_ROUTE token=58 layer=0 children=809,1126,897,327 grandchildren=8098,11267,8976,3272
HASH_ROUTE token=58 layer=1 children=876,1191,937,74 grandchildren=8765,11916,9374,743
HASH_ROUTE token=58 layer=2 children=332,353,324,419 grandchildren=3323,3530,3246,4190
HASH_ROUTE token=58 layer=3 children=839,679,901,746 grandchildren=8397,6798,9016,7464
HASH_ROUTE token=58 layer=4 children=826,187,21,938 grandchildren=8264,1871,218,9385
HASH_ROUTE token=58 layer=5 children=945,913,881,891 grandchildren=9456,9137,8817,8917
HASH_ROUTE token=58 layer=6 children=725,1208,248,786 grandchildren=7259,12089,2489,7861
HASH_ROUTE token=58 layer=7 children=294,772,248,931 grandchildren=2942,7721,2481,9318
HASH_ROUTE token=58 layer=8 children=996,833,196,1009 grandchildren=9964,8336,1962,10090
HASH_ROUTE token=58 layer=9 children=1093,961,1252,937 grandchildren=10932,9616,12525,9371
HASH_ROUTE token=58 layer=10 children=755,772,799,1230 grandchildren=7557,7723,7997,12307
HASH_ROUTE token=58 layer=11 children=1056,738,1075,971 grandchildren=10568,7387,10758,9718
HASH_ROUTE token=58 layer=12 children=827,26,1145,184 grandchildren=8270,266,11453,1844
HASH_ROUTE token=58 layer=13 children=785,652,1103,979 grandchildren=7851,6527,11031,9791
HASH_ROUTE token=58 layer=14 children=814,18,492,170 grandchildren=8143,181,4924,1703
HASH_ROUTE token=58 layer=15 children=1150,357,677,1269 grandchildren=11508,3579,6776,12695
HASH_ROUTE token=58 layer=16 children=439,349,419,470 grandchildren=4397,3496,4197,4706
HASH_ROUTE token=58 layer=17 children=594,486,546,507 grandchildren=5942,4862,5468,5073
HASH_ROUTE token=58 layer=18 children=310,244,182,165 grandchildren=3103,2449,1825,1658
HASH_ROUTE token=58 layer=19 children=789,768,467,650 grandchildren=7890,7682,4672,6503
HASH_ROUTE token=58 layer=20 children=283,230,264,296 grandchildren=2832,2303,2645,2960
HASH_ROUTE token=58 layer=21 children=76,718,149,109 grandchildren=769,7189,1493,1098
HASH_ROUTE token=58 layer=22 children=301,189,269,170 grandchildren=3014,1899,2692,1705
HASH_ROUTE token=58 layer=23 children=423,342,108,1061 grandchildren=4236,3429,1083,10612
HASH_ROUTE token=59 layer=0 children=841,943,955,932 grandchildren=8417,9431,9555,9328
HASH_ROUTE token=59 layer=1 children=297,456,1251,614 grandchildren=2978,4568,12510,6144
HASH_ROUTE token=59 layer=2 children=350,366,995,1158 grandchildren=3504,3669,9954,11580
HASH_ROUTE token=59 layer=3 children=63,15,38,1183 grandchildren=635,151,387,11836
HASH_ROUTE token=59 layer=4 children=134,294,1091,933 grandchildren=1348,2949,10919,9336
HASH_ROUTE token=59 layer=5 children=435,916,270,112 grandchildren=4356,9161,2700,1120
HASH_ROUTE token=59 layer=6 children=462,786,1102,946 grandchildren=4623,7863,11028,9469
HASH_ROUTE token=59 layer=7 children=116,48,81,19 grandchildren=1167,481,813,190
HASH_ROUTE token=59 layer=8 children=365,390,408,338 grandchildren=3659,3906,4084,3380
HASH_ROUTE token=59 layer=9 children=311,225,173,204 grandchildren=3112,2250,1733,2049
HASH_ROUTE token=59 layer=10 children=1274,313,153,1157 grandchildren=12741,3139,1531,11578
HASH_ROUTE token=59 layer=11 children=697,710,58,78 grandchildren=6973,7101,582,786
HASH_ROUTE token=59 layer=12 children=263,581,206,527 grandchildren=2630,5817,2069,5278
HASH_ROUTE token=59 layer=13 children=628,1260,461,606 grandchildren=6288,12600,4616,6060
HASH_ROUTE token=59 layer=14 children=1174,51,1201,535 grandchildren=11746,518,12017,5350
HASH_ROUTE token=59 layer=15 children=832,518,996,1153 grandchildren=8328,5182,9965,11535
HASH_ROUTE token=59 layer=16 children=1027,1065,965,1058 grandchildren=10271,10658,9650,10586
HASH_ROUTE token=59 layer=17 children=591,553,549,633 grandchildren=5919,5532,5490,6333
HASH_ROUTE token=59 layer=18 children=285,928,307,766 grandchildren=2850,9282,3072,7660
HASH_ROUTE token=59 layer=19 children=833,944,678,783 grandchildren=8333,9449,6788,7831
HASH_ROUTE token=59 layer=20 children=288,254,224,269 grandchildren=2886,2542,2248,2697
HASH_ROUTE token=59 layer=21 children=152,79,81,799 grandchildren=1521,793,810,7993
HASH_ROUTE token=59 layer=22 children=171,333,281,312 grandchildren=1718,3331,2818,3120
HASH_ROUTE token=59 layer=23 children=1084,125,986,1061 grandchildren=10845,1253,9867,10614
HASH_ROUTE token=60 layer=0 children=807,9,1126,962 grandchildren=8072,90,11268,9620
HASH_ROUTE token=60 layer=1 children=291,770,135,456 grandchildren=2911,7701,1356,4563
HASH_ROUTE token=60 layer=2 children=400,425,358,458 grandchildren=4009,4256,3583,4586
HASH_ROUTE token=60 layer=3 children=1218,92,576,1232 grandchildren=12186,922,5769,12323
HASH_ROUTE token=60 layer=4 children=934,824,454,134 grandchildren=9347,8245,4542,1347
HASH_ROUTE token=60 layer=5 children=435,369,322,912 grandchildren=4355,3690,3226,9125
HASH_ROUTE token=60 layer=6 children=468,140,1102,429 grandchildren=4683,1407,11022,4292
HASH_ROUTE token=60 layer=7 children=1042,409,81,1005 grandchildren=10421,4095,818,10053
HASH_ROUTE token=60 layer=8 children=894,840,98,810 grandchildren=8943,8402,989,8108
HASH_ROUTE token=60 layer=9 children=915,274,840,204 grandchildren=9157,2747,8400,2040
HASH_ROUTE token=60 layer=10 children=1202,1044,1120,889 grandchildren=12023,10442,11207,8895
HASH_ROUTE token=60 layer=11 children=143,157,93,15 grandchildren=1436,1574,935,150
HASH_ROUTE token=60 layer=12 children=542,1181,860,228 grandchildren=5422,11816,8603,2283
HASH_ROUTE token=60 layer=13 children=624,1269,461,554 grandchildren=6243,12696,4611,5546
HASH_ROUTE token=60 layer=14 children=887,939,1201,568 grandchildren=8870,9390,12014,5688
HASH_ROUTE token=60 layer=15 children=993,1087,833,1016 grandchildren=9938,10877,8336,10164
HASH_ROUTE token=60 layer=16 children=387,428,324,349 grandchildren=3872,4288,3241,3493
HASH_ROUTE token=60 layer=17 children=594,535,504,545 grandchildren=5947,5352,5044,5457
HASH_ROUTE token=60 layer=18 children=284,921,304,763 grandchildren=2841,9212,3045,7633
HASH_ROUTE token=60 layer=19 children=300,944,197,833 grandchildren=3006,9440,1971,8337
HASH_ROUTE token=60 layer=20 children=288,258,224,269 grandchildren=2889,2584,2249,2697
HASH_ROUTE token=60 layer=21 children=718,76,870,781 grandchildren=7187,769,8706,7812
HASH_ROUTE token=60 layer=22 children=280,171,290,312 grandchildren=2800,1714,2901,3127
HASH_ROUTE token=60 layer=23 children=92,48,29,125 grandchildren=923,484,299,1256
HASH_ROUTE token=61 layer=0 children=322,446,435,398 grandchildren=3227,4462,4350,3984
HASH_ROUTE token=61 layer=1 children=455,380,471,396 grandchildren=4553,3802,4710,3965
HASH_ROUTE token=61 layer=2 children=750,686,646,431 grandchildren=7502,6869,6464,4312
HASH_ROUTE token=61 layer=3 children=548,515,504,386 grandchildren=5483,5155,5040,3867
HASH_ROUTE token=61 layer=4 children=187,295,668,779 grandchildren=1876,2950,6680,7797
HASH_ROUTE token=61 layer=5 children=891,573,251,1055 grandchildren=8918,5731,2511,10556
HASH_ROUTE token=61 layer=6 children=732,714,691,666 grandchildren=7320,7141,6915,6669
HASH_ROUTE token=61 layer=7 children=563,405,544,629 grandchildren=5637,4050,5445,6294
HASH_ROUTE token=61 layer=8 children=930,941,132,290 grandchildren=9300,9413,1326,2909
HASH_ROUTE token=61 layer=9 children=23,828,7,804 grandchildren=238,8281,77,8044
HASH_ROUTE token=61 layer=10 children=671,799,37,153 grandchildren=6719,7997,376,1537
HASH_ROUTE token=61 layer=11 children=1211,574,411,737 grandchildren=12110,5740,4114,7374
HASH_ROUTE token=61 layer=12 children=984,508,1149,1038 grandchildren=9845,5083,11490,10386
HASH_ROUTE token=61 layer=13 children=624,564,467,406 grandchildren=6243,5642,4673,4066
HASH_ROUTE token=61 layer=14 children=267,225,178,283 grandchildren=2675,2251,1783,2832
HASH_ROUTE token=61 layer=15 children=382,1188,866,1027 grandchildren=3828,11889,8660,10273
HASH_ROUTE token=61 layer=16 children=422,581,106,1065 grandchildren=4228,5814,1069,10654
HASH_ROUTE token=61 layer=17 children=1017,1071,535,377 grandchildren=10177,10713,5353,3777
HASH_ROUTE token=61 layer=18 children=159,951,35,839 grandchildren=1595,9515,355,8391
HASH_ROUTE token=61 layer=19 children=467,432,303,787 grandchildren=4670,4329,3032,7875
HASH_ROUTE token=61 layer=20 children=179,1139,651,492 grandchildren=1793,11396,6515,4925
HASH_ROUTE token=61 layer=21 children=871,72,717,230 grandchildren=8716,723,7173,2304
HASH_ROUTE token=61 layer=22 children=249,301,317,196 grandchildren=2497,3011,3176,1966
HASH_ROUTE token=61 layer=23 children=118,595,125,23 grandchildren=1188,5956,1252,230
HASH_ROUTE token=62 layer=0 children=1126,1270,962,1115 grandchildren=11269,12702,9628,11158
HASH_ROUTE token=62 layer=1 children=773,667,455,298 grandchildren=7730,6671,4556,2985
HASH_ROUTE token=62 layer=2 children=429,357,410,106 grandchildren=4295,3577,4101,1069
HASH_ROUTE token=62 layer=3 children=1178,56,695,539 grandchildren=11784,567,6953,5394
HASH_ROUTE token=62 layer=4 children=939,135,459,294 grandchildren=9396,1350,4593,2949
HASH_ROUTE token=62 layer=5 children=369,201,520,44 grandchildren=3690,2019,5206,449
HASH_ROUTE token=62 layer=6 children=142,105,154,1102 grandchildren=1420,1054,1543,11023
HASH_ROUTE token=62 layer=7 children=81,1042,116,1075 grandchildren=816,10427,1161,10754
HASH_ROUTE token=62 layer=8 children=79,42,551,520 grandchildren=796,421,5510,5206
HASH_ROUTE token=62 layer=9 children=916,862,922,953 grandchildren=9166,8624,9229,9531
HASH_ROUTE token=62 layer=10 children=1044,995,1106,247 grandchildren=10442,9958,11061,2479
HASH_ROUTE token=62 layer=11 children=794,752,783,677 grandchildren=7943,7524,7833,6773
HASH_ROUTE token=62 layer=12 children=501,542,981,536 grandchildren=5010,5428,9817,5368
HASH_ROUTE token=62 layer=13 children=468,782,142,628 grandchildren=4689,7824,1422,6283
HASH_ROUTE token=62 layer=14 children=30,510,130,613 grandchildren=309,5100,1305,6134
HASH_ROUTE token=62 layer=15 children=356,30,440,1152 grandchildren=3560,303,4404,11527
HASH_ROUTE token=62 layer=16 children=1065,1039,1058,1078 grandchildren=10658,10390,10586,10786
HASH_ROUTE token=62 layer=17 children=594,549,553,527 grandchildren=5949,5495,5534,5274
HASH_ROUTE token=62 layer=18 children=285,921,304,1249 grandchildren=2855,9211,3048,12499
HASH_ROUTE token=62 layer=19 children=948,303,878,819 grandchildren=9485,3039,8781,8198
HASH_ROUTE token=62 layer=20 children=1045,244,404,1058 grandchildren=10451,2441,4045,10582
HASH_ROUTE token=62 layer=21 children=882,870,837,945 grandchildren=8822,8708,8373,9452
HASH_ROUTE token=62 layer=22 children=280,187,605,765 grandchildren=2801,1877,6057,7652
HASH_ROUTE token=62 layer=23 children=41,94,25,529 grandchildren=416,947,251,5296
HASH_ROUTE token=63 layer=0 children=852,955,934,805 grandchildren=8524,9551,9348,8058
HASH_ROUTE token=63 layer=1 children=650,683,718,499 grandchildren=6505,6834,7186,4995
HASH_ROUTE token=63 layer=2 children=420,419,351,1061 grandchildren=4207,4199,3519,10616
HASH_ROUTE token=63 layer=3 children=64,228,56,541 grandchildren=642,2281,567,5419
HASH_ROUTE token=63 layer=4 children=504,183,827,25 grandchildren=5046,1837,8276,251
HASH_ROUTE token=63 layer=5 children=112,433,44,597 grandchildren=1127,4338,449,5972
HASH_ROUTE token=63 layer=6 children=462,475,1102,946 grandchildren=4624,4754,11021,9460
HASH_ROUTE token=63 layer=7 children=48,81,112,153 grandchildren=486,816,1123,1534
HASH_ROUTE token=63 layer=8 children=365,408,48,528 grandchildren=3655,4086,485,5282
HASH_ROUTE token=63 layer=9 children=156,1276,632,311 grandchildren=1564,12763,6323,3113
HASH_ROUTE token=63 layer=10 children=1044,1202,1074,1237 grandchildren=10440,12020,10745,12376
HASH_ROUTE token=63 layer=11 children=897,93,734,573 grandchildren=8974,930,7349,5738
HASH_ROUTE token=63 layer=12 children=200,181,528,506 grandchildren=2006,1816,5282,5065
HASH_ROUTE token=63 layer=13 children=626,568,552,306 grandchildren=6268,5681,5523,3060
HASH_ROUTE token=63 layer=14 children=880,562,939,928 grandchildren=8807,5625,9395,9284
HASH_ROUTE token=63 layer=15 children=1152,991,1186,1246 grandchildren=11520,9916,11861,12466
HASH_ROUTE token=63 layer=16 children=323,969,169,428 grandchildren=3237,9690,1696,4280
HASH_ROUTE token=63 layer=17 children=591,545,535,635 grandchildren=5911,5458,5359,6351
HASH_ROUTE token=63 layer=18 children=285,921,304,440 grandchildren=2859,9216,3045,4405
HASH_ROUTE token=63 layer=19 children=948,838,878,905 grandchildren=9488,8380,8785,9051
HASH_ROUTE token=63 layer=20 children=444,288,455,296 grandchildren=4440,2889,4558,2966
HASH_ROUTE token=63 layer=21 children=74,81,37,152 grandchildren=749,818,370,1526
HASH_ROUTE token=63 layer=22 children=639,607,312,1113 grandchildren=6396,6073,3124,11131
HASH_ROUTE token=63 layer=23 children=1053,1001,1084,1067 grandchildren=10538,10017,10843,10671
HASH_ROUTE token=64 layer=0 children=805,841,322,855 grandchildren=8059,8417,3222,8550
HASH_ROUTE token=64 layer=1 children=752,744,772,698 grandchildren=7525,7446,7721,6984
HASH_ROUTE token=64 layer=2 children=98,1051,101,1068 grandchildren=982,10516,1016,10680
HASH_ROUTE token=64 layer=3 children=737,706,662,579 grandchildren=7375,7068,6623,5796
HASH_ROUTE token=64 layer=4 children=246,294,881,721 grandchildren=2466,2947,8815,7212
HASH_ROUTE token=64 layer=5 children=579,555,891,536 grandchildren=5791,5551,8916,5369
HASH_ROUTE token=64 layer=6 children=250,735,414,201 grandchildren=2503,7359,4142,2011
HASH_ROUTE token=64 layer=7 children=240,1209,401,1043 grandchildren=2408,12098,4014,10438
HASH_ROUTE token=64 layer=8 children=848,1166,933,1256 grandchildren=8484,11666,9338,12562
HASH_ROUTE token=64 layer=9 children=642,783,804,703 grandchildren=6424,7838,8043,7038
HASH_ROUTE token=64 layer=10 children=907,952,802,104 grandchildren=9076,9526,8020,1046
HASH_ROUTE token=64 layer=11 children=1211,1162,411,99 grandchildren=12110,11621,4112,990
HASH_ROUTE token=64 layer=12 children=664,642,799,508 grandchildren=6648,6429,7994,5085
HASH_ROUTE token=64 layer=13 children=11,99,979,35 grandchildren=118,993,9799,353
HASH_ROUTE token=64 layer=14 children=175,813,191,838 grandchildren=1751,8132,1916,8381
HASH_ROUTE token=64 layer=15 children=1251,1239,1242,1096 grandchildren=12516,12396,12428,10961
HASH_ROUTE token=64 layer=16 children=917,596,757,439 grandchildren=9174,5968,7573,4391
HASH_ROUTE token=64 layer=17 children=616,587,627,489 grandchildren=6161,5873,6271,4899
HASH_ROUTE token=64 layer=18 children=728,732,1206,657 grandchildren=7285,7324,12060,6573
HASH_ROUTE token=64 layer=19 children=789,467,303,1263 grandchildren=7896,4679,3036,12630
HASH_ROUTE token=64 layer=20 children=264,313,426,254 grandchildren=2648,3133,4264,2541
HASH_ROUTE token=64 layer=21 children=870,949,956,718 grandchildren=8700,9491,9563,7185
HASH_ROUTE token=64 layer=22 children=301,287,149,626 grandchildren=3016,2873,1495,6264
HASH_ROUTE token=64 layer=23 children=1037,557,871,1085 grandchildren=10376,5576,8716,10852
HASH_ROUTE token=65 layer=0 children=153,50,72,65 grandchildren=1539,506,720,653
HASH_ROUTE token=65 layer=1 children=175,297,653,333 grandchildren=1758,2971,6538,3338
HASH_ROUTE token=65 layer=2 children=1060,424,100,905 grandchildren=10605,4246,1007,9053
HASH_ROUTE token=65 layer=3 children=106,68,12,264 grandchildren=1065,689,125,2642
HASH_ROUTE token=65 layer=4 children=186,299,311,229 grandchildren=1863,2992,3112,2298
HASH_ROUTE token=65 layer=5 children=1213,1174,1272,1134 grandchildren=12131,11748,12723,11341
HASH_ROUTE token=65 layer=6 children=126,448,761,288 grandchildren=1262,4489,7615,2888
HASH_ROUTE token=65 layer=7 children=934,137,617,459 grandchildren=9349,1378,6173,4599
HASH_ROUTE token=65 layer=8 children=1110,953,314,1040 grandchildren=11104,9530,3142,10403
HASH_ROUTE token=65 layer=9 children=955,314,897,915 grandchildren=9556,3141,8978,9152
HASH_ROUTE token=65 layer=10 children=349,1147,180,446 grandchildren=3493,11470,1809,4466
HASH_ROUTE token=65 layer=11 children=24,1142,32,1156 grandchildren=241,11422,328,11569
HASH_ROUTE token=65 layer=12 children=374,327,478,219 grandchildren=3741,3279,4780,2196
HASH_ROUTE token=65 layer=13 children=148,781,944,463 grandchildren=1484,7810,9440,4634
HASH_ROUTE token=65 layer=14 children=696,777,537,616 grandchildren=6965,7772,5370,6161
HASH_ROUTE token=65 layer=15 children=995,1024,831,1040 grandchildren=9957,10243,8312,10406
HASH_ROUTE token=65 layer=16 children=431,365,1076,346 grandchildren=4315,3655,10768,3461
HASH_ROUTE token=65 layer=17 children=981,188,1144,346 grandchildren=9818,1882,11444,3469
HASH_ROUTE token=65 layer=18 children=382,320,364,704 grandchildren=3820,3208,3649,7047
HASH_ROUTE token=65 layer=19 children=606,446,120,523 grandchildren=6068,4466,1209,5233
HASH_ROUTE token=65 layer=20 children=764,737,667,642 grandchildren=7641,7375,6670,6429
HASH_ROUTE token=65 layer=21 children=1030,552,870,236 grandchildren=10307,5520,8704,2368
HASH_ROUTE token=65 layer=22 children=178,13,333,265 grandchildren=1788,138,3337,2654
HASH_ROUTE token=65 layer=23 children=945,906,620,861 grandchildren=9450,9068,6203,8616
HASH_ROUTE token=66 layer=0 children=755,649,779,713 grandchildren=7550,6493,7793,7135
HASH_ROUTE token=66 layer=1 children=527,689,504,663 grandchildren=5279,6890,5046,6635
HASH_ROUTE token=66 layer=2 children=352,830,36,991 grandchildren=3521,8304,366,9916
HASH_ROUTE token=66 layer=3 children=623,613,535,554 grandchildren=6233,6130,5357,5543
HASH_ROUTE token=66 layer=4 children=465,434,1260,452 grandchildren=4653,4343,12600,4522
HASH_ROUTE token=66 layer=5 children=320,809,963,168 grandchildren=3208,8092,9630,1681
HASH_ROUTE token=66 layer=6 children=461,785,620,946 grandchildren=4614,7852,6201,9467
HASH_ROUTE token=66 layer=7 children=148,99,38,621 grandchildren=1481,998,381,6210
HASH_ROUTE token=66 layer=8 children=1014,697,1100,786 grandchildren=10146,6977,11000,7860
HASH_ROUTE token=66 layer=9 children=131,55,938,156 grandchildren=1318,554,9381,1567
HASH_ROUTE token=66 layer=10 children=616,626,540,587 grandchildren=6165,6266,5405,5871
HASH_ROUTE token=66 layer=11 children=916,1077,866,753 grandchildren=9161,10775,8664,7531
HASH_ROUTE token=66 layer=12 children=359,839,1151,512 grandchildren=3592,8394,11515,5120
HASH_ROUTE token=66 layer=13 children=324,167,489,361 grandchildren=3247,1676,4894,3613
HASH_ROUTE token=66 layer=14 children=1102,1264,1096,947 grandchildren=11029,12647,10969,9475
HASH_ROUTE token=66 layer=15 children=767,127,1080,678 grandchildren=7676,1270,10803,6784
HASH_ROUTE token=66 layer=16 children=921,600,889,124 grandchildren=9212,6006,8893,1240
HASH_ROUTE token=66 layer=17 children=893,954,801,91 grandchildren=8933,9548,8011,911
HASH_ROUTE token=66 layer=18 children=740,1226,268,721 grandchildren=7403,12268,2684,7215
HASH_ROUTE token=66 layer=19 children=322,647,1121,482 grandchildren=3221,6474,11211,4828
HASH_ROUTE token=66 layer=20 children=1264,309,1223,786 grandchildren=12644,3091,12235,7866
HASH_ROUTE token=66 layer=21 children=1180,1238,700,65 grandchildren=11807,12384,7005,659
HASH_ROUTE token=66 layer=22 children=939,295,1090,772 grandchildren=9393,2952,10901,7722
HASH_ROUTE token=66 layer=23 children=109,45,71,261 grandchildren=1096,457,715,2613
HASH_ROUTE token=67 layer=0 children=641,753,774,328 grandchildren=6412,7535,7748,3281
HASH_ROUTE token=67 layer=1 children=205,521,689,265 grandchildren=2054,5212,6890,2653
HASH_ROUTE token=67 layer=2 children=577,739,418,892 grandchildren=5771,7391,4184,8925
HASH_ROUTE token=67 layer=3 children=751,696,775,789 grandchildren=7515,6968,7759,7896
HASH_ROUTE token=67 layer=4 children=297,195,180,220 grandchildren=2973,1951,1801,2209
HASH_ROUTE token=67 layer=5 children=898,802,921,863 grandchildren=8984,8026,9213,8638
HASH_ROUTE token=67 layer=6 children=414,251,898,95 grandchildren=4142,2517,8981,957
HASH_ROUTE token=67 layer=7 children=771,456,685,369 grandchildren=7715,4568,6855,3694
HASH_ROUTE token=67 layer=8 children=1112,630,314,1278 grandchildren=11122,6304,3148,12782
HASH_ROUTE token=67 layer=9 children=861,823,913,858 grandchildren=8618,8239,9138,8582
HASH_ROUTE token=67 layer=10 children=240,186,1208,190 grandchildren=2406,1863,12086,1902
HASH_ROUTE token=67 layer=11 children=51,690,148,854 grandchildren=513,6902,1488,8541
HASH_ROUTE token=67 layer=12 children=320,405,3,964 grandchildren=3201,4054,39,9645
HASH_ROUTE token=67 layer=13 children=783,727,715,673 grandchildren=7839,7277,7157,6732
HASH_ROUTE token=67 layer=14 children=581,265,1221,909 grandchildren=5811,2651,12210,9093
HASH_ROUTE token=67 layer=15 children=839,995,352,190 grandchildren=8393,9958,3525,1905
HASH_ROUTE token=67 layer=16 children=323,419,427,336 grandchildren=3232,4198,4273,3362
HASH_ROUTE token=67 layer=17 children=984,501,184,1022 grandchildren=9849,5011,1840,10225
HASH_ROUTE token=67 layer=18 children=261,296,245,1069 grandchildren=2614,2968,2453,10696
HASH_ROUTE token=67 layer=19 children=799,764,773,683 grandchildren=7990,7646,7737,6839
HASH_ROUTE token=67 layer=20 children=654,799,174,317 grandchildren=6549,7996,1745,3171
HASH_ROUTE token=67 layer=21 children=74,870,34,237 grandchildren=744,8706,342,2370
HASH_ROUTE token=67 layer=22 children=170,282,212,302 grandchildren=1706,2826,2121,3028
HASH_ROUTE token=67 layer=23 children=872,72,1039,390 grandchildren=8727,727,10393,3907
HASH_ROUTE token=68 layer=0 children=427,386,441,108 grandchildren=4273,3863,4414,1082
HASH_ROUTE token=68 layer=1 children=189,295,209,247 grandchildren=1897,2953,2098,2476
HASH_ROUTE token=68 layer=2 children=418,455,738,1051 grandchildren=4181,4553,7387,10517
HASH_ROUTE token=68 layer=3 children=432,119,758,359 grandchildren=4327,1194,7586,3593
HASH_ROUTE token=68 layer=4 children=365,448,457,372 grandchildren=3656,4482,4572,3726
HASH_ROUTE token=68 layer=5 children=1212,1130,1173,1278 grandchildren=12122,11309,11739,12787
HASH_ROUTE token=68 layer=6 children=243,1209,288,727 grandchildren=2434,12098,2881,7271
HASH_ROUTE token=68 layer=7 children=57,210,695,129 grandchildren=574,2102,6957,1292
HASH_ROUTE token=68 layer=8 children=844,888,959,913 grandchildren=8444,8882,9594,9130
HASH_ROUTE token=68 layer=9 children=312,257,956,182 grandchildren=3122,2579,9567,1827
HASH_ROUTE token=68 layer=10 children=1251,1230,1181,1138 grandchildren=12510,12302,11818,11389
HASH_ROUTE token=68 layer=11 children=148,78,51,157 grandchildren=1482,789,518,1570
HASH_ROUTE token=68 layer=12 children=320,376,162,213 grandchildren=3200,3767,1620,2132
HASH_ROUTE token=68 layer=13 children=86,46,139,50 grandchildren=868,466,1398,509
HASH_ROUTE token=68 layer=14 children=834,675,937,775 grandchildren=8347,6753,9378,7752
HASH_ROUTE token=68 layer=15 children=969,1013,1072,1119 grandchildren=9691,10137,10726,11197
HASH_ROUTE token=68 layer=16 children=270,251,198,225 grandchildren=2706,2513,1989,2250
HASH_ROUTE token=68 layer=17 children=188,1143,269,343 grandchildren=1882,11436,2692,3435
HASH_ROUTE token=68 layer=18 children=1,100,147,167 grandchildren=13,1001,1473,1674
HASH_ROUTE token=68 layer=19 children=419,344,422,338 grandchildren=4199,3441,4222,3384
HASH_ROUTE token=68 layer=20 children=214,373,697,275 grandchildren=2146,3738,6974,2757
HASH_ROUTE token=68 layer=21 children=38,46,6,1152 grandchildren=380,466,62,11525
HASH_ROUTE token=68 layer=22 children=257,419,269,428 grandchildren=2574,4191,2699,4281
HASH_ROUTE token=68 layer=23 children=213,307,50,279 grandchildren=2131,3072,500,2796
HASH_ROUTE token=69 layer=0 children=150,311,41,479 grandchildren=1506,3113,411,4794
HASH_ROUTE token=69 layer=1 children=183,663,343,297 grandchildren=1839,6634,3431,2971
HASH_ROUTE token=69 layer=2 children=747,106,428,1221 grandchildren=7473,1066,4281,12215
HASH_ROUTE token=69 layer=3 children=658,782,778,751 grandchildren=6580,7822,7787,7517
HASH_ROUTE token=69 layer=4 children=322,163,426,266 grandchildren=3221,1631,4265,2668
HASH_ROUTE token=69 layer=5 children=953,910,476,844 grandchildren=9538,9101,4766,8442
HASH_ROUTE token=69 layer=6 children=440,430,332,283 grandchildren=4404,4306,3327,2830
HASH_ROUTE token=69 layer=7 children=796,771,473,636 grandchildren=7968,7712,4734,6362
HASH_ROUTE token=69 layer=8 children=411,258,383,456 grandchildren=4117,2581,3839,4568
HASH_ROUTE token=69 layer=9 children=1075,431,1237,756 grandchildren=10751,4317,12370,7563
HASH_ROUTE token=69 layer=10 children=686,790,43,724 grandchildren=6862,7908,438,7246
HASH_ROUTE token=69 layer=11 children=544,703,639,798 grandchildren=5447,7033,6396,7987
HASH_ROUTE token=69 layer=12 children=1207,86,1242,126 grandchildren=12075,860,12421,1265
HASH_ROUTE token=69 layer=13 children=647,731,726,742 grandchildren=6472,7314,7267,7422
HASH_ROUTE token=69 layer=14 children=178,298,300,235 grandchildren=1786,2981,3008,2358
HASH_ROUTE token=69 layer=15 children=671,514,351,703 grandchildren=6710,5146,3513,7038
HASH_ROUTE token=69 layer=16 children=399,386,437,362 grandchildren=3991,3864,4377,3624
HASH_ROUTE token=69 layer=17 children=1017,535,379,1177 grandchildren=10175,5352,3794,11778
HASH_ROUTE token=69 layer=18 children=991,962,36,512 grandchildren=9911,9623,366,5121
HASH_ROUTE token=69 layer=19 children=783,944,744,903 grandchildren=7838,9448,7440,9038
HASH_ROUTE token=69 layer=20 children=458,299,474,612 grandchildren=4584,2996,4742,6124
HASH_ROUTE token=69 layer=21 children=76,719,1034,231 grandchildren=760,7196,10344,2311
HASH_ROUTE token=69 layer=22 children=179,651,182,971 grandchildren=1796,6519,1826,9717
HASH_ROUTE token=69 layer=23 children=513,194,638,310 grandchildren=5134,1948,6389,3101
HASH_ROUTE token=70 layer=0 children=762,923,1088,606 grandchildren=7620,9237,10885,6069
HASH_ROUTE token=70 layer=1 children=307,299,251,944 grandchildren=3077,2996,2517,9448
HASH_ROUTE token=70 layer=2 children=252,170,168,1213 grandchildren=2527,1703,1682,12137
HASH_ROUTE token=70 layer=3 children=771,679,785,794 grandchildren=7714,6790,7853,7944
HASH_ROUTE token=70 layer=4 children=305,468,181,239 grandchildren=3051,4686,1810,2390
HASH_ROUTE token=70 layer=5 children=896,856,1219,419 grandchildren=8961,8563,12196,4193
HASH_ROUTE token=70 layer=6 children=890,832,925,251 grandchildren=8904,8324,9259,2519
HASH_ROUTE token=70 layer=7 children=326,9,164,373 grandchildren=3267,98,1649,3732
HASH_ROUTE token=70 layer=8 children=533,373,550,614 grandchildren=5339,3738,5501,6143
HASH_ROUTE token=70 layer=9 children=937,862,880,912 grandchildren=9370,8624,8800,9127
HASH_ROUTE token=70 layer=10 children=1274,790,1230,1242 grandchildren=12744,7900,12300,12429
HASH_ROUTE token=70 layer=11 children=58,211,34,695 grandchildren=582,2113,344,6954
HASH_ROUTE token=70 layer=12 children=532,495,522,516 grandchildren=5322,4958,5228,5165
HASH_ROUTE token=70 layer=13 children=486,568,625,596 grandchildren=4866,5689,6251,5967
HASH_ROUTE token=70 layer=14 children=80,13,113,150 grandchildren=800,131,1132,1506
HASH_ROUTE token=70 layer=15 children=440,352,604,514 grandchildren=4407,3521,6043,5141
HASH_ROUTE token=70 layer=16 children=338,427,432,419 grandchildren=3383,4278,4324,4196
HASH_ROUTE token=70 layer=17 children=995,1008,1019,1076 grandchildren=9956,10089,10190,10766
HASH_ROUTE token=70 layer=18 children=189,277,205,826 grandchildren=1899,2773,2053,8266
HASH_ROUTE token=70 layer=19 children=999,190,833,1054 grandchildren=9990,1900,8337,10549
HASH_ROUTE token=70 layer=20 children=29,183,822,342 grandchildren=297,1831,8228,3421
HASH_ROUTE token=70 layer=21 children=425,408,749,721 grandchildren=4258,4086,7495,7211
HASH_ROUTE token=70 layer=22 children=139,141,90,299 grandchildren=1394,1411,900,2999
HASH_ROUTE token=70 layer=23 children=1061,1034,988,1228 grandchildren=10618,10342,9887,12289
HASH_ROUTE token=71 layer=0 children=150,52,955,479 grandchildren=1508,524,9557,4794
HASH_ROUTE token=71 layer=1 children=687,770,663,658 grandchildren=6870,7704,6637,6581
HASH_ROUTE token=71 layer=2 children=920,123,1086,905 grandchildren=9205,1238,10864,9055
HASH_ROUTE token=71 layer=3 children=299,778,455,612 grandchildren=2999,7785,4556,6127
HASH_ROUTE token=71 layer=4 children=1092,297,986,770 grandchildren=10926,2971,9865,7706
HASH_ROUTE token=71 layer=5 children=352,368,830,478 grandchildren=3526,3684,8307,4783
HASH_ROUTE token=71 layer=6 children=452,437,417,291 grandchildren=4528,4373,4171,2911
HASH_ROUTE token=71 layer=7 children=294,456,1256,247 grandchildren=2948,4560,12569,2477
HASH_ROUTE token=71 layer=8 children=133,614,58,535 grandchildren=1334,6140,587,5359
HASH_ROUTE token=71 layer=9 children=824,925,182,503 grandchildren=8245,9250,1826,5036
HASH_ROUTE token=71 layer=10 children=992,30,831,357 grandchildren=9923,308,8310,3579
HASH_ROUTE token=71 layer=11 children=338,655,476,424 grandchildren=3385,6557,4760,4241
HASH_ROUTE token=71 layer=12 children=529,587,564,635 grandchildren=5297,5878,5648,6354
HASH_ROUTE token=71 layer=13 children=1205,724,564,1248 grandchildren=12051,7243,5643,12481
HASH_ROUTE token=71 layer=14 children=832,819,941,800 grandchildren=8321,8191,9413,8006
HASH_ROUTE token=71 layer=15 children=762,604,670,518 grandchildren=7628,6047,6705,5189
HASH_ROUTE token=71 layer=16 children=842,876,523,909 grandchildren=8423,8761,5234,9094
HASH_ROUTE token=71 layer=17 children=542,624,511,1185 grandchildren=5429,6241,5118,11857
HASH_ROUTE token=71 layer=18 children=1155,1128,1221,1236 grandchildren=11554,11283,12219,12363
HASH_ROUTE token=71 layer=19 children=123,134,159,147 grandchildren=1234,1344,1598,1474
HASH_ROUTE token=71 layer=20 children=429,907,474,955 grandchildren=4299,9073,4747,9557
HASH_ROUTE token=71 layer=21 children=76,718,1032,10 grandchildren=764,7187,10324,109
HASH_ROUTE token=71 layer=22 children=1062,1005,1110,102 grandchildren=10622,10054,11101,1020
HASH_ROUTE token=71 layer=23 children=513,1151,672,995 grandchildren=5139,11514,6727,9958
HASH_ROUTE token=72 layer=0 children=361,846,41,200 grandchildren=3616,8467,415,2000
HASH_ROUTE token=72 layer=1 children=184,342,207,367 grandchildren=1841,3425,2070,3672
HASH_ROUTE token=72 layer=2 children=655,642,1131,1127 grandchildren=6554,6423,11316,11279
HASH_ROUTE token=72 layer=3 children=758,642,786,771 grandchildren=7586,6422,7869,7717
HASH_ROUTE token=72 layer=4 children=240,234,183,202 grandchildren=2406,2340,1836,2025
HASH_ROUTE token=72 layer=5 children=1101,945,1018,786 grandchildren=11015,9452,10189,7862
HASH_ROUTE token=72 layer=6 children=301,944,238,469 grandchildren=3017,9445,2386,4696
HASH_ROUTE token=72 layer=7 children=563,729,409,606 grandchildren=5632,7292,4093,6069
HASH_ROUTE token=72 layer=8 children=616,546,932,627 grandchildren=6160,5467,9326,6276
HASH_ROUTE token=72 layer=9 children=28,820,84,888 grandchildren=283,8205,848,8881
HASH_ROUTE token=72 layer=10 children=155,477,790,1272 grandchildren=1555,4778,7906,12720
HASH_ROUTE token=72 layer=11 children=1239,1218,591,1206 grandchildren=12396,12187,5919,12068
HASH_ROUTE token=72 layer=12 children=966,807,1045,1088 grandchildren=9666,8079,10458,10886
HASH_ROUTE token=72 layer=13 children=313,199,223,274 grandchildren=3134,1994,2238,2743
HASH_ROUTE token=72 layer=14 children=800,901,813,943 grandchildren=8002,9018,8132,9438
HASH_ROUTE token=72 layer=15 children=590,279,538,213 grandchildren=5906,2791,5382,2132
HASH_ROUTE token=72 layer=16 children=218,1017,690,58 grandchildren=2186,10177,6906,587
HASH_ROUTE token=72 layer=17 children=521,509,553,367 grandchildren=5213,5098,5539,3674
HASH_ROUTE token=72 layer=18 children=742,732,260,726 grandchildren=7425,7321,2608,7262
HASH_ROUTE token=72 layer=19 children=650,678,783,770 grandchildren=6504,6783,7830,7704
HASH_ROUTE token=72 layer=20 children=314,951,225,154 grandchildren=3147,9515,2255,1543
HASH_ROUTE token=72 layer=21 children=75,28,133,555 grandchildren=755,287,1330,5550
HASH_ROUTE token=72 layer=22 children=337,170,976,428 grandchildren=3376,1704,9764,4288
HASH_ROUTE token=72 layer=23 children=602,579,508,766 grandchildren=6021,5796,5086,7666
HASH_ROUTE token=73 layer=0 children=150,479,795,41 grandchildren=1503,4791,7954,410
HASH_ROUTE token=73 layer=1 children=767,666,793,440 grandchildren=7670,6668,7939,4407
HASH_ROUTE token=73 layer=2 children=127,41,53,147 grandchildren=1277,411,533,1476
HASH_ROUTE token=73 layer=3 children=775,758,932,919 grandchildren=7759,7582,9323,9192
HASH_ROUTE token=73 layer=4 children=252,163,1057,190 grandchildren=2520,1635,10577,1905
HASH_ROUTE token=73 layer=5 children=41,156,119,844 grandchildren=417,1564,1197,8444
HASH_ROUTE token=73 layer=6 children=946,802,901,466 grandchildren=9465,8029,9019,4663
HASH_ROUTE token=73 layer=7 children=262,240,1060,176 grandchildren=2625,2402,10604,1763
HASH_ROUTE token=73 layer=8 children=846,1008,49,202 grandchildren=8461,10089,493,2023
HASH_ROUTE token=73 layer=9 children=935,833,865,929 grandchildren=9350,8330,8656,9298
HASH_ROUTE token=73 layer=10 children=49,155,30,135 grandchildren=497,1552,307,1353
HASH_ROUTE token=73 layer=11 children=680,846,709,752 grandchildren=6806,8466,7090,7522
HASH_ROUTE token=73 layer=12 children=264,162,1221,246 grandchildren=2640,1621,12210,2469
HASH_ROUTE token=73 layer=13 children=478,798,631,406 grandchildren=4786,7987,6318,4064
HASH_ROUTE token=73 layer=14 children=800,165,813,170 grandchildren=8009,1654,8139,1703
HASH_ROUTE token=73 layer=15 children=600,518,546,763 grandchildren=6005,5187,5466,7637
HASH_ROUTE token=73 layer=16 children=1020,1017,1034,705 grandchildren=10208,10175,10347,7058
HASH_ROUTE token=73 layer=17 children=379,425,535,587 grandchildren=3799,4258,5350,5871
HASH_ROUTE token=73 layer=18 children=642,1128,802,964 grandchildren=6426,11288,8025,9644
HASH_ROUTE token=73 layer=19 children=639,792,585,744 grandchildren=6392,7924,5856,7442
HASH_ROUTE token=73 layer=20 children=313,632,474,174 grandchildren=3135,6329,4745,1745
HASH_ROUTE token=73 layer=21 children=718,1034,74,874 grandchildren=7184,10343,748,8749
HASH_ROUTE token=73 layer=22 children=150,1110,312,795 grandchildren=1505,11100,3126,7958
HASH_ROUTE token=73 layer=23 children=600,579,513,125 grandchildren=6004,5792,5136,1252
HASH_ROUTE token=74 layer=0 children=647,1120,962,2 grandchildren=6475,11200,9629,28
HASH_ROUTE token=74 layer=1 children=189,265,24,177 grandchildren=1891,2659,242,1771
HASH_ROUTE token=74 layer=2 children=655,695,171,816 grandchildren=6551,6952,1710,8169
HASH_ROUTE token=74 layer=3 children=754,775,669,113 grandchildren=7547,7756,6698,1136
HASH_ROUTE token=74 layer=4 children=251,297,189,266 grandchildren=2514,2971,1898,2666
HASH_ROUTE token=74 layer=5 children=913,812,844,945 grandchildren=9133,8121,8448,9454
HASH_ROUTE token=74 layer=6 children=945,306,910,832 grandchildren=9453,3060,9108,8323
HASH_ROUTE token=74 layer=7 children=544,486,61,508 grandchildren=5441,4863,616,5085
HASH_ROUTE token=74 layer=8 children=84,725,887,1043 grandchildren=840,7259,8874,10437
HASH_ROUTE token=74 layer=9 children=950,639,900,476 grandchildren=9505,6390,9001,4766
HASH_ROUTE token=74 layer=10 children=16,61,47,54 grandchildren=161,618,476,548
HASH_ROUTE token=74 layer=11 children=696,1175,738,1211 grandchildren=6969,11756,7383,12114
HASH_ROUTE token=74 layer=12 children=1148,1125,1221,1207 grandchildren=11481,11250,12215,12076
HASH_ROUTE token=74 layer=13 children=1243,1135,1170,1168 grandchildren=12438,11350,11705,11685
HASH_ROUTE token=74 layer=14 children=455,937,293,619 grandchildren=4558,9379,2932,6191
HASH_ROUTE token=74 layer=15 children=1084,991,762,1035 grandchildren=10844,9912,7628,10354
HASH_ROUTE token=74 layer=16 children=783,627,1100,303 grandchildren=7831,6271,11000,3033
HASH_ROUTE token=74 layer=17 children=1099,1075,617,594 grandchildren=10993,10755,6172,5945
HASH_ROUTE token=74 layer=18 children=687,647,726,673 grandchildren=6879,6473,7263,6736
HASH_ROUTE token=74 layer=19 children=799,783,658,749 grandchildren=7991,7839,6581,7493
HASH_ROUTE token=74 layer=20 children=317,475,227,387 grandchildren=3171,4754,2279,3877
HASH_ROUTE token=74 layer=21 children=717,1034,79,786 grandchildren=7178,10341,795,7861
HASH_ROUTE token=74 layer=22 children=1110,154,314,631 grandchildren=11108,1543,3146,6319
HASH_ROUTE token=74 layer=23 children=545,602,62,129 grandchildren=5456,6024,624,1296
HASH_ROUTE token=75 layer=0 children=150,41,50,477 grandchildren=1504,412,500,4777
HASH_ROUTE token=75 layer=1 children=459,297,779,345 grandchildren=4594,2972,7793,3457
HASH_ROUTE token=75 layer=2 children=756,737,747,696 grandchildren=7562,7375,7479,6960
HASH_ROUTE token=75 layer=3 children=291,931,135,771 grandchildren=2918,9311,1354,7718
HASH_ROUTE token=75 layer=4 children=297,237,194,775 grandchildren=2973,2379,1942,7755
HASH_ROUTE token=75 layer=5 children=434,378,388,477 grandchildren=4349,3786,3888,4779
HASH_ROUTE token=75 layer=6 children=411,93,577,895 grandchildren=4117,937,5771,8952
HASH_ROUTE token=75 layer=7 children=38,46,87,16 grandchildren=383,461,876,169
HASH_ROUTE token=75 layer=8 children=148,942,47,26 grandchildren=1483,9426,474,265
HASH_ROUTE token=75 layer=9 children=933,890,1099,923 grandchildren=9334,8903,10991,9237
HASH_ROUTE token=75 layer=10 children=369,475,349,325 grandchildren=3698,4752,3490,3259
HASH_ROUTE token=75 layer=11 children=853,899,913,51 grandchildren=8535,8996,9132,511
HASH_ROUTE token=75 layer=12 children=1148,1212,1166,189 grandchildren=11482,12129,11666,1899
HASH_ROUTE token=75 layer=13 children=606,765,624,449 grandchildren=6069,7653,6248,4496
HASH_ROUTE token=75 layer=14 children=580,428,483,1068 grandchildren=5804,4288,4835,10687
HASH_ROUTE token=75 layer=15 children=993,517,1080,195 grandchildren=9934,5177,10800,1952
HASH_ROUTE token=75 layer=16 children=206,365,683,522 grandchildren=2067,3656,6838,5226
HASH_ROUTE token=75 layer=17 children=507,987,22,515 grandchildren=5079,9876,220,5155
HASH_ROUTE token=75 layer=18 children=673,1155,640,684 grandchildren=6735,11558,6409,6841
HASH_ROUTE token=75 layer=19 children=760,789,799,654 grandchildren=7605,7896,7999,6543
HASH_ROUTE token=75 layer=20 children=313,633,1112,470 grandchildren=3138,6338,11129,4706
HASH_ROUTE token=75 layer=21 children=717,72,787,680 grandchildren=7175,723,7874,6805
HASH_ROUTE token=75 layer=22 children=1110,632,795,158 grandchildren=11105,6326,7952,1589
HASH_ROUTE token=75 layer=23 children=532,545,579,600 grandchildren=5320,5458,5790,6002
HASH_ROUTE token=76 layer=0 children=153,50,72,65 grandchildren=1537,507,727,659
HASH_ROUTE token=76 layer=1 children=175,297,333,653 grandchildren=1753,2974,3338,6535
HASH_ROUTE token=76 layer=2 children=1061,424,1225,905 grandchildren=10614,4244,12250,9057
HASH_ROUTE token=76 layer=3 children=106,68,18,900 grandchildren=1067,681,185,9008
HASH_ROUTE token=76 layer=4 children=186,294,312,194 grandchildren=1863,2940,3124,1947
HASH_ROUTE token=76 layer=5 children=1272,1213,1179,1130 grandchildren=12728,12136,11791,11300
HASH_ROUTE token=76 layer=6 children=129,448,760,280 grandchildren=1296,4481,7604,2806
HASH_ROUTE token=76 layer=7 children=137,934,617,459 grandchildren=1377,9343,6178,4598
HASH_ROUTE token=76 layer=8 children=953,1110,314,1274 grandchildren=9536,11104,3149,12741
HASH_ROUTE token=76 layer=9 children=955,897,913,314 grandchildren=9554,8974,9131,3144
HASH_ROUTE token=76 layer=10 children=347,1145,180,449 grandchildren=3474,11454,1803,4492
HASH_ROUTE token=76 layer=11 children=24,1142,32,1156 grandchildren=244,11421,324,11563
HASH_ROUTE token=76 layer=12 children=374,327,478,219 grandchildren=3746,3276,4785,2192
HASH_ROUTE token=76 layer=13 children=148,786,948,463 grandchildren=1483,7866,9480,4636
HASH_ROUTE token=76 layer=14 children=777,693,616,539 grandchildren=7773,6931,6163,5392
HASH_ROUTE token=76 layer=15 children=995,1024,839,1040 grandchildren=9958,10243,8395,10405
HASH_ROUTE token=76 layer=16 children=437,365,346,1076 grandchildren=4374,3652,3469,10766
HASH_ROUTE token=76 layer=17 children=981,509,188,346 grandchildren=9819,5094,1882,3461
HASH_ROUTE token=76 layer=18 children=320,380,642,454 grandchildren=3202,3805,6422,4549
HASH_ROUTE token=76 layer=19 children=606,446,523,120 grandchildren=6063,4465,5230,1208
HASH_ROUTE token=76 layer=20 children=766,642,730,779 grandchildren=7665,6420,7303,7790
HASH_ROUTE token=76 layer=21 children=1030,552,870,236 grandchildren=10304,5524,8709,2366
HASH_ROUTE token=76 layer=22 children=178,13,265,333 grandchildren=1783,132,2658,3337
HASH_ROUTE token=76 layer=23 children=945,624,820,811 grandchildren=9453,6246,8203,8117
HASH_ROUTE token=77 layer=0 children=755,649,779,713 grandchildren=7553,6494,7792,7138
HASH_ROUTE token=77 layer=1 children=527,689,504,663 grandchildren=5277,6893,5047,6634
HASH_ROUTE token=77 layer=2 children=352,830,36,991 grandchildren=3529,8309,366,9917
HASH_ROUTE token=77 layer=3 children=623,613,535,554 grandchildren=6235,6135,5358,5543
HASH_ROUTE token=77 layer=4 children=465,434,1260,452 grandchildren=4656,4344,12608,4524
HASH_ROUTE token=77 layer=5 children=320,809,963,168 grandchildren=3205,8091,9633,1682
HASH_ROUTE token=77 layer=6 children=461,785,620,946 grandchildren=4612,7851,6207,9461
HASH_ROUTE token=77 layer=7 children=148,99,38,621 grandchildren=1482,994,381,6215
HASH_ROUTE token=77 layer=8 children=1014,697,1100,786 grandchildren=10149,6978,11008,7868
HASH_ROUTE token=77 layer=9 children=131,55,938,156 grandchildren=1315,554,9385,1564
HASH_ROUTE token=77 layer=10 children=616,626,540,587 grandchildren=6164,6263,5403,5874
HASH_ROUTE token=77 layer=11 children=916,1077,866,753 grandchildren=9164,10771,8664,7530
HASH_ROUTE token=77 layer=12 children=359,839,1151,512 grandchildren=3595,8392,11515,5126
HASH_ROUTE token=77 layer=13 children=324,167,489,361 grandchildren=3240,1679,4897,3618
HASH_ROUTE token=77 layer=14 children=1102,1264,1096,947 grandchildren=11023,12646,10968,9475
HASH_ROUTE token=77 layer=15 children=767,127,1080,678 grandchildren=7678,1278,10806,6789
HASH_ROUTE token=77 layer=16 children=921,600,889,124 grandchildren=9219,6001,8897,1243
HASH_ROUTE token=77 layer=17 children=893,954,801,91 grandchildren=8930,9547,8015,918
HASH_ROUTE token=77 layer=18 children=740,1226,268,721 grandchildren=7405,12267,2681,7210
HASH_ROUTE token=77 layer=19 children=322,647,1121,482 grandchildren=3225,6478,11213,4829
HASH_ROUTE token=77 layer=20 children=1264,309,1223,786 grandchildren=12644,3098,12235,7861
HASH_ROUTE token=77 layer=21 children=1180,1238,700,65 grandchildren=11800,12387,7003,657
HASH_ROUTE token=77 layer=22 children=939,295,1090,772 grandchildren=9397,2953,10904,7723
HASH_ROUTE token=77 layer=23 children=109,45,71,261 grandchildren=1093,450,715,2617
HASH_ROUTE token=78 layer=0 children=326,367,434,441 grandchildren=3265,3670,4345,4414
HASH_ROUTE token=78 layer=1 children=172,207,810,843 grandchildren=1727,2078,8108,8438
HASH_ROUTE token=78 layer=2 children=899,576,815,417 grandchildren=8995,5762,8158,4177
HASH_ROUTE token=78 layer=3 children=931,1090,130,294 grandchildren=9312,10909,1304,2941
HASH_ROUTE token=78 layer=4 children=635,317,959,475 grandchildren=6351,3175,9597,4754
HASH_ROUTE token=78 layer=5 children=1212,1130,1174,252 grandchildren=12125,11308,11746,2526
HASH_ROUTE token=78 layer=6 children=289,761,310,197 grandchildren=2890,7611,3101,1971
HASH_ROUTE token=78 layer=7 children=611,521,514,536 grandchildren=6114,5216,5146,5363
HASH_ROUTE token=78 layer=8 children=788,1105,627,944 grandchildren=7882,11054,6272,9447
HASH_ROUTE token=78 layer=9 children=838,513,191,892 grandchildren=8384,5133,1915,8921
HASH_ROUTE token=78 layer=10 children=240,275,187,727 grandchildren=2401,2754,1878,7271
HASH_ROUTE token=78 layer=11 children=10,490,6,173 grandchildren=106,4902,67,1739
HASH_ROUTE token=78 layer=12 children=684,1003,748,772 grandchildren=6845,10033,7487,7722
HASH_ROUTE token=78 layer=13 children=946,147,1260,1105 grandchildren=9467,1472,12605,11051
HASH_ROUTE token=78 layer=14 children=613,936,777,294 grandchildren=6139,9367,7779,2942
HASH_ROUTE token=78 layer=15 children=343,472,827,410 grandchildren=3439,4726,8276,4104
HASH_ROUTE token=78 layer=16 children=429,325,413,434 grandchildren=4298,3253,4136,4343
HASH_ROUTE token=78 layer=17 children=983,1060,662,1056 grandchildren=9830,10605,6628,10565
HASH_ROUTE token=78 layer=18 children=161,186,248,283 grandchildren=1611,1860,2483,2836
HASH_ROUTE token=78 layer=19 children=652,712,778,15 grandchildren=6529,7128,7783,156
HASH_ROUTE token=78 layer=20 children=318,634,178,278 grandchildren=3186,6341,1789,2788
HASH_ROUTE token=78 layer=21 children=10,40,93,335 grandchildren=101,402,938,3357
HASH_ROUTE token=78 layer=22 children=1247,1123,1084,969 grandchildren=12473,11239,10840,9690
HASH_ROUTE token=78 layer=23 children=34,124,44,86 grandchildren=345,1244,447,863
HASH_ROUTE token=79 layer=0 children=960,321,1089,1128 grandchildren=9601,3214,10891,11288
HASH_ROUTE token=79 layer=1 children=295,189,244,160 grandchildren=2956,1890,2448,1600
HASH_ROUTE token=79 layer=2 children=330,973,18,499 grandchildren=3300,9736,188,4990
HASH_ROUTE token=79 layer=3 children=107,1221,267,421 grandchildren=1072,12215,2678,4218
HASH_ROUTE token=79 layer=4 children=200,364,287,449 grandchildren=2005,3642,2874,4495
HASH_ROUTE token=79 layer=5 children=1213,1173,1134,252 grandchildren=12138,11738,11345,2528
HASH_ROUTE token=79 layer=6 children=246,725,1209,88 grandchildren=2462,7255,12099,884
HASH_ROUTE token=79 layer=7 children=697,52,219,534 grandchildren=6972,525,2199,5347
HASH_ROUTE token=79 layer=8 children=311,950,792,1117 grandchildren=3110,9500,7929,11176
HASH_ROUTE token=79 layer=9 children=312,257,957,795 grandchildren=3128,2579,9578,7950
HASH_ROUTE token=79 layer=10 children=545,591,707,1181 grandchildren=5451,5918,7074,11815
HASH_ROUTE token=79 layer=11 children=43,77,61,24 grandchildren=434,777,617,241
HASH_ROUTE token=79 layer=12 children=378,696,850,217 grandchildren=3784,6966,8501,2177
HASH_ROUTE token=79 layer=13 children=86,147,91,50 grandchildren=862,1475,914,507
HASH_ROUTE token=79 layer=14 children=293,196,248,282 grandchildren=2934,1965,2485,2824
HASH_ROUTE token=79 layer=15 children=1003,363,997,351 grandchildren=10031,3630,9973,3515
HASH_ROUTE token=79 layer=16 children=452,418,434,1253 grandchildren=4528,4183,4349,12537
HASH_ROUTE token=79 layer=17 children=180,215,238,1144 grandchildren=1800,2158,2388,11441
HASH_ROUTE token=79 layer=18 children=100,909,429,261 grandchildren=1009,9092,4299,2616
HASH_ROUTE token=79 layer=19 children=676,744,705,1152 grandchildren=6761,7449,7053,11525
HASH_ROUTE token=79 layer=20 children=213,319,244,198 grandchildren=2132,3198,2445,1981
HASH_ROUTE token=79 layer=21 children=33,46,70,831 grandchildren=333,462,704,8314
HASH_ROUTE token=79 layer=22 children=269,428,742,179 grandchildren=2693,4286,7428,1793
HASH_ROUTE token=79 layer=23 children=1037,235,1017,1064 grandchildren=10379,2351,10173,10640
HASH_ROUTE token=80 layer=0 children=846,920,361,41 grandchildren=8462,9202,3613,414
HASH_ROUTE token=80 layer=1 children=901,889,844,875 grandchildren=9016,8899,8448,8753
HASH_ROUTE token=80 layer=2 children=785,700,684,142 grandchildren=7853,7009,6845,1424
HASH_ROUTE token=80 layer=3 children=1142,1229,1152,27 grandchildren=11428,12290,11522,279
HASH_ROUTE token=80 layer=4 children=407,246,882,365 grandchildren=4071,2466,8824,3653
HASH_ROUTE token=80 layer=5 children=959,860,928,853 grandchildren=9594,8606,9286,8531
HASH_ROUTE token=80 layer=6 children=723,644,735,680 grandchildren=7239,6447,7358,6805
HASH_ROUTE token=80 layer=7 children=855,57,884,89 grandchildren=8554,575,8847,895
HASH_ROUTE token=80 layer=8 children=914,948,823,844 grandchildren=9148,9482,8239,8444
HASH_ROUTE token=80 layer=9 children=310,188,227,271 grandchildren=3100,1880,2274,2715
HASH_ROUTE token=80 layer=10 children=1101,1045,1056,1002 grandchildren=11010,10456,10566,10020
HASH_ROUTE token=80 layer=11 children=56,150,130,88 grandchildren=566,1504,1304,880
HASH_ROUTE token=80 layer=12 children=486,1127,169,804 grandchildren=4869,11273,1690,8042
HASH_ROUTE token=80 layer=13 children=97,738,49,681 grandchildren=977,7380,498,6810
HASH_ROUTE token=80 layer=14 children=937,850,891,879 grandchildren=9377,8503,8910,8795
HASH_ROUTE token=80 layer=15 children=324,346,339,965 grandchildren=3242,3460,3396,9650
HASH_ROUTE token=80 layer=16 children=702,387,738,413 grandchildren=7021,3878,7381,4134
HASH_ROUTE token=80 layer=17 children=188,983,1144,348 grandchildren=1884,9836,11446,3488
HASH_ROUTE token=80 layer=18 children=335,436,970,1077 grandchildren=3356,4360,9708,10778
HASH_ROUTE token=80 layer=19 children=423,355,261,391 grandchildren=4232,3556,2613,3918
HASH_ROUTE token=80 layer=20 children=270,219,438,185 grandchildren=2708,2197,4385,1852
HASH_ROUTE token=80 layer=21 children=254,1051,1216,179 grandchildren=2545,10513,12167,1797
HASH_ROUTE token=80 layer=22 children=269,902,1224,281 grandchildren=2693,9020,12249,2810
HASH_ROUTE token=80 layer=23 children=1152,190,830,1174 grandchildren=11526,1907,8308,11741
HASH_ROUTE token=81 layer=0 children=50,73,152,4 grandchildren=500,731,1525,40
HASH_ROUTE token=81 layer=1 children=292,233,207,178 grandchildren=2921,2334,2072,1780
HASH_ROUTE token=81 layer=2 children=410,338,737,98 grandchildren=4100,3380,7379,988
HASH_ROUTE token=81 layer=3 children=778,610,931,452 grandchildren=7788,6104,9314,4520
HASH_ROUTE token=81 layer=4 children=290,194,261,319 grandchildren=2909,1943,2611,3195
HASH_ROUTE token=81 layer=5 children=891,250,94,579 grandchildren=8919,2503,942,5792
HASH_ROUTE token=81 layer=6 children=686,714,730,795 grandchildren=6866,7147,7308,7952
HASH_ROUTE token=81 layer=7 children=240,1041,80,279 grandchildren=2403,10419,807,2797
HASH_ROUTE token=81 layer=8 children=847,1166,869,1189 grandchildren=8473,11666,8698,11893
HASH_ROUTE token=81 layer=9 children=867,821,700,664 grandchildren=8672,8210,7006,6644
HASH_ROUTE token=81 layer=10 children=384,868,338,812 grandchildren=3846,8683,3383,8121
HASH_ROUTE token=81 layer=11 children=1135,1162,1185,654 grandchildren=11355,11620,11858,6547
HASH_ROUTE token=81 layer=12 children=680,1162,848,754 grandchildren=6801,11621,8485,7545
HASH_ROUTE token=81 layer=13 children=979,993,1135,1058 grandchildren=9790,9934,11355,10588
HASH_ROUTE token=81 layer=14 children=339,813,177,464 grandchildren=3396,8132,1778,4646
HASH_ROUTE token=81 layer=15 children=1274,1186,1251,1239 grandchildren=12741,11860,12518,12398
HASH_ROUTE token=81 layer=16 children=578,256,895,93 grandchildren=5788,2565,8957,938
HASH_ROUTE token=81 layer=17 children=620,535,513,587 grandchildren=6205,5359,5137,5875
HASH_ROUTE token=81 layer=18 children=253,237,733,715 grandchildren=2538,2376,7335,7158
HASH_ROUTE token=81 layer=19 children=1263,467,1218,789 grandchildren=12635,4672,12180,7897
HASH_ROUTE token=81 layer=20 children=1063,1047,977,264 grandchildren=10638,10476,9776,2645
HASH_ROUTE token=81 layer=21 children=76,555,718,231 grandchildren=767,5557,7183,2316
HASH_ROUTE token=81 layer=22 children=269,301,238,317 grandchildren=2690,3016,2380,3171
HASH_ROUTE token=81 layer=23 children=1141,985,1244,1222 grandchildren=11418,9853,12447,12221
HASH_ROUTE token=82 layer=0 children=689,751,716,365 grandchildren=6897,7515,7168,3653
HASH_ROUTE token=82 layer=1 children=80,402,30,1202 grandchildren=804,4027,305,12022
HASH_ROUTE token=82 layer=2 children=335,418,409,320 grandchildren=3358,4189,4092,3203
HASH_ROUTE token=82 layer=3 children=779,1255,292,618 grandchildren=7798,12550,2927,6182
HASH_ROUTE token=82 layer=4 children=312,294,261,184 grandchildren=3128,2946,2616,1842
HASH_ROUTE token=82 layer=5 children=848,851,891,913 grandchildren=8483,8510,8918,9131
HASH_ROUTE token=82 layer=6 children=684,678,794,664 grandchildren=6849,6789,7944,6644
HASH_ROUTE token=82 layer=7 children=176,231,253,240 grandchildren=1765,2317,2531,2407
HASH_ROUTE token=82 layer=8 children=900,881,850,1227 grandchildren=9000,8817,8504,12271
HASH_ROUTE token=82 layer=9 children=664,823,24,706 grandchildren=6649,8231,248,7069
HASH_ROUTE token=82 layer=10 children=837,915,920,513 grandchildren=8377,9150,9204,5137
HASH_ROUTE token=82 layer=11 children=381,709,338,435 grandchildren=3814,7096,3388,4359
HASH_ROUTE token=82 layer=12 children=672,669,707,516 grandchildren=6720,6695,7073,5162
HASH_ROUTE token=82 layer=13 children=1135,1260,1255,1212 grandchildren=11354,12600,12558,12120
HASH_ROUTE token=82 layer=14 children=904,261,425,104 grandchildren=9041,2615,4251,1048
HASH_ROUTE token=82 layer=15 children=1238,1258,1274,1072 grandchildren=12387,12585,12746,10722
HASH_ROUTE token=82 layer=16 children=256,1213,1050,415 grandchildren=2566,12137,10500,4157
HASH_ROUTE token=82 layer=17 children=545,388,1029,587 grandchildren=5458,3886,10292,5870
HASH_ROUTE token=82 layer=18 children=1107,1051,300,253 grandchildren=11075,10517,3004,2532
HASH_ROUTE token=82 layer=19 children=305,199,787,1263 grandchildren=3059,1990,7879,12633
HASH_ROUTE token=82 layer=20 children=225,264,240,1028 grandchildren=2254,2643,2406,10289
HASH_ROUTE token=82 layer=21 children=145,76,300,231 grandchildren=1455,769,3007,2317
HASH_ROUTE token=82 layer=22 children=301,189,269,287 grandchildren=3018,1894,2691,2873
HASH_ROUTE token=82 layer=23 children=411,1054,739,449 grandchildren=4116,10547,7390,4497
HASH_ROUTE token=83 layer=0 children=41,360,122,7 grandchildren=415,3607,1227,72
HASH_ROUTE token=83 layer=1 children=440,281,457,290 grandchildren=4405,2811,4575,2901
HASH_ROUTE token=83 layer=2 children=1255,616,933,299 grandchildren=12550,6168,9335,2992
HASH_ROUTE token=83 layer=3 children=50,119,141,9 grandchildren=508,1199,1414,96
HASH_ROUTE token=83 layer=4 children=183,253,295,289 grandchildren=1836,2531,2953,2899
HASH_ROUTE token=83 layer=5 children=388,1028,861,462 grandchildren=3886,10285,8615,4628
HASH_ROUTE token=83 layer=6 children=944,783,461,896 grandchildren=9443,7836,4616,8969
HASH_ROUTE token=83 layer=7 children=247,83,566,402 grandchildren=2478,839,5660,4027
HASH_ROUTE token=83 layer=8 children=848,1161,42,932 grandchildren=8483,11610,420,9328
HASH_ROUTE token=83 layer=9 children=854,936,954,900 grandchildren=8542,9366,9545,9009
HASH_ROUTE token=83 layer=10 children=459,427,775,1096 grandchildren=4591,4279,7750,10961
HASH_ROUTE token=83 layer=11 children=865,894,854,915 grandchildren=8654,8948,8546,9157
HASH_ROUTE token=83 layer=12 children=508,552,639,1141 grandchildren=5084,5525,6393,11411
HASH_ROUTE token=83 layer=13 children=530,596,691,751 grandchildren=5305,5966,6916,7517
HASH_ROUTE token=83 layer=14 children=423,330,357,387 grandchildren=4238,3308,3574,3879
HASH_ROUTE token=83 layer=15 children=199,174,249,202 grandchildren=1993,1747,2499,2025
HASH_ROUTE token=83 layer=16 children=589,534,262,499 grandchildren=5891,5348,2624,4999
HASH_ROUTE token=83 layer=17 children=596,509,521,433 grandchildren=5960,5093,5214,4333
HASH_ROUTE token=83 layer=18 children=284,253,762,295 grandchildren=2842,2536,7622,2954
HASH_ROUTE token=83 layer=19 children=467,1263,787,380 grandchildren=4674,12633,7871,3803
HASH_ROUTE token=83 layer=20 children=315,174,225,167 grandchildren=3156,1744,2252,1676
HASH_ROUTE token=83 layer=21 children=72,140,34,716 grandchildren=728,1401,344,7160
HASH_ROUTE token=83 layer=22 children=312,243,309,150 grandchildren=3120,2430,3093,1501
HASH_ROUTE token=83 layer=23 children=579,600,545,563 grandchildren=5790,6007,5450,5635
HASH_ROUTE token=84 layer=0 children=327,649,447,435 grandchildren=3274,6493,4474,4357
HASH_ROUTE token=84 layer=1 children=297,938,263,616 grandchildren=2978,9381,2635,6168
HASH_ROUTE token=84 layer=2 children=749,774,736,656 grandchildren=7491,7748,7363,6565
HASH_ROUTE token=84 layer=3 children=737,794,726,784 grandchildren=7378,7949,7261,7840
HASH_ROUTE token=84 layer=4 children=163,199,296,186 grandchildren=1634,1993,2969,1860
HASH_ROUTE token=84 layer=5 children=1165,1260,1191,1274 grandchildren=11651,12608,11914,12747
HASH_ROUTE token=84 layer=6 children=411,422,731,351 grandchildren=4110,4224,7319,3519
HASH_ROUTE token=84 layer=7 children=240,164,231,884 grandchildren=2408,1641,2311,8843
HASH_ROUTE token=84 layer=8 children=1165,1203,1147,685 grandchildren=11655,12034,11470,6850
HASH_ROUTE token=84 layer=9 children=823,868,184,220 grandchildren=8235,8683,1846,2204
HASH_ROUTE token=84 layer=10 children=65,224,1184,701 grandchildren=653,2244,11847,7013
HASH_ROUTE token=84 layer=11 children=435,1234,336,357 grandchildren=4352,12347,3366,3577
HASH_ROUTE token=84 layer=12 children=504,984,181,639 grandchildren=5046,9847,1815,6394
HASH_ROUTE token=84 layer=13 children=772,610,1091,675 grandchildren=7722,6101,10916,6756
HASH_ROUTE token=84 layer=14 children=510,492,580,39 grandchildren=5109,4920,5801,397
HASH_ROUTE token=84 layer=15 children=535,619,1179,1258 grandchildren=5355,6190,11793,12581
HASH_ROUTE token=84 layer=16 children=492,627,581,505 grandchildren=4922,6272,5812,5058
HASH_ROUTE token=84 layer=17 children=987,1065,507,585 grandchildren=9878,10657,5076,5851
HASH_ROUTE token=84 layer=18 children=785,715,769,748 grandchildren=7851,7151,7694,7485
HASH_ROUTE token=84 layer=19 children=1265,1135,789,653 grandchildren=12658,11356,7894,6537
HASH_ROUTE token=84 layer=20 children=227,1024,164,966 grandchildren=2275,10248,1644,9664
HASH_ROUTE token=84 layer=21 children=70,149,28,33 grandchildren=700,1491,283,336
HASH_ROUTE token=84 layer=22 children=317,150,303,238 grandchildren=3174,1500,3037,2387
HASH_ROUTE token=84 layer=23 children=587,1067,900,1228 grandchildren=5870,10673,9008,12285
HASH_ROUTE token=85 layer=0 children=795,473,649,324 grandchildren=7951,4735,6496,3242
HASH_ROUTE token=85 layer=1 children=297,450,185,939 grandchildren=2972,4504,1852,9397
HASH_ROUTE token=85 layer=2 children=737,418,749,424 grandchildren=7372,4186,7495,4240
HASH_ROUTE token=85 layer=3 children=452,388,136,779 grandchildren=4521,3889,1369,7793
HASH_ROUTE token=85 layer=4 children=166,266,174,294 grandchildren=1666,2660,1742,2947
HASH_ROUTE token=85 layer=5 children=555,598,582,71 grandchildren=5557,5982,5822,719
HASH_ROUTE token=85 layer=6 children=418,352,731,422 grandchildren=4180,3523,7310,4226
HASH_ROUTE token=85 layer=7 children=884,931,821,842 grandchildren=8843,9319,8213,8424
HASH_ROUTE token=85 layer=8 children=616,133,548,62 grandchildren=6162,1334,5481,623
HASH_ROUTE token=85 layer=9 children=220,700,862,542 grandchildren=2204,7008,8624,5420
HASH_ROUTE token=85 layer=10 children=742,729,751,707 grandchildren=7421,7291,7512,7070
HASH_ROUTE token=85 layer=11 children=1135,971,174,654 grandchildren=11353,9711,1741,6543
HASH_ROUTE token=85 layer=12 children=1009,525,985,504 grandchildren=10099,5258,9851,5042
HASH_ROUTE token=85 layer=13 children=1255,1154,614,933 grandchildren=12555,11541,6146,9339
HASH_ROUTE token=85 layer=14 children=191,296,357,994 grandchildren=1915,2960,3573,9949
HASH_ROUTE token=85 layer=15 children=1179,851,535,213 grandchildren=11795,8518,5355,2132
HASH_ROUTE token=85 layer=16 children=218,533,256,376 grandchildren=2185,5332,2567,3769
HASH_ROUTE token=85 layer=17 children=587,429,1065,532 grandchildren=5874,4297,10653,5327
HASH_ROUTE token=85 layer=18 children=640,768,726,775 grandchildren=6402,7683,7268,7752
HASH_ROUTE token=85 layer=19 children=355,467,395,404 grandchildren=3557,4675,3952,4042
HASH_ROUTE token=85 layer=20 children=1180,1214,387,1229 grandchildren=11800,12144,3872,12297
HASH_ROUTE token=85 layer=21 children=80,884,145,23 grandchildren=809,8848,1458,237
HASH_ROUTE token=85 layer=22 children=301,317,269,227 grandchildren=3018,3177,2697,2275
HASH_ROUTE token=85 layer=23 children=766,606,739,281 grandchildren=7668,6067,7398,2819
HASH_ROUTE token=86 layer=0 children=150,795,471,955 grandchildren=1503,7950,4711,9554
HASH_ROUTE token=86 layer=1 children=291,177,267,456 grandchildren=2916,1772,2677,4567
HASH_ROUTE token=86 layer=2 children=1241,1139,1165,1178 grandchildren=12413,11396,11656,11783
HASH_ROUTE token=86 layer=3 children=774,1254,657,664 grandchildren=7744,12547,6576,6645
HASH_ROUTE token=86 layer=4 children=165,304,804,174 grandchildren=1653,3048,8044,1748
HASH_ROUTE token=86 layer=5 children=945,625,891,913 grandchildren=9457,6254,8913,9132
HASH_ROUTE token=86 layer=6 children=199,356,237,833 grandchildren=1999,3569,2378,8337
HASH_ROUTE token=86 layer=7 children=1048,404,80,884 grandchildren=10485,4040,800,8848
HASH_ROUTE token=86 layer=8 children=627,306,506,1101 grandchildren=6276,3068,5063,11014
HASH_ROUTE token=86 layer=9 children=710,701,877,862 grandchildren=7103,7013,8774,8625
HASH_ROUTE token=86 layer=10 children=472,155,790,634 grandchildren=4727,1554,7902,6340
HASH_ROUTE token=86 layer=11 children=572,416,1217,541 grandchildren=5725,4164,12171,5415
HASH_ROUTE token=86 layer=12 children=185,266,201,160 grandchildren=1859,2660,2014,1607
HASH_ROUTE token=86 layer=13 children=498,607,536,517 grandchildren=4989,6073,5362,5173
HASH_ROUTE token=86 layer=14 children=483,800,325,494 grandchildren=4835,8009,3250,4947
HASH_ROUTE token=86 layer=15 children=518,192,993,548 grandchildren=5186,1928,9936,5480
HASH_ROUTE token=86 layer=16 children=1172,534,374,852 grandchildren=11729,5342,3749,8520
HASH_ROUTE token=86 layer=17 children=987,507,968,484 grandchildren=9874,5072,9681,4840
HASH_ROUTE token=86 layer=18 children=343,986,669,416 grandchildren=3435,9860,6698,4162
HASH_ROUTE token=86 layer=19 children=700,780,720,380 grandchildren=7001,7804,7207,3802
HASH_ROUTE token=86 layer=20 children=174,315,225,165 grandchildren=1745,3150,2253,1653
HASH_ROUTE token=86 layer=21 children=72,27,149,1190 grandchildren=720,275,1496,11900
HASH_ROUTE token=86 layer=22 children=1110,312,635,1108 grandchildren=11103,3123,6354,11086
HASH_ROUTE token=86 layer=23 children=579,600,513,504 grandchildren=5790,6006,5130,5041
HASH_ROUTE token=87 layer=0 children=153,50,72,65 grandchildren=1534,509,727,658
HASH_ROUTE token=87 layer=1 children=175,297,333,653 grandchildren=1751,2971,3336,6537
HASH_ROUTE token=87 layer=2 children=1060,424,901,100 grandchildren=10608,4246,9011,1002
HASH_ROUTE token=87 layer=3 children=106,68,18,900 grandchildren=1060,683,184,9006
HASH_ROUTE token=87 layer=4 children=186,299,311,194 grandchildren=1861,2993,3119,1945
HASH_ROUTE token=87 layer=5 children=1210,1272,1174,1130 grandchildren=12106,12726,11746,11302
HASH_ROUTE token=87 layer=6 children=129,442,760,288 grandchildren=1299,4429,7609,2889
HASH_ROUTE token=87 layer=7 children=934,137,617,459 grandchildren=9341,1375,6176,4593
HASH_ROUTE token=87 layer=8 children=1110,953,314,1274 grandchildren=11102,9539,3140,12747
HASH_ROUTE token=87 layer=9 children=955,314,897,917 grandchildren=9556,3142,8973,9176
HASH_ROUTE token=87 layer=10 children=347,1145,180,446 grandchildren=3479,11458,1806,4466
HASH_ROUTE token=87 layer=11 children=24,1142,32,1154 grandchildren=243,11424,327,11543
HASH_ROUTE token=87 layer=12 children=374,327,478,219 grandchildren=3743,3275,4783,2194
HASH_ROUTE token=87 layer=13 children=148,786,943,463 grandchildren=1485,7867,9437,4633
HASH_ROUTE token=87 layer=14 children=777,693,616,537 grandchildren=7777,6934,6164,5371
HASH_ROUTE token=87 layer=15 children=995,1024,1040,831 grandchildren=9950,10244,10407,8310
HASH_ROUTE token=87 layer=16 children=431,365,346,1076 grandchildren=4311,3652,3461,10766
HASH_ROUTE token=87 layer=17 children=981,188,509,1144 grandchildren=9814,1889,5093,11441
HASH_ROUTE token=87 layer=18 children=320,380,364,640 grandchildren=3204,3800,3644,6401
HASH_ROUTE token=87 layer=19 children=606,446,523,120 grandchildren=6066,4464,5238,1204
HASH_ROUTE token=87 layer=20 children=766,730,642,743 grandchildren=7664,7307,6427,7431
HASH_ROUTE token=87 layer=21 children=1030,552,870,236 grandchildren=10308,5520,8703,2360
HASH_ROUTE token=87 layer=22 children=265,178,102,13 grandchildren=2657,1785,1029,138
HASH_ROUTE token=87 layer=23 children=945,811,861,620 grandchildren=9455,8114,8612,6205
HASH_ROUTE token=88 layer=0 children=755,649,779,713 grandchildren=7559,6490,7794,7135
HASH_ROUTE token=88 layer=1 children=527,689,504,663 grandchildren=5275,6894,5041,6630
HASH_ROUTE token=88 layer=2 children=352,830,36,991 grandchildren=3526,8300,362,9917
HASH_ROUTE token=88 layer=3 children=623,613,535,554 grandchildren=6236,6131,5359,5545
HASH_ROUTE token=88 layer=4 children=465,434,1260,452 grandchildren=4654,4345,12600,4526
HASH_ROUTE token=88 layer=5 children=320,809,963,168 grandchildren=3200,8090,9638,1687
HASH_ROUTE token=88 layer=6 children=461,785,620,946 grandchildren=4612,7851,6203,9469
HASH_ROUTE token=88 layer=7 children=148,99,38,621 grandchildren=1489,997,388,6216
HASH_ROUTE token=88 layer=8 children=1014,697,1100,786 grandchildren=10144,6977,11005,7868
HASH_ROUTE token=88 layer=9 children=131,55,938,156 grandchildren=1310,559,9384,1569
HASH_ROUTE token=88 layer=10 children=616,626,540,587 grandchildren=6167,6264,5401,5874
HASH_ROUTE token=88 layer=11 children=916,1077,866,753 grandchildren=9163,10775,8661,7531
HASH_ROUTE token=88 layer=12 children=359,839,1151,512 grandchildren=3599,8392,11514,5122
HASH_ROUTE token=88 layer=13 children=324,167,489,361 grandchildren=3244,1672,4895,3618
HASH_ROUTE token=88 layer=14 children=1102,1264,1096,947 grandchildren=11020,12645,10966,9478
HASH_ROUTE token=88 layer=15 children=767,127,1080,678 grandchildren=7671,1276,10803,6788
HASH_ROUTE token=88 layer=16 children=921,600,889,124 grandchildren=9213,6005,8899,1244
HASH_ROUTE token=88 layer=17 children=893,954,801,91 grandchildren=8939,9544,8013,915
HASH_ROUTE token=88 layer=18 children=740,1226,268,721 grandchildren=7405,12268,2687,7215
HASH_ROUTE token=88 layer=19 children=322,647,1121,482 grandchildren=3228,6476,11214,4829
HASH_ROUTE token=88 layer=20 children=1264,309,1223,786 grandchildren=12648,3092,12235,7864
HASH_ROUTE token=88 layer=21 children=1180,1238,700,65 grandchildren=11805,12385,7000,655
HASH_ROUTE token=88 layer=22 children=939,295,1090,772 grandchildren=9391,2950,10903,7722
HASH_ROUTE token=88 layer=23 children=109,45,71,261 grandchildren=1095,452,718,2611
HASH_ROUTE token=89 layer=0 children=49,360,1161,680 grandchildren=497,3606,11613,6805
HASH_ROUTE token=89 layer=1 children=205,297,239,841 grandchildren=2050,2976,2395,8416
HASH_ROUTE token=89 layer=2 children=895,735,810,1217 grandchildren=8957,7355,8103,12176
HASH_ROUTE token=89 layer=3 children=1095,291,133,613 grandchildren=10954,2915,1331,6137
HASH_ROUTE token=89 layer=4 children=182,190,827,160 grandchildren=1826,1900,8277,1602
HASH_ROUTE token=89 layer=5 children=467,300,370,445 grandchildren=4674,3006,3708,4452
HASH_ROUTE token=89 layer=6 children=676,761,714,35 grandchildren=6766,7616,7140,355
HASH_ROUTE token=89 layer=7 children=821,950,804,508 grandchildren=8212,9506,8049,5082
HASH_ROUTE token=89 layer=8 children=363,420,338,320 grandchildren=3631,4202,3384,3202
HASH_ROUTE token=89 layer=9 children=231,197,268,252 grandchildren=2316,1978,2686,2526
HASH_ROUTE token=89 layer=10 children=213,166,173,54 grandchildren=2138,1668,1731,549
HASH_ROUTE token=89 layer=11 children=77,875,26,156 grandchildren=776,8754,269,1561
HASH_ROUTE token=89 layer=12 children=882,868,81,61 grandchildren=8828,8687,815,613
HASH_ROUTE token=89 layer=13 children=826,26,667,987 grandchildren=8267,267,6674,9878
HASH_ROUTE token=89 layer=14 children=565,613,531,591 grandchildren=5651,6136,5315,5913
HASH_ROUTE token=89 layer=15 children=822,347,987,891 grandchildren=8228,3479,9878,8912
HASH_ROUTE token=89 layer=16 children=325,5,429,437 grandchildren=3252,52,4296,4377
HASH_ROUTE token=89 layer=17 children=983,349,1143,184 grandchildren=9833,3499,11432,1848
HASH_ROUTE token=89 layer=18 children=184,988,317,284 grandchildren=1847,9880,3176,2844
HASH_ROUTE token=89 layer=19 children=641,685,676,778 grandchildren=6413,6851,6768,7783
HASH_ROUTE token=89 layer=20 children=598,1072,279,757 grandchildren=5988,10723,2795,7579
HASH_ROUTE token=89 layer=21 children=1024,969,1058,1084 grandchildren=10245,9691,10584,10842
HASH_ROUTE token=89 layer=22 children=969,802,1123,1094 grandchildren=9699,8028,11237,10940
HASH_ROUTE token=89 layer=23 children=39,128,670,148 grandchildren=390,1285,6704,1489
HASH_ROUTE token=90 layer=0 children=641,326,4,967 grandchildren=6415,3262,42,9673
HASH_ROUTE token=90 layer=1 children=294,456,240,210 grandchildren=2942,4560,2406,2102
HASH_ROUTE token=90 layer=2 children=338,410,455,819 grandchildren=3382,4107,4551,8190
HASH_ROUTE token=90 layer=3 children=1228,108,582,428 grandchildren=12280,1080,5823,4280
HASH_ROUTE token=90 layer=4 children=204,318,196,287 grandchildren=2044,3185,1961,2871
HASH_ROUTE token=90 layer=5 children=1212,1177,1137,1265 grandchildren=12123,11776,11375,12650
HASH_ROUTE token=90 layer=6 children=246,728,1209,200 grandchildren=2461,7281,12094,2004
HASH_ROUTE token=90 layer=7 children=690,534,211,52 grandchildren=6904,5345,2113,528
HASH_ROUTE token=90 layer=8 children=954,314,794,1117 grandchildren=9542,3147,7941,11170
HASH_ROUTE token=90 layer=9 children=312,955,250,1273 grandchildren=3127,9555,2500,12736
HASH_ROUTE token=90 layer=10 children=547,506,563,387 grandchildren=5476,5064,5636,3874
HASH_ROUTE token=90 layer=11 children=40,73,59,64 grandchildren=409,730,591,641
HASH_ROUTE token=90 layer=12 children=329,807,370,857 grandchildren=3294,8072,3703,8571
HASH_ROUTE token=90 layer=13 children=91,145,81,39 grandchildren=914,1452,816,396
HASH_ROUTE token=90 layer=14 children=617,567,517,293 grandchildren=6174,5670,5177,2936
HASH_ROUTE token=90 layer=15 children=363,349,471,1166 grandchildren=3635,3497,4719,11660
HASH_ROUTE token=90 layer=16 children=191,163,222,1152 grandchildren=1913,1639,2226,11524
HASH_ROUTE token=90 layer=17 children=423,385,263,220 grandchildren=4234,3852,2635,2204
HASH_ROUTE token=90 layer=18 children=1067,266,428,909 grandchildren=10672,2667,4282,9090
HASH_ROUTE token=90 layer=19 children=100,907,262,744 grandchildren=1001,9077,2627,7444
HASH_ROUTE token=90 layer=20 children=1135,171,1227,1268 grandchildren=11353,1719,12279,12680
HASH_ROUTE token=90 layer=21 children=38,59,114,192 grandchildren=383,596,1145,1922
HASH_ROUTE token=90 layer=22 children=395,428,439,1037 grandchildren=3950,4287,4396,10371
HASH_ROUTE token=90 layer=23 children=239,872,71,242 grandchildren=2397,8729,711,2429
HASH_ROUTE token=91 layer=0 children=122,444,1089,605 grandchildren=1226,4442,10898,6051
HASH_ROUTE token=91 layer=1 children=451,342,396,339 grandchildren=4515,3426,3968,3392
HASH_ROUTE token=91 layer=2 children=207,220,304,282 grandchildren=2073,2209,3047,2825
HASH_ROUTE token=91 layer=3 children=100,119,33,585 grandchildren=1004,1191,334,5850
HASH_ROUTE token=91 layer=4 children=186,292,822,222 grandchildren=1863,2927,8224,2222
HASH_ROUTE token=91 layer=5 children=93,1217,892,410 grandchildren=937,12173,8928,4104
HASH_ROUTE token=91 layer=6 children=737,720,1219,98 grandchildren=7370,7203,12195,983
HASH_ROUTE token=91 layer=7 children=57,217,1011,855 grandchildren=578,2179,10111,8557
HASH_ROUTE token=91 layer=8 children=941,884,910,1109 grandchildren=9419,8846,9106,11090
HASH_ROUTE token=91 layer=9 children=312,1272,157,632 grandchildren=3127,12729,1578,6322
HASH_ROUTE token=91 layer=10 children=995,1063,1115,1153 grandchildren=9952,10638,11152,11532
HASH_ROUTE token=91 layer=11 children=59,113,690,159 grandchildren=592,1133,6901,1591
HASH_ROUTE token=91 layer=12 children=304,625,244,169 grandchildren=3048,6255,2447,1695
HASH_ROUTE token=91 layer=13 children=731,793,761,697 grandchildren=7310,7935,7616,6971
HASH_ROUTE token=91 layer=14 children=932,295,770,1093 grandchildren=9321,2958,7701,10934
HASH_ROUTE token=91 layer=15 children=339,971,498,472 grandchildren=3393,9717,4985,4721
HASH_ROUTE token=91 layer=16 children=437,419,349,476 grandchildren=4371,4197,3492,4767
HASH_ROUTE token=91 layer=17 children=995,1153,190,1066 grandchildren=9954,11531,1901,10666
HASH_ROUTE token=91 layer=18 children=860,942,811,909 grandchildren=8602,9429,8117,9099
HASH_ROUTE token=91 layer=19 children=833,867,355,380 grandchildren=8337,8672,3552,3802
HASH_ROUTE token=91 layer=20 children=598,1074,520,277 grandchildren=5986,10740,5207,2776
HASH_ROUTE token=91 layer=21 children=198,245,282,254 grandchildren=1987,2453,2825,2543
HASH_ROUTE token=91 layer=22 children=269,1060,428,105 grandchildren=2696,10602,4286,1056
HASH_ROUTE token=91 layer=23 children=836,883,807,856 grandchildren=8364,8832,8071,8562
HASH_ROUTE token=92 layer=0 children=449,122,764,607 grandchildren=4499,1228,7647,6073
HASH_ROUTE token=92 layer=1 children=184,664,346,203 grandchildren=1849,6649,3466,2035
HASH_ROUTE token=92 layer=2 children=442,288,404,241 grandchildren=4422,2888,4041,2412
HASH_ROUTE token=92 layer=3 children=931,452,778,1256 grandchildren=9319,4522,7785,12562
HASH_ROUTE token=92 layer=4 children=457,771,294,461 grandchildren=4577,7718,2948,4610
HASH_ROUTE token=92 layer=5 children=129,446,61,86 grandchildren=1296,4461,616,867
HASH_ROUTE token=92 layer=6 children=573,730,1052,99 grandchildren=5733,7308,10522,992
HASH_ROUTE token=92 layer=7 children=624,148,304,535 grandchildren=6246,1488,3049,5353
HASH_ROUTE token=92 layer=8 children=140,58,119,1262 grandchildren=1401,585,1198,12624
HASH_ROUTE token=92 layer=9 children=236,183,1191,301 grandchildren=2366,1833,11917,3013
HASH_ROUTE token=92 layer=10 children=753,771,795,727 grandchildren=7531,7711,7958,7276
HASH_ROUTE token=92 layer=11 children=429,747,908,1222 grandchildren=4290,7474,9081,12227
HASH_ROUTE token=92 layer=12 children=70,557,876,714 grandchildren=709,5571,8767,7143
HASH_ROUTE token=92 layer=13 children=1050,578,259,731 grandchildren=10509,5789,2591,7311
HASH_ROUTE token=92 layer=14 children=841,884,201,248 grandchildren=8411,8844,2010,2484
HASH_ROUTE token=92 layer=15 children=353,379,831,854 grandchildren=3531,3799,8316,8548
HASH_ROUTE token=92 layer=16 children=322,161,437,272 grandchildren=3229,1610,4375,2727
HASH_ROUTE token=92 layer=17 children=1143,188,1191,1160 grandchildren=11433,1884,11911,11606
HASH_ROUTE token=92 layer=18 children=178,224,810,286 grandchildren=1789,2243,8104,2869
HASH_ROUTE token=92 layer=19 children=679,789,712,748 grandchildren=6792,7894,7120,7488
HASH_ROUTE token=92 layer=20 children=538,215,494,592 grandchildren=5386,2159,4949,5923
HASH_ROUTE token=92 layer=21 children=93,70,158,126 grandchildren=930,706,1583,1266
HASH_ROUTE token=92 layer=22 children=914,926,850,861 grandchildren=9141,9267,8500,8612
HASH_ROUTE token=92 layer=23 children=282,218,170,761 grandchildren=2829,2185,1702,7612
HASH_ROUTE token=93 layer=0 children=323,441,469,413 grandchildren=3231,4410,4697,4137
HASH_ROUTE token=93 layer=1 children=935,843,295,138 grandchildren=9357,8430,2958,1389
HASH_ROUTE token=93 layer=2 children=1109,981,1018,461 grandchildren=11091,9814,10184,4612
HASH_ROUTE token=93 layer=3 children=1212,1120,1149,739 grandchildren=12126,11203,11496,7391
HASH_ROUTE token=93 layer=4 children=515,602,617,494 grandchildren=5150,6023,6177,4945
HASH_ROUTE token=93 layer=5 children=93,62,893,862 grandchildren=935,622,8931,8624
HASH_ROUTE token=93 layer=6 children=1156,675,1168,683 grandchildren=11560,6753,11689,6831
HASH_ROUTE token=93 layer=7 children=303,214,288,1266 grandchildren=3039,2149,2886,12664
HASH_ROUTE token=93 layer=8 children=1043,1012,1009,562 grandchildren=10433,10120,10093,5624
HASH_ROUTE token=93 layer=9 children=203,848,231,877 grandchildren=2034,8483,2311,8770
HASH_ROUTE token=93 layer=10 children=1262,789,1109,1134 grandchildren=12623,7893,11097,11340
HASH_ROUTE token=93 layer=11 children=705,757,65,115 grandchildren=7059,7578,653,1156
HASH_ROUTE token=93 layer=12 children=516,545,635,1158 grandchildren=5160,5457,6354,11582
HASH_ROUTE token=93 layer=13 children=1110,634,1278,793 grandchildren=11100,6349,12787,7933
HASH_ROUTE token=93 layer=14 children=920,1242,605,127 grandchildren=9205,12420,6057,1277
HASH_ROUTE token=93 layer=15 children=1013,694,1119,991 grandchildren=10137,6949,11190,9918
HASH_ROUTE token=93 layer=16 children=1233,1157,276,191 grandchildren=12334,11577,2769,1910
HASH_ROUTE token=93 layer=17 children=183,824,343,195 grandchildren=1835,8244,3435,1954
HASH_ROUTE token=93 layer=18 children=277,248,307,1072 grandchildren=2770,2483,3079,10728
HASH_ROUTE token=93 layer=19 children=338,14,391,75 grandchildren=3389,145,3912,757
HASH_ROUTE token=93 layer=20 children=185,277,213,225 grandchildren=1852,2774,2131,2253
HASH_ROUTE token=93 layer=21 children=1131,336,1165,13 grandchildren=11318,3363,11655,132
HASH_ROUTE token=93 layer=22 children=178,493,306,311 grandchildren=1785,4933,3066,3118
HASH_ROUTE token=93 layer=23 children=190,214,235,1156 grandchildren=1904,2144,2351,11564
HASH_ROUTE token=94 layer=0 children=153,50,72,65 grandchildren=1537,506,723,651
HASH_ROUTE token=94 layer=1 children=171,297,232,209 grandchildren=1717,2971,2327,2091
HASH_ROUTE token=94 layer=2 children=1225,1128,1237,1137 grandchildren=12256,11282,12371,11374
HASH_ROUTE token=94 layer=3 children=937,860,815,1095 grandchildren=9373,8601,8153,10956
HASH_ROUTE token=94 layer=4 children=230,189,221,289 grandchildren=2305,1898,2214,2894
HASH_ROUTE token=94 layer=5 children=850,867,958,378 grandchildren=8506,8674,9583,3783
HASH_ROUTE token=94 layer=6 children=244,289,409,217 grandchildren=2446,2898,4095,2173
HASH_ROUTE token=94 layer=7 children=208,306,294,244 grandchildren=2082,3063,2940,2441
HASH_ROUTE token=94 layer=8 children=1066,1077,1022,1092 grandchildren=10660,10772,10229,10920
HASH_ROUTE token=94 layer=9 children=458,428,1254,1227 grandchildren=4582,4285,12546,12272
HASH_ROUTE token=94 layer=10 children=1253,1227,1183,1160 grandchildren=12537,12270,11833,11601
HASH_ROUTE token=94 layer=11 children=865,380,67,705 grandchildren=8656,3800,673,7053
HASH_ROUTE token=94 layer=12 children=315,634,471,1271 grandchildren=3153,6346,4718,12715
HASH_ROUTE token=94 layer=13 children=1085,761,1042,604 grandchildren=10852,7618,10423,6047
HASH_ROUTE token=94 layer=14 children=240,230,219,1203 grandchildren=2401,2304,2191,12035
HASH_ROUTE token=94 layer=15 children=692,667,784,647 grandchildren=6920,6677,7847,6472
HASH_ROUTE token=94 layer=16 children=290,200,276,454 grandchildren=2905,2000,2760,4542
HASH_ROUTE token=94 layer=17 children=233,1190,188,715 grandchildren=2331,11901,1883,7157
HASH_ROUTE token=94 layer=18 children=826,344,886,407 grandchildren=8265,3443,8865,4077
HASH_ROUTE token=94 layer=19 children=353,338,391,389 grandchildren=3530,3384,3919,3893
HASH_ROUTE token=94 layer=20 children=1075,1014,273,987 grandchildren=10752,10143,2735,9871
HASH_ROUTE token=94 layer=21 children=806,899,646,731 grandchildren=8068,8994,6460,7317
HASH_ROUTE token=94 layer=22 children=857,826,861,815 grandchildren=8570,8262,8610,8151
HASH_ROUTE token=94 layer=23 children=603,530,1084,440 grandchildren=6030,5307,10846,4408
HASH_ROUTE token=95 layer=0 children=446,283,127,360 grandchildren=4466,2831,1274,3602
HASH_ROUTE token=95 layer=1 children=340,455,361,443 grandchildren=3408,4550,3614,4436
HASH_ROUTE token=95 layer=2 children=1219,577,419,1208 grandchildren=12191,5770,4191,12080
HASH_ROUTE token=95 layer=3 children=103,64,55,264 grandchildren=1037,646,559,2646
HASH_ROUTE token=95 layer=4 children=450,467,414,347 grandchildren=4500,4675,4145,3477
HASH_ROUTE token=95 layer=5 children=850,59,375,1179 grandchildren=8507,591,3759,11799
HASH_ROUTE token=95 layer=6 children=418,890,95,251 grandchildren=4186,8908,950,2515
HASH_ROUTE token=95 layer=7 children=618,541,456,380 grandchildren=6189,5411,4566,3807
HASH_ROUTE token=95 layer=8 children=932,616,1095,139 grandchildren=9326,6161,10957,1398
HASH_ROUTE token=95 layer=9 children=958,802,314,898 grandchildren=9580,8029,3143,8989
HASH_ROUTE token=95 layer=10 children=347,423,368,449 grandchildren=3472,4238,3685,4498
HASH_ROUTE token=95 layer=11 children=61,703,865,150 grandchildren=610,7035,8652,1508
HASH_ROUTE token=95 layer=12 children=1167,1192,1212,525 grandchildren=11679,11924,12122,5251
HASH_ROUTE token=95 layer=13 children=1023,981,549,1041 grandchildren=10236,9810,5495,10417
HASH_ROUTE token=95 layer=14 children=1196,231,553,874 grandchildren=11961,2318,5531,8743
HASH_ROUTE token=95 layer=15 children=444,377,336,353 grandchildren=4448,3772,3360,3530
HASH_ROUTE token=95 layer=16 children=334,176,456,299 grandchildren=3347,1764,4567,2991
HASH_ROUTE token=95 layer=17 children=188,231,267,222 grandchildren=1888,2312,2678,2229
HASH_ROUTE token=95 layer=18 children=831,886,1155,197 grandchildren=8316,8864,11558,1975
HASH_ROUTE token=95 layer=19 children=338,353,424,344 grandchildren=3382,3537,4248,3447
HASH_ROUTE token=95 layer=20 children=539,1018,215,593 grandchildren=5398,10183,2154,5937
HASH_ROUTE token=95 layer=21 children=410,336,93,350 grandchildren=4109,3362,932,3508
HASH_ROUTE token=95 layer=22 children=1182,385,220,709 grandchildren=11825,3859,2202,7091
HASH_ROUTE token=95 layer=23 children=218,539,199,56 grandchildren=2181,5394,1997,563
HASH_ROUTE token=96 layer=0 children=370,363,53,41 grandchildren=3700,3631,538,415
HASH_ROUTE token=96 layer=1 children=347,456,186,336 grandchildren=3472,4568,1867,3365
HASH_ROUTE token=96 layer=2 children=467,364,423,1101 grandchildren=4676,3647,4234,11017
HASH_ROUTE token=96 layer=3 children=107,425,1061,1229 grandchildren=1071,4255,10612,12291
HASH_ROUTE token=96 layer=4 children=890,1059,948,1101 grandchildren=8909,10597,9488,11017
HASH_ROUTE token=96 layer=5 children=116,87,64,759 grandchildren=1161,873,640,7598
HASH_ROUTE token=96 layer=6 children=793,631,150,688 grandchildren=7938,6317,1505,6886
HASH_ROUTE token=96 layer=7 children=1147,1244,662,763 grandchildren=11475,12440,6628,7632
HASH_ROUTE token=96 layer=8 children=48,529,87,560 grandchildren=484,5292,872,5605
HASH_ROUTE token=96 layer=9 children=955,946,877,844 grandchildren=9553,9460,8770,8445
HASH_ROUTE token=96 layer=10 children=1138,1140,978,815 grandchildren=11382,11408,9780,8152
HASH_ROUTE token=96 layer=11 children=914,872,904,1077 grandchildren=9141,8720,9049,10774
HASH_ROUTE token=96 layer=12 children=1176,534,213,1011 grandchildren=11762,5346,2133,10111
HASH_ROUTE token=96 layer=13 children=821,838,666,672 grandchildren=8216,8387,6667,6720
HASH_ROUTE token=96 layer=14 children=562,1203,244,559 grandchildren=5628,12037,2442,5590
HASH_ROUTE token=96 layer=15 children=243,277,405,889 grandchildren=2436,2774,4051,8892
HASH_ROUTE token=96 layer=16 children=176,334,225,382 grandchildren=1767,3344,2256,3824
HASH_ROUTE token=96 layer=17 children=184,1140,501,828 grandchildren=1845,11405,5012,8283
HASH_ROUTE token=96 layer=18 children=308,205,1107,1006 grandchildren=3083,2051,11078,10063
HASH_ROUTE token=96 layer=19 children=653,768,338,445 grandchildren=6534,7684,3385,4451
HASH_ROUTE token=96 layer=20 children=215,1015,532,204 grandchildren=2151,10154,5322,2046
HASH_ROUTE token=96 layer=21 children=410,399,98,361 grandchildren=4102,3991,987,3615
HASH_ROUTE token=96 layer=22 children=380,419,549,577 grandchildren=3809,4197,5497,5776
HASH_ROUTE token=96 layer=23 children=54,536,210,1178 grandchildren=540,5362,2105,11786
HASH_ROUTE token=97 layer=0 children=685,641,734,206 grandchildren=6859,6413,7345,2065
HASH_ROUTE token=97 layer=1 children=177,335,297,451 grandchildren=1771,3353,2976,4512
HASH_ROUTE token=97 layer=2 children=755,1237,1072,680 grandchildren=7556,12373,10727,6807
HASH_ROUTE token=97 layer=3 children=1229,584,1205,267 grandchildren=12291,5843,12053,2676
HASH_ROUTE token=97 layer=4 children=898,411,887,869 grandchildren=8981,4117,8876,8695
HASH_ROUTE token=97 layer=5 children=959,158,1114,928 grandchildren=9591,1586,11145,9288
HASH_ROUTE token=97 layer=6 children=1162,1157,525,512 grandchildren=11628,11574,5259,5124
HASH_ROUTE token=97 layer=7 children=695,1170,57,377 grandchildren=6957,11703,578,3770
HASH_ROUTE token=97 layer=8 children=1179,1126,1235,1161 grandchildren=11799,11269,12351,11618
HASH_ROUTE token=97 layer=9 children=862,874,955,1181 grandchildren=8621,8749,9556,11816
HASH_ROUTE token=97 layer=10 children=1121,963,806,1141 grandchildren=11214,9635,8062,11416
HASH_ROUTE token=97 layer=11 children=900,748,1069,931 grandchildren=9002,7484,10692,9313
HASH_ROUTE token=97 layer=12 children=262,1064,1229,197 grandchildren=2629,10644,12296,1977
HASH_ROUTE token=97 layer=13 children=604,1248,542,121 grandchildren=6041,12480,5421,1216
HASH_ROUTE token=97 layer=14 children=875,715,230,882 grandchildren=8752,7157,2306,8829
HASH_ROUTE token=97 layer=15 children=475,1119,957,315 grandchildren=4758,11191,9570,3159
HASH_ROUTE token=97 layer=16 children=176,334,252,410 grandchildren=1761,3343,2520,4105
HASH_ROUTE token=97 layer=17 children=1148,983,1193,501 grandchildren=11480,9831,11936,5016
HASH_ROUTE token=97 layer=18 children=889,1204,910,1234 grandchildren=8890,12042,9100,12346
HASH_ROUTE token=97 layer=19 children=338,351,653,12 grandchildren=3383,3516,6538,120
HASH_ROUTE token=97 layer=20 children=213,373,539,225 grandchildren=2138,3738,5393,2255
HASH_ROUTE token=97 layer=21 children=44,365,35,93 grandchildren=444,3653,355,934
HASH_ROUTE token=97 layer=22 children=863,902,832,883 grandchildren=8639,9020,8321,8838
HASH_ROUTE token=97 layer=23 children=214,530,54,1013 grandchildren=2147,5303,549,10139
HASH_ROUTE token=98 layer=0 children=153,53,72,65 grandchildren=1530,539,720,654
HASH_ROUTE token=98 layer=1 children=171,297,652,13 grandchildren=1711,2976,6525,139
HASH_ROUTE token=98 layer=2 children=747,588,424,1061 grandchildren=7470,5883,4247,10611
HASH_ROUTE token=98 layer=3 children=106,68,18,900 grandchildren=1066,683,186,9009
HASH_ROUTE token=98 layer=4 children=186,294,312,194 grandchildren=1864,2940,3122,1947
HASH_ROUTE token=98 layer=5 children=1179,1272,1210,1130 grandchildren=11793,12725,12109,11306
HASH_ROUTE token=98 layer=6 children=129,442,760,288 grandchildren=1293,4424,7608,2884
HASH_ROUTE token=98 layer=7 children=931,137,617,459 grandchildren=9310,1373,6177,4592
HASH_ROUTE token=98 layer=8 children=1112,953,314,1043 grandchildren=11121,9533,3141,10431
HASH_ROUTE token=98 layer=9 children=955,316,891,915 grandchildren=9557,3160,8916,9156
HASH_ROUTE token=98 layer=10 children=347,1145,180,446 grandchildren=3477,11458,1805,4463
HASH_ROUTE token=98 layer=11 children=24,1142,32,1154 grandchildren=248,11422,320,11542
HASH_ROUTE token=98 layer=12 children=378,327,478,219 grandchildren=3784,3279,4788,2198
HASH_ROUTE token=98 layer=13 children=786,148,943,463 grandchildren=7863,1483,9437,4637
HASH_ROUTE token=98 layer=14 children=693,777,792,537 grandchildren=6933,7777,7927,5378
HASH_ROUTE token=98 layer=15 children=995,1024,1040,831 grandchildren=9958,10241,10403,8313
HASH_ROUTE token=98 layer=16 children=365,437,346,459 grandchildren=3651,4370,3463,4599
HASH_ROUTE token=98 layer=17 children=981,188,1144,346 grandchildren=9814,1880,11444,3464
HASH_ROUTE token=98 layer=18 children=388,459,367,320 grandchildren=3888,4599,3673,3203
HASH_ROUTE token=98 layer=19 children=606,446,120,926 grandchildren=6061,4469,1208,9268
HASH_ROUTE token=98 layer=20 children=766,734,779,667 grandchildren=7660,7342,7793,6678
HASH_ROUTE token=98 layer=21 children=1030,992,236,870 grandchildren=10303,9920,2363,8702
HASH_ROUTE token=98 layer=22 children=745,424,102,656 grandchildren=7457,4249,1020,6563
HASH_ROUTE token=98 layer=23 children=879,907,861,945 grandchildren=8794,9072,8619,9458
HASH_ROUTE token=99 layer=0 children=755,649,779,713 grandchildren=7559,6495,7798,7133
HASH_ROUTE token=99 layer=1 children=527,689,504,663 grandchildren=5276,6895,5042,6639
HASH_ROUTE token=99 layer=2 children=352,830,36,991 grandchildren=3528,8305,369,9913
HASH_ROUTE token=99 layer=3 children=623,613,535,554 grandchildren=6238,6133,5350,5540
HASH_ROUTE token=99 layer=4 children=465,434,1260,452 grandchildren=4650,4343,12606,4529
HASH_ROUTE token=99 layer=5 children=320,809,963,168 grandchildren=3202,8099,9639,1687
HASH_ROUTE token=99 layer=6 children=461,785,620,946 grandchildren=4610,7854,6200,9461
HASH_ROUTE token=99 layer=7 children=148,99,38,621 grandchildren=1483,998,387,6212
HASH_ROUTE token=99 layer=8 children=1014,697,1100,786 grandchildren=10148,6976,11009,7863
HASH_ROUTE token=99 layer=9 children=131,55,938,156 grandchildren=1310,557,9380,1564
HASH_ROUTE token=99 layer=10 children=616,626,540,587 grandchildren=6161,6261,5406,5874
HASH_ROUTE token=99 layer=11 children=916,1077,866,753 grandchildren=9164,10777,8667,7532
HASH_ROUTE token=99 layer=12 children=359,839,1151,512 grandchildren=3592,8393,11519,5126
HASH_ROUTE token=99 layer=13 children=324,167,489,361 grandchildren=3246,1677,4892,3618
HASH_ROUTE token=99 layer=14 children=1102,1264,1096,947 grandchildren=11025,12647,10961,9475
HASH_ROUTE token=99 layer=15 children=767,127,1080,678 grandchildren=7671,1271,10805,6784
HASH_ROUTE token=99 layer=16 children=921,600,889,124 grandchildren=9216,6001,8894,1247
HASH_ROUTE token=99 layer=17 children=893,954,801,91 grandchildren=8936,9541,8015,919
HASH_ROUTE token=99 layer=18 children=740,1226,268,721 grandchildren=7407,12263,2689,7218
HASH_ROUTE token=99 layer=19 children=322,647,1121,482 grandchildren=3227,6476,11210,4826
HASH_ROUTE token=99 layer=20 children=1264,309,1223,786 grandchildren=12646,3090,12234,7863
HASH_ROUTE token=99 layer=21 children=1180,1238,700,65 grandchildren=11806,12382,7000,656
HASH_ROUTE token=99 layer=22 children=939,295,1090,772 grandchildren=9390,2952,10906,7720
HASH_ROUTE token=99 layer=23 children=109,45,71,261 grandchildren=1090,451,716,2612
HASH_ROUTE token=100 layer=0 children=49,360,1161,680 grandchildren=499,3601,11619,6809
HASH_ROUTE token=100 layer=1 children=205,297,239,841 grandchildren=2051,2971,2395,8415
HASH_ROUTE token=100 layer=2 children=895,735,810,1217 grandchildren=8952,7359,8100,12173
HASH_ROUTE token=100 layer=3 children=1095,291,133,613 grandchildren=10953,2910,1333,6135
HASH_ROUTE token=100 layer=4 children=182,190,827,160 grandchildren=1823,1907,8277,1605
HASH_ROUTE token=100 layer=5 children=467,300,370,445 grandchildren=4670,3006,3700,4454
HASH_ROUTE token=100 layer=6 children=676,761,714,35 grandchildren=6764,7619,7146,358
HASH_ROUTE token=100 layer=7 children=821,950,804,508 grandchildren=8218,9506,8043,5081
HASH_ROUTE token=100 layer=8 children=363,420,338,320 grandchildren=3630,4208,3384,3205
HASH_ROUTE token=100 layer=9 children=231,197,268,252 grandchildren=2316,1974,2685,2521
HASH_ROUTE token=100 layer=10 children=213,166,173,54 grandchildren=2132,1666,1735,544
HASH_ROUTE token=100 layer=11 children=77,875,26,156 grandchildren=774,8756,265,1566
HASH_ROUTE token=100 layer=12 children=882,868,81,61 grandchildren=8822,8687,811,614
HASH_ROUTE token=100 layer=13 children=826,26,667,987 grandchildren=8266,263,6670,9873
HASH_ROUTE token=100 layer=14 children=565,613,531,591 grandchildren=5654,6132,5315,5911
HASH_ROUTE token=100 layer=15 children=822,347,987,891 grandchildren=8222,3470,9878,8916
HASH_ROUTE token=100 layer=16 children=325,5,429,437 grandchildren=3258,55,4298,4378
HASH_ROUTE token=100 layer=17 children=983,349,1143,184 grandchildren=9833,3493,11433,1847
HASH_ROUTE token=100 layer=18 children=184,988,317,284 grandchildren=1847,9888,3179,2842
HASH_ROUTE token=100 layer=19 children=641,685,676,778 grandchildren=6413,6858,6765,7784
HASH_ROUTE token=100 layer=20 children=598,1072,279,757 grandchildren=5981,10723,2795,7575
HASH_ROUTE token=100 layer=21 children=1024,969,1058,1084 grandchildren=10243,9699,10583,10842
HASH_ROUTE token=100 layer=22 children=969,802,1123,1094 grandchildren=9697,8025,11239,10940
HASH_ROUTE token=100 layer=23 children=39,128,670,148 grandchildren=393,1288,6708,1489
HASH_ROUTE token=101 layer=0 children=641,326,4,967 grandchildren=6418,3266,45,9671
HASH_ROUTE token=101 layer=1 children=294,456,240,210 grandchildren=2943,4563,2404,2109
HASH_ROUTE token=101 layer=2 children=338,410,455,819 grandchildren=3384,4107,4553,8190
HASH_ROUTE token=101 layer=3 children=1228,108,582,428 grandchildren=12283,1089,5821,4282
HASH_ROUTE token=101 layer=4 children=204,318,196,287 grandchildren=2046,3186,1969,2871
HASH_ROUTE token=101 layer=5 children=1212,1177,1137,1265 grandchildren=12120,11773,11375,12657
HASH_ROUTE token=101 layer=6 children=246,728,1209,200 grandchildren=2460,7280,12098,2003
HASH_ROUTE token=101 layer=7 children=690,534,211,52 grandchildren=6909,5345,2115,526
HASH_ROUTE token=101 layer=8 children=954,314,794,1117 grandchildren=9544,3149,7945,11172
HASH_ROUTE token=101 layer=9 children=312,955,250,1273 grandchildren=3121,9556,2507,12733
HASH_ROUTE token=101 layer=10 children=547,506,563,387 grandchildren=5479,5066,5630,3876
HASH_ROUTE token=101 layer=11 children=40,73,59,64 grandchildren=400,739,595,643
HASH_ROUTE token=101 layer=12 children=329,807,370,857 grandchildren=3291,8071,3704,8573
HASH_ROUTE token=101 layer=13 children=91,145,81,39 grandchildren=916,1451,819,397
HASH_ROUTE token=101 layer=14 children=617,567,517,293 grandchildren=6172,5673,5177,2939
HASH_ROUTE token=101 layer=15 children=363,349,471,1166 grandchildren=3630,3498,4719,11665
HASH_ROUTE token=101 layer=16 children=191,163,222,1152 grandchildren=1913,1633,2223,11521
HASH_ROUTE token=101 layer=17 children=423,385,263,220 grandchildren=4234,3858,2637,2201
HASH_ROUTE token=101 layer=18 children=1067,266,428,909 grandchildren=10676,2666,4285,9099
HASH_ROUTE token=101 layer=19 children=100,907,262,744 grandchildren=1006,9075,2621,7442
HASH_ROUTE token=101 layer=20 children=1135,171,1227,1268 grandchildren=11353,1715,12273,12685
HASH_ROUTE token=101 layer=21 children=38,59,114,192 grandchildren=381,593,1146,1920
HASH_ROUTE token=101 layer=22 children=395,428,439,1037 grandchildren=3955,4285,4391,10376
HASH_ROUTE token=101 layer=23 children=239,872,71,242 grandchildren=2393,8722,715,2428
HASH_ROUTE token=102 layer=0 children=1007,1015,209,214 grandchildren=10071,10157,2093,2143
HASH_ROUTE token=102 layer=1 children=295,456,189,937 grandchildren=2951,4568,1892,9375
HASH_ROUTE token=102 layer=2 children=656,335,975,771 grandchildren=6561,3356,9754,7719
HASH_ROUTE token=102 layer=3 children=931,839,291,197 grandchildren=9319,8390,2910,1970
HASH_ROUTE token=102 layer=4 children=204,196,264,292 grandchildren=2042,1960,2645,2923
HASH_ROUTE token=102 layer=5 children=1173,1212,1229,1130 grandchildren=11738,12128,12291,11302
HASH_ROUTE token=102 layer=6 children=722,405,244,880 grandchildren=7222,4054,2445,8806
HASH_ROUTE token=102 layer=7 children=216,697,854,51 grandchildren=2166,6976,8545,519
HASH_ROUTE token=102 layer=8 children=917,947,751,783 grandchildren=9172,9470,7511,7834
HASH_ROUTE token=102 layer=9 children=312,248,308,262 grandchildren=3125,2485,3089,2623
HASH_ROUTE token=102 layer=10 children=1022,548,1064,1056 grandchildren=10223,5481,10644,10569
HASH_ROUTE token=102 layer=11 children=59,34,145,690 grandchildren=591,343,1450,6902
HASH_ROUTE token=102 layer=12 children=586,1222,261,420 grandchildren=5869,12223,2614,4200
HASH_ROUTE token=102 layer=13 children=124,91,47,149 grandchildren=1243,912,477,1494
HASH_ROUTE token=102 layer=14 children=760,922,743,799 grandchildren=7603,9227,7431,7998
HASH_ROUTE token=102 layer=15 children=340,339,472,363 grandchildren=3406,3396,4725,3632
HASH_ROUTE token=102 layer=16 children=410,98,1213,437 grandchildren=4102,986,12137,4373
HASH_ROUTE token=102 layer=17 children=426,384,264,343 grandchildren=4263,3848,2644,3435
HASH_ROUTE token=102 layer=18 children=942,867,1107,1024 grandchildren=9427,8674,11078,10246
HASH_ROUTE token=102 layer=19 children=192,179,239,355 grandchildren=1922,1795,2390,3559
HASH_ROUTE token=102 layer=20 children=1238,1148,437,1172 grandchildren=12388,11481,4375,11720
HASH_ROUTE token=102 layer=21 children=13,336,126,170 grandchildren=139,3362,1262,1704
HASH_ROUTE token=102 layer=22 children=265,174,213,314 grandchildren=2654,1743,2136,3143
HASH_ROUTE token=102 layer=23 children=235,197,263,308 grandchildren=2353,1974,2634,3088
HASH_ROUTE token=103 layer=0 children=108,40,7,744 grandchildren=1083,407,77,7442
HASH_ROUTE token=103 layer=1 children=786,301,777,748 grandchildren=7865,3017,7777,7480
HASH_ROUTE token=103 layer=2 children=1182,1239,65,1217 grandchildren=11820,12390,656,12175
HASH_ROUTE token=103 layer=3 children=848,205,687,853 grandchildren=8489,2054,6877,8530
HASH_ROUTE token=103 layer=4 children=292,457,218,237 grandchildren=2921,4570,2183,2374
HASH_ROUTE token=103 layer=5 children=856,373,861,1018 grandchildren=8564,3730,8610,10181
HASH_ROUTE token=103 layer=6 children=255,194,412,355 grandchildren=2557,1949,4123,3552
HASH_ROUTE token=103 layer=7 children=327,449,337,415 grandchildren=3272,4494,3378,4153
HASH_ROUTE token=103 layer=8 children=613,624,455,560 grandchildren=6139,6243,4551,5609
HASH_ROUTE token=103 layer=9 children=185,828,215,301 grandchildren=1859,8284,2154,3016
HASH_ROUTE token=103 layer=10 children=330,386,423,473 grandchildren=3301,3863,4235,4739
HASH_ROUTE token=103 layer=11 children=52,139,61,157 grandchildren=529,1398,615,1578
HASH_ROUTE token=103 layer=12 children=529,201,1162,635 grandchildren=5298,2010,11620,6359
HASH_ROUTE token=103 layer=13 children=895,830,887,1058 grandchildren=8955,8306,8872,10580
HASH_ROUTE token=103 layer=14 children=877,932,231,929 grandchildren=8772,9321,2312,9298
HASH_ROUTE token=103 layer=15 children=831,671,351,920 grandchildren=8318,6713,3511,9207
HASH_ROUTE token=103 layer=16 children=171,292,315,262 grandchildren=1713,2927,3150,2628
HASH_ROUTE token=103 layer=17 children=188,661,264,501 grandchildren=1882,6611,2643,5014
HASH_ROUTE token=103 layer=18 children=836,915,1155,857 grandchildren=8362,9150,11557,8574
HASH_ROUTE token=103 layer=19 children=393,358,75,39 grandchildren=3939,3586,753,392
HASH_ROUTE token=103 layer=20 children=215,242,311,225 grandchildren=2156,2426,3114,2250
HASH_ROUTE token=103 layer=21 children=52,93,16,43 grandchildren=526,936,161,437
HASH_ROUTE token=103 layer=22 children=938,863,455,389 grandchildren=9384,8633,4557,3898
HASH_ROUTE token=103 layer=23 children=306,145,621,193 grandchildren=3067,1457,6217,1935
HASH_ROUTE token=104 layer=0 children=150,50,41,477 grandchildren=1507,505,418,4776
HASH_ROUTE token=104 layer=1 children=297,456,193,779 grandchildren=2976,4561,1936,7792
HASH_ROUTE token=104 layer=2 children=737,755,696,749 grandchildren=7373,7551,6966,7497
HASH_ROUTE token=104 layer=3 children=931,298,779,1098 grandchildren=9312,2985,7793,10980
HASH_ROUTE token=104 layer=4 children=297,773,612,458 grandchildren=2970,7738,6126,4580
HASH_ROUTE token=104 layer=5 children=924,802,856,446 grandchildren=9249,8025,8569,4463
HASH_ROUTE token=104 layer=6 children=211,289,57,124 grandchildren=2113,2895,571,1240
HASH_ROUTE token=104 layer=7 children=356,679,473,330 grandchildren=3568,6798,4736,3307
HASH_ROUTE token=104 layer=8 children=950,799,887,848 grandchildren=9507,7999,8870,8480
HASH_ROUTE token=104 layer=9 children=298,1254,217,1178 grandchildren=2980,12543,2170,11787
HASH_ROUTE token=104 layer=10 children=1004,368,1065,1044 grandchildren=10044,3685,10650,10445
HASH_ROUTE token=104 layer=11 children=894,838,823,900 grandchildren=8942,8386,8239,9006
HASH_ROUTE token=104 layer=12 children=1201,403,248,723 grandchildren=12015,4037,2489,7234
HASH_ROUTE token=104 layer=13 children=781,674,629,517 grandchildren=7810,6745,6290,5178
HASH_ROUTE token=104 layer=14 children=231,267,242,212 grandchildren=2311,2674,2425,2124
HASH_ROUTE token=104 layer=15 children=831,995,352,671 grandchildren=8311,9951,3525,6715
HASH_ROUTE token=104 layer=16 children=206,171,276,248 grandchildren=2061,1716,2765,2482
HASH_ROUTE token=104 layer=17 children=509,558,1143,188 grandchildren=5095,5584,11434,1880
HASH_ROUTE token=104 layer=18 children=839,352,820,344 grandchildren=8392,3528,8207,3444
HASH_ROUTE token=104 layer=19 children=358,37,383,338 grandchildren=3589,375,3833,3387
HASH_ROUTE token=104 layer=20 children=157,633,318,1113 grandchildren=1572,6331,3183,11130
HASH_ROUTE token=104 layer=21 children=43,361,19,339 grandchildren=434,3610,193,3399
HASH_ROUTE token=104 layer=22 children=709,544,784,793 grandchildren=7099,5443,7849,7935
HASH_ROUTE token=104 layer=23 children=213,289,537,268 grandchildren=2134,2897,5373,2680
HASH_ROUTE token=105 layer=0 children=1082,446,1051,411 grandchildren=10826,4462,10516,4110
HASH_ROUTE token=105 layer=1 children=346,379,410,470 grandchildren=3468,3791,4100,4706
HASH_ROUTE token=105 layer=2 children=1007,1108,523,624 grandchildren=10075,11081,5238,6245
HASH_ROUTE token=105 layer=3 children=1272,1269,1218,1223 grandchildren=12722,12695,12184,12233
HASH_ROUTE token=105 layer=4 children=895,889,920,571 grandchildren=8953,8892,9204,5715
HASH_ROUTE token=105 layer=5 children=117,101,93,1238 grandchildren=1170,1012,936,12386
HASH_ROUTE token=105 layer=6 children=994,513,1091,356 grandchildren=9945,5131,10914,3561
HASH_ROUTE token=105 layer=7 children=510,353,1158,836 grandchildren=5105,3538,11584,8360
HASH_ROUTE token=105 layer=8 children=620,1101,1265,781 grandchildren=6203,11018,12653,7819
HASH_ROUTE token=105 layer=9 children=167,642,301,235 grandchildren=1672,6423,3012,2357
HASH_ROUTE token=105 layer=10 children=652,742,757,787 grandchildren=6522,7424,7571,7873
HASH_ROUTE token=105 layer=11 children=150,790,479,956 grandchildren=1507,7908,4793,9562
HASH_ROUTE token=105 layer=12 children=225,233,205,257 grandchildren=2253,2331,2053,2577
HASH_ROUTE token=105 layer=13 children=1019,1171,536,1112 grandchildren=10196,11716,5360,11122
HASH_ROUTE token=105 layer=14 children=235,873,298,248 grandchildren=2359,8733,2986,2487
HASH_ROUTE token=105 layer=15 children=379,1016,444,1081 grandchildren=3799,10164,4441,10814
HASH_ROUTE token=105 layer=16 children=1157,1219,350,1172 grandchildren=11570,12198,3502,11721
HASH_ROUTE token=105 layer=17 children=344,446,1143,396 grandchildren=3442,4469,11434,3967
HASH_ROUTE token=105 layer=18 children=1078,1046,911,889 grandchildren=10784,10462,9115,8896
HASH_ROUTE token=105 layer=19 children=338,654,351,679 grandchildren=3382,6549,3510,6791
HASH_ROUTE token=105 layer=20 children=1119,1016,1049,951 grandchildren=11194,10166,10496,9511
HASH_ROUTE token=105 layer=21 children=365,416,46,339 grandchildren=3656,4161,463,3397
HASH_ROUTE token=105 layer=22 children=544,590,220,580 grandchildren=5448,5907,2202,5800
HASH_ROUTE token=105 layer=23 children=214,536,199,306 grandchildren=2143,5363,1993,3061
HASH_ROUTE token=106 layer=0 children=479,955,356,839 grandchildren=4793,9555,3563,8392
HASH_ROUTE token=106 layer=1 children=424,345,456,261 grandchildren=4248,3452,4560,2616
HASH_ROUTE token=106 layer=2 children=1068,423,101,744 grandchildren=10687,4235,1014,7448
HASH_ROUTE token=106 layer=3 children=672,664,778,737 grandchildren=6721,6644,7781,7378
HASH_ROUTE token=106 layer=4 children=457,447,137,123 grandchildren=4575,4474,1376,1238
HASH_ROUTE token=106 layer=5 children=56,129,64,850 grandchildren=564,1291,644,8508
HASH_ROUTE token=106 layer=6 children=1089,285,1052,1101 grandchildren=10894,2852,10528,11018
HASH_ROUTE token=106 layer=7 children=1156,513,1144,194 grandchildren=11561,5137,11441,1943
HASH_ROUTE token=106 layer=8 children=56,535,852,112 grandchildren=567,5359,8522,1127
HASH_ROUTE token=106 layer=9 children=388,1021,402,220 grandchildren=3886,10216,4026,2204
HASH_ROUTE token=106 layer=10 children=1185,1178,1210,1244 grandchildren=11851,11783,12108,12444
HASH_ROUTE token=106 layer=11 children=787,1107,695,744 grandchildren=7875,11078,6954,7441
HASH_ROUTE token=106 layer=12 children=545,553,564,635 grandchildren=5451,5534,5645,6356
HASH_ROUTE token=106 layer=13 children=950,798,631,800 grandchildren=9501,7983,6318,8000
HASH_ROUTE token=106 layer=14 children=80,12,1202,1131 grandchildren=805,121,12025,11312
HASH_ROUTE token=106 layer=15 children=990,1081,1016,974 grandchildren=9906,10811,10165,9742
HASH_ROUTE token=106 layer=16 children=357,343,1151,1146 grandchildren=3573,3435,11519,11467
HASH_ROUTE token=106 layer=17 children=343,501,188,1143 grandchildren=3439,5010,1882,11434
HASH_ROUTE token=106 layer=18 children=452,402,935,351 grandchildren=4527,4024,9355,3515
HASH_ROUTE token=106 layer=19 children=676,719,653,36 grandchildren=6762,7193,6539,365
HASH_ROUTE token=106 layer=20 children=978,1016,813,851 grandchildren=9781,10169,8138,8510
HASH_ROUTE token=106 layer=21 children=441,332,414,320 grandchildren=4419,3320,4142,3201
HASH_ROUTE token=106 layer=22 children=542,607,1184,220 grandchildren=5426,6074,11848,2208
HASH_ROUTE token=106 layer=23 children=698,214,1174,650 grandchildren=6987,2144,11745,6507
HASH_ROUTE token=107 layer=0 children=1080,1016,768,449 grandchildren=10803,10164,7683,4497
HASH_ROUTE token=107 layer=1 children=349,405,453,361 grandchildren=3493,4054,4531,3612
HASH_ROUTE token=107 layer=2 children=1094,1057,1067,774 grandchildren=10945,10575,10672,7746
HASH_ROUTE token=107 layer=3 children=294,182,614,1258 grandchildren=2949,1828,6142,12584
HASH_ROUTE token=107 layer=4 children=895,578,97,734 grandchildren=8954,5781,973,7346
HASH_ROUTE token=107 layer=5 children=101,1229,87,1206 grandchildren=1016,12295,878,12065
HASH_ROUTE token=107 layer=6 children=776,132,293,1251 grandchildren=7769,1329,2933,12518
HASH_ROUTE token=107 layer=7 children=1215,891,1055,1123 grandchildren=12158,8918,10551,11233
HASH_ROUTE token=107 layer=8 children=1171,1230,539,592 grandchildren=11712,12307,5399,5926
HASH_ROUTE token=107 layer=9 children=188,160,821,253 grandchildren=1883,1600,8217,2535
HASH_ROUTE token=107 layer=10 children=1244,1120,1257,1138 grandchildren=12444,11207,12572,11386
HASH_ROUTE token=107 layer=11 children=865,705,1024,1188 grandchildren=8655,7058,10245,11888
HASH_ROUTE token=107 layer=12 children=587,545,513,555 grandchildren=5870,5458,5139,5555
HASH_ROUTE token=107 layer=13 children=1127,1218,1247,1136 grandchildren=11278,12187,12474,11365
HASH_ROUTE token=107 layer=14 children=261,582,206,527 grandchildren=2613,5823,2064,5279
HASH_ROUTE token=107 layer=15 children=233,182,310,871 grandchildren=2338,1827,3104,8711
HASH_ROUTE token=107 layer=16 children=191,254,350,410 grandchildren=1910,2549,3507,4101
HASH_ROUTE token=107 layer=17 children=1153,1140,1229,990 grandchildren=11534,11409,12299,9909
HASH_ROUTE token=107 layer=18 children=402,344,381,452 grandchildren=4027,3444,3819,4527
HASH_ROUTE token=107 layer=19 children=355,1151,338,1132 grandchildren=3551,11515,3389,11327
HASH_ROUTE token=107 layer=20 children=1044,975,1119,1017 grandchildren=10445,9753,11195,10172
HASH_ROUTE token=107 layer=21 children=335,363,19,441 grandchildren=3352,3633,198,4414
HASH_ROUTE token=107 layer=22 children=547,622,220,533 grandchildren=5475,6227,2206,5330
HASH_ROUTE token=107 layer=23 children=213,537,1174,190 grandchildren=2134,5372,11746,1902
HASH_ROUTE token=108 layer=0 children=1080,768,1016,449 grandchildren=10809,7684,10164,4490
HASH_ROUTE token=108 layer=1 children=180,349,241,405 grandchildren=1801,3499,2418,4058
HASH_ROUTE token=108 layer=2 children=1057,1090,1001,1108 grandchildren=10576,10904,10015,11088
HASH_ROUTE token=108 layer=3 children=1258,294,1145,1227 grandchildren=12589,2942,11456,12274
HASH_ROUTE token=108 layer=4 children=895,97,578,256 grandchildren=8959,977,5781,2564
HASH_ROUTE token=108 layer=5 children=67,1185,101,1223 grandchildren=673,11855,1017,12232
HASH_ROUTE token=108 layer=6 children=776,1251,617,132 grandchildren=7769,12517,6177,1326
HASH_ROUTE token=108 layer=7 children=58,62,98,136 grandchildren=582,625,989,1367
HASH_ROUTE token=108 layer=8 children=919,1232,856,279 grandchildren=9197,12328,8562,2792
HASH_ROUTE token=108 layer=9 children=645,804,167,668 grandchildren=6459,8045,1679,6689
HASH_ROUTE token=108 layer=10 children=763,650,447,331 grandchildren=7637,6509,4476,3315
HASH_ROUTE token=108 layer=11 children=147,10,60,34 grandchildren=1470,102,604,345
HASH_ROUTE token=108 layer=12 children=611,531,529,559 grandchildren=6116,5310,5293,5598
HASH_ROUTE token=108 layer=13 children=996,1075,673,753 grandchildren=9967,10755,6737,7534
HASH_ROUTE token=108 layer=14 children=1006,1111,1046,368 grandchildren=10065,11116,10467,3684
HASH_ROUTE token=108 layer=15 children=448,1081,920,767 grandchildren=4488,10814,9201,7676
HASH_ROUTE token=108 layer=16 children=410,358,361,334 grandchildren=4103,3583,3618,3345
HASH_ROUTE token=108 layer=17 children=343,1142,353,1157 grandchildren=3432,11427,3536,11574
HASH_ROUTE token=108 layer=18 children=858,910,839,370 grandchildren=8581,9106,8396,3709
HASH_ROUTE token=108 layer=19 children=653,679,789,1132 grandchildren=6531,6797,7893,11320
HASH_ROUTE token=108 layer=20 children=1119,1014,1049,317 grandchildren=11196,10149,10495,3172
HASH_ROUTE token=108 layer=21 children=362,416,208,358 grandchildren=3625,4165,2083,3580
HASH_ROUTE token=108 layer=22 children=227,307,271,544 grandchildren=2276,3075,2719,5440
HASH_ROUTE token=108 layer=23 children=536,517,57,31 grandchildren=5365,5170,571,313
HASH_ROUTE token=109 layer=0 children=153,53,72,65 grandchildren=1536,530,728,650
HASH_ROUTE token=109 layer=1 children=175,297,653,499 grandchildren=1755,2978,6534,4992
HASH_ROUTE token=109 layer=2 children=901,581,424,747 grandchildren=9010,5814,4245,7479
HASH_ROUTE token=109 layer=3 children=106,18,68,902 grandchildren=1060,183,682,9025
HASH_ROUTE token=109 layer=4 children=186,299,311,194 grandchildren=1865,2996,3117,1949
HASH_ROUTE token=109 layer=5 children=1210,1179,1272,1130 grandchildren=12109,11793,12729,11308
HASH_ROUTE token=109 layer=6 children=129,442,760,289 grandchildren=1292,4426,7602,2898
HASH_ROUTE token=109 layer=7 children=934,137,617,459 grandchildren=9349,1372,6174,4594
HASH_ROUTE token=109 layer=8 children=1112,953,314,1274 grandchildren=11128,9539,3144,12745
HASH_ROUTE token=109 layer=9 children=955,316,897,915 grandchildren=9557,3163,8979,9156
HASH_ROUTE token=109 layer=10 children=347,1145,180,446 grandchildren=3475,11454,1803,4460
HASH_ROUTE token=109 layer=11 children=24,1142,32,1154 grandchildren=248,11421,325,11545
HASH_ROUTE token=109 layer=12 children=378,327,219,478 grandchildren=3788,3274,2193,4782
HASH_ROUTE token=109 layer=13 children=786,145,943,463 grandchildren=7863,1453,9431,4634
HASH_ROUTE token=109 layer=14 children=777,696,616,537 grandchildren=7771,6960,6165,5379
HASH_ROUTE token=109 layer=15 children=995,1024,831,1040 grandchildren=9954,10248,8316,10409
HASH_ROUTE token=109 layer=16 children=365,437,346,459 grandchildren=3659,4376,3468,4599
HASH_ROUTE token=109 layer=17 children=981,188,1144,349 grandchildren=9813,1887,11449,3493
HASH_ROUTE token=109 layer=18 children=388,454,320,364 grandchildren=3885,4541,3201,3645
HASH_ROUTE token=109 layer=19 children=609,446,120,926 grandchildren=6096,4469,1202,9269
HASH_ROUTE token=109 layer=20 children=766,667,734,674 grandchildren=7662,6674,7340,6740
HASH_ROUTE token=109 layer=21 children=1030,993,1002,236 grandchildren=10307,9936,10025,2362
HASH_ROUTE token=109 layer=22 children=178,656,331,265 grandchildren=1785,6567,3310,2653
HASH_ROUTE token=109 layer=23 children=871,909,945,816 grandchildren=8711,9092,9459,8162
HASH_ROUTE token=110 layer=0 children=755,649,779,713 grandchildren=7551,6497,7797,7132
HASH_ROUTE token=110 layer=1 children=527,689,504,663 grandchildren=5274,6891,5043,6634
HASH_ROUTE token=110 layer=2 children=352,830,36,991 grandchildren=3520,8301,367,9914
HASH_ROUTE token=110 layer=3 children=623,613,535,554 grandchildren=6235,6139,5354,5543
HASH_ROUTE token=110 layer=4 children=465,434,1260,452 grandchildren=4652,4340,12602,4520
HASH_ROUTE token=110 layer=5 children=320,809,963,168 grandchildren=3204,8090,9632,1682
HASH_ROUTE token=110 layer=6 children=461,785,620,946 grandchildren=4611,7851,6205,9467
HASH_ROUTE token=110 layer=7 children=148,99,38,621 grandchildren=1481,995,386,6217
HASH_ROUTE token=110 layer=8 children=1014,697,1100,786 grandchildren=10143,6974,11002,7869
HASH_ROUTE token=110 layer=9 children=131,55,938,156 grandchildren=1311,553,9380,1563
HASH_ROUTE token=110 layer=10 children=616,626,540,587 grandchildren=6164,6262,5409,5870
HASH_ROUTE token=110 layer=11 children=916,1077,866,753 grandchildren=9166,10774,8669,7535
HASH_ROUTE token=110 layer=12 children=359,839,1151,512 grandchildren=3592,8397,11510,5123
HASH_ROUTE token=110 layer=13 children=324,167,489,361 grandchildren=3248,1672,4895,3613
HASH_ROUTE token=110 layer=14 children=1102,1264,1096,947 grandchildren=11028,12645,10960,9477
HASH_ROUTE token=110 layer=15 children=767,127,1080,678 grandchildren=7677,1275,10802,6787
HASH_ROUTE token=110 layer=16 children=921,600,889,124 grandchildren=9213,6008,8894,1242
HASH_ROUTE token=110 layer=17 children=893,954,801,91 grandchildren=8939,9540,8010,915
HASH_ROUTE token=110 layer=18 children=740,1226,268,721 grandchildren=7401,12267,2683,7217
HASH_ROUTE token=110 layer=19 children=322,647,1121,482 grandchildren=3220,6471,11216,4825
HASH_ROUTE token=110 layer=20 children=1264,309,1223,786 grandchildren=12642,3098,12231,7862
HASH_ROUTE token=110 layer=21 children=1180,1238,700,65 grandchildren=11807,12383,7006,657
HASH_ROUTE token=110 layer=22 children=939,295,1090,772 grandchildren=9395,2958,10907,7723
HASH_ROUTE token=110 layer=23 children=109,45,71,261 grandchildren=1098,451,717,2619
HASH_ROUTE token=111 layer=0 children=326,367,434,441 grandchildren=3260,3672,4340,4415
HASH_ROUTE token=111 layer=1 children=172,207,810,843 grandchildren=1728,2070,8103,8431
HASH_ROUTE token=111 layer=2 children=899,576,815,417 grandchildren=8991,5768,8155,4176
HASH_ROUTE token=111 layer=3 children=931,1090,130,294 grandchildren=9313,10901,1306,2943
HASH_ROUTE token=111 layer=4 children=635,317,959,475 grandchildren=6356,3170,9595,4750
HASH_ROUTE token=111 layer=5 children=1212,1130,1174,252 grandchildren=12125,11300,11743,2522
HASH_ROUTE token=111 layer=6 children=289,761,310,197 grandchildren=2899,7611,3102,1977
HASH_ROUTE token=111 layer=7 children=611,521,514,536 grandchildren=6113,5219,5144,5362
HASH_ROUTE token=111 layer=8 children=788,1105,627,944 grandchildren=7886,11053,6275,9446
HASH_ROUTE token=111 layer=9 children=838,513,191,892 grandchildren=8388,5133,1913,8926
HASH_ROUTE token=111 layer=10 children=240,275,187,727 grandchildren=2408,2759,1876,7274
HASH_ROUTE token=111 layer=11 children=10,490,6,173 grandchildren=107,4900,69,1734
HASH_ROUTE token=111 layer=12 children=684,1003,748,772 grandchildren=6847,10039,7481,7727
HASH_ROUTE token=111 layer=13 children=946,147,1260,1105 grandchildren=9464,1474,12602,11055
HASH_ROUTE token=111 layer=14 children=613,936,777,294 grandchildren=6133,9367,7771,2948
HASH_ROUTE token=111 layer=15 children=343,472,827,410 grandchildren=3438,4726,8274,4108
HASH_ROUTE token=111 layer=16 children=429,325,413,434 grandchildren=4294,3256,4138,4346
HASH_ROUTE token=111 layer=17 children=983,1060,662,1056 grandchildren=9838,10600,6626,10566
HASH_ROUTE token=111 layer=18 children=161,186,248,283 grandchildren=1612,1861,2488,2835
HASH_ROUTE token=111 layer=19 children=652,712,778,15 grandchildren=6524,7129,7785,159
HASH_ROUTE token=111 layer=20 children=318,634,178,278 grandchildren=3185,6349,1784,2780
HASH_ROUTE token=111 layer=21 children=10,40,93,335 grandchildren=108,401,935,3356
HASH_ROUTE token=111 layer=22 children=1247,1123,1084,969 grandchildren=12474,11238,10841,9699
HASH_ROUTE token=111 layer=23 children=34,124,44,86 grandchildren=340,1246,446,868
HASH_ROUTE token=112 layer=0 children=960,321,1089,1128 grandchildren=9604,3212,10892,11285
HASH_ROUTE token=112 layer=1 children=295,189,244,160 grandchildren=2951,1896,2443,1601
HASH_ROUTE token=112 layer=2 children=330,973,18,499 grandchildren=3301,9739,186,4997
HASH_ROUTE token=112 layer=3 children=107,1221,267,421 grandchildren=1076,12211,2675,4213
HASH_ROUTE token=112 layer=4 children=200,364,287,449 grandchildren=2006,3640,2877,4493
HASH_ROUTE token=112 layer=5 children=1213,1173,1134,252 grandchildren=12131,11736,11342,2527
HASH_ROUTE token=112 layer=6 children=246,725,1209,88 grandchildren=2464,7259,12096,883
HASH_ROUTE token=112 layer=7 children=697,52,219,534 grandchildren=6979,526,2198,5340
HASH_ROUTE token=112 layer=8 children=311,950,792,1117 grandchildren=3115,9504,7924,11170
HASH_ROUTE token=112 layer=9 children=312,257,957,795 grandchildren=3129,2578,9579,7958
HASH_ROUTE token=112 layer=10 children=545,591,707,1181 grandchildren=5454,5914,7077,11818
HASH_ROUTE token=112 layer=11 children=43,77,61,24 grandchildren=435,772,616,243
HASH_ROUTE token=112 layer=12 children=378,696,850,217 grandchildren=3786,6963,8509,2172
HASH_ROUTE token=112 layer=13 children=86,147,91,50 grandchildren=867,1473,912,508
HASH_ROUTE token=112 layer=14 children=293,196,248,282 grandchildren=2936,1964,2481,2829
HASH_ROUTE token=112 layer=15 children=1003,363,997,351 grandchildren=10030,3639,9973,3513
HASH_ROUTE token=112 layer=16 children=452,418,434,1253 grandchildren=4526,4189,4340,12535
HASH_ROUTE token=112 layer=17 children=180,215,238,1144 grandchildren=1803,2155,2388,11443
HASH_ROUTE token=112 layer=18 children=100,909,429,261 grandchildren=1007,9094,4296,2613
HASH_ROUTE token=112 layer=19 children=676,744,705,1152 grandchildren=6764,7440,7052,11522
HASH_ROUTE token=112 layer=20 children=213,319,244,198 grandchildren=2132,3198,2441,1981
HASH_ROUTE token=112 layer=21 children=33,46,70,831 grandchildren=335,460,709,8313
HASH_ROUTE token=112 layer=22 children=269,428,742,179 grandchildren=2698,4284,7429,1790
HASH_ROUTE token=112 layer=23 children=1037,235,1017,1064 grandchildren=10370,2354,10171,10641
HASH_ROUTE token=113 layer=0 children=846,920,361,41 grandchildren=8467,9206,3618,417
HASH_ROUTE token=113 layer=1 children=901,889,844,875 grandchildren=9014,8893,8442,8759
HASH_ROUTE token=113 layer=2 children=785,700,684,142 grandchildren=7856,7005,6842,1425
HASH_ROUTE token=113 layer=3 children=1142,1229,1152,27 grandchildren=11427,12298,11523,276
HASH_ROUTE token=113 layer=4 children=407,246,882,365 grandchildren=4070,2465,8829,3654
HASH_ROUTE token=113 layer=5 children=959,860,928,853 grandchildren=9599,8601,9283,8534
HASH_ROUTE token=113 layer=6 children=723,644,735,680 grandchildren=7230,6449,7352,6804
HASH_ROUTE token=113 layer=7 children=855,57,884,89 grandchildren=8553,575,8849,892
HASH_ROUTE token=113 layer=8 children=914,948,823,844 grandchildren=9142,9481,8236,8447
HASH_ROUTE token=113 layer=9 children=310,188,227,271 grandchildren=3108,1889,2274,2718
HASH_ROUTE token=113 layer=10 children=1101,1045,1056,1002 grandchildren=11019,10456,10563,10021
HASH_ROUTE token=113 layer=11 children=56,150,130,88 grandchildren=568,1501,1300,883
HASH_ROUTE token=113 layer=12 children=486,1127,169,804 grandchildren=4867,11277,1696,8046
HASH_ROUTE token=113 layer=13 children=97,738,49,681 grandchildren=974,7388,495,6812
HASH_ROUTE token=113 layer=14 children=937,850,891,879 grandchildren=9374,8505,8910,8793
HASH_ROUTE token=113 layer=15 children=324,346,339,965 grandchildren=3247,3464,3398,9650
HASH_ROUTE token=113 layer=16 children=702,387,738,413 grandchildren=7026,3872,7389,4138
HASH_ROUTE token=113 layer=17 children=188,983,1144,348 grandchildren=1886,9838,11444,3488
HASH_ROUTE token=113 layer=18 children=335,436,970,1077 grandchildren=3353,4367,9707,10774
HASH_ROUTE token=113 layer=19 children=423,355,261,391 grandchildren=4230,3559,2611,3915
HASH_ROUTE token=113 layer=20 children=270,219,438,185 grandchildren=2704,2195,4387,1851
HASH_ROUTE token=113 layer=21 children=254,1051,1216,179 grandchildren=2544,10513,12165,1796
HASH_ROUTE token=113 layer=22 children=269,902,1224,281 grandchildren=2690,9024,12245,2816
HASH_ROUTE token=113 layer=23 children=1152,190,830,1174 grandchildren=11524,1907,8304,11745
HASH_ROUTE token=114 layer=0 children=441,120,329,360 grandchildren=4417,1203,3296,3606
HASH_ROUTE token=114 layer=1 children=405,354,342,433 grandchildren=4051,3544,3422,4336
HASH_ROUTE token=114 layer=2 children=737,575,419,1217 grandchildren=7372,5758,4196,12172
HASH_ROUTE token=114 layer=3 children=140,304,783,1104 grandchildren=1400,3047,7839,11042
HASH_ROUTE token=114 layer=4 children=454,461,439,1257 grandchildren=4541,4611,4393,12574
HASH_ROUTE token=114 layer=5 children=1239,1240,1184,914 grandchildren=12390,12401,11843,9140
HASH_ROUTE token=114 layer=6 children=200,244,253,225 grandchildren=2008,2448,2539,2257
HASH_ROUTE token=114 layer=7 children=368,845,201,44 grandchildren=3689,8458,2014,448
HASH_ROUTE token=114 layer=8 children=149,624,463,66 grandchildren=1493,6246,4636,664
HASH_ROUTE token=114 layer=9 children=828,184,876,233 grandchildren=8281,1848,8766,2339
HASH_ROUTE token=114 layer=10 children=418,362,898,456 grandchildren=4181,3623,8987,4561
HASH_ROUTE token=114 layer=11 children=860,935,857,706 grandchildren=8604,9356,8578,7062
HASH_ROUTE token=114 layer=12 children=1165,848,1178,1242 grandchildren=11658,8485,11786,12425
HASH_ROUTE token=114 layer=13 children=838,891,994,800 grandchildren=8380,8912,9942,8002
HASH_ROUTE token=114 layer=14 children=931,1097,298,820 grandchildren=9318,10979,2988,8200
HASH_ROUTE token=114 layer=15 children=918,1071,751,823 grandchildren=9189,10719,7519,8230
HASH_ROUTE token=114 layer=16 children=164,232,217,254 grandchildren=1642,2322,2178,2540
HASH_ROUTE token=114 layer=17 children=983,188,824,1144 grandchildren=9839,1886,8240,11445
HASH_ROUTE token=114 layer=18 children=836,510,195,994 grandchildren=8363,5108,1955,9945
HASH_ROUTE token=114 layer=19 children=355,440,338,199 grandchildren=3555,4407,3381,1998
HASH_ROUTE token=114 layer=20 children=244,213,197,294 grandchildren=2445,2131,1971,2944
HASH_ROUTE token=114 layer=21 children=416,362,254,897 grandchildren=4166,3623,2545,8970
HASH_ROUTE token=114 layer=22 children=1179,1257,1216,1184 grandchildren=11797,12577,12166,11843
HASH_ROUTE token=114 layer=23 children=538,690,610,59 grandchildren=5381,6904,6103,592
HASH_ROUTE token=115 layer=0 children=153,65,955,41 grandchildren=1535,654,9553,412
HASH_ROUTE token=115 layer=1 children=749,721,659,765 grandchildren=7496,7215,6595,7652
HASH_ROUTE token=115 layer=2 children=1200,1224,1241,1164 grandchildren=12007,12249,12416,11641
HASH_ROUTE token=115 layer=3 children=100,428,1229,907 grandchildren=1002,4282,12294,9075
HASH_ROUTE token=115 layer=4 children=457,322,349,294 grandchildren=4577,3225,3494,2942
HASH_ROUTE token=115 layer=5 children=928,896,1241,856 grandchildren=9282,8965,12417,8563
HASH_ROUTE token=115 layer=6 children=727,765,683,244 grandchildren=7277,7653,6837,2446
HASH_ROUTE token=115 layer=7 children=404,729,84,362 grandchildren=4047,7290,847,3626
HASH_ROUTE token=115 layer=8 children=946,822,932,850 grandchildren=9467,8224,9326,8505
HASH_ROUTE token=115 layer=9 children=877,959,897,921 grandchildren=8774,9594,8975,9215
HASH_ROUTE token=115 layer=10 children=1086,1244,446,975 grandchildren=10868,12446,4462,9757
HASH_ROUTE token=115 layer=11 children=931,136,1256,1096 grandchildren=9316,1360,12562,10968
HASH_ROUTE token=115 layer=12 children=315,1274,474,635 grandchildren=3152,12744,4740,6353
HASH_ROUTE token=115 layer=13 children=634,1118,517,530 grandchildren=6343,11180,5172,5308
HASH_ROUTE token=115 layer=14 children=246,264,884,199 grandchildren=2467,2640,8844,1998
HASH_ROUTE token=115 layer=15 children=443,1083,283,920 grandchildren=4436,10833,2833,9201
HASH_ROUTE token=115 layer=16 children=178,276,334,247 grandchildren=1780,2768,3349,2472
HASH_ROUTE token=115 layer=17 children=983,180,998,195 grandchildren=9834,1807,9987,1952
HASH_ROUTE token=115 layer=18 children=910,830,954,116 grandchildren=9109,8301,9544,1166
HASH_ROUTE token=115 layer=19 children=353,338,422,321 grandchildren=3533,3389,4220,3218
HASH_ROUTE token=115 layer=20 children=214,374,1011,273 grandchildren=2147,3748,10113,2735
HASH_ROUTE token=115 layer=21 children=11,33,43,492 grandchildren=111,334,435,4928
HASH_ROUTE token=115 layer=22 children=730,719,684,656 grandchildren=7300,7192,6848,6564
HASH_ROUTE token=115 layer=23 children=46,208,522,127 grandchildren=469,2083,5223,1278
HASH_ROUTE token=116 layer=0 children=153,66,479,122 grandchildren=1530,663,4791,1225
HASH_ROUTE token=116 layer=1 children=688,772,209,297 grandchildren=6887,7721,2096,2979
HASH_ROUTE token=116 layer=2 children=1122,169,1206,1239 grandchildren=11227,1698,12068,12396
HASH_ROUTE token=116 layer=3 children=746,662,904,778 grandchildren=7462,6627,9041,7789
HASH_ROUTE token=116 layer=4 children=344,457,182,988 grandchildren=3443,4571,1821,9880
HASH_ROUTE token=116 layer=5 children=768,928,283,1080 grandchildren=7688,9282,2838,10807
HASH_ROUTE token=116 layer=6 children=725,400,566,735 grandchildren=7256,4001,5665,7351
HASH_ROUTE token=116 layer=7 children=1011,1173,539,374 grandchildren=10119,11735,5395,3743
HASH_ROUTE token=116 layer=8 children=474,457,953,388 grandchildren=4746,4576,9532,3880
HASH_ROUTE token=116 layer=9 children=890,256,413,955 grandchildren=8908,2561,4132,9551
HASH_ROUTE token=116 layer=10 children=655,640,686,762 grandchildren=6554,6402,6867,7621
HASH_ROUTE token=116 layer=11 children=1097,777,1013,1004 grandchildren=10973,7770,10139,10042
HASH_ROUTE token=116 layer=12 children=198,1150,315,1278 grandchildren=1981,11507,3152,12784
HASH_ROUTE token=116 layer=13 children=695,673,739,652 grandchildren=6956,6734,7391,6522
HASH_ROUTE token=116 layer=14 children=243,275,299,226 grandchildren=2431,2758,2990,2261
HASH_ROUTE token=116 layer=15 children=919,439,956,882 grandchildren=9194,4396,9560,8821
HASH_ROUTE token=116 layer=16 children=386,359,429,405 grandchildren=3862,3598,4290,4053
HASH_ROUTE token=116 layer=17 children=983,967,500,1143 grandchildren=9832,9677,5009,11431
HASH_ROUTE token=116 layer=18 children=956,929,832,820 grandchildren=9569,9298,8322,8209
HASH_ROUTE token=116 layer=19 children=353,338,422,517 grandchildren=3534,3386,4229,5178
HASH_ROUTE token=116 layer=20 children=1075,595,272,1018 grandchildren=10756,5957,2729,10182
HASH_ROUTE token=116 layer=21 children=410,423,94,104 grandchildren=4104,4233,945,1046
HASH_ROUTE token=116 layer=22 children=719,793,646,764 grandchildren=7197,7933,6460,7648
HASH_ROUTE token=116 layer=23 children=128,46,54,111 grandchildren=1287,462,545,1116
HASH_ROUTE token=117 layer=0 children=399,445,438,382 grandchildren=3996,4451,4381,3824
HASH_ROUTE token=117 layer=1 children=456,936,339,394 grandchildren=4563,9366,3399,3944
HASH_ROUTE token=117 layer=2 children=1003,525,841,1079 grandchildren=10030,5258,8416,10795
HASH_ROUTE token=117 layer=3 children=745,794,725,100 grandchildren=7455,7948,7252,1009
HASH_ROUTE token=117 layer=4 children=1247,449,925,1125 grandchildren=12473,4492,9255,11256
HASH_ROUTE token=117 layer=5 children=1179,56,1137,1239 grandchildren=11799,569,11377,12398
HASH_ROUTE token=117 layer=6 children=1169,1004,1214,200 grandchildren=11697,10040,12145,2001
HASH_ROUTE token=117 layer=7 children=125,51,762,697 grandchildren=1252,514,7626,6970
HASH_ROUTE token=117 layer=8 children=51,146,116,152 grandchildren=516,1469,1167,1520
HASH_ROUTE token=117 layer=9 children=639,310,613,600 grandchildren=6398,3101,6134,6008
HASH_ROUTE token=117 layer=10 children=462,447,1262,337 grandchildren=4621,4475,12625,3379
HASH_ROUTE token=117 layer=11 children=157,65,11,790 grandchildren=1574,658,118,7902
HASH_ROUTE token=117 layer=12 children=181,313,205,213 grandchildren=1815,3139,2053,2134
HASH_ROUTE token=117 layer=13 children=797,153,1118,1277 grandchildren=7979,1530,11185,12775
HASH_ROUTE token=117 layer=14 children=877,236,715,1039 grandchildren=8773,2366,7158,10390
HASH_ROUTE token=117 layer=15 children=472,794,1119,956 grandchildren=4721,7945,11199,9565
HASH_ROUTE token=117 layer=16 children=225,191,171,1187 grandchildren=2258,1911,1713,11879
HASH_ROUTE token=117 layer=17 children=824,983,343,661 grandchildren=8247,9838,3431,6615
HASH_ROUTE token=117 layer=18 children=516,997,592,836 grandchildren=5168,9975,5928,8366
HASH_ROUTE token=117 layer=19 children=338,353,15,346 grandchildren=3388,3530,151,3468
HASH_ROUTE token=117 layer=20 children=341,373,185,213 grandchildren=3414,3737,1851,2130
HASH_ROUTE token=117 layer=21 children=13,62,38,43 grandchildren=133,623,385,431
HASH_ROUTE token=117 layer=22 children=863,945,819,936 grandchildren=8639,9458,8193,9369
HASH_ROUTE token=117 layer=23 children=261,309,199,214 grandchildren=2615,3097,1991,2140
HASH_ROUTE token=118 layer=0 children=1121,166,1162,1218 grandchildren=11212,1662,11626,12181
HASH_ROUTE token=118 layer=1 children=164,201,287,297 grandchildren=1646,2010,2872,2970
HASH_ROUTE token=118 layer=2 children=1074,1054,753,436 grandchildren=10748,10541,7533,4369
HASH_ROUTE token=118 layer=3 children=939,619,771,839 grandchildren=9393,6195,7712,8396
HASH_ROUTE token=118 layer=4 children=414,442,461,372 grandchildren=4145,4427,4614,3729
HASH_ROUTE token=118 layer=5 children=1223,1184,1173,1217 grandchildren=12238,11841,11738,12170
HASH_ROUTE token=118 layer=6 children=685,735,795,726 grandchildren=6850,7353,7957,7265
HASH_ROUTE token=118 layer=7 children=125,1083,113,80 grandchildren=1251,10836,1135,805
HASH_ROUTE token=118 layer=8 children=915,848,1078,1009 grandchildren=9150,8487,10783,10096
HASH_ROUTE token=118 layer=9 children=207,844,180,828 grandchildren=2073,8442,1806,8282
HASH_ROUTE token=118 layer=10 children=707,784,1022,753 grandchildren=7075,7845,10222,7530
HASH_ROUTE token=118 layer=11 children=690,705,794,1013 grandchildren=6907,7059,7944,10130
HASH_ROUTE token=118 layer=12 children=212,1175,198,171 grandchildren=2121,11754,1988,1719
HASH_ROUTE token=118 layer=13 children=1243,1194,1122,1086 grandchildren=12431,11942,11223,10868
HASH_ROUTE token=118 layer=14 children=276,230,317,918 grandchildren=2761,2306,3175,9182
HASH_ROUTE token=118 layer=15 children=379,472,462,440 grandchildren=3791,4721,4627,4403
HASH_ROUTE token=118 layer=16 children=252,410,899,572 grandchildren=2525,4104,8996,5724
HASH_ROUTE token=118 layer=17 children=861,220,1180,827 grandchildren=8610,2206,11802,8274
HASH_ROUTE token=118 layer=18 children=949,921,956,304 grandchildren=9491,9218,9564,3041
HASH_ROUTE token=118 layer=19 children=355,338,419,349 grandchildren=3558,3380,4194,3494
HASH_ROUTE token=118 layer=20 children=1016,532,213,1075 grandchildren=10167,5321,2132,10751
HASH_ROUTE token=118 layer=21 children=367,346,44,414 grandchildren=3676,3462,445,4149
HASH_ROUTE token=118 layer=22 children=892,419,952,832 grandchildren=8923,4191,9529,8325
HASH_ROUTE token=118 layer=23 children=248,217,274,307 grandchildren=2488,2177,2748,3070
HASH_ROUTE token=119 layer=0 children=441,120,361,327 grandchildren=4417,1202,3614,3277
HASH_ROUTE token=119 layer=1 children=663,746,739,342 grandchildren=6630,7461,7392,3423
HASH_ROUTE token=119 layer=2 children=418,335,466,340 grandchildren=4183,3355,4667,3406
HASH_ROUTE token=119 layer=3 children=677,753,775,786 grandchildren=6770,7535,7752,7863
HASH_ROUTE token=119 layer=4 children=444,348,450,388 grandchildren=4440,3481,4501,3888
HASH_ROUTE token=119 layer=5 children=891,411,928,1210 grandchildren=8912,4115,9282,12101
HASH_ROUTE token=119 layer=6 children=960,1122,486,1063 grandchildren=9600,11222,4869,10638
HASH_ROUTE token=119 layer=7 children=400,411,345,444 grandchildren=4008,4119,3457,4442
HASH_ROUTE token=119 layer=8 children=462,944,471,955 grandchildren=4620,9443,4718,9556
HASH_ROUTE token=119 layer=9 children=1034,985,1082,232 grandchildren=10346,9852,10828,2322
HASH_ROUTE token=119 layer=10 children=868,69,895,93 grandchildren=8683,699,8957,933
HASH_ROUTE token=119 layer=11 children=869,914,700,387 grandchildren=8690,9140,7007,3871
HASH_ROUTE token=119 layer=12 children=855,213,848,943 grandchildren=8557,2132,8485,9433
HASH_ROUTE token=119 layer=13 children=37,99,996,1051 grandchildren=376,991,9965,10519
HASH_ROUTE token=119 layer=14 children=188,820,316,294 grandchildren=1888,8205,3162,2948
HASH_ROUTE token=119 layer=15 children=831,955,920,819 grandchildren=8318,9552,9207,8197
HASH_ROUTE token=119 layer=16 children=262,252,232,225 grandchildren=2629,2526,2326,2259
HASH_ROUTE token=119 layer=17 children=983,828,995,1144 grandchildren=9832,8283,9953,11442
HASH_ROUTE token=119 layer=18 children=997,1094,972,352 grandchildren=9978,10948,9724,3521
HASH_ROUTE token=119 layer=19 children=141,13,39,942 grandchildren=1413,139,397,9425
HASH_ROUTE token=119 layer=20 children=213,208,246,532 grandchildren=2131,2086,2469,5329
HASH_ROUTE token=119 layer=21 children=332,454,443,381 grandchildren=3326,4547,4433,3812
HASH_ROUTE token=119 layer=22 children=962,1017,1113,1124 grandchildren=9625,10175,11139,11246
HASH_ROUTE token=119 layer=23 children=530,54,696,517 grandchildren=5305,547,6969,5173
HASH_ROUTE token=120 layer=0 children=153,53,72,65 grandchildren=1531,539,726,659
HASH_ROUTE token=120 layer=1 children=175,297,652,499 grandchildren=1753,2972,6529,4994
HASH_ROUTE token=120 layer=2 children=747,1060,100,588 grandchildren=7474,10608,1005,5882
HASH_ROUTE token=120 layer=3 children=106,68,18,900 grandchildren=1066,682,188,9003
HASH_ROUTE token=120 layer=4 children=186,294,312,194 grandchildren=1863,2940,3127,1944
HASH_ROUTE token=120 layer=5 children=1272,1179,1210,1130 grandchildren=12720,11798,12102,11309
HASH_ROUTE token=120 layer=6 children=129,760,442,288 grandchildren=1295,7602,4420,2884
HASH_ROUTE token=120 layer=7 children=931,137,617,459 grandchildren=9319,1379,6177,4591
HASH_ROUTE token=120 layer=8 children=1112,953,314,1043 grandchildren=11120,9539,3149,10434
HASH_ROUTE token=120 layer=9 children=955,314,897,917 grandchildren=9558,3146,8973,9179
HASH_ROUTE token=120 layer=10 children=347,1145,180,446 grandchildren=3475,11455,1803,4467
HASH_ROUTE token=120 layer=11 children=24,1142,32,1156 grandchildren=246,11426,322,11563
HASH_ROUTE token=120 layer=12 children=378,327,478,219 grandchildren=3785,3279,4785,2195
HASH_ROUTE token=120 layer=13 children=148,786,948,463 grandchildren=1484,7862,9487,4638
HASH_ROUTE token=120 layer=14 children=777,696,616,791 grandchildren=7775,6964,6167,7919
HASH_ROUTE token=120 layer=15 children=995,1024,1040,831 grandchildren=9957,10245,10405,8319
HASH_ROUTE token=120 layer=16 children=365,437,346,418 grandchildren=3652,4376,3466,4184
HASH_ROUTE token=120 layer=17 children=981,188,1144,346 grandchildren=9817,1888,11444,3468
HASH_ROUTE token=120 layer=18 children=388,364,459,1023 grandchildren=3888,3648,4596,10239
HASH_ROUTE token=120 layer=19 children=606,446,120,523 grandchildren=6066,4467,1204,5231
HASH_ROUTE token=120 layer=20 children=766,667,677,730 grandchildren=7666,6676,6774,7305
HASH_ROUTE token=120 layer=21 children=1030,559,871,230 grandchildren=10309,5595,8710,2304
HASH_ROUTE token=120 layer=22 children=656,742,13,101 grandchildren=6565,7423,133,1017
HASH_ROUTE token=120 layer=23 children=940,906,879,1268 grandchildren=9401,9067,8793,12681
HASH_ROUTE token=121 layer=0 children=755,649,779,713 grandchildren=7552,6494,7798,7131
HASH_ROUTE token=121 layer=1 children=527,689,504,663 grandchildren=5274,6897,5043,6631
HASH_ROUTE token=121 layer=2 children=352,830,36,991 grandchildren=3529,8308,367,9916
HASH_ROUTE token=121 layer=3 children=623,613,535,554 grandchildren=6235,6131,5358,5543
HASH_ROUTE token=121 layer=4 children=465,434,1260,452 grandchildren=4655,4344,12605,4525
HASH_ROUTE token=121 layer=5 children=320,809,963,168 grandchildren=3209,8091,9634,1683
HASH_ROUTE token=121 layer=6 children=461,785,620,946 grandchildren=4619,7859,6203,9469
HASH_ROUTE token=121 layer=7 children=148,99,38,621 grandchildren=1489,990,388,6215
HASH_ROUTE token=121 layer=8 children=1014,697,1100,786 grandchildren=10140,6979,11000,7865
HASH_ROUTE token=121 layer=9 children=131,55,938,156 grandchildren=1316,553,9383,1569
HASH_ROUTE token=121 layer=10 children=616,626,540,587 grandchildren=6167,6266,5402,5870
HASH_ROUTE token=121 layer=11 children=916,1077,866,753 grandchildren=9167,10771,8665,7533
HASH_ROUTE token=121 layer=12 children=359,839,1151,512 grandchildren=3593,8398,11519,5126
HASH_ROUTE token=121 layer=13 children=324,167,489,361 grandchildren=3249,1673,4896,3613
HASH_ROUTE token=121 layer=14 children=1102,1264,1096,947 grandchildren=11023,12648,10968,9470
HASH_ROUTE token=121 layer=15 children=767,127,1080,678 grandchildren=7671,1270,10808,6783
HASH_ROUTE token=121 layer=16 children=921,600,889,124 grandchildren=9213,6000,8891,1247
HASH_ROUTE token=121 layer=17 children=893,954,801,91 grandchildren=8937,9544,8016,918
HASH_ROUTE token=121 layer=18 children=740,1226,268,721 grandchildren=7405,12265,2682,7214
HASH_ROUTE token=121 layer=19 children=322,647,1121,482 grandchildren=3222,6477,11215,4821
HASH_ROUTE token=121 layer=20 children=1264,309,1223,786 grandchildren=12647,3098,12236,7868
HASH_ROUTE token=121 layer=21 children=1180,1238,700,65 grandchildren=11801,12381,7003,654
HASH_ROUTE token=121 layer=22 children=939,295,1090,772 grandchildren=9396,2957,10906,7726
HASH_ROUTE token=121 layer=23 children=109,45,71,261 grandchildren=1095,453,715,2616
HASH_ROUTE token=122 layer=0 children=326,367,434,441 grandchildren=3262,3673,4347,4414
HASH_ROUTE token=122 layer=1 children=172,207,810,843 grandchildren=1723,2075,8102,8434
HASH_ROUTE token=122 layer=2 children=899,576,815,417 grandchildren=8997,5763,8152,4172
HASH_ROUTE token=122 layer=3 children=931,1090,130,294 grandchildren=9315,10901,1308,2947
HASH_ROUTE token=122 layer=4 children=635,317,959,475 grandchildren=6354,3175,9593,4754
HASH_ROUTE token=122 layer=5 children=1212,1130,1174,252 grandchildren=12126,11309,11746,2527
HASH_ROUTE token=122 layer=6 children=289,761,310,197 grandchildren=2890,7617,3109,1971
HASH_ROUTE token=122 layer=7 children=611,521,514,536 grandchildren=6110,5217,5147,5368
HASH_ROUTE token=122 layer=8 children=788,1105,627,944 grandchildren=7889,11050,6271,9446
HASH_ROUTE token=122 layer=9 children=838,513,191,892 grandchildren=8389,5138,1918,8926
HASH_ROUTE token=122 layer=10 children=240,275,187,727 grandchildren=2403,2758,1875,7273
HASH_ROUTE token=122 layer=11 children=10,490,6,173 grandchildren=104,4902,66,1739
HASH_ROUTE token=122 layer=12 children=684,1003,748,772 grandchildren=6841,10033,7480,7729
HASH_ROUTE token=122 layer=13 children=946,147,1260,1105 grandchildren=9465,1470,12601,11051
HASH_ROUTE token=122 layer=14 children=613,936,777,294 grandchildren=6138,9363,7778,2947
HASH_ROUTE token=122 layer=15 children=343,472,827,410 grandchildren=3430,4724,8277,4108
HASH_ROUTE token=122 layer=16 children=429,325,413,434 grandchildren=4290,3257,4136,4345
HASH_ROUTE token=122 layer=17 children=983,1060,662,1056 grandchildren=9833,10603,6623,10567
HASH_ROUTE token=122 layer=18 children=161,186,248,283 grandchildren=1610,1860,2485,2837
HASH_ROUTE token=122 layer=19 children=652,712,778,15 grandchildren=6524,7123,7782,157
HASH_ROUTE token=122 layer=20 children=318,634,178,278 grandchildren=3185,6348,1786,2786
HASH_ROUTE token=122 layer=21 children=10,40,93,335 grandchildren=100,400,930,3358
HASH_ROUTE token=122 layer=22 children=1247,1123,1084,969 grandchildren=12475,11231,10843,9690
HASH_ROUTE token=122 layer=23 children=34,124,44,86 grandchildren=341,1243,440,862
HASH_ROUTE token=123 layer=0 children=960,321,1089,1128 grandchildren=9603,3218,10892,11288
HASH_ROUTE token=123 layer=1 children=295,189,244,160 grandchildren=2955,1895,2449,1600
HASH_ROUTE token=123 layer=2 children=330,973,18,499 grandchildren=3305,9738,185,4993
HASH_ROUTE token=123 layer=3 children=107,1221,267,421 grandchildren=1076,12219,2673,4215
HASH_ROUTE token=123 layer=4 children=200,364,287,449 grandchildren=2003,3649,2877,4490
HASH_ROUTE token=123 layer=5 children=1213,1173,1134,252 grandchildren=12135,11735,11343,2520
HASH_ROUTE token=123 layer=6 children=246,725,1209,88 grandchildren=2461,7250,12093,886
HASH_ROUTE token=123 layer=7 children=697,52,219,534 grandchildren=6974,527,2199,5340
HASH_ROUTE token=123 layer=8 children=311,950,792,1117 grandchildren=3112,9507,7921,11174
HASH_ROUTE token=123 layer=9 children=312,257,957,795 grandchildren=3120,2573,9575,7957
HASH_ROUTE token=123 layer=10 children=545,591,707,1181 grandchildren=5458,5918,7071,11812
HASH_ROUTE token=123 layer=11 children=43,77,61,24 grandchildren=434,770,611,246
HASH_ROUTE token=123 layer=12 children=378,696,850,217 grandchildren=3782,6963,8506,2179
HASH_ROUTE token=123 layer=13 children=86,147,91,50 grandchildren=865,1470,914,509
HASH_ROUTE token=123 layer=14 children=293,196,248,282 grandchildren=2936,1968,2484,2824
HASH_ROUTE token=123 layer=15 children=1003,363,997,351 grandchildren=10032,3634,9975,3511
HASH_ROUTE token=123 layer=16 children=452,418,434,1253 grandchildren=4524,4182,4345,12532
HASH_ROUTE token=123 layer=17 children=180,215,238,1144 grandchildren=1807,2156,2384,11444
HASH_ROUTE token=123 layer=18 children=100,909,429,261 grandchildren=1003,9092,4295,2616
HASH_ROUTE token=123 layer=19 children=676,744,705,1152 grandchildren=6768,7442,7057,11521
HASH_ROUTE token=123 layer=20 children=213,319,244,198 grandchildren=2130,3195,2445,1984
HASH_ROUTE token=123 layer=21 children=33,46,70,831 grandchildren=332,460,700,8315
HASH_ROUTE token=123 layer=22 children=269,428,742,179 grandchildren=2694,4282,7425,1799
HASH_ROUTE token=123 layer=23 children=1037,235,1017,1064 grandchildren=10372,2358,10171,10643
HASH_ROUTE token=124 layer=0 children=846,920,361,41 grandchildren=8462,9205,3611,412
HASH_ROUTE token=124 layer=1 children=901,889,844,875 grandchildren=9010,8891,8447,8752
HASH_ROUTE token=124 layer=2 children=785,700,684,142 grandchildren=7857,7009,6841,1424
HASH_ROUTE token=124 layer=3 children=1142,1229,1152,27 grandchildren=11423,12294,11528,274
HASH_ROUTE token=124 layer=4 children=407,246,882,365 grandchildren=4074,2462,8824,3650
HASH_ROUTE token=124 layer=5 children=959,860,928,853 grandchildren=9596,8605,9286,8531
HASH_ROUTE token=124 layer=6 children=723,644,735,680 grandchildren=7232,6446,7357,6806
HASH_ROUTE token=124 layer=7 children=855,57,884,89 grandchildren=8552,577,8841,898
HASH_ROUTE token=124 layer=8 children=914,948,823,844 grandchildren=9140,9480,8231,8444
HASH_ROUTE token=124 layer=9 children=310,188,227,271 grandchildren=3100,1883,2272,2712
HASH_ROUTE token=124 layer=10 children=1101,1045,1056,1002 grandchildren=11017,10455,10568,10028
HASH_ROUTE token=124 layer=11 children=56,150,130,88 grandchildren=566,1501,1309,886
HASH_ROUTE token=124 layer=12 children=486,1127,169,804 grandchildren=4867,11279,1699,8040
HASH_ROUTE token=124 layer=13 children=97,738,49,681 grandchildren=975,7388,496,6815
HASH_ROUTE token=124 layer=14 children=937,850,891,879 grandchildren=9378,8507,8911,8799
HASH_ROUTE token=124 layer=15 children=324,346,339,965 grandchildren=3240,3468,3398,9656
HASH_ROUTE token=124 layer=16 children=702,387,738,413 grandchildren=7022,3871,7384,4131
HASH_ROUTE token=124 layer=17 children=188,983,1144,348 grandchildren=1888,9830,11449,3484
HASH_ROUTE token=124 layer=18 children=335,436,970,1077 grandchildren=3356,4363,9701,10770
HASH_ROUTE token=124 layer=19 children=423,355,261,391 grandchildren=4231,3550,2619,3911
HASH_ROUTE token=124 layer=20 children=270,219,438,185 grandchildren=2702,2199,4381,1857
HASH_ROUTE token=124 layer=21 children=254,1051,1216,179 grandchildren=2548,10516,12166,1797
HASH_ROUTE token=124 layer=22 children=269,902,1224,281 grandchildren=2694,9028,12245,2818
HASH_ROUTE token=124 layer=23 children=1152,190,830,1174 grandchildren=11521,1901,8303,11742
HASH_ROUTE token=125 layer=0 children=1001,362,683,203 grandchildren=10016,3625,6837,2030
HASH_ROUTE token=125 layer=1 children=408,242,362,201 grandchildren=4083,2422,3625,2019
HASH_ROUTE token=125 layer=2 children=732,705,749,755 grandchildren=7323,7053,7491,7557
HASH_ROUTE token=125 layer=3 children=933,771,291,1250 grandchildren=9335,7718,2917,12506
HASH_ROUTE token=125 layer=4 children=290,282,459,311 grandchildren=2907,2827,4591,3112
HASH_ROUTE token=125 layer=5 children=862,892,67,93 grandchildren=8622,8924,673,938
HASH_ROUTE token=125 layer=6 children=617,776,1097,291 grandchildren=6175,7766,10973,2912
HASH_ROUTE token=125 layer=7 children=121,7,57,1083 grandchildren=1211,77,576,10838
HASH_ROUTE token=125 layer=8 children=940,910,1100,1077 grandchildren=9409,9109,11004,10773
HASH_ROUTE token=125 layer=9 children=864,228,899,252 grandchildren=8647,2286,8990,2526
HASH_ROUTE token=125 layer=10 children=641,773,748,681 grandchildren=6416,7731,7485,6817
HASH_ROUTE token=125 layer=11 children=682,704,695,747 grandchildren=6828,7041,6959,7474
HASH_ROUTE token=125 layer=12 children=529,41,559,79 grandchildren=5293,412,5594,793
HASH_ROUTE token=125 layer=13 children=1058,895,735,1216 grandchildren=10588,8959,7358,12161
HASH_ROUTE token=125 layer=14 children=880,242,877,235 grandchildren=8807,2424,8771,2352
HASH_ROUTE token=125 layer=15 children=757,915,1230,767 grandchildren=7573,9150,12305,7671
HASH_ROUTE token=125 layer=16 children=350,191,437,273 grandchildren=3500,1915,4379,2734
HASH_ROUTE token=125 layer=17 children=239,281,188,396 grandchildren=2395,2811,1882,3965
HASH_ROUTE token=125 layer=18 children=997,1047,1067,837 grandchildren=9977,10475,10677,8370
HASH_ROUTE token=125 layer=19 children=355,338,679,1159 grandchildren=3551,3380,6799,11597
HASH_ROUTE token=125 layer=20 children=374,215,532,1011 grandchildren=3745,2150,5324,10119
HASH_ROUTE token=125 layer=21 children=355,417,403,336 grandchildren=3557,4178,4039,3360
HASH_ROUTE token=125 layer=22 children=389,225,439,278 grandchildren=3896,2254,4392,2786
HASH_ROUTE token=125 layer=23 children=537,213,1174,56 grandchildren=5371,2132,11742,565
HASH_ROUTE token=126 layer=0 children=449,924,365,434 grandchildren=4494,9248,3659,4340
HASH_ROUTE token=126 layer=1 children=184,291,826,930 grandchildren=1846,2910,8266,9308
HASH_ROUTE token=126 layer=2 children=94,42,133,110 grandchildren=947,423,1337,1107
HASH_ROUTE token=126 layer=3 children=805,856,328,903 grandchildren=8056,8566,3285,9031
HASH_ROUTE token=126 layer=4 children=450,474,299,380 grandchildren=4509,4743,2997,3808
HASH_ROUTE token=126 layer=5 children=858,952,893,802 grandchildren=8584,9522,8930,8022
HASH_ROUTE token=126 layer=6 children=280,213,124,56 grandchildren=2803,2138,1243,564
HASH_ROUTE token=126 layer=7 children=37,49,93,83 grandchildren=377,490,932,834
HASH_ROUTE token=126 layer=8 children=379,474,322,388 grandchildren=3798,4747,3222,3886
HASH_ROUTE token=126 layer=9 children=209,316,274,236 grandchildren=2096,3165,2749,2364
HASH_ROUTE token=126 layer=10 children=528,584,549,564 grandchildren=5280,5849,5490,5649
HASH_ROUTE token=126 layer=11 children=386,357,411,461 grandchildren=3864,3579,4119,4614
HASH_ROUTE token=126 layer=12 children=1200,88,1120,1184 grandchildren=12004,886,11209,11848
HASH_ROUTE token=126 layer=13 children=674,696,739,663 grandchildren=6745,6961,7392,6638
HASH_ROUTE token=126 layer=14 children=873,235,554,884 grandchildren=8732,2351,5548,8845
HASH_ROUTE token=126 layer=15 children=444,768,351,404 grandchildren=4446,7681,3516,4042
HASH_ROUTE token=126 layer=16 children=208,185,245,213 grandchildren=2089,1850,2456,2138
HASH_ROUTE token=126 layer=17 children=982,506,340,181 grandchildren=9823,5063,3406,1812
HASH_ROUTE token=126 layer=18 children=829,910,836,880 grandchildren=8297,9100,8366,8800
HASH_ROUTE token=126 layer=19 children=68,35,100,114 grandchildren=680,359,1001,1140
HASH_ROUTE token=126 layer=20 children=317,210,158,52 grandchildren=3179,2105,1580,527
HASH_ROUTE token=126 layer=21 children=355,198,362,208 grandchildren=3552,1989,3622,2086
HASH_ROUTE token=126 layer=22 children=696,784,1178,653 grandchildren=6960,7848,11788,6539
HASH_ROUTE token=126 layer=23 children=537,582,638,599 grandchildren=5376,5821,6386,5998
HASH_ROUTE token=127 layer=0 children=52,851,371,1012 grandchildren=522,8516,3716,10129
HASH_ROUTE token=127 layer=1 children=185,509,267,170 grandchildren=1859,5091,2677,1702
HASH_ROUTE token=127 layer=2 children=420,408,448,327 grandchildren=4209,4082,4485,3278
HASH_ROUTE token=127 layer=3 children=621,597,582,638 grandchildren=6212,5978,5825,6384
HASH_ROUTE token=127 layer=4 children=467,344,371,339 grandchildren=4671,3445,3712,3397
HASH_ROUTE token=127 layer=5 children=61,59,94,1185 grandchildren=617,596,941,11851
HASH_ROUTE token=127 layer=6 children=1053,1022,1104,251 grandchildren=10536,10226,11044,2513
HASH_ROUTE token=127 layer=7 children=1048,247,1202,1053 grandchildren=10480,2478,12021,10535
HASH_ROUTE token=127 layer=8 children=1183,1178,380,709 grandchildren=11833,11784,3807,7095
HASH_ROUTE token=127 layer=9 children=349,987,381,1024 grandchildren=3490,9870,3818,10246
HASH_ROUTE token=127 layer=10 children=653,499,334,978 grandchildren=6534,4993,3347,9784
HASH_ROUTE token=127 layer=11 children=1185,1020,1233,1277 grandchildren=11851,10204,12333,12777
HASH_ROUTE token=127 layer=12 children=547,559,528,514 grandchildren=5472,5592,5283,5143
HASH_ROUTE token=127 layer=13 children=973,1137,1041,1083 grandchildren=9737,11370,10411,10837
HASH_ROUTE token=127 layer=14 children=1039,714,236,72 grandchildren=10393,7142,2360,722
HASH_ROUTE token=127 layer=15 children=750,915,439,777 grandchildren=7509,9159,4395,7777
HASH_ROUTE token=127 layer=16 children=417,252,731,1219 grandchildren=4170,2525,7311,12196
HASH_ROUTE token=127 layer=17 children=1193,874,73,1037 grandchildren=11934,8741,735,10376
HASH_ROUTE token=127 layer=18 children=910,836,939,891 grandchildren=9108,8365,9395,8914
HASH_ROUTE token=127 layer=19 children=415,94,353,389 grandchildren=4153,940,3536,3890
HASH_ROUTE token=127 layer=20 children=216,371,1011,208 grandchildren=2168,3713,10117,2081
HASH_ROUTE token=127 layer=21 children=419,454,361,399 grandchildren=4197,4548,3614,3996
HASH_ROUTE token=127 layer=22 children=490,810,1137,335 grandchildren=4904,8103,11370,3356
HASH_ROUTE token=127 layer=23 children=1014,1102,54,530 grandchildren=10147,11029,540,5301
HASH_ROUTE token=128 layer=0 children=363,441,200,428 grandchildren=3631,4418,2009,4286
HASH_ROUTE token=128 layer=1 children=180,255,340,197 grandchildren=1806,2551,3406,1978
HASH_ROUTE token=128 layer=2 children=260,1068,301,109 grandchildren=2604,10687,3019,1098
HASH_ROUTE token=128 layer=3 children=906,841,740,826 grandchildren=9061,8416,7403,8262
HASH_ROUTE token=128 layer=4 children=318,473,636,290 grandchildren=3182,4738,6369,2900
HASH_ROUTE token=128 layer=5 children=862,67,834,950 grandchildren=8620,679,8341,9507
HASH_ROUTE token=128 layer=6 children=617,1255,774,626 grandchildren=6173,12550,7746,6263
HASH_ROUTE token=128 layer=7 children=618,457,572,411 grandchildren=6187,4576,5728,4118
HASH_ROUTE token=128 layer=8 children=1012,1106,1070,1175 grandchildren=10126,11062,10701,11752
HASH_ROUTE token=128 layer=9 children=317,185,475,1270 grandchildren=3174,1857,4755,12707
HASH_ROUTE token=128 layer=10 children=1074,758,1236,1058 grandchildren=10746,7582,12369,10581
HASH_ROUTE token=128 layer=11 children=355,191,332,678 grandchildren=3555,1918,3327,6780
HASH_ROUTE token=128 layer=12 children=687,205,725,529 grandchildren=6871,2051,7250,5294
HASH_ROUTE token=128 layer=13 children=1012,215,976,173 grandchildren=10126,2151,9768,1737
HASH_ROUTE token=128 layer=14 children=858,214,870,230 grandchildren=8582,2147,8707,2306
HASH_ROUTE token=128 layer=15 children=767,795,1081,1119 grandchildren=7679,7951,10819,11197
HASH_ROUTE token=128 layer=16 children=1184,706,387,1126 grandchildren=11842,7063,3879,11265
HASH_ROUTE token=128 layer=17 children=1193,1143,1156,1030 grandchildren=11930,11436,11564,10306
HASH_ROUTE token=128 layer=18 children=837,880,910,820 grandchildren=8377,8809,9108,8206
HASH_ROUTE token=128 layer=19 children=355,678,1159,338 grandchildren=3550,6784,11595,3383
HASH_ROUTE token=128 layer=20 children=1049,403,1074,1200 grandchildren=10496,4035,10744,12000
HASH_ROUTE token=128 layer=21 children=414,438,368,378 grandchildren=4149,4386,3682,3785
HASH_ROUTE token=128 layer=22 children=653,705,178,1134 grandchildren=6533,7052,1786,11340
HASH_ROUTE token=128 layer=23 children=213,537,306,170 grandchildren=2130,5378,3065,1706
HASH_ROUTE token=129 layer=0 children=320,444,402,430 grandchildren=3203,4448,4029,4301
HASH_ROUTE token=129 layer=1 children=298,183,773,669 grandchildren=2980,1832,7730,6694
HASH_ROUTE token=129 layer=2 children=48,89,21,149 grandchildren=488,894,217,1490
HASH_ROUTE token=129 layer=3 children=1229,100,1209,87 grandchildren=12293,1006,12094,872
HASH_ROUTE token=129 layer=4 children=184,318,291,225 grandchildren=1848,3186,2914,2252
HASH_ROUTE token=129 layer=5 children=1217,1173,93,1166 grandchildren=12172,11737,931,11660
HASH_ROUTE token=129 layer=6 children=721,685,779,648 grandchildren=7216,6852,7798,6485
HASH_ROUTE token=129 layer=7 children=58,1011,77,1038 grandchildren=586,10119,776,10388
HASH_ROUTE token=129 layer=8 children=162,215,1128,1177 grandchildren=1620,2154,11281,11771
HASH_ROUTE token=129 layer=9 children=879,236,956,856 grandchildren=8799,2365,9563,8561
HASH_ROUTE token=129 layer=10 children=789,774,654,759 grandchildren=7898,7746,6546,7594
HASH_ROUTE token=129 layer=11 children=1050,1071,894,912 grandchildren=10508,10718,8943,9129
HASH_ROUTE token=129 layer=12 children=267,234,749,221 grandchildren=2670,2342,7491,2214
HASH_ROUTE token=129 layer=13 children=739,1210,91,256 grandchildren=7392,12105,913,2563
HASH_ROUTE token=129 layer=14 children=283,294,188,235 grandchildren=2834,2940,1882,2357
HASH_ROUTE token=129 layer=15 children=449,459,472,920 grandchildren=4498,4594,4728,9203
HASH_ROUTE token=129 layer=16 children=253,292,167,317 grandchildren=2539,2924,1674,3173
HASH_ROUTE token=129 layer=17 children=1223,1143,1160,901 grandchildren=12236,11430,11601,9018
HASH_ROUTE token=129 layer=18 children=352,347,405,451 grandchildren=3524,3470,4057,4510
HASH_ROUTE token=129 layer=19 children=831,35,812,673 grandchildren=8319,356,8128,6734
HASH_ROUTE token=129 layer=20 children=1017,375,213,1049 grandchildren=10170,3757,2132,10495
HASH_ROUTE token=129 layer=21 children=365,336,350,407 grandchildren=3652,3369,3503,4078
HASH_ROUTE token=129 layer=22 children=389,473,1185,863 grandchildren=3891,4733,11851,8636
HASH_ROUTE token=129 layer=23 children=212,537,1017,170 grandchildren=2129,5378,10176,1708
HASH_ROUTE token=130 layer=0 children=122,444,605,49 grandchildren=1221,4440,6055,497
HASH_ROUTE token=130 layer=1 children=790,659,667,729 grandchildren=7900,6594,6674,7294
HASH_ROUTE token=130 layer=2 children=418,447,93,124 grandchildren=4185,4479,932,1245
HASH_ROUTE token=130 layer=3 children=758,789,798,668 grandchildren=7582,7891,7980,6685
HASH_ROUTE token=130 layer=4 children=446,348,125,22 grandchildren=4460,3484,1252,227
HASH_ROUTE token=130 layer=5 children=862,959,1187,1029 grandchildren=8621,9590,11873,10299
HASH_ROUTE token=130 layer=6 children=1255,1097,617,1154 grandchildren=12554,10976,6178,11545
HASH_ROUTE token=130 layer=7 children=1083,1243,981,121 grandchildren=10830,12430,9817,1211
HASH_ROUTE token=130 layer=8 children=917,845,941,433 grandchildren=9179,8451,9414,4335
HASH_ROUTE token=130 layer=9 children=783,1262,308,771 grandchildren=7834,12627,3087,7713
HASH_ROUTE token=130 layer=10 children=650,776,702,13 grandchildren=6504,7764,7027,139
HASH_ROUTE token=130 layer=11 children=642,792,688,720 grandchildren=6428,7920,6888,7203
HASH_ROUTE token=130 layer=12 children=538,542,213,227 grandchildren=5383,5425,2133,2273
HASH_ROUTE token=130 layer=13 children=968,1,166,976 grandchildren=9682,16,1669,9764
HASH_ROUTE token=130 layer=14 children=160,640,326,966 grandchildren=1606,6401,3265,9664
HASH_ROUTE token=130 layer=15 children=795,669,1118,472 grandchildren=7954,6697,11189,4729
HASH_ROUTE token=130 layer=16 children=222,389,256,262 grandchildren=2225,3895,2568,2629
HASH_ROUTE token=130 layer=17 children=839,517,356,1157 grandchildren=8397,5170,3561,11574
HASH_ROUTE token=130 layer=18 children=836,910,991,1072 grandchildren=8363,9104,9916,10723
HASH_ROUTE token=130 layer=19 children=833,676,904,744 grandchildren=8333,6764,9042,7443
HASH_ROUTE token=130 layer=20 children=213,851,539,1014 grandchildren=2134,8513,5398,10140
HASH_ROUTE token=130 layer=21 children=407,419,438,249 grandchildren=4070,4197,4381,2491
HASH_ROUTE token=130 layer=22 children=1024,978,546,1187 grandchildren=10244,9788,5460,11876
HASH_ROUTE token=130 layer=23 children=52,697,536,1171 grandchildren=529,6975,5360,11717
HASH_ROUTE token=131 layer=0 children=153,50,72,65 grandchildren=1538,505,726,653
HASH_ROUTE token=131 layer=1 children=175,297,652,13 grandchildren=1753,2975,6524,134
HASH_ROUTE token=131 layer=2 children=747,100,1060,901 grandchildren=7475,1008,10609,9012
HASH_ROUTE token=131 layer=3 children=106,68,12,900 grandchildren=1069,682,122,9002
HASH_ROUTE token=131 layer=4 children=186,294,311,194 grandchildren=1863,2945,3113,1948
HASH_ROUTE token=131 layer=5 children=1210,1174,1272,1130 grandchildren=12109,11748,12722,11302
HASH_ROUTE token=131 layer=6 children=129,442,760,289 grandchildren=1290,4425,7600,2899
HASH_ROUTE token=131 layer=7 children=931,137,617,459 grandchildren=9311,1378,6172,4596
HASH_ROUTE token=131 layer=8 children=1112,953,314,1043 grandchildren=11129,9532,3146,10435
HASH_ROUTE token=131 layer=9 children=955,316,897,915 grandchildren=9552,3160,8974,9157
HASH_ROUTE token=131 layer=10 children=347,1145,180,827 grandchildren=3476,11450,1803,8274
HASH_ROUTE token=131 layer=11 children=24,1142,32,1154 grandchildren=241,11427,324,11548
HASH_ROUTE token=131 layer=12 children=378,327,478,219 grandchildren=3786,3275,4786,2196
HASH_ROUTE token=131 layer=13 children=148,786,948,463 grandchildren=1482,7864,9484,4630
HASH_ROUTE token=131 layer=14 children=777,696,616,537 grandchildren=7777,6962,6167,5375
HASH_ROUTE token=131 layer=15 children=995,1024,831,1040 grandchildren=9950,10248,8317,10405
HASH_ROUTE token=131 layer=16 children=365,437,346,459 grandchildren=3650,4376,3461,4591
HASH_ROUTE token=131 layer=17 children=981,188,1144,346 grandchildren=9818,1882,11447,3460
HASH_ROUTE token=131 layer=18 children=388,459,1028,320 grandchildren=3888,4599,10286,3209
HASH_ROUTE token=131 layer=19 children=607,446,120,926 grandchildren=6072,4460,1203,9265
HASH_ROUTE token=131 layer=20 children=766,667,648,779 grandchildren=7664,6677,6489,7799
HASH_ROUTE token=131 layer=21 children=1030,995,871,1072 grandchildren=10309,9953,8716,10728
HASH_ROUTE token=131 layer=22 children=333,652,19,178 grandchildren=3331,6525,194,1781
HASH_ROUTE token=131 layer=23 children=583,1224,909,501 grandchildren=5830,12245,9098,5012
HASH_ROUTE token=132 layer=0 children=755,649,779,713 grandchildren=7558,6493,7799,7133
HASH_ROUTE token=132 layer=1 children=527,689,504,663 grandchildren=5271,6896,5047,6637
HASH_ROUTE token=132 layer=2 children=352,830,36,991 grandchildren=3529,8301,369,9915
HASH_ROUTE token=132 layer=3 children=623,613,535,554 grandchildren=6233,6134,5353,5545
HASH_ROUTE token=132 layer=4 children=465,434,1260,452 grandchildren=4658,4349,12607,4522
HASH_ROUTE token=132 layer=5 children=320,809,963,168 grandchildren=3207,8090,9635,1680
HASH_ROUTE token=132 layer=6 children=461,785,620,946 grandchildren=4612,7853,6202,9463
HASH_ROUTE token=132 layer=7 children=148,99,38,621 grandchildren=1482,994,382,6213
HASH_ROUTE token=132 layer=8 children=1014,697,1100,786 grandchildren=10142,6976,11009,7862
HASH_ROUTE token=132 layer=9 children=131,55,938,156 grandchildren=1311,554,9384,1562
HASH_ROUTE token=132 layer=10 children=616,626,540,587 grandchildren=6163,6262,5401,5878
HASH_ROUTE token=132 layer=11 children=916,1077,866,753 grandchildren=9165,10774,8660,7536
HASH_ROUTE token=132 layer=12 children=359,839,1151,512 grandchildren=3592,8399,11510,5125
HASH_ROUTE token=132 layer=13 children=324,167,489,361 grandchildren=3243,1672,4893,3616
HASH_ROUTE token=132 layer=14 children=1102,1264,1096,947 grandchildren=11024,12641,10969,9474
HASH_ROUTE token=132 layer=15 children=767,127,1080,678 grandchildren=7674,1275,10803,6784
HASH_ROUTE token=132 layer=16 children=921,600,889,124 grandchildren=9216,6001,8896,1249
HASH_ROUTE token=132 layer=17 children=893,954,801,91 grandchildren=8934,9542,8013,915
HASH_ROUTE token=132 layer=18 children=740,1226,268,721 grandchildren=7406,12269,2687,7213
HASH_ROUTE token=132 layer=19 children=322,647,1121,482 grandchildren=3226,6470,11211,4820
HASH_ROUTE token=132 layer=20 children=1264,309,1223,786 grandchildren=12649,3099,12236,7860
HASH_ROUTE token=132 layer=21 children=1180,1238,700,65 grandchildren=11806,12389,7005,654
HASH_ROUTE token=132 layer=22 children=939,295,1090,772 grandchildren=9395,2956,10905,7723
HASH_ROUTE token=132 layer=23 children=109,45,71,261 grandchildren=1092,459,719,2615
HASH_ROUTE token=133 layer=0 children=49,360,1161,680 grandchildren=495,3605,11618,6809
HASH_ROUTE token=133 layer=1 children=205,297,239,841 grandchildren=2057,2978,2390,8418
HASH_ROUTE token=133 layer=2 children=895,735,810,1217 grandchildren=8950,7355,8105,12171
HASH_ROUTE token=133 layer=3 children=1095,291,133,613 grandchildren=10952,2917,1339,6130
HASH_ROUTE token=133 layer=4 children=182,190,827,160 grandchildren=1821,1903,8273,1609
HASH_ROUTE token=133 layer=5 children=467,300,370,445 grandchildren=4674,3003,3702,4454
HASH_ROUTE token=133 layer=6 children=676,761,714,35 grandchildren=6762,7616,7143,350
HASH_ROUTE token=133 layer=7 children=821,950,804,508 grandchildren=8211,9509,8046,5086
HASH_ROUTE token=133 layer=8 children=363,420,338,320 grandchildren=3639,4203,3389,3204
HASH_ROUTE token=133 layer=9 children=231,197,268,252 grandchildren=2316,1979,2682,2524
HASH_ROUTE token=133 layer=10 children=213,166,173,54 grandchildren=2134,1666,1734,541
HASH_ROUTE token=133 layer=11 children=77,875,26,156 grandchildren=775,8758,269,1564
HASH_ROUTE token=133 layer=12 children=882,868,81,61 grandchildren=8820,8686,816,618
HASH_ROUTE token=133 layer=13 children=826,26,667,987 grandchildren=8260,265,6676,9876
HASH_ROUTE token=133 layer=14 children=565,613,531,591 grandchildren=5655,6134,5319,5917
HASH_ROUTE token=133 layer=15 children=822,347,987,891 grandchildren=8226,3479,9879,8913
HASH_ROUTE token=133 layer=16 children=325,5,429,437 grandchildren=3251,57,4295,4375
HASH_ROUTE token=133 layer=17 children=983,349,1143,184 grandchildren=9831,3491,11435,1845
HASH_ROUTE token=133 layer=18 children=184,988,317,284 grandchildren=1845,9888,3179,2849
HASH_ROUTE token=133 layer=19 children=641,685,676,778 grandchildren=6416,6854,6769,7783
HASH_ROUTE token=133 layer=20 children=598,1072,279,757 grandchildren=5982,10721,2793,7576
HASH_ROUTE token=133 layer=21 children=1024,969,1058,1084 grandchildren=10242,9696,10587,10841
HASH_ROUTE token=133 layer=22 children=969,802,1123,1094 grandchildren=9698,8026,11236,10947
HASH_ROUTE token=133 layer=23 children=39,128,670,148 grandchildren=392,1285,6705,1485
HASH_ROUTE token=134 layer=0 children=320,9,805,415 grandchildren=3200,98,8050,4159
HASH_ROUTE token=134 layer=1 children=184,200,242,262 grandchildren=1849,2003,2422,2621
HASH_ROUTE token=134 layer=2 children=330,411,379,13 grandchildren=3302,4118,3796,137
HASH_ROUTE token=134 layer=3 children=106,110,11,6 grandchildren=1061,1101,116,69
HASH_ROUTE token=134 layer=4 children=446,362,451,372 grandchildren=4468,3622,4519,3725
HASH_ROUTE token=134 layer=5 children=1212,1174,893,1134 grandchildren=12120,11742,8937,11348
HASH_ROUTE token=134 layer=6 children=725,1209,682,246 grandchildren=7259,12095,6822,2463
HASH_ROUTE token=134 layer=7 children=215,531,55,855 grandchildren=2156,5319,554,8552
HASH_ROUTE token=134 layer=8 children=1117,795,317,479 grandchildren=11171,7953,3171,4796
HASH_ROUTE token=134 layer=9 children=312,958,1273,1111 grandchildren=3126,9581,12730,11118
HASH_ROUTE token=134 layer=10 children=662,505,985,189 grandchildren=6621,5053,9850,1895
HASH_ROUTE token=134 layer=11 children=58,73,1010,853 grandchildren=587,732,10104,8539
HASH_ROUTE token=134 layer=12 children=857,806,887,909 grandchildren=8575,8063,8879,9096
HASH_ROUTE token=134 layer=13 children=148,782,106,81 grandchildren=1483,7820,1060,810
HASH_ROUTE token=134 layer=14 children=293,197,200,261 grandchildren=2939,1972,2007,2612
HASH_ROUTE token=134 layer=15 children=343,433,459,351 grandchildren=3438,4334,4591,3513
HASH_ROUTE token=134 layer=16 children=704,649,684,738 grandchildren=7042,6495,6848,7380
HASH_ROUTE token=134 layer=17 children=218,532,379,220 grandchildren=2187,5327,3798,2208
HASH_ROUTE token=134 layer=18 children=477,428,468,313 grandchildren=4771,4289,4688,3132
HASH_ROUTE token=134 layer=19 children=737,676,740,251 grandchildren=7371,6768,7400,2515
HASH_ROUTE token=134 layer=20 children=257,1214,263,201 grandchildren=2575,12140,2632,2010
HASH_ROUTE token=134 layer=21 children=31,53,355,43 grandchildren=314,531,3555,432
HASH_ROUTE token=134 layer=22 children=974,1037,1078,338 grandchildren=9748,10372,10783,3386
HASH_ROUTE token=134 layer=23 children=872,717,77,239 grandchildren=8724,7176,776,2391
HASH_ROUTE token=135 layer=0 children=145,464,1109,123 grandchildren=1451,4640,11091,1236
HASH_ROUTE token=135 layer=1 children=189,244,293,346 grandchildren=1896,2441,2935,3462
HASH_ROUTE token=135 layer=2 children=1213,1148,252,1246 grandchildren=12137,11482,2528,12466
HASH_ROUTE token=135 layer=3 children=33,106,53,24 grandchildren=334,1069,533,242
HASH_ROUTE token=135 layer=4 children=292,227,163,185 grandchildren=2921,2270,1632,1853
HASH_ROUTE token=135 layer=5 children=1219,93,1174,897 grandchildren=12190,935,11746,8978
HASH_ROUTE token=135 layer=6 children=720,761,713,737 grandchildren=7205,7619,7131,7372
HASH_ROUTE token=135 layer=7 children=692,215,57,855 grandchildren=6922,2153,570,8555
HASH_ROUTE token=135 layer=8 children=940,953,864,914 grandchildren=9402,9539,8646,9142
HASH_ROUTE token=135 layer=9 children=310,254,1110,950 grandchildren=3102,2547,11101,9504
HASH_ROUTE token=135 layer=10 children=1263,1109,787,1276 grandchildren=12639,11096,7879,12763
HASH_ROUTE token=135 layer=11 children=52,88,154,115 grandchildren=520,889,1545,1152
HASH_ROUTE token=135 layer=12 children=728,699,643,682 grandchildren=7284,6991,6430,6825
HASH_ROUTE token=135 layer=13 children=895,731,845,91 grandchildren=8954,7312,8451,913
HASH_ROUTE token=135 layer=14 children=567,523,619,552 grandchildren=5674,5230,6198,5529
HASH_ROUTE token=135 layer=15 children=971,1041,999,1111 grandchildren=9713,10415,9991,11119
HASH_ROUTE token=135 layer=16 children=418,342,380,434 grandchildren=4187,3423,3807,4341
HASH_ROUTE token=135 layer=17 children=264,190,1221,1157 grandchildren=2644,1909,12210,11578
HASH_ROUTE token=135 layer=18 children=174,306,11,295 grandchildren=1742,3061,113,2952
HASH_ROUTE token=135 layer=19 children=100,423,39,355 grandchildren=1004,4234,399,3553
HASH_ROUTE token=135 layer=20 children=347,435,663,758 grandchildren=3470,4358,6639,7588
HASH_ROUTE token=135 layer=21 children=1136,1158,1247,1186 grandchildren=11368,11589,12477,11869
HASH_ROUTE token=135 layer=22 children=935,293,900,263 grandchildren=9353,2932,9000,2638
HASH_ROUTE token=135 layer=23 children=811,174,977,1133 grandchildren=8110,1746,9778,11337
HASH_ROUTE token=136 layer=0 children=153,955,67,48 grandchildren=1534,9555,676,480
HASH_ROUTE token=136 layer=1 children=749,665,261,184 grandchildren=7490,6659,2611,1841
HASH_ROUTE token=136 layer=2 children=1228,1206,1187,1142 grandchildren=12284,12069,11874,11425
HASH_ROUTE token=136 layer=3 children=903,748,108,427 grandchildren=9034,7485,1085,4279
HASH_ROUTE token=136 layer=4 children=295,233,457,391 grandchildren=2958,2336,4576,3915
HASH_ROUTE token=136 layer=5 children=434,380,377,913 grandchildren=4342,3802,3773,9130
HASH_ROUTE token=136 layer=6 children=285,244,312,171 grandchildren=2856,2443,3121,1710
HASH_ROUTE token=136 layer=7 children=357,425,404,387 grandchildren=3575,4252,4040,3878
HASH_ROUTE token=136 layer=8 children=855,864,941,1011 grandchildren=8552,8644,9419,10116
HASH_ROUTE token=136 layer=9 children=844,208,864,220 grandchildren=8442,2080,8642,2202
HASH_ROUTE token=136 layer=10 children=798,752,742,689 grandchildren=7989,7522,7429,6890
HASH_ROUTE token=136 layer=11 children=705,1187,383,688 grandchildren=7050,11879,3834,6882
HASH_ROUTE token=136 layer=12 children=685,1162,206,674 grandchildren=6857,11626,2064,6740
HASH_ROUTE token=136 layer=13 children=895,1059,731,838 grandchildren=8959,10593,7311,8383
HASH_ROUTE token=136 layer=14 children=884,850,242,877 grandchildren=8843,8506,2426,8778
HASH_ROUTE token=136 layer=15 children=920,444,831,762 grandchildren=9203,4447,8317,7623
HASH_ROUTE token=136 layer=16 children=176,334,276,245 grandchildren=1766,3348,2761,2451
HASH_ROUTE token=136 layer=17 children=184,190,263,238 grandchildren=1847,1908,2631,2386
HASH_ROUTE token=136 layer=18 children=837,910,959,843 grandchildren=8376,9109,9590,8434
HASH_ROUTE token=136 layer=19 children=783,679,465,654 grandchildren=7839,6792,4658,6549
HASH_ROUTE token=136 layer=20 children=532,632,215,311 grandchildren=5325,6325,2159,3118
HASH_ROUTE token=136 layer=21 children=410,320,390,254 grandchildren=4102,3209,3902,2541
HASH_ROUTE token=136 layer=22 children=656,795,789,173 grandchildren=6569,7958,7893,1737
HASH_ROUTE token=136 layer=23 children=621,556,512,535 grandchildren=6218,5566,5126,5356
HASH_ROUTE token=137 layer=0 children=446,762,1082,601 grandchildren=4467,7621,10823,6010
HASH_ROUTE token=137 layer=1 children=340,418,462,472 grandchildren=3402,4186,4622,4726
HASH_ROUTE token=137 layer=2 children=682,773,711,1007 grandchildren=6829,7733,7116,10071
HASH_ROUTE token=137 layer=3 children=669,1142,678,20 grandchildren=6698,11421,6783,200
HASH_ROUTE token=137 layer=4 children=296,611,279,1093 grandchildren=2967,6112,2791,10936
HASH_ROUTE token=137 layer=5 children=928,881,850,802 grandchildren=9286,8812,8508,8025
HASH_ROUTE token=137 layer=6 children=995,1004,1092,1114 grandchildren=9956,10041,10923,11140
HASH_ROUTE token=137 layer=7 children=345,27,379,661 grandchildren=3451,278,3792,6619
HASH_ROUTE token=137 layer=8 children=148,941,84,1267 grandchildren=1484,9415,841,12671
HASH_ROUTE token=137 layer=9 children=215,183,295,207 grandchildren=2151,1837,2959,2078
HASH_ROUTE token=137 layer=10 children=528,586,592,680 grandchildren=5289,5869,5922,6809
HASH_ROUTE token=137 layer=11 children=904,948,748,913 grandchildren=9044,9487,7484,9135
HASH_ROUTE token=137 layer=12 children=1154,1138,1196,32 grandchildren=11540,11384,11966,329
HASH_ROUTE token=137 layer=13 children=506,664,631,187 grandchildren=5067,6646,6310,1872
HASH_ROUTE token=137 layer=14 children=562,618,248,298 grandchildren=5628,6189,2483,2983
HASH_ROUTE token=137 layer=15 children=920,916,832,956 grandchildren=9208,9164,8324,9567
HASH_ROUTE token=137 layer=16 children=272,213,190,245 grandchildren=2725,2130,1909,2457
HASH_ROUTE token=137 layer=17 children=546,384,604,599 grandchildren=5463,3844,6045,5991
HASH_ROUTE token=137 layer=18 children=819,949,908,838 grandchildren=8197,9497,9089,8385
HASH_ROUTE token=137 layer=19 children=355,670,338,991 grandchildren=3558,6709,3389,9914
HASH_ROUTE token=137 layer=20 children=215,317,373,1011 grandchildren=2157,3175,3737,10116
HASH_ROUTE token=137 layer=21 children=731,412,891,254 grandchildren=7317,4126,8912,2541
HASH_ROUTE token=137 layer=22 children=439,420,1236,1070 grandchildren=4391,4206,12360,10705
HASH_ROUTE token=137 layer=23 children=214,56,537,1171 grandchildren=2140,561,5374,11712
HASH_ROUTE token=138 layer=0 children=76,120,398,441 grandchildren=769,1204,3983,4412
HASH_ROUTE token=138 layer=1 children=184,343,665,29 grandchildren=1848,3437,6659,299
HASH_ROUTE token=138 layer=2 children=1217,1188,1225,1239 grandchildren=12170,11880,12255,12390
HASH_ROUTE token=138 layer=3 children=932,298,851,1093 grandchildren=9320,2981,8510,10934
HASH_ROUTE token=138 layer=4 children=232,1190,71,295 grandchildren=2321,11901,713,2952
HASH_ROUTE token=138 layer=5 children=881,924,953,807 grandchildren=8811,9244,9537,8070
HASH_ROUTE token=138 layer=6 children=456,1092,443,429 grandchildren=4561,10929,4436,4296
HASH_ROUTE token=138 layer=7 children=692,671,1011,998 grandchildren=6929,6717,10115,9987
HASH_ROUTE token=138 layer=8 children=852,954,919,829 grandchildren=8524,9544,9198,8291
HASH_ROUTE token=138 layer=9 children=290,211,1252,934 grandchildren=2901,2117,12526,9349
HASH_ROUTE token=138 layer=10 children=915,1079,849,1003 grandchildren=9155,10797,8499,10038
HASH_ROUTE token=138 layer=11 children=831,908,815,944 grandchildren=8312,9087,8159,9449
HASH_ROUTE token=138 layer=12 children=1175,1218,1164,1197 grandchildren=11756,12181,11644,11978
HASH_ROUTE token=138 layer=13 children=923,289,887,953 grandchildren=9230,2892,8879,9530
HASH_ROUTE token=138 layer=14 children=316,187,204,298 grandchildren=3169,1879,2047,2985
HASH_ROUTE token=138 layer=15 children=920,916,810,882 grandchildren=9207,9166,8104,8824
HASH_ROUTE token=138 layer=16 children=192,272,205,239 grandchildren=1926,2728,2051,2396
HASH_ROUTE token=138 layer=17 children=981,1087,1030,1066 grandchildren=9818,10871,10300,10664
HASH_ROUTE token=138 layer=18 children=837,910,932,857 grandchildren=8371,9104,9321,8573
HASH_ROUTE token=138 layer=19 children=701,866,383,1186 grandchildren=7018,8665,3830,11860
HASH_ROUTE token=138 layer=20 children=373,214,539,476 grandchildren=3731,2140,5395,4768
HASH_ROUTE token=138 layer=21 children=170,303,254,192 grandchildren=1707,3035,2548,1926
HASH_ROUTE token=138 layer=22 children=473,385,420,1270 grandchildren=4733,3856,4206,12701
HASH_ROUTE token=138 layer=23 children=214,537,855,695 grandchildren=2144,5373,8556,6953
HASH_ROUTE token=139 layer=0 children=41,122,360,449 grandchildren=419,1223,3609,4494
HASH_ROUTE token=139 layer=1 children=267,294,242,283 grandchildren=2676,2941,2425,2833
HASH_ROUTE token=139 layer=2 children=742,1061,262,109 grandchildren=7423,10619,2622,1099
HASH_ROUTE token=139 layer=3 children=904,740,866,100 grandchildren=9044,7409,8662,1002
HASH_ROUTE token=139 layer=4 children=346,184,457,294 grandchildren=3461,1844,4576,2949
HASH_ROUTE token=139 layer=5 children=861,1029,925,958 grandchildren=8613,10295,9254,9583
HASH_ROUTE token=139 layer=6 children=566,518,612,88 grandchildren=5662,5189,6121,884
HASH_ROUTE token=139 layer=7 children=105,112,148,83 grandchildren=1054,1125,1486,830
HASH_ROUTE token=139 layer=8 children=930,1090,774,1256 grandchildren=9302,10906,7740,12568
HASH_ROUTE token=139 layer=9 children=223,241,869,176 grandchildren=2237,2414,8691,1768
HASH_ROUTE token=139 layer=10 children=774,652,688,759 grandchildren=7743,6526,6886,7599
HASH_ROUTE token=139 layer=11 children=865,908,1189,1223 grandchildren=8654,9081,11893,12234
HASH_ROUTE token=139 layer=12 children=539,559,529,213 grandchildren=5399,5594,5295,2131
HASH_ROUTE token=139 layer=13 children=1058,971,1085,1098 grandchildren=10582,9713,10858,10981
HASH_ROUTE token=139 layer=14 children=939,299,888,246 grandchildren=9391,2999,8885,2463
HASH_ROUTE token=139 layer=15 children=338,812,497,651 grandchildren=3383,8125,4972,6517
HASH_ROUTE token=139 layer=16 children=262,217,586,534 grandchildren=2623,2170,5864,5346
HASH_ROUTE token=139 layer=17 children=594,501,438,542 grandchildren=5941,5017,4382,5423
HASH_ROUTE token=139 layer=18 children=830,910,1154,959 grandchildren=8308,9105,11543,9590
HASH_ROUTE token=139 layer=19 children=844,685,819,907 grandchildren=8441,6850,8197,9070
HASH_ROUTE token=139 layer=20 children=213,854,273,1019 grandchildren=2134,8543,2735,10199
HASH_ROUTE token=139 layer=21 children=231,203,177,879 grandchildren=2311,2033,1771,8791
HASH_ROUTE token=139 layer=22 children=310,1119,1277,635 grandchildren=3101,11198,12777,6357
HASH_ROUTE token=139 layer=23 children=537,695,56,216 grandchildren=5370,6952,561,2162
HASH_ROUTE token=140 layer=0 children=122,441,1089,43 grandchildren=1220,4412,10897,437
HASH_ROUTE token=140 layer=1 children=341,453,360,184 grandchildren=3414,4538,3605,1849
HASH_ROUTE token=140 layer=2 children=432,364,596,384 grandchildren=4322,3640,5966,3847
HASH_ROUTE token=140 layer=3 children=984,503,1030,1065 grandchildren=9849,5034,10306,10657
HASH_ROUTE token=140 layer=4 children=573,414,548,380 grandchildren=5737,4140,5481,3806
HASH_ROUTE token=140 layer=5 children=400,478,888,440 grandchildren=4000,4785,8882,4403
HASH_ROUTE token=140 layer=6 children=1208,726,1047,566 grandchildren=12081,7268,10477,5667
HASH_ROUTE token=140 layer=7 children=411,400,433,441 grandchildren=4111,4008,4337,4419
HASH_ROUTE token=140 layer=8 children=1126,489,1188,548 grandchildren=11269,4898,11883,5488
HASH_ROUTE token=140 layer=9 children=348,185,385,464 grandchildren=3487,1854,3854,4640
HASH_ROUTE token=140 layer=10 children=649,802,771,652 grandchildren=6496,8025,7719,6523
HASH_ROUTE token=140 layer=11 children=792,153,956,748 grandchildren=7925,1538,9560,7488
HASH_ROUTE token=140 layer=12 children=685,1162,729,738 grandchildren=6859,11625,7293,7389
HASH_ROUTE token=140 layer=13 children=816,933,891,1134 grandchildren=8160,9332,8911,11342
HASH_ROUTE token=140 layer=14 children=230,718,284,767 grandchildren=2304,7186,2840,7677
HASH_ROUTE token=140 layer=15 children=344,472,336,439 grandchildren=3443,4726,3368,4398
HASH_ROUTE token=140 layer=16 children=91,1057,250,412 grandchildren=919,10578,2502,4124
HASH_ROUTE token=140 layer=17 children=1148,188,983,502 grandchildren=11489,1889,9835,5028
HASH_ROUTE token=140 layer=18 children=273,910,436,1073 grandchildren=2739,9109,4369,10738
HASH_ROUTE token=140 layer=19 children=355,338,996,391 grandchildren=3559,3383,9961,3914
HASH_ROUTE token=140 layer=20 children=272,208,213,225 grandchildren=2723,2081,2136,2255
HASH_ROUTE token=140 layer=21 children=336,13,416,93 grandchildren=3365,137,4168,937
HASH_ROUTE token=140 layer=22 children=632,310,546,227 grandchildren=6327,3108,5466,2271
HASH_ROUTE token=140 layer=23 children=214,537,1017,50 grandchildren=2143,5378,10171,503
HASH_ROUTE token=141 layer=0 children=846,361,920,41 grandchildren=8463,3613,9200,410
HASH_ROUTE token=141 layer=1 children=824,901,342,428 grandchildren=8245,9019,3426,4287
HASH_ROUTE token=141 layer=2 children=734,682,705,92 grandchildren=7345,6829,7059,920
HASH_ROUTE token=141 layer=3 children=989,973,826,1055 grandchildren=9898,9730,8268,10559
HASH_ROUTE token=141 layer=4 children=450,439,403,296 grandchildren=4501,4392,4039,2961
HASH_ROUTE token=141 layer=5 children=928,880,765,446 grandchildren=9285,8800,7659,4465
HASH_ROUTE token=141 layer=6 children=943,844,876,302 grandchildren=9431,8448,8765,3023
HASH_ROUTE token=141 layer=7 children=58,538,84,373 grandchildren=582,5384,847,3737
HASH_ROUTE token=141 layer=8 children=953,940,631,150 grandchildren=9534,9409,6311,1500
HASH_ROUTE token=141 layer=9 children=1173,856,372,214 grandchildren=11738,8568,3725,2149
HASH_ROUTE token=141 layer=10 children=1075,1097,987,1022 grandchildren=10755,10978,9873,10222
HASH_ROUTE token=141 layer=11 children=1077,1020,1050,1049 grandchildren=10778,10201,10509,10499
HASH_ROUTE token=141 layer=12 children=522,205,513,192 grandchildren=5221,2056,5132,1922
HASH_ROUTE token=141 layer=13 children=1242,1128,1084,968 grandchildren=12421,11283,10841,9687
HASH_ROUTE token=141 layer=14 children=565,244,532,885 grandchildren=5651,2442,5326,8857
HASH_ROUTE token=141 layer=15 children=344,404,440,336 grandchildren=3440,4048,4405,3362
HASH_ROUTE token=141 layer=16 children=770,646,292,162 grandchildren=7702,6469,2923,1628
HASH_ROUTE token=141 layer=17 children=983,1144,501,188 grandchildren=9839,11445,5013,1888
HASH_ROUTE token=141 layer=18 children=343,503,988,335 grandchildren=3437,5038,9888,3358
HASH_ROUTE token=141 layer=19 children=338,355,391,387 grandchildren=3382,3552,3913,3875
HASH_ROUTE token=141 layer=20 children=277,185,210,1075 grandchildren=2771,1850,2102,10754
HASH_ROUTE token=141 layer=21 children=419,254,899,97 grandchildren=4192,2540,8990,972
HASH_ROUTE token=141 layer=22 children=1064,581,1054,1022 grandchildren=10645,5813,10547,10228
HASH_ROUTE token=141 layer=23 children=214,190,537,517 grandchildren=2142,1904,5377,5170
HASH_ROUTE token=142 layer=0 children=153,50,72,65 grandchildren=1531,509,725,652
HASH_ROUTE token=142 layer=1 children=175,297,652,499 grandchildren=1759,2972,6526,4993
HASH_ROUTE token=142 layer=2 children=100,424,747,588 grandchildren=1009,4243,7479,5882
HASH_ROUTE token=142 layer=3 children=106,68,18,900 grandchildren=1069,688,187,9005
HASH_ROUTE token=142 layer=4 children=186,294,311,194 grandchildren=1868,2947,3117,1945
HASH_ROUTE token=142 layer=5 children=1179,1210,1272,1130 grandchildren=11794,12107,12723,11303
HASH_ROUTE token=142 layer=6 children=129,442,760,288 grandchildren=1290,4422,7605,2880
HASH_ROUTE token=142 layer=7 children=137,934,617,459 grandchildren=1371,9342,6178,4596
HASH_ROUTE token=142 layer=8 children=1112,953,314,1040 grandchildren=11122,9532,3142,10408
HASH_ROUTE token=142 layer=9 children=955,316,897,915 grandchildren=9554,3165,8977,9157
HASH_ROUTE token=142 layer=10 children=347,1145,180,446 grandchildren=3471,11454,1807,4465
HASH_ROUTE token=142 layer=11 children=24,1142,32,1154 grandchildren=247,11429,320,11547
HASH_ROUTE token=142 layer=12 children=378,327,478,219 grandchildren=3787,3270,4789,2198
HASH_ROUTE token=142 layer=13 children=148,786,948,463 grandchildren=1489,7865,9481,4631
HASH_ROUTE token=142 layer=14 children=693,777,537,792 grandchildren=6931,7778,5370,7925
HASH_ROUTE token=142 layer=15 children=995,831,1040,1024 grandchildren=9953,8314,10400,10241
HASH_ROUTE token=142 layer=16 children=437,365,346,418 grandchildren=4377,3657,3463,4188
HASH_ROUTE token=142 layer=17 children=981,188,1144,346 grandchildren=9810,1887,11448,3464
HASH_ROUTE token=142 layer=18 children=380,320,364,459 grandchildren=3804,3209,3648,4599
HASH_ROUTE token=142 layer=19 children=606,440,120,926 grandchildren=6063,4409,1200,9262
HASH_ROUTE token=142 layer=20 children=766,734,667,648 grandchildren=7669,7340,6675,6482
HASH_ROUTE token=142 layer=21 children=1030,552,236,870 grandchildren=10300,5520,2362,8709
HASH_ROUTE token=142 layer=22 children=331,178,656,13 grandchildren=3313,1788,6564,139
HASH_ROUTE token=142 layer=23 children=945,879,816,909 grandchildren=9457,8790,8162,9099
HASH_ROUTE token=143 layer=0 children=755,649,779,713 grandchildren=7557,6492,7795,7134
HASH_ROUTE token=143 layer=1 children=527,689,504,663 grandchildren=5273,6899,5041,6637
HASH_ROUTE token=143 layer=2 children=352,830,36,991 grandchildren=3526,8300,366,9915
HASH_ROUTE token=143 layer=3 children=623,613,535,554 grandchildren=6233,6130,5353,5546
HASH_ROUTE token=143 layer=4 children=465,434,1260,452 grandchildren=4656,4344,12603,4524
HASH_ROUTE token=143 layer=5 children=320,809,963,168 grandchildren=3207,8090,9637,1688
HASH_ROUTE token=143 layer=6 children=461,785,620,946 grandchildren=4619,7850,6202,9465
HASH_ROUTE token=143 layer=7 children=148,99,38,621 grandchildren=1483,996,389,6218
HASH_ROUTE token=143 layer=8 children=1014,697,1100,786 grandchildren=10147,6970,11004,7868
HASH_ROUTE token=143 layer=9 children=131,55,938,156 grandchildren=1313,555,9382,1560
HASH_ROUTE token=143 layer=10 children=616,626,540,587 grandchildren=6168,6261,5409,5877
HASH_ROUTE token=143 layer=11 children=916,1077,866,753 grandchildren=9167,10770,8663,7534
HASH_ROUTE token=143 layer=12 children=359,839,1151,512 grandchildren=3594,8396,11510,5122
HASH_ROUTE token=143 layer=13 children=324,167,489,361 grandchildren=3243,1673,4891,3616
HASH_ROUTE token=143 layer=14 children=1102,1264,1096,947 grandchildren=11020,12646,10960,9475
HASH_ROUTE token=143 layer=15 children=767,127,1080,678 grandchildren=7672,1278,10809,6784
HASH_ROUTE token=143 layer=16 children=921,600,889,124 grandchildren=9217,6009,8897,1243
HASH_ROUTE token=143 layer=17 children=893,954,801,91 grandchildren=8936,9540,8012,918
HASH_ROUTE token=143 layer=18 children=740,1226,268,721 grandchildren=7406,12265,2682,7215
HASH_ROUTE token=143 layer=19 children=322,647,1121,482 grandchildren=3221,6476,11216,4829
HASH_ROUTE token=143 layer=20 children=1264,309,1223,786 grandchildren=12647,3094,12234,7865
HASH_ROUTE token=143 layer=21 children=1180,1238,700,65 grandchildren=11806,12386,7003,654
HASH_ROUTE token=143 layer=22 children=939,295,1090,772 grandchildren=9390,2957,10906,7721
HASH_ROUTE token=143 layer=23 children=109,45,71,261 grandchildren=1092,455,715,2619
HASH_ROUTE token=144 layer=0 children=326,367,434,441 grandchildren=3262,3671,4342,4413
HASH_ROUTE token=144 layer=1 children=172,207,810,843 grandchildren=1725,2078,8100,8435
HASH_ROUTE token=144 layer=2 children=899,576,815,417 grandchildren=8997,5766,8151,4170
HASH_ROUTE token=144 layer=3 children=931,1090,130,294 grandchildren=9315,10902,1308,2940
HASH_ROUTE token=144 layer=4 children=635,317,959,475 grandchildren=6351,3173,9592,4754
HASH_ROUTE token=144 layer=5 children=1212,1130,1174,252 grandchildren=12122,11304,11740,2524
HASH_ROUTE token=144 layer=6 children=289,761,310,197 grandchildren=2892,7612,3105,1971
HASH_ROUTE token=144 layer=7 children=611,521,514,536 grandchildren=6117,5215,5142,5365
HASH_ROUTE token=144 layer=8 children=788,1105,627,944 grandchildren=7887,11056,6275,9442
HASH_ROUTE token=144 layer=9 children=838,513,191,892 grandchildren=8381,5136,1919,8927
HASH_ROUTE token=144 layer=10 children=240,275,187,727 grandchildren=2408,2750,1873,7271
HASH_ROUTE token=144 layer=11 children=10,490,6,173 grandchildren=106,4900,61,1737
HASH_ROUTE token=144 layer=12 children=684,1003,748,772 grandchildren=6843,10035,7488,7724
HASH_ROUTE token=144 layer=13 children=946,147,1260,1105 grandchildren=9465,1476,12606,11050
HASH_ROUTE token=144 layer=14 children=613,936,777,294 grandchildren=6130,9360,7772,2945
HASH_ROUTE token=144 layer=15 children=343,472,827,410 grandchildren=3438,4724,8272,4101
HASH_ROUTE token=144 layer=16 children=429,325,413,434 grandchildren=4299,3257,4138,4341
HASH_ROUTE token=144 layer=17 children=983,1060,662,1056 grandchildren=9838,10607,6621,10567
HASH_ROUTE token=144 layer=18 children=161,186,248,283 grandchildren=1610,1862,2487,2832
HASH_ROUTE token=144 layer=19 children=652,712,778,15 grandchildren=6522,7125,7785,159
HASH_ROUTE token=144 layer=20 children=318,634,178,278 grandchildren=3180,6344,1781,2780
HASH_ROUTE token=144 layer=21 children=10,40,93,335 grandchildren=105,408,930,3355
HASH_ROUTE token=144 layer=22 children=1247,1123,1084,969 grandchildren=12473,11237,10841,9697
HASH_ROUTE token=144 layer=23 children=34,124,44,86 grandchildren=348,1249,445,869
HASH_ROUTE token=145 layer=0 children=960,321,1089,1128 grandchildren=9600,3218,10890,11284
HASH_ROUTE token=145 layer=1 children=295,189,244,160 grandchildren=2954,1890,2448,1607
HASH_ROUTE token=145 layer=2 children=330,973,18,499 grandchildren=3304,9737,183,4996
HASH_ROUTE token=145 layer=3 children=107,1221,267,421 grandchildren=1070,12219,2670,4219
HASH_ROUTE token=145 layer=4 children=200,364,287,449 grandchildren=2002,3644,2870,4499
HASH_ROUTE token=145 layer=5 children=1213,1173,1134,252 grandchildren=12135,11736,11343,2521
HASH_ROUTE token=145 layer=6 children=246,725,1209,88 grandchildren=2464,7251,12090,889
HASH_ROUTE token=145 layer=7 children=697,52,219,534 grandchildren=6978,521,2199,5347
HASH_ROUTE token=145 layer=8 children=311,950,792,1117 grandchildren=3112,9506,7925,11179
HASH_ROUTE token=145 layer=9 children=312,257,957,795 grandchildren=3121,2575,9578,7953
HASH_ROUTE token=145 layer=10 children=545,591,707,1181 grandchildren=5451,5912,7070,11819
HASH_ROUTE token=145 layer=11 children=43,77,61,24 grandchildren=433,779,611,246
HASH_ROUTE token=145 layer=12 children=378,696,850,217 grandchildren=3784,6961,8506,2171
HASH_ROUTE token=145 layer=13 children=86,147,91,50 grandchildren=869,1479,911,500
HASH_ROUTE token=145 layer=14 children=293,196,248,282 grandchildren=2935,1969,2485,2825
HASH_ROUTE token=145 layer=15 children=1003,363,997,351 grandchildren=10038,3634,9977,3510
HASH_ROUTE token=145 layer=16 children=452,418,434,1253 grandchildren=4526,4180,4341,12537
HASH_ROUTE token=145 layer=17 children=180,215,238,1144 grandchildren=1801,2157,2389,11444
HASH_ROUTE token=145 layer=18 children=100,909,429,261 grandchildren=1000,9097,4294,2610
HASH_ROUTE token=145 layer=19 children=676,744,705,1152 grandchildren=6768,7445,7053,11529
HASH_ROUTE token=145 layer=20 children=213,319,244,198 grandchildren=2137,3194,2443,1980
HASH_ROUTE token=145 layer=21 children=33,46,70,831 grandchildren=335,469,707,8313
HASH_ROUTE token=145 layer=22 children=269,428,742,179 grandchildren=2693,4282,7424,1798
HASH_ROUTE token=145 layer=23 children=1037,235,1017,1064 grandchildren=10377,2357,10177,10648
HASH_ROUTE token=146 layer=0 children=901,100,422,951 grandchildren=9017,1008,4221,9512
HASH_ROUTE token=146 layer=1 children=259,189,203,242 grandchildren=2593,1894,2037,2427
HASH_ROUTE token=146 layer=2 children=867,382,891,1024 grandchildren=8676,3826,8916,10245
HASH_ROUTE token=146 layer=3 children=1229,107,740,1154 grandchildren=12298,1072,7403,11540
HASH_ROUTE token=146 layer=4 children=444,382,281,365 grandchildren=4443,3828,2811,3657
HASH_ROUTE token=146 layer=5 children=389,410,865,891 grandchildren=3898,4103,8650,8911
HASH_ROUTE token=146 layer=6 children=728,1203,676,243 grandchildren=7289,12031,6769,2432
HASH_ROUTE token=146 layer=7 children=219,1018,854,294 grandchildren=2199,10182,8540,2941
HASH_ROUTE token=146 layer=8 children=102,58,149,583 grandchildren=1029,580,1496,5835
HASH_ROUTE token=146 layer=9 children=246,314,182,251 grandchildren=2460,3142,1828,2511
HASH_ROUTE token=146 layer=10 children=884,1045,1203,932 grandchildren=8842,10459,12039,9322
HASH_ROUTE token=146 layer=11 children=159,56,956,853 grandchildren=1594,565,9562,8537
HASH_ROUTE token=146 layer=12 children=169,247,213,223 grandchildren=1697,2475,2137,2235
HASH_ROUTE token=146 layer=13 children=729,779,737,787 grandchildren=7298,7794,7370,7878
HASH_ROUTE token=146 layer=14 children=936,855,777,920 grandchildren=9365,8558,7778,9206
HASH_ROUTE token=146 layer=15 children=474,363,371,345 grandchildren=4749,3633,3714,3455
HASH_ROUTE token=146 layer=16 children=251,418,223,381 grandchildren=2514,4189,2234,3816
HASH_ROUTE token=146 layer=17 children=1144,1179,1153,1222 grandchildren=11445,11795,11535,12225
HASH_ROUTE token=146 layer=18 children=151,1114,477,100 grandchildren=1514,11148,4774,1005
HASH_ROUTE token=146 layer=19 children=1208,242,724,1151 grandchildren=12085,2423,7243,11514
HASH_ROUTE token=146 layer=20 children=347,185,362,375 grandchildren=3471,1852,3621,3752
HASH_ROUTE token=146 layer=21 children=143,1262,464,71 grandchildren=1434,12621,4645,718
HASH_ROUTE token=146 layer=22 children=281,238,243,161 grandchildren=2813,2384,2434,1616
HASH_ROUTE token=146 layer=23 children=199,309,213,261 grandchildren=1995,3094,2131,2614
HASH_ROUTE token=147 layer=0 children=153,50,41,471 grandchildren=1533,508,417,4716
HASH_ROUTE token=147 layer=1 children=294,261,174,779 grandchildren=2941,2618,1742,7795
HASH_ROUTE token=147 layer=2 children=1122,1228,1137,1162 grandchildren=11222,12283,11378,11624
HASH_ROUTE token=147 layer=3 children=740,669,901,798 grandchildren=7400,6692,9016,7984
HASH_ROUTE token=147 layer=4 children=292,454,236,182 grandchildren=2925,4549,2365,1823
HASH_ROUTE token=147 layer=5 children=751,911,434,703 grandchildren=7512,9117,4345,7034
HASH_ROUTE token=147 layer=6 children=243,285,1047,173 grandchildren=2433,2859,10471,1734
HASH_ROUTE token=147 layer=7 children=1068,587,1109,749 grandchildren=10688,5871,11090,7498
HASH_ROUTE token=147 layer=8 children=328,802,488,8 grandchildren=3283,8020,4883,88
HASH_ROUTE token=147 layer=9 children=309,203,185,941 grandchildren=3092,2039,1855,9415
HASH_ROUTE token=147 layer=10 children=649,160,323,7 grandchildren=6491,1605,3238,74
HASH_ROUTE token=147 layer=11 children=936,868,909,858 grandchildren=9367,8684,9092,8585
HASH_ROUTE token=147 layer=12 children=529,203,559,48 grandchildren=5293,2032,5595,485
HASH_ROUTE token=147 layer=13 children=1059,1011,893,571 grandchildren=10595,10119,8933,5713
HASH_ROUTE token=147 layer=14 children=242,212,295,884 grandchildren=2422,2129,2956,8846
HASH_ROUTE token=147 layer=15 children=998,1115,1089,1074 grandchildren=9981,11158,10891,10747
HASH_ROUTE token=147 layer=16 children=427,358,266,196 grandchildren=4278,3585,2666,1968
HASH_ROUTE token=147 layer=17 children=263,1225,230,188 grandchildren=2637,12257,2301,1887
HASH_ROUTE token=147 layer=18 children=831,847,910,997 grandchildren=8312,8474,9102,9975
HASH_ROUTE token=147 layer=19 children=704,863,383,545 grandchildren=7047,8639,3831,5450
HASH_ROUTE token=147 layer=20 children=213,532,198,298 grandchildren=2132,5327,1988,2984
HASH_ROUTE token=147 layer=21 children=332,11,818,350 grandchildren=3324,110,8187,3500
HASH_ROUTE token=147 layer=22 children=1184,1270,1124,1131 grandchildren=11844,12702,11248,11315
HASH_ROUTE token=147 layer=23 children=218,1171,537,693 grandchildren=2182,11719,5373,6931
HASH_ROUTE token=148 layer=0 children=320,446,4,965 grandchildren=3201,4466,46,9653
HASH_ROUTE token=148 layer=1 children=248,405,184,210 grandchildren=2480,4056,1840,2100
HASH_ROUTE token=148 layer=2 children=757,272,655,642 grandchildren=7579,2726,6555,6427
HASH_ROUTE token=148 layer=3 children=1229,1189,1269,587 grandchildren=12292,11898,12696,5878
HASH_ROUTE token=148 layer=4 children=449,123,1247,289 grandchildren=4492,1237,12473,2896
HASH_ROUTE token=148 layer=5 children=370,400,464,858 grandchildren=3705,4009,4642,8587
HASH_ROUTE token=148 layer=6 children=1042,1035,1091,1114 grandchildren=10427,10356,10919,11143
HASH_ROUTE token=148 layer=7 children=695,859,770,665 grandchildren=6950,8596,7700,6651
HASH_ROUTE token=148 layer=8 children=1187,864,1027,542 grandchildren=11876,8648,10271,5423
HASH_ROUTE token=148 layer=9 children=318,959,232,212 grandchildren=3181,9595,2326,2122
HASH_ROUTE token=148 layer=10 children=959,795,1276,895 grandchildren=9598,7951,12768,8956
HASH_ROUTE token=148 layer=11 children=1182,1211,1254,1201 grandchildren=11821,12113,12543,12019
HASH_ROUTE token=148 layer=12 children=220,542,198,519 grandchildren=2202,5424,1981,5195
HASH_ROUTE token=148 layer=13 children=153,952,40,1118 grandchildren=1531,9520,407,11182
HASH_ROUTE token=148 layer=14 children=236,246,188,268 grandchildren=2368,2461,1886,2689
HASH_ROUTE token=148 layer=15 children=1089,444,1016,924 grandchildren=10898,4448,10160,9245
HASH_ROUTE token=148 layer=16 children=276,250,192,281 grandchildren=2762,2500,1928,2811
HASH_ROUTE token=148 layer=17 children=188,1143,284,983 grandchildren=1889,11439,2842,9835
HASH_ROUTE token=148 layer=18 children=830,909,940,510 grandchildren=8303,9092,9404,5100
HASH_ROUTE token=148 layer=19 children=679,1157,355,36 grandchildren=6793,11573,3558,360
HASH_ROUTE token=148 layer=20 children=1017,1073,995,975 grandchildren=10177,10732,9950,9752
HASH_ROUTE token=148 layer=21 children=339,356,362,320 grandchildren=3398,3565,3620,3209
HASH_ROUTE token=148 layer=22 children=389,325,866,419 grandchildren=3891,3255,8663,4199
HASH_ROUTE token=148 layer=23 children=698,218,50,684 grandchildren=6982,2189,501,6844
HASH_ROUTE token=149 layer=0 children=469,1101,337,400 grandchildren=4693,11016,3379,4002
HASH_ROUTE token=149 layer=1 children=133,99,1,128 grandchildren=1331,990,11,1284
HASH_ROUTE token=149 layer=2 children=989,1054,1074,1095 grandchildren=9895,10547,10748,10959
HASH_ROUTE token=149 layer=3 children=1236,1188,113,597 grandchildren=12363,11884,1138,5975
HASH_ROUTE token=149 layer=4 children=527,365,1009,621 grandchildren=5277,3659,10099,6214
HASH_ROUTE token=149 layer=5 children=39,49,151,77 grandchildren=391,496,1510,772
HASH_ROUTE token=149 layer=6 children=249,298,1043,1093 grandchildren=2490,2986,10439,10939
HASH_ROUTE token=149 layer=7 children=255,281,279,292 grandchildren=2553,2811,2796,2922
HASH_ROUTE token=149 layer=8 children=1267,1142,1231,1160 grandchildren=12675,11424,12310,11607
HASH_ROUTE token=149 layer=9 children=308,1266,233,316 grandchildren=3088,12665,2330,3163
HASH_ROUTE token=149 layer=10 children=756,704,689,776 grandchildren=7564,7040,6897,7761
HASH_ROUTE token=149 layer=11 children=866,704,904,933 grandchildren=8666,7047,9048,9334
HASH_ROUTE token=149 layer=12 children=695,213,531,1011 grandchildren=6955,2139,5317,10111
HASH_ROUTE token=149 layer=13 children=732,653,694,1210 grandchildren=7325,6533,6945,12100
HASH_ROUTE token=149 layer=14 children=295,1095,203,1001 grandchildren=2953,10958,2032,10010
HASH_ROUTE token=149 layer=15 children=1084,920,969,767 grandchildren=10845,9207,9699,7672
HASH_ROUTE token=149 layer=16 children=196,217,232,254 grandchildren=1960,2179,2322,2540
HASH_ROUTE token=149 layer=17 children=188,230,343,983 grandchildren=1883,2300,3430,9830
HASH_ROUTE token=149 layer=18 children=1072,1019,910,1047 grandchildren=10722,10190,9105,10475
HASH_ROUTE token=149 layer=19 children=380,225,346,180 grandchildren=3805,2254,3462,1804
HASH_ROUTE token=149 layer=20 children=213,532,1179,242 grandchildren=2130,5323,11791,2427
HASH_ROUTE token=149 layer=21 children=365,849,48,355 grandchildren=3651,8490,487,3559
HASH_ROUTE token=149 layer=22 children=227,175,544,389 grandchildren=2275,1756,5446,3898
HASH_ROUTE token=149 layer=23 children=199,214,306,260 grandchildren=1997,2144,3067,2604
HASH_ROUTE token=150 layer=0 children=477,361,449,411 grandchildren=4770,3614,4494,4110
HASH_ROUTE token=150 layer=1 children=411,342,330,362 grandchildren=4119,3420,3307,3629
HASH_ROUTE token=150 layer=2 children=1108,785,469,301 grandchildren=11086,7850,4695,3011
HASH_ROUTE token=150 layer=3 children=794,688,1272,658 grandchildren=7944,6881,12725,6589
HASH_ROUTE token=150 layer=4 children=939,452,1090,869 grandchildren=9398,4527,10900,8694
HASH_ROUTE token=150 layer=5 children=17,67,30,159 grandchildren=178,671,307,1591
HASH_ROUTE token=150 layer=6 children=687,1169,48,525 grandchildren=6873,11696,486,5251
HASH_ROUTE token=150 layer=7 children=57,535,121,75 grandchildren=578,5356,1210,759
HASH_ROUTE token=150 layer=8 children=1108,1077,1018,940 grandchildren=11081,10771,10181,9403
HASH_ROUTE token=150 layer=9 children=301,1263,241,220 grandchildren=3011,12632,2417,2201
HASH_ROUTE token=150 layer=10 children=776,752,640,1096 grandchildren=7760,7524,6403,10965
HASH_ROUTE token=150 layer=11 children=752,113,1078,688 grandchildren=7521,1131,10784,6884
HASH_ROUTE token=150 layer=12 children=59,697,72,139 grandchildren=597,6976,725,1394
HASH_ROUTE token=150 layer=13 children=234,259,179,557 grandchildren=2344,2599,1791,5576
HASH_ROUTE token=150 layer=14 children=311,155,235,261 grandchildren=3115,1552,2354,2614
HASH_ROUTE token=150 layer=15 children=1081,969,440,990 grandchildren=10813,9698,4407,9907
HASH_ROUTE token=150 layer=16 children=437,352,342,419 grandchildren=4370,3520,3427,4193
HASH_ROUTE token=150 layer=17 children=1064,1223,264,1088 grandchildren=10641,12232,2648,10881
HASH_ROUTE token=150 layer=18 children=459,407,1094,352 grandchildren=4594,4077,10947,3525
HASH_ROUTE token=150 layer=19 children=36,13,158,100 grandchildren=361,139,1586,1009
HASH_ROUTE token=150 layer=20 children=213,535,691,185 grandchildren=2133,5357,6918,1856
HASH_ROUTE token=150 layer=21 children=426,365,414,372 grandchildren=4266,3651,4148,3728
HASH_ROUTE token=150 layer=22 children=971,496,1110,969 grandchildren=9717,4965,11108,9690
HASH_ROUTE token=150 layer=23 children=195,177,30,18 grandchildren=1950,1776,303,188
HASH_ROUTE token=151 layer=0 children=441,325,412,339 grandchildren=4419,3255,4120,3393
HASH_ROUTE token=151 layer=1 children=138,101,4,933 grandchildren=1386,1018,41,9337
HASH_ROUTE token=151 layer=2 children=456,431,937,917 grandchildren=4564,4312,9370,9175
HASH_ROUTE token=151 layer=3 children=327,412,425,452 grandchildren=3272,4128,4258,4521
HASH_ROUTE token=151 layer=4 children=1098,138,290,613 grandchildren=10989,1381,2901,6133
HASH_ROUTE token=151 layer=5 children=434,113,1232,388 grandchildren=4340,1134,12320,3888
HASH_ROUTE token=151 layer=6 children=720,677,795,776 grandchildren=7208,6777,7952,7766
HASH_ROUTE token=151 layer=7 children=193,35,216,58 grandchildren=1938,356,2165,581
HASH_ROUTE token=151 layer=8 children=1061,961,1073,1022 grandchildren=10613,9612,10732,10220
HASH_ROUTE token=151 layer=9 children=956,947,471,1116 grandchildren=9563,9472,4717,11168
HASH_ROUTE token=151 layer=10 children=735,1210,776,751 grandchildren=7356,12107,7768,7510
HASH_ROUTE token=151 layer=11 children=145,103,61,18 grandchildren=1457,1033,619,189
HASH_ROUTE token=151 layer=12 children=529,587,635,1161 grandchildren=5293,5874,6354,11610
HASH_ROUTE token=151 layer=13 children=139,779,1255,291 grandchildren=1395,7792,12555,2916
HASH_ROUTE token=151 layer=14 children=877,821,710,660 grandchildren=8772,8214,7107,6603
HASH_ROUTE token=151 layer=15 children=475,323,341,379 grandchildren=4758,3239,3414,3791
HASH_ROUTE token=151 layer=16 children=252,276,413,437 grandchildren=2528,2765,4135,4371
HASH_ROUTE token=151 layer=17 children=1148,1193,180,231 grandchildren=11488,11936,1804,2316
HASH_ROUTE token=151 layer=18 children=910,830,860,1074 grandchildren=9106,8300,8603,10743
HASH_ROUTE token=151 layer=19 children=355,31,1151,995 grandchildren=3556,319,11517,9951
HASH_ROUTE token=151 layer=20 children=213,244,273,264 grandchildren=2134,2442,2739,2648
HASH_ROUTE token=151 layer=21 children=336,10,365,373 grandchildren=3363,103,3656,3739
HASH_ROUTE token=151 layer=22 children=385,417,541,374 grandchildren=3853,4172,5412,3745
HASH_ROUTE token=151 layer=23 children=261,309,199,179 grandchildren=2610,3094,1990,1797
HASH_ROUTE token=152 layer=0 children=57,378,138,127 grandchildren=571,3781,1385,1270
HASH_ROUTE token=152 layer=1 children=348,184,411,252 grandchildren=3486,1844,4117,2527
HASH_ROUTE token=152 layer=2 children=1008,45,1071,204 grandchildren=10089,452,10710,2041
HASH_ROUTE token=152 layer=3 children=758,702,788,795 grandchildren=7585,7024,7881,7956
HASH_ROUTE token=152 layer=4 children=1204,1266,249,304 grandchildren=12046,12663,2498,3047
HASH_ROUTE token=152 layer=5 children=1023,861,385,1112 grandchildren=10234,8618,3859,11129
HASH_ROUTE token=152 layer=6 children=1102,996,1094,1073 grandchildren=11027,9964,10941,10735
HASH_ROUTE token=152 layer=7 children=508,601,1141,20 grandchildren=5086,6013,11414,207
HASH_ROUTE token=152 layer=8 children=598,627,616,437 grandchildren=5985,6274,6168,4377
HASH_ROUTE token=152 layer=9 children=973,987,1011,1116 grandchildren=9735,9873,10114,11166
HASH_ROUTE token=152 layer=10 children=1230,1244,1139,1271 grandchildren=12301,12447,11390,12716
HASH_ROUTE token=152 layer=11 children=730,704,91,61 grandchildren=7301,7043,914,611
HASH_ROUTE token=152 layer=12 children=533,525,559,629 grandchildren=5337,5253,5594,6293
HASH_ROUTE token=152 layer=13 children=953,152,820,27 grandchildren=9536,1521,8202,274
HASH_ROUTE token=152 layer=14 children=236,79,715,877 grandchildren=2360,791,7154,8773
HASH_ROUTE token=152 layer=15 children=353,832,994,673 grandchildren=3535,8321,9942,6737
HASH_ROUTE token=152 layer=16 children=196,167,228,359 grandchildren=1963,1679,2280,3595
HASH_ROUTE token=152 layer=17 children=184,983,1140,500 grandchildren=1847,9838,11407,5004
HASH_ROUTE token=152 layer=18 children=911,836,854,1072 grandchildren=9113,8363,8544,10720
HASH_ROUTE token=152 layer=19 children=355,31,387,191 grandchildren=3551,311,3875,1910
HASH_ROUTE token=152 layer=20 children=215,1011,853,373 grandchildren=2154,10114,8532,3735
HASH_ROUTE token=152 layer=21 children=320,358,336,441 grandchildren=3205,3582,3365,4419
HASH_ROUTE token=152 layer=22 children=337,1134,386,1186 grandchildren=3375,11343,3867,11866
HASH_ROUTE token=152 layer=23 children=199,230,34,1151 grandchildren=1993,2301,348,11514
HASH_ROUTE token=153 layer=0 children=153,53,72,65 grandchildren=1539,533,726,654
HASH_ROUTE token=153 layer=1 children=171,297,652,17 grandchildren=1717,2970,6523,178
HASH_ROUTE token=153 layer=2 children=747,588,424,100 grandchildren=7472,5885,4247,1001
HASH_ROUTE token=153 layer=3 children=106,68,18,900 grandchildren=1065,683,188,9003
HASH_ROUTE token=153 layer=4 children=186,294,312,194 grandchildren=1860,2944,3124,1949
HASH_ROUTE token=153 layer=5 children=1179,1272,1210,1144 grandchildren=11799,12720,12103,11445
HASH_ROUTE token=153 layer=6 children=129,442,760,289 grandchildren=1292,4420,7601,2893
HASH_ROUTE token=153 layer=7 children=934,137,617,459 grandchildren=9344,1376,6171,4599
HASH_ROUTE token=153 layer=8 children=1110,953,314,1274 grandchildren=11108,9536,3143,12747
HASH_ROUTE token=153 layer=9 children=955,316,897,915 grandchildren=9555,3168,8973,9151
HASH_ROUTE token=153 layer=10 children=347,1145,180,446 grandchildren=3477,11453,1807,4460
HASH_ROUTE token=153 layer=11 children=24,1142,32,1156 grandchildren=242,11424,320,11566
HASH_ROUTE token=153 layer=12 children=374,327,478,388 grandchildren=3743,3274,4784,3885
HASH_ROUTE token=153 layer=13 children=148,786,948,463 grandchildren=1485,7869,9486,4639
HASH_ROUTE token=153 layer=14 children=777,693,616,530 grandchildren=7774,6935,6169,5306
HASH_ROUTE token=153 layer=15 children=995,1024,831,1040 grandchildren=9956,10241,8310,10401
HASH_ROUTE token=153 layer=16 children=365,437,346,1004 grandchildren=3655,4374,3466,10042
HASH_ROUTE token=153 layer=17 children=981,186,1144,662 grandchildren=9817,1860,11442,6621
HASH_ROUTE token=153 layer=18 children=388,459,364,352 grandchildren=3880,4597,3648,3523
HASH_ROUTE token=153 layer=19 children=607,440,120,926 grandchildren=6072,4407,1203,9263
HASH_ROUTE token=153 layer=20 children=766,667,648,677 grandchildren=7665,6679,6485,6779
HASH_ROUTE token=153 layer=21 children=1030,992,1078,968 grandchildren=10305,9929,10785,9682
HASH_ROUTE token=153 layer=22 children=331,1136,178,659 grandchildren=3314,11363,1788,6599
HASH_ROUTE token=153 layer=23 children=874,945,816,909 grandchildren=8744,9459,8161,9095
HASH_ROUTE token=154 layer=0 children=755,649,779,713 grandchildren=7554,6499,7798,7139
HASH_ROUTE token=154 layer=1 children=527,689,504,663 grandchildren=5275,6898,5046,6630
HASH_ROUTE token=154 layer=2 children=352,830,36,991 grandchildren=3520,8309,361,9917
HASH_ROUTE token=154 layer=3 children=623,613,535,554 grandchildren=6233,6132,5350,5548
HASH_ROUTE token=154 layer=4 children=465,434,1260,452 grandchildren=4654,4341,12605,4520
HASH_ROUTE token=154 layer=5 children=320,809,963,168 grandchildren=3205,8090,9637,1680
HASH_ROUTE token=154 layer=6 children=461,785,620,946 grandchildren=4611,7858,6209,9460
HASH_ROUTE token=154 layer=7 children=148,99,38,621 grandchildren=1481,992,382,6214
HASH_ROUTE token=154 layer=8 children=1014,697,1100,786 grandchildren=10142,6977,11003,7866
HASH_ROUTE token=154 layer=9 children=131,55,938,156 grandchildren=1314,552,9383,1563
HASH_ROUTE token=154 layer=10 children=616,626,540,587 grandchildren=6161,6263,5400,5871
HASH_ROUTE token=154 layer=11 children=916,1077,866,753 grandchildren=9164,10777,8666,7534
HASH_ROUTE token=154 layer=12 children=359,839,1151,512 grandchildren=3595,8393,11519,5123
HASH_ROUTE token=154 layer=13 children=324,167,489,361 grandchildren=3246,1676,4890,3614
HASH_ROUTE token=154 layer=14 children=1102,1264,1096,947 grandchildren=11021,12646,10969,9474
HASH_ROUTE token=154 layer=15 children=767,127,1080,678 grandchildren=7672,1274,10806,6784
HASH_ROUTE token=154 layer=16 children=921,600,889,124 grandchildren=9216,6005,8891,1244
HASH_ROUTE token=154 layer=17 children=893,954,801,91 grandchildren=8933,9549,8016,911
HASH_ROUTE token=154 layer=18 children=740,1226,268,721 grandchildren=7400,12267,2686,7210
HASH_ROUTE token=154 layer=19 children=322,647,1121,482 grandchildren=3225,6471,11216,4820
HASH_ROUTE token=154 layer=20 children=1264,309,1223,786 grandchildren=12646,3095,12230,7864
HASH_ROUTE token=154 layer=21 children=1180,1238,700,65 grandchildren=11807,12387,7001,653
HASH_ROUTE token=154 layer=22 children=939,295,1090,772 grandchildren=9393,2959,10908,7721
HASH_ROUTE token=154 layer=23 children=109,45,71,261 grandchildren=1092,458,714,2613
HASH_ROUTE token=155 layer=0 children=49,360,1161,680 grandchildren=497,3602,11612,6801
HASH_ROUTE token=155 layer=1 children=205,297,239,841 grandchildren=2051,2974,2395,8413
HASH_ROUTE token=155 layer=2 children=895,735,810,1217 grandchildren=8951,7355,8101,12176
HASH_ROUTE token=155 layer=3 children=1095,291,133,613 grandchildren=10956,2916,1334,6135
HASH_ROUTE token=155 layer=4 children=182,190,827,160 grandchildren=1825,1900,8271,1602
HASH_ROUTE token=155 layer=5 children=467,300,370,445 grandchildren=4676,3005,3705,4455
HASH_ROUTE token=155 layer=6 children=676,761,714,35 grandchildren=6763,7615,7147,353
HASH_ROUTE token=155 layer=7 children=821,950,804,508 grandchildren=8213,9504,8043,5088
HASH_ROUTE token=155 layer=8 children=363,420,338,320 grandchildren=3635,4204,3386,3207
HASH_ROUTE token=155 layer=9 children=231,197,268,252 grandchildren=2318,1979,2686,2528
HASH_ROUTE token=155 layer=10 children=213,166,173,54 grandchildren=2131,1660,1736,548
HASH_ROUTE token=155 layer=11 children=77,875,26,156 grandchildren=776,8753,267,1564
HASH_ROUTE token=155 layer=12 children=882,868,81,61 grandchildren=8823,8682,815,617
HASH_ROUTE token=155 layer=13 children=826,26,667,987 grandchildren=8265,261,6670,9876
HASH_ROUTE token=155 layer=14 children=565,613,531,591 grandchildren=5650,6132,5314,5914
HASH_ROUTE token=155 layer=15 children=822,347,987,891 grandchildren=8229,3472,9879,8914
HASH_ROUTE token=155 layer=16 children=325,5,429,437 grandchildren=3257,50,4291,4375
HASH_ROUTE token=155 layer=17 children=983,349,1143,184 grandchildren=9834,3499,11431,1841
HASH_ROUTE token=155 layer=18 children=184,988,317,284 grandchildren=1841,9887,3173,2842
HASH_ROUTE token=155 layer=19 children=641,685,676,778 grandchildren=6416,6853,6768,7780
HASH_ROUTE token=155 layer=20 children=598,1072,279,757 grandchildren=5985,10725,2793,7571
HASH_ROUTE token=155 layer=21 children=1024,969,1058,1084 grandchildren=10240,9694,10582,10841
HASH_ROUTE token=155 layer=22 children=969,802,1123,1094 grandchildren=9697,8026,11230,10942
HASH_ROUTE token=155 layer=23 children=39,128,670,148 grandchildren=397,1284,6705,1480
HASH_ROUTE token=156 layer=0 children=641,326,4,967 grandchildren=6410,3269,42,9679
HASH_ROUTE token=156 layer=1 children=294,456,240,210 grandchildren=2945,4565,2402,2102
HASH_ROUTE token=156 layer=2 children=338,410,455,819 grandchildren=3380,4101,4555,8195
HASH_ROUTE token=156 layer=3 children=1228,108,582,428 grandchildren=12281,1085,5825,4282
HASH_ROUTE token=156 layer=4 children=204,318,196,287 grandchildren=2041,3187,1961,2872
HASH_ROUTE token=156 layer=5 children=1212,1177,1137,1265 grandchildren=12127,11776,11376,12657
HASH_ROUTE token=156 layer=6 children=246,728,1209,200 grandchildren=2464,7282,12099,2001
HASH_ROUTE token=156 layer=7 children=690,534,211,52 grandchildren=6902,5340,2112,529
HASH_ROUTE token=156 layer=8 children=954,314,794,1117 grandchildren=9541,3149,7947,11172
HASH_ROUTE token=156 layer=9 children=312,955,250,1273 grandchildren=3128,9553,2505,12731
HASH_ROUTE token=156 layer=10 children=547,506,563,387 grandchildren=5478,5064,5639,3872
HASH_ROUTE token=156 layer=11 children=40,73,59,64 grandchildren=403,730,599,648
HASH_ROUTE token=156 layer=12 children=329,807,370,857 grandchildren=3292,8073,3709,8574
HASH_ROUTE token=156 layer=13 children=91,145,81,39 grandchildren=913,1455,811,391
HASH_ROUTE token=156 layer=14 children=617,567,517,293 grandchildren=6177,5679,5170,2933
HASH_ROUTE token=156 layer=15 children=363,349,471,1166 grandchildren=3635,3494,4711,11661
HASH_ROUTE token=156 layer=16 children=191,163,222,1152 grandchildren=1916,1639,2221,11521
HASH_ROUTE token=156 layer=17 children=423,385,263,220 grandchildren=4232,3851,2630,2203
HASH_ROUTE token=156 layer=18 children=1067,266,428,909 grandchildren=10677,2661,4286,9097
HASH_ROUTE token=156 layer=19 children=100,907,262,744 grandchildren=1002,9076,2628,7441
HASH_ROUTE token=156 layer=20 children=1135,171,1227,1268 grandchildren=11358,1717,12273,12687
HASH_ROUTE token=156 layer=21 children=38,59,114,192 grandchildren=380,599,1147,1920
HASH_ROUTE token=156 layer=22 children=395,428,439,1037 grandchildren=3951,4281,4394,10371
HASH_ROUTE token=156 layer=23 children=239,872,71,242 grandchildren=2399,8725,715,2429
HASH_ROUTE token=157 layer=0 children=122,444,1089,605 grandchildren=1222,4442,10897,6050
HASH_ROUTE token=157 layer=1 children=451,342,396,339 grandchildren=4515,3422,3966,3396
HASH_ROUTE token=157 layer=2 children=207,220,304,282 grandchildren=2073,2201,3049,2829
HASH_ROUTE token=157 layer=3 children=100,119,33,585 grandchildren=1007,1195,331,5858
HASH_ROUTE token=157 layer=4 children=186,292,822,222 grandchildren=1863,2922,8227,2227
HASH_ROUTE token=157 layer=5 children=93,1217,892,410 grandchildren=932,12176,8923,4108
HASH_ROUTE token=157 layer=6 children=737,720,1219,98 grandchildren=7374,7208,12196,980
HASH_ROUTE token=157 layer=7 children=57,217,1011,855 grandchildren=578,2174,10114,8555
HASH_ROUTE token=157 layer=8 children=941,884,910,1109 grandchildren=9412,8841,9103,11096
HASH_ROUTE token=157 layer=9 children=312,1272,157,632 grandchildren=3129,12726,1574,6325
HASH_ROUTE token=157 layer=10 children=995,1063,1115,1153 grandchildren=9951,10632,11159,11532
HASH_ROUTE token=157 layer=11 children=59,113,690,159 grandchildren=594,1130,6900,1597
HASH_ROUTE token=157 layer=12 children=304,625,244,169 grandchildren=3047,6254,2447,1698
HASH_ROUTE token=157 layer=13 children=731,793,761,697 grandchildren=7315,7934,7614,6977
HASH_ROUTE token=157 layer=14 children=932,295,770,1093 grandchildren=9322,2953,7702,10939
HASH_ROUTE token=157 layer=15 children=339,971,498,472 grandchildren=3397,9716,4986,4722
HASH_ROUTE token=157 layer=16 children=437,419,349,476 grandchildren=4370,4196,3497,4766
HASH_ROUTE token=157 layer=17 children=995,1153,190,1066 grandchildren=9953,11533,1909,10662
HASH_ROUTE token=157 layer=18 children=860,942,811,909 grandchildren=8607,9422,8113,9093
HASH_ROUTE token=157 layer=19 children=833,867,355,380 grandchildren=8338,8678,3554,3808
HASH_ROUTE token=157 layer=20 children=598,1074,520,277 grandchildren=5980,10749,5201,2773
HASH_ROUTE token=157 layer=21 children=198,245,282,254 grandchildren=1982,2450,2825,2548
HASH_ROUTE token=157 layer=22 children=269,1060,428,105 grandchildren=2698,10600,4282,1050
HASH_ROUTE token=157 layer=23 children=836,883,807,856 grandchildren=8364,8832,8078,8560
HASH_ROUTE token=158 layer=0 children=122,41,50,105 grandchildren=1223,415,508,1059
HASH_ROUTE token=158 layer=1 children=174,652,330,184 grandchildren=1743,6524,3302,1848
HASH_ROUTE token=158 layer=2 children=1225,1137,1171,1205 grandchildren=12255,11372,11719,12055
HASH_ROUTE token=158 layer=3 children=860,802,903,815 grandchildren=8603,8026,9037,8159
HASH_ROUTE token=158 layer=4 children=295,230,457,180 grandchildren=2951,2308,4575,1808
HASH_ROUTE token=158 layer=5 children=377,850,435,911 grandchildren=3772,8501,4359,9111
HASH_ROUTE token=158 layer=6 children=247,285,88,170 grandchildren=2475,2858,880,1708
HASH_ROUTE token=158 layer=7 children=720,404,708,657 grandchildren=7201,4049,7080,6573
HASH_ROUTE token=158 layer=8 children=1016,1027,376,383 grandchildren=10161,10279,3761,3838
HASH_ROUTE token=158 layer=9 children=897,845,941,252 grandchildren=8974,8453,9417,2527
HASH_ROUTE token=158 layer=10 children=367,687,522,421 grandchildren=3677,6876,5226,4210
HASH_ROUTE token=158 layer=11 children=386,357,376,67 grandchildren=3868,3572,3767,675
HASH_ROUTE token=158 layer=12 children=687,798,206,315 grandchildren=6876,7989,2066,3158
HASH_ROUTE token=158 layer=13 children=895,830,887,731 grandchildren=8958,8301,8873,7316
HASH_ROUTE token=158 layer=14 children=267,586,901,212 grandchildren=2678,5867,9019,2124
HASH_ROUTE token=158 layer=15 children=831,352,671,995 grandchildren=8315,3527,6719,9955
HASH_ROUTE token=158 layer=16 children=436,366,336,276 grandchildren=4366,3665,3364,2769
HASH_ROUTE token=158 layer=17 children=186,509,314,238 grandchildren=1867,5094,3143,2389
HASH_ROUTE token=158 layer=18 children=997,961,1076,1094 grandchildren=9979,9618,10762,10945
HASH_ROUTE token=158 layer=19 children=783,764,744,654 grandchildren=7836,7641,7441,6542
HASH_ROUTE token=158 layer=20 children=633,532,615,593 grandchildren=6332,5323,6159,5934
HASH_ROUTE token=158 layer=21 children=242,888,1046,232 grandchildren=2421,8883,10465,2328
HASH_ROUTE token=158 layer=22 children=334,178,652,495 grandchildren=3343,1782,6526,4950
HASH_ROUTE token=158 layer=23 children=621,582,556,530 grandchildren=6212,5821,5568,5302
HASH_ROUTE token=159 layer=0 children=122,49,444,3 grandchildren=1220,498,4444,36
HASH_ROUTE token=159 layer=1 children=310,175,241,239 grandchildren=3104,1753,2417,2398
HASH_ROUTE token=159 layer=2 children=124,447,921,1241 grandchildren=1245,4478,9215,12417
HASH_ROUTE token=159 layer=3 children=771,669,758,794 grandchildren=7717,6693,7586,7946
HASH_ROUTE token=159 layer=4 children=289,122,446,609 grandchildren=2893,1226,4463,6099
HASH_ROUTE token=159 layer=5 children=950,471,153,1273 grandchildren=9508,4719,1532,12731
HASH_ROUTE token=159 layer=6 children=251,1052,194,894 grandchildren=2514,10520,1945,8941
HASH_ROUTE token=159 layer=7 children=406,1202,461,1261 grandchildren=4060,12021,4614,12610
HASH_ROUTE token=159 layer=8 children=1009,1077,844,1109 grandchildren=10093,10774,8443,11098
HASH_ROUTE token=159 layer=9 children=1010,1034,1096,373 grandchildren=10101,10348,10964,3736
HASH_ROUTE token=159 layer=10 children=650,1132,334,16 grandchildren=6501,11324,3349,169
HASH_ROUTE token=159 layer=11 children=159,790,1275,4 grandchildren=1599,7903,12754,44
HASH_ROUTE token=159 layer=12 children=1219,1240,1176,1155 grandchildren=12197,12404,11769,11556
HASH_ROUTE token=159 layer=13 children=1226,1205,1172,1141 grandchildren=12263,12059,11724,11418
HASH_ROUTE token=159 layer=14 children=765,284,793,311 grandchildren=7659,2842,7933,3115
HASH_ROUTE token=159 layer=15 children=920,956,891,444 grandchildren=9204,9560,8915,4447
HASH_ROUTE token=159 layer=16 children=232,161,397,262 grandchildren=2326,1610,3975,2621
HASH_ROUTE token=159 layer=17 children=1230,1159,278,195 grandchildren=12306,11592,2783,1951
HASH_ROUTE token=159 layer=18 children=868,834,925,911 grandchildren=8682,8341,9251,9118
HASH_ROUTE token=159 layer=19 children=770,676,719,665 grandchildren=7701,6766,7197,6654
HASH_ROUTE token=159 layer=20 children=1112,633,1072,1017 grandchildren=11123,6331,10725,10172
HASH_ROUTE token=159 layer=21 children=417,258,361,381 grandchildren=4174,2582,3612,3819
HASH_ROUTE token=159 layer=22 children=630,1119,798,544 grandchildren=6305,11194,7987,5443
HASH_ROUTE token=159 layer=23 children=530,610,859,54 grandchildren=5306,6103,8592,541
HASH_ROUTE token=160 layer=0 children=153,471,66,50 grandchildren=1535,4719,667,500
HASH_ROUTE token=160 layer=1 children=294,772,178,203 grandchildren=2947,7723,1786,2037
HASH_ROUTE token=160 layer=2 children=168,800,241,966 grandchildren=1682,8007,2418,9662
HASH_ROUTE token=160 layer=3 children=107,1066,903,746 grandchildren=1078,10667,9039,7468
HASH_ROUTE token=160 layer=4 children=344,182,446,507 grandchildren=3444,1828,4469,5073
HASH_ROUTE token=160 layer=5 children=768,928,703,867 grandchildren=7686,9281,7032,8674
HASH_ROUTE token=160 layer=6 children=529,494,680,566 grandchildren=5291,4948,6804,5666
HASH_ROUTE token=160 layer=7 children=464,357,627,513 grandchildren=4642,3577,6275,5130
HASH_ROUTE token=160 layer=8 children=322,1126,379,478 grandchildren=3220,11269,3794,4784
HASH_ROUTE token=160 layer=9 children=237,312,876,1033 grandchildren=2377,3126,8769,10330
HASH_ROUTE token=160 layer=10 children=967,806,978,649 grandchildren=9678,8067,9782,6490
HASH_ROUTE token=160 layer=11 children=1033,553,1191,710 grandchildren=10337,5534,11917,7106
HASH_ROUTE token=160 layer=12 children=215,181,54,201 grandchildren=2155,1811,542,2010
HASH_ROUTE token=160 layer=13 children=1085,971,604,1016 grandchildren=10854,9719,6044,10160
HASH_ROUTE token=160 layer=14 children=212,248,230,1018 grandchildren=2126,2482,2300,10183
HASH_ROUTE token=160 layer=15 children=440,472,1081,924 grandchildren=4405,4724,10811,9245
HASH_ROUTE token=160 layer=16 children=339,1134,473,410 grandchildren=3390,11344,4734,4104
HASH_ROUTE token=160 layer=17 children=1148,1122,501,1226 grandchildren=11485,11229,5018,12269
HASH_ROUTE token=160 layer=18 children=820,910,26,959 grandchildren=8205,9100,263,9595
HASH_ROUTE token=160 layer=19 children=679,353,653,338 grandchildren=6798,3539,6532,3388
HASH_ROUTE token=160 layer=20 children=273,317,210,595 grandchildren=2739,3170,2100,5955
HASH_ROUTE token=160 layer=21 children=336,417,451,444 grandchildren=3360,4175,4514,4445
HASH_ROUTE token=160 layer=22 children=791,635,1113,642 grandchildren=7915,6357,11130,6421
HASH_ROUTE token=160 layer=23 children=530,53,210,1177 grandchildren=5300,539,2105,11779
HASH_ROUTE token=161 layer=0 children=41,50,360,153 grandchildren=413,503,3600,1532
HASH_ROUTE token=161 layer=1 children=297,779,183,453 grandchildren=2970,7796,1836,4535
HASH_ROUTE token=161 layer=2 children=694,735,754,747 grandchildren=6944,7351,7548,7471
HASH_ROUTE token=161 layer=3 children=1090,932,135,459 grandchildren=10906,9320,1351,4594
HASH_ROUTE token=161 layer=4 children=348,29,450,180 grandchildren=3483,295,4503,1800
HASH_ROUTE token=161 layer=5 children=928,958,855,842 grandchildren=9282,9588,8550,8426
HASH_ROUTE token=161 layer=6 children=82,53,129,32 grandchildren=827,535,1292,328
HASH_ROUTE token=161 layer=7 children=275,188,316,294 grandchildren=2750,1885,3160,2944
HASH_ROUTE token=161 layer=8 children=900,917,869,935 grandchildren=9003,9176,8697,9359
HASH_ROUTE token=161 layer=9 children=470,413,420,458 grandchildren=4701,4137,4205,4583
HASH_ROUTE token=161 layer=10 children=1160,1147,363,1003 grandchildren=11606,11475,3634,10030
HASH_ROUTE token=161 layer=11 children=826,894,665,730 grandchildren=8265,8943,6659,7306
HASH_ROUTE token=161 layer=12 children=245,184,564,313 grandchildren=2451,1841,5649,3133
HASH_ROUTE token=161 layer=13 children=629,566,1104,613 grandchildren=6295,5660,11049,6130
HASH_ROUTE token=161 layer=14 children=236,1191,559,216 grandchildren=2363,11917,5597,2164
HASH_ROUTE token=161 layer=15 children=444,325,461,472 grandchildren=4448,3251,4616,4722
HASH_ROUTE token=161 layer=16 children=321,350,418,161 grandchildren=3215,3500,4188,1617
HASH_ROUTE token=161 layer=17 children=500,662,1148,188 grandchildren=5008,6629,11484,1888
HASH_ROUTE token=161 layer=18 children=986,1077,997,26 grandchildren=9868,10775,9979,261
HASH_ROUTE token=161 layer=19 children=653,679,16,39 grandchildren=6536,6794,165,395
HASH_ROUTE token=161 layer=20 children=438,910,1238,277 grandchildren=4381,9104,12386,2779
HASH_ROUTE token=161 layer=21 children=336,381,429,1132 grandchildren=3366,3815,4293,11325
HASH_ROUTE token=161 layer=22 children=480,641,536,544 grandchildren=4809,6410,5362,5445
HASH_ROUTE token=161 layer=23 children=208,260,234,218 grandchildren=2085,2600,2347,2186
HASH_ROUTE token=162 layer=0 children=123,52,445,371 grandchildren=1238,524,4456,3715
HASH_ROUTE token=162 layer=1 children=402,349,244,183 grandchildren=4024,3495,2443,1837
HASH_ROUTE token=162 layer=2 children=525,844,46,1007 grandchildren=5254,8443,468,10073
HASH_ROUTE token=162 layer=3 children=797,952,761,316 grandchildren=7974,9528,7610,3168
HASH_ROUTE token=162 layer=4 children=291,227,937,860 grandchildren=2913,2273,9376,8600
HASH_ROUTE token=162 layer=5 children=1058,1040,1082,1115 grandchildren=10585,10402,10822,11157
HASH_ROUTE token=162 layer=6 children=303,257,244,198 grandchildren=3034,2579,2445,1984
HASH_ROUTE token=162 layer=7 children=535,626,52,562 grandchildren=5354,6265,529,5628
HASH_ROUTE token=162 layer=8 children=1033,964,1009,1101 grandchildren=10334,9640,10091,11019
HASH_ROUTE token=162 layer=9 children=844,823,932,956 grandchildren=8440,8237,9321,9564
HASH_ROUTE token=162 layer=10 children=662,640,677,720 grandchildren=6620,6407,6778,7202
HASH_ROUTE token=162 layer=11 children=384,379,359,463 grandchildren=3842,3798,3594,4632
HASH_ROUTE token=162 layer=12 children=571,1217,553,527 grandchildren=5710,12175,5539,5276
HASH_ROUTE token=162 layer=13 children=572,94,733,565 grandchildren=5722,944,7332,5656
HASH_ROUTE token=162 layer=14 children=80,727,23,663 grandchildren=805,7278,237,6636
HASH_ROUTE token=162 layer=15 children=632,492,609,502 grandchildren=6321,4928,6091,5024
HASH_ROUTE token=162 layer=16 children=161,235,277,310 grandchildren=1611,2359,2777,3107
HASH_ROUTE token=162 layer=17 children=1245,1084,1155,1186 grandchildren=12454,10840,11551,11863
HASH_ROUTE token=162 layer=18 children=925,956,1081,1116 grandchildren=9256,9562,10816,11167
HASH_ROUTE token=162 layer=19 children=383,356,223,1181 grandchildren=3833,3562,2232,11817
HASH_ROUTE token=162 layer=20 children=352,451,401,349 grandchildren=3525,4515,4012,3491
HASH_ROUTE token=162 layer=21 children=683,49,714,76 grandchildren=6835,495,7145,761
HASH_ROUTE token=162 layer=22 children=393,1197,550,711 grandchildren=3939,11972,5500,7111
HASH_ROUTE token=162 layer=23 children=1004,687,360,49 grandchildren=10043,6877,3608,492
HASH_ROUTE token=163 layer=0 children=435,375,404,322 grandchildren=4354,3754,4043,3227
HASH_ROUTE token=163 layer=1 children=578,515,527,613 grandchildren=5785,5156,5278,6133
HASH_ROUTE token=163 layer=2 children=304,248,145,88 grandchildren=3043,2489,1450,888
HASH_ROUTE token=163 layer=3 children=742,663,423,750 grandchildren=7426,6636,4230,7502
HASH_ROUTE token=163 layer=4 children=666,504,349,771 grandchildren=6665,5045,3491,7714
HASH_ROUTE token=163 layer=5 children=926,804,901,917 grandchildren=9263,8043,9014,9174
HASH_ROUTE token=163 layer=6 children=847,887,904,936 grandchildren=8470,8871,9044,9365
HASH_ROUTE token=163 layer=7 children=169,287,252,306 grandchildren=1693,2874,2521,3063
HASH_ROUTE token=163 layer=8 children=963,1126,321,1015 grandchildren=9638,11260,3218,10150
HASH_ROUTE token=163 layer=9 children=827,848,806,873 grandchildren=8274,8487,8064,8734
HASH_ROUTE token=163 layer=10 children=410,468,334,447 grandchildren=4102,4681,3344,4477
HASH_ROUTE token=163 layer=11 children=1126,0,323,1172 grandchildren=11262,9,3234,11725
HASH_ROUTE token=163 layer=12 children=534,1170,512,215 grandchildren=5348,11709,5124,2155
HASH_ROUTE token=163 layer=13 children=1179,1255,1235,1140 grandchildren=11797,12556,12357,11402
HASH_ROUTE token=163 layer=14 children=127,763,289,929 grandchildren=1278,7635,2897,9298
HASH_ROUTE token=163 layer=15 children=472,379,448,432 grandchildren=4727,3790,4482,4328
HASH_ROUTE token=163 layer=16 children=226,250,167,276 grandchildren=2260,2506,1679,2766
HASH_ROUTE token=163 layer=17 children=1140,1189,180,1193 grandchildren=11400,11890,1804,11935
HASH_ROUTE token=163 layer=18 children=997,196,1116,317 grandchildren=9972,1962,11160,3170
HASH_ROUTE token=163 layer=19 children=395,419,346,438 grandchildren=3959,4194,3463,4386
HASH_ROUTE token=163 layer=20 children=374,1018,215,363 grandchildren=3749,10182,2155,3635
HASH_ROUTE token=163 layer=21 children=414,458,403,257 grandchildren=4147,4586,4039,2579
HASH_ROUTE token=163 layer=22 children=226,385,1184,863 grandchildren=2266,3852,11846,8631
HASH_ROUTE token=163 layer=23 children=213,537,238,56 grandchildren=2138,5375,2386,569
HASH_ROUTE token=164 layer=0 children=153,50,65,72 grandchildren=1536,505,659,721
HASH_ROUTE token=164 layer=1 children=175,297,652,499 grandchildren=1752,2978,6529,4992
HASH_ROUTE token=164 layer=2 children=424,581,1061,901 grandchildren=4248,5818,10615,9017
HASH_ROUTE token=164 layer=3 children=106,68,18,902 grandchildren=1060,680,181,9023
HASH_ROUTE token=164 layer=4 children=186,294,311,194 grandchildren=1860,2949,3114,1940
HASH_ROUTE token=164 layer=5 children=1210,1272,1179,1130 grandchildren=12104,12729,11797,11309
HASH_ROUTE token=164 layer=6 children=129,442,760,289 grandchildren=1299,4423,7608,2897
HASH_ROUTE token=164 layer=7 children=934,137,617,459 grandchildren=9347,1372,6173,4592
HASH_ROUTE token=164 layer=8 children=1112,953,314,1040 grandchildren=11128,9539,3140,10408
HASH_ROUTE token=164 layer=9 children=955,316,897,915 grandchildren=9554,3162,8974,9150
HASH_ROUTE token=164 layer=10 children=347,1145,187,446 grandchildren=3475,11454,1877,4460
HASH_ROUTE token=164 layer=11 children=1142,24,1156,31 grandchildren=11421,240,11569,316
HASH_ROUTE token=164 layer=12 children=378,327,478,219 grandchildren=3787,3277,4781,2191
HASH_ROUTE token=164 layer=13 children=148,786,948,463 grandchildren=1489,7869,9482,4632
HASH_ROUTE token=164 layer=14 children=693,777,537,792 grandchildren=6936,7773,5375,7928
HASH_ROUTE token=164 layer=15 children=995,1040,1024,831 grandchildren=9950,10407,10244,8311
HASH_ROUTE token=164 layer=16 children=365,437,346,418 grandchildren=3652,4372,3468,4183
HASH_ROUTE token=164 layer=17 children=981,188,1144,346 grandchildren=9815,1889,11440,3469
HASH_ROUTE token=164 layer=18 children=380,459,364,320 grandchildren=3800,4599,3641,3201
HASH_ROUTE token=164 layer=19 children=606,440,523,120 grandchildren=6066,4402,5235,1204
HASH_ROUTE token=164 layer=20 children=766,734,667,779 grandchildren=7660,7344,6673,7793
HASH_ROUTE token=164 layer=21 children=1030,552,236,870 grandchildren=10301,5528,2365,8702
HASH_ROUTE token=164 layer=22 children=13,333,178,656 grandchildren=135,3333,1783,6560
HASH_ROUTE token=164 layer=23 children=945,1107,907,879 grandchildren=9452,11078,9076,8791
HASH_ROUTE token=165 layer=0 children=755,649,779,713 grandchildren=7556,6490,7790,7134
HASH_ROUTE token=165 layer=1 children=527,689,504,663 grandchildren=5274,6899,5044,6638
HASH_ROUTE token=165 layer=2 children=352,830,36,991 grandchildren=3526,8308,360,9916
HASH_ROUTE token=165 layer=3 children=623,613,535,554 grandchildren=6235,6130,5353,5546
HASH_ROUTE token=165 layer=4 children=465,434,1260,452 grandchildren=4653,4349,12600,4523
HASH_ROUTE token=165 layer=5 children=320,809,963,168 grandchildren=3203,8098,9635,1685
HASH_ROUTE token=165 layer=6 children=461,785,620,946 grandchildren=4618,7850,6202,9462
HASH_ROUTE token=165 layer=7 children=148,99,38,621 grandchildren=1481,993,382,6218
HASH_ROUTE token=165 layer=8 children=1014,697,1100,786 grandchildren=10141,6977,11001,7869
HASH_ROUTE token=165 layer=9 children=131,55,938,156 grandchildren=1318,550,9384,1566
HASH_ROUTE token=165 layer=10 children=616,626,540,587 grandchildren=6160,6269,5400,5876
HASH_ROUTE token=165 layer=11 children=916,1077,866,753 grandchildren=9165,10770,8666,7532
HASH_ROUTE token=165 layer=12 children=359,839,1151,512 grandchildren=3593,8397,11513,5126
HASH_ROUTE token=165 layer=13 children=324,167,489,361 grandchildren=3244,1679,4892,3613
HASH_ROUTE token=165 layer=14 children=1102,1264,1096,947 grandchildren=11022,12643,10965,9472
HASH_ROUTE token=165 layer=15 children=767,127,1080,678 grandchildren=7673,1274,10800,6783
HASH_ROUTE token=165 layer=16 children=921,600,889,124 grandchildren=9214,6005,8891,1249
HASH_ROUTE token=165 layer=17 children=893,954,801,91 grandchildren=8931,9544,8015,913
HASH_ROUTE token=165 layer=18 children=740,1226,268,721 grandchildren=7402,12264,2682,7210
HASH_ROUTE token=165 layer=19 children=322,647,1121,482 grandchildren=3220,6472,11214,4823
HASH_ROUTE token=165 layer=20 children=1264,309,1223,786 grandchildren=12646,3092,12231,7860
HASH_ROUTE token=165 layer=21 children=1180,1238,700,65 grandchildren=11805,12381,7002,654
HASH_ROUTE token=165 layer=22 children=939,295,1090,772 grandchildren=9392,2951,10906,7721
HASH_ROUTE token=165 layer=23 children=109,45,71,261 grandchildren=1098,454,715,2610
HASH_ROUTE token=166 layer=0 children=447,376,327,418 grandchildren=4472,3761,3278,4187
HASH_ROUTE token=166 layer=1 children=201,241,841,49 grandchildren=2015,2411,8414,490
HASH_ROUTE token=166 layer=2 children=753,596,276,657 grandchildren=7531,5962,2765,6576
HASH_ROUTE token=166 layer=3 children=27,106,984,133 grandchildren=273,1063,9845,1339
HASH_ROUTE token=166 layer=4 children=168,186,236,3 grandchildren=1687,1866,2368,38
HASH_ROUTE token=166 layer=5 children=301,256,940,1103 grandchildren=3015,2562,9401,11035
HASH_ROUTE token=166 layer=6 children=794,720,730,676 grandchildren=7942,7208,7300,6767
HASH_ROUTE token=166 layer=7 children=926,766,950,821 grandchildren=9264,7660,9509,8214
HASH_ROUTE token=166 layer=8 children=369,1009,420,456 grandchildren=3697,10094,4200,4567
HASH_ROUTE token=166 layer=9 children=897,830,906,954 grandchildren=8972,8304,9064,9548
HASH_ROUTE token=166 layer=10 children=242,215,1040,166 grandchildren=2425,2151,10406,1664
HASH_ROUTE token=166 layer=11 children=954,874,790,154 grandchildren=9544,8744,7900,1547
HASH_ROUTE token=166 layer=12 children=805,884,6,321 grandchildren=8057,8840,65,3216
HASH_ROUTE token=166 layer=13 children=70,712,89,728 grandchildren=709,7128,897,7287
HASH_ROUTE token=166 layer=14 children=552,230,871,571 grandchildren=5529,2308,8717,5719
HASH_ROUTE token=166 layer=15 children=345,455,828,939 grandchildren=3451,4550,8282,9396
HASH_ROUTE token=166 layer=16 children=325,437,5,114 grandchildren=3253,4373,59,1146
HASH_ROUTE token=166 layer=17 children=1081,605,1248,980 grandchildren=10815,6053,12485,9803
HASH_ROUTE token=166 layer=18 children=172,335,970,818 grandchildren=1728,3356,9708,8183
HASH_ROUTE token=166 layer=19 children=677,648,653,712 grandchildren=6773,6485,6538,7125
HASH_ROUTE token=166 layer=20 children=1073,599,758,1117 grandchildren=10732,5995,7584,11179
HASH_ROUTE token=166 layer=21 children=1058,1022,967,731 grandchildren=10587,10229,9671,7317
HASH_ROUTE token=166 layer=22 children=162,961,809,265 grandchildren=1624,9614,8097,2651
HASH_ROUTE token=166 layer=23 children=671,39,1152,764 grandchildren=6718,393,11528,7646
HASH_ROUTE token=167 layer=0 children=125,153,41,449 grandchildren=1252,1534,418,4496
HASH_ROUTE token=167 layer=1 children=189,171,297,261 grandchildren=1891,1713,2974,2618
HASH_ROUTE token=167 layer=2 children=818,945,822,863 grandchildren=8182,9456,8229,8638
HASH_ROUTE token=167 layer=3 children=106,4,26,741 grandchildren=1069,41,267,7411
HASH_ROUTE token=167 layer=4 children=299,167,180,213 grandchildren=2995,1673,1805,2131
HASH_ROUTE token=167 layer=5 children=897,1210,252,576 grandchildren=8978,12101,2522,5768
HASH_ROUTE token=167 layer=6 children=1160,682,200,1209 grandchildren=11608,6821,2000,12096
HASH_ROUTE token=167 layer=7 children=948,937,622,825 grandchildren=9487,9375,6222,8252
HASH_ROUTE token=167 layer=8 children=953,942,882,1276 grandchildren=9535,9429,8827,12769
HASH_ROUTE token=167 layer=9 children=257,314,1217,897 grandchildren=2572,3149,12171,8970
HASH_ROUTE token=167 layer=10 children=724,752,641,666 grandchildren=7242,7523,6410,6667
HASH_ROUTE token=167 layer=11 children=56,134,78,67 grandchildren=563,1349,780,674
HASH_ROUTE token=167 layer=12 children=634,955,504,820 grandchildren=6345,9558,5043,8206
HASH_ROUTE token=167 layer=13 children=760,731,127,91 grandchildren=7608,7310,1279,913
HASH_ROUTE token=167 layer=14 children=631,314,525,512 grandchildren=6315,3149,5250,5124
HASH_ROUTE token=167 layer=15 children=380,345,439,371 grandchildren=3809,3456,4397,3715
HASH_ROUTE token=167 layer=16 children=419,328,437,474 grandchildren=4195,3281,4374,4740
HASH_ROUTE token=167 layer=17 children=184,343,190,223 grandchildren=1842,3438,1905,2233
HASH_ROUTE token=167 layer=18 children=308,210,261,196 grandchildren=3085,2106,2613,1964
HASH_ROUTE token=167 layer=19 children=744,266,900,705 grandchildren=7443,2667,9006,7056
HASH_ROUTE token=167 layer=20 children=1163,529,201,1002 grandchildren=11630,5294,2012,10029
HASH_ROUTE token=167 layer=21 children=126,38,18,6 grandchildren=1265,384,186,62
HASH_ROUTE token=167 layer=22 children=281,929,178,1247 grandchildren=2810,9292,1780,12472
HASH_ROUTE token=167 layer=23 children=235,717,289,71 grandchildren=2350,7176,2890,717
HASH_ROUTE token=168 layer=0 children=427,386,441,108 grandchildren=4275,3861,4418,1086
HASH_ROUTE token=168 layer=1 children=189,295,209,247 grandchildren=1896,2956,2097,2472
HASH_ROUTE token=168 layer=2 children=418,455,738,1051 grandchildren=4181,4559,7388,10510
HASH_ROUTE token=168 layer=3 children=432,119,758,359 grandchildren=4329,1191,7581,3590
HASH_ROUTE token=168 layer=4 children=365,448,457,372 grandchildren=3652,4489,4575,3726
HASH_ROUTE token=168 layer=5 children=1212,1130,1173,1278 grandchildren=12128,11305,11738,12782
HASH_ROUTE token=168 layer=6 children=243,1209,288,727 grandchildren=2433,12097,2884,7279
HASH_ROUTE token=168 layer=7 children=57,219,695,129 grandchildren=576,2197,6956,1293
HASH_ROUTE token=168 layer=8 children=844,888,959,913 grandchildren=8442,8882,9592,9134
HASH_ROUTE token=168 layer=9 children=312,257,956,182 grandchildren=3122,2575,9565,1820
HASH_ROUTE token=168 layer=10 children=1251,1230,1181,1138 grandchildren=12510,12300,11819,11387
HASH_ROUTE token=168 layer=11 children=148,78,157,51 grandchildren=1485,780,1574,519
HASH_ROUTE token=168 layer=12 children=320,371,162,213 grandchildren=3205,3719,1628,2133
HASH_ROUTE token=168 layer=13 children=86,46,50,139 grandchildren=861,463,509,1399
HASH_ROUTE token=168 layer=14 children=834,937,675,775 grandchildren=8347,9376,6757,7759
HASH_ROUTE token=168 layer=15 children=969,1013,1072,1119 grandchildren=9698,10131,10722,11194
HASH_ROUTE token=168 layer=16 children=270,251,198,225 grandchildren=2705,2513,1980,2257
HASH_ROUTE token=168 layer=17 children=188,1143,269,219 grandchildren=1883,11432,2697,2192
HASH_ROUTE token=168 layer=18 children=1,147,100,167 grandchildren=19,1478,1003,1672
HASH_ROUTE token=168 layer=19 children=419,344,422,338 grandchildren=4190,3446,4224,3389
HASH_ROUTE token=168 layer=20 children=214,373,697,180 grandchildren=2144,3731,6978,1800
HASH_ROUTE token=168 layer=21 children=38,6,46,1152 grandchildren=382,68,465,11529
HASH_ROUTE token=168 layer=22 children=257,419,269,428 grandchildren=2578,4195,2695,4288
HASH_ROUTE token=168 layer=23 children=213,307,50,279 grandchildren=2135,3072,505,2795
HASH_ROUTE token=169 layer=0 children=680,205,41,795 grandchildren=6804,2052,410,7956
HASH_ROUTE token=169 layer=1 children=349,184,26,456 grandchildren=3491,1845,260,4564
HASH_ROUTE token=169 layer=2 children=495,19,975,584 grandchildren=4951,196,9754,5848
HASH_ROUTE token=169 layer=3 children=775,754,130,1095 grandchildren=7757,7546,1308,10955
HASH_ROUTE token=169 layer=4 children=175,187,337,341 grandchildren=1752,1876,3379,3413
HASH_ROUTE token=169 layer=5 children=856,951,871,945 grandchildren=8565,9512,8719,9452
HASH_ROUTE token=169 layer=6 children=277,251,431,243 grandchildren=2776,2510,4312,2439
HASH_ROUTE token=169 layer=7 children=951,901,919,892 grandchildren=9511,9016,9195,8924
HASH_ROUTE token=169 layer=8 children=1101,995,941,984 grandchildren=11011,9951,9413,9847
HASH_ROUTE token=169 layer=9 children=183,1147,821,252 grandchildren=1831,11478,8215,2529
HASH_ROUTE token=169 layer=10 children=1271,1160,1259,1159 grandchildren=12712,11601,12595,11598
HASH_ROUTE token=169 layer=11 children=732,691,670,703 grandchildren=7327,6919,6709,7033
HASH_ROUTE token=169 layer=12 children=848,831,820,48 grandchildren=8484,8317,8209,485
HASH_ROUTE token=169 layer=13 children=895,735,869,578 grandchildren=8950,7353,8699,5783
HASH_ROUTE token=169 layer=14 children=195,837,298,236 grandchildren=1951,8370,2980,2364
HASH_ROUTE token=169 layer=15 children=673,356,199,762 grandchildren=6738,3561,1997,7623
HASH_ROUTE token=169 layer=16 children=218,312,378,472 grandchildren=2181,3127,3781,4727
HASH_ROUTE token=169 layer=17 children=1143,1223,983,1153 grandchildren=11430,12238,9835,11533
HASH_ROUTE token=169 layer=18 children=356,517,197,993 grandchildren=3567,5177,1973,9933
HASH_ROUTE token=169 layer=19 children=768,122,1245,654 grandchildren=7689,1220,12450,6547
HASH_ROUTE token=169 layer=20 children=296,276,452,314 grandchildren=2969,2763,4528,3142
HASH_ROUTE token=169 layer=21 children=84,156,106,403 grandchildren=844,1565,1064,4035
HASH_ROUTE token=169 layer=22 children=333,171,813,459 grandchildren=3333,1715,8133,4593
HASH_ROUTE token=169 layer=23 children=595,550,620,584 grandchildren=5957,5503,6208,5848
HASH_ROUTE token=170 layer=0 children=125,444,49,65 grandchildren=1253,4443,498,654
HASH_ROUTE token=170 layer=1 children=342,339,184,396 grandchildren=3426,3395,1842,3960
HASH_ROUTE token=170 layer=2 children=418,252,736,894 grandchildren=4187,2520,7367,8943
HASH_ROUTE token=170 layer=3 children=839,957,919,848 grandchildren=8391,9570,9196,8484
HASH_ROUTE token=170 layer=4 children=140,307,133,467 grandchildren=1409,3071,1337,4674
HASH_ROUTE token=170 layer=5 children=803,891,2,858 grandchildren=8034,8919,26,8587
HASH_ROUTE token=170 layer=6 children=192,251,998,518 grandchildren=1929,2512,9989,5183
HASH_ROUTE token=170 layer=7 children=109,425,84,122 grandchildren=1099,4258,842,1229
HASH_ROUTE token=170 layer=8 children=591,1071,548,438 grandchildren=5915,10713,5488,4384
HASH_ROUTE token=170 layer=9 children=314,208,303,293 grandchildren=3142,2081,3034,2932
HASH_ROUTE token=170 layer=10 children=749,1224,103,1065 grandchildren=7497,12248,1031,10654
HASH_ROUTE token=170 layer=11 children=705,679,686,66 grandchildren=7056,6799,6869,664
HASH_ROUTE token=170 layer=12 children=559,510,541,591 grandchildren=5592,5101,5416,5919
HASH_ROUTE token=170 layer=13 children=1205,724,1196,711 grandchildren=12052,7247,11969,7111
HASH_ROUTE token=170 layer=14 children=242,80,884,1047 grandchildren=2426,807,8848,10471
HASH_ROUTE token=170 layer=15 children=34,518,18,498 grandchildren=341,5188,187,4988
HASH_ROUTE token=170 layer=16 children=221,161,262,1187 grandchildren=2213,1616,2627,11871
HASH_ROUTE token=170 layer=17 children=1153,1143,995,983 grandchildren=11530,11433,9951,9835
HASH_ROUTE token=170 layer=18 children=260,1064,304,277 grandchildren=2602,10642,3042,2771
HASH_ROUTE token=170 layer=19 children=676,657,705,740 grandchildren=6767,6574,7050,7400
HASH_ROUTE token=170 layer=20 children=273,591,213,532 grandchildren=2731,5917,2134,5324
HASH_ROUTE token=170 layer=21 children=257,414,232,161 grandchildren=2570,4148,2325,1610
HASH_ROUTE token=170 layer=22 children=812,494,335,856 grandchildren=8125,4948,3351,8562
HASH_ROUTE token=170 layer=23 children=1156,1174,1212,1269 grandchildren=11569,11743,12120,12694
HASH_ROUTE token=171 layer=0 children=153,479,41,125 grandchildren=1530,4797,419,1252
HASH_ROUTE token=171 layer=1 children=184,663,297,349 grandchildren=1847,6631,2979,3490
HASH_ROUTE token=171 layer=2 children=63,21,381,41 grandchildren=634,219,3815,416
HASH_ROUTE token=171 layer=3 children=662,646,349,691 grandchildren=6629,6461,3497,6918
HASH_ROUTE token=171 layer=4 children=280,233,251,296 grandchildren=2804,2334,2512,2963
HASH_ROUTE token=171 layer=5 children=897,901,1059,928 grandchildren=8976,9013,10593,9289
HASH_ROUTE token=171 layer=6 children=1052,1032,1092,1212 grandchildren=10525,10323,10920,12126
HASH_ROUTE token=171 layer=7 children=353,448,344,415 grandchildren=3537,4489,3441,4152
HASH_ROUTE token=171 layer=8 children=639,622,548,610 grandchildren=6392,6220,5481,6100
HASH_ROUTE token=171 layer=9 children=964,1019,327,372 grandchildren=9646,10190,3272,3721
HASH_ROUTE token=171 layer=10 children=1074,1092,998,910 grandchildren=10748,10924,9989,9103
HASH_ROUTE token=171 layer=11 children=650,676,799,734 grandchildren=6507,6769,7995,7340
HASH_ROUTE token=171 layer=12 children=232,213,173,1197 grandchildren=2321,2136,1734,11974
HASH_ROUTE token=171 layer=13 children=1119,983,953,823 grandchildren=11196,9834,9539,8236
HASH_ROUTE token=171 layer=14 children=242,725,275,888 grandchildren=2422,7256,2759,8886
HASH_ROUTE token=171 layer=15 children=991,1081,351,673 grandchildren=9913,10810,3516,6733
HASH_ROUTE token=171 layer=16 children=321,359,437,1128 grandchildren=3212,3595,4375,11287
HASH_ROUTE token=171 layer=17 children=184,983,1140,224 grandchildren=1849,9839,11408,2243
HASH_ROUTE token=171 layer=18 children=241,184,880,165 grandchildren=2412,1840,8801,1659
HASH_ROUTE token=171 layer=19 children=905,264,744,427 grandchildren=9058,2643,7447,4279
HASH_ROUTE token=171 layer=20 children=215,272,1018,539 grandchildren=2150,2724,10183,5394
HASH_ROUTE token=171 layer=21 children=441,410,323,408 grandchildren=4419,4109,3239,4088
HASH_ROUTE token=171 layer=22 children=855,1172,531,929 grandchildren=8557,11720,5315,9290
HASH_ROUTE token=171 layer=23 children=539,599,616,214 grandchildren=5394,5998,6160,2142
HASH_ROUTE token=172 layer=0 children=449,455,414,322 grandchildren=4495,4554,4140,3229
HASH_ROUTE token=172 layer=1 children=426,261,362,467 grandchildren=4263,2619,3625,4674
HASH_ROUTE token=172 layer=2 children=931,891,916,830 grandchildren=9319,8919,9163,8306
HASH_ROUTE token=172 layer=3 children=216,534,181,500 grandchildren=2166,5342,1814,5005
HASH_ROUTE token=172 layer=4 children=235,390,1038,558 grandchildren=2357,3908,10386,5587
HASH_ROUTE token=172 layer=5 children=861,1027,925,1080 grandchildren=8616,10272,9258,10802
HASH_ROUTE token=172 layer=6 children=1097,1003,999,1067 grandchildren=10973,10032,9997,10677
HASH_ROUTE token=172 layer=7 children=338,454,460,404 grandchildren=3386,4545,4609,4043
HASH_ROUTE token=172 layer=8 children=452,137,405,84 grandchildren=4525,1378,4057,843
HASH_ROUTE token=172 layer=9 children=660,184,768,1147 grandchildren=6609,1845,7683,11472
HASH_ROUTE token=172 layer=10 children=914,1078,117,753 grandchildren=9141,10780,1170,7534
HASH_ROUTE token=172 layer=11 children=868,1022,812,974 grandchildren=8683,10221,8129,9745
HASH_ROUTE token=172 layer=12 children=213,1175,533,238 grandchildren=2130,11750,5331,2389
HASH_ROUTE token=172 layer=13 children=921,853,895,840 grandchildren=9219,8538,8955,8402
HASH_ROUTE token=172 layer=14 children=959,888,796,800 grandchildren=9594,8882,7960,8006
HASH_ROUTE token=172 layer=15 children=1072,975,113,1111 grandchildren=10720,9755,1134,11115
HASH_ROUTE token=172 layer=16 children=1128,161,1224,321 grandchildren=11280,1610,12244,3214
HASH_ROUTE token=172 layer=17 children=181,982,1140,501 grandchildren=1812,9825,11408,5013
HASH_ROUTE token=172 layer=18 children=174,817,1134,277 grandchildren=1741,8178,11345,2772
HASH_ROUTE token=172 layer=19 children=355,192,833,420 grandchildren=3554,1924,8335,4208
HASH_ROUTE token=172 layer=20 children=276,219,438,208 grandchildren=2766,2194,4382,2084
HASH_ROUTE token=172 layer=21 children=336,351,414,441 grandchildren=3361,3511,4149,4419
HASH_ROUTE token=172 layer=22 children=481,608,533,631 grandchildren=4813,6088,5336,6310
HASH_ROUTE token=172 layer=23 children=214,191,537,1174 grandchildren=2144,1910,5370,11742
HASH_ROUTE token=173 layer=0 children=122,41,449,360 grandchildren=1222,415,4499,3604
HASH_ROUTE token=173 layer=1 children=244,290,281,267 grandchildren=2446,2909,2817,2670
HASH_ROUTE token=173 layer=2 children=720,1206,686,84 grandchildren=7209,12064,6862,844
HASH_ROUTE token=173 layer=3 children=652,668,177,741 grandchildren=6529,6684,1777,7410
HASH_ROUTE token=173 layer=4 children=458,408,380,419 grandchildren=4583,4089,3800,4199
HASH_ROUTE token=173 layer=5 children=861,958,1029,1118 grandchildren=8617,9580,10291,11187
HASH_ROUTE token=173 layer=6 children=1094,1102,1054,1047 grandchildren=10941,11027,10541,10473
HASH_ROUTE token=173 layer=7 children=102,424,116,433 grandchildren=1021,4247,1166,4332
HASH_ROUTE token=173 layer=8 children=49,137,528,686 grandchildren=490,1371,5282,6869
HASH_ROUTE token=173 layer=9 children=256,892,730,249 grandchildren=2562,8929,7305,2491
HASH_ROUTE token=173 layer=10 children=753,649,655,1074 grandchildren=7532,6498,6556,10744
HASH_ROUTE token=173 layer=11 children=904,891,838,912 grandchildren=9045,8910,8387,9126
HASH_ROUTE token=173 layer=12 children=213,539,1175,54 grandchildren=2137,5391,11755,545
HASH_ROUTE token=173 layer=13 children=491,529,1133,605 grandchildren=4914,5296,11331,6059
HASH_ROUTE token=173 layer=14 children=210,696,531,855 grandchildren=2108,6964,5319,8552
HASH_ROUTE token=173 layer=15 children=979,490,987,337 grandchildren=9798,4907,9878,3371
HASH_ROUTE token=173 layer=16 children=268,205,299,427 grandchildren=2689,2053,2993,4274
HASH_ROUTE token=173 layer=17 children=181,223,500,346 grandchildren=1810,2238,5006,3463
HASH_ROUTE token=173 layer=18 children=277,165,282,189 grandchildren=2772,1654,2826,1896
HASH_ROUTE token=173 layer=19 children=355,389,833,862 grandchildren=3555,3890,8338,8628
HASH_ROUTE token=173 layer=20 children=213,276,202,226 grandchildren=2134,2760,2027,2266
HASH_ROUTE token=173 layer=21 children=257,242,312,419 grandchildren=2571,2422,3127,4193
HASH_ROUTE token=173 layer=22 children=517,639,542,537 grandchildren=5170,6394,5420,5371
HASH_ROUTE token=173 layer=23 children=190,1157,217,517 grandchildren=1907,11577,2178,5171
HASH_ROUTE token=174 layer=0 children=421,371,479,360 grandchildren=4215,3715,4792,3608
HASH_ROUTE token=174 layer=1 children=291,451,184,341 grandchildren=2913,4519,1846,3412
HASH_ROUTE token=174 layer=2 children=1001,43,975,1163 grandchildren=10017,438,9752,11630
HASH_ROUTE token=174 layer=3 children=109,66,54,20 grandchildren=1095,668,548,200
HASH_ROUTE token=174 layer=4 children=234,257,228,311 grandchildren=2346,2578,2283,3113
HASH_ROUTE token=174 layer=5 children=535,56,379,544 grandchildren=5355,563,3792,5440
HASH_ROUTE token=174 layer=6 children=843,368,929,899 grandchildren=8432,3680,9297,8994
HASH_ROUTE token=174 layer=7 children=457,933,357,777 grandchildren=4576,9335,3579,7773
HASH_ROUTE token=174 layer=8 children=1040,1099,1116,1009 grandchildren=10407,10999,11161,10091
HASH_ROUTE token=174 layer=9 children=864,828,897,878 grandchildren=8647,8289,8976,8788
HASH_ROUTE token=174 layer=10 children=1248,1143,1127,1154 grandchildren=12488,11432,11270,11548
HASH_ROUTE token=174 layer=11 children=1152,1218,1182,355 grandchildren=11528,12183,11822,3557
HASH_ROUTE token=174 layer=12 children=160,485,235,559 grandchildren=1603,4859,2357,5599
HASH_ROUTE token=174 layer=13 children=860,941,887,707 grandchildren=8600,9413,8872,7074
HASH_ROUTE token=174 layer=14 children=585,535,492,261 grandchildren=5856,5358,4920,2617
HASH_ROUTE token=174 layer=15 children=565,729,497,404 grandchildren=5654,7294,4972,4044
HASH_ROUTE token=174 layer=16 children=347,366,500,437 grandchildren=3473,3666,5008,4372
HASH_ROUTE token=174 layer=17 children=1141,188,661,982 grandchildren=11419,1888,6618,9827
HASH_ROUTE token=174 layer=18 children=826,910,853,24 grandchildren=8267,9104,8530,246
HASH_ROUTE token=174 layer=19 children=428,338,744,653 grandchildren=4289,3387,7447,6536
HASH_ROUTE token=174 layer=20 children=1090,290,779,619 grandchildren=10900,2906,7790,6199
HASH_ROUTE token=174 layer=21 children=1043,242,1064,967 grandchildren=10435,2426,10640,9671
HASH_ROUTE token=174 layer=22 children=509,664,579,739 grandchildren=5096,6641,5792,7390
HASH_ROUTE token=174 layer=23 children=538,481,508,622 grandchildren=5382,4819,5081,6225
HASH_ROUTE token=175 layer=0 children=153,53,72,65 grandchildren=1535,530,721,650
HASH_ROUTE token=175 layer=1 children=171,297,652,499 grandchildren=1711,2971,6523,4998
HASH_ROUTE token=175 layer=2 children=424,747,588,1060 grandchildren=4244,7479,5885,10604
HASH_ROUTE token=175 layer=3 children=106,68,18,900 grandchildren=1064,687,184,9002
HASH_ROUTE token=175 layer=4 children=186,294,312,194 grandchildren=1863,2944,3122,1944
HASH_ROUTE token=175 layer=5 children=1272,1179,1210,1144 grandchildren=12727,11797,12106,11446
HASH_ROUTE token=175 layer=6 children=442,129,760,288 grandchildren=4425,1297,7607,2888
HASH_ROUTE token=175 layer=7 children=934,137,617,298 grandchildren=9342,1377,6176,2981
HASH_ROUTE token=175 layer=8 children=1110,953,1043,314 grandchildren=11104,9536,10432,3146
HASH_ROUTE token=175 layer=9 children=955,314,891,913 grandchildren=9558,3143,8913,9132
HASH_ROUTE token=175 layer=10 children=347,1144,187,446 grandchildren=3472,11449,1878,4461
HASH_ROUTE token=175 layer=11 children=24,1142,32,1156 grandchildren=246,11422,322,11565
HASH_ROUTE token=175 layer=12 children=374,327,478,219 grandchildren=3740,3276,4781,2192
HASH_ROUTE token=175 layer=13 children=782,145,943,463 grandchildren=7820,1456,9431,4633
HASH_ROUTE token=175 layer=14 children=693,777,537,610 grandchildren=6933,7774,5375,6104
HASH_ROUTE token=175 layer=15 children=995,1024,831,1040 grandchildren=9955,10242,8311,10405
HASH_ROUTE token=175 layer=16 children=437,365,346,471 grandchildren=4372,3659,3461,4717
HASH_ROUTE token=175 layer=17 children=981,186,1144,1045 grandchildren=9816,1861,11441,10457
HASH_ROUTE token=175 layer=18 children=380,325,454,364 grandchildren=3806,3252,4549,3647
HASH_ROUTE token=175 layer=19 children=603,440,120,523 grandchildren=6039,4406,1207,5232
HASH_ROUTE token=175 layer=20 children=766,734,779,667 grandchildren=7665,7349,7796,6671
HASH_ROUTE token=175 layer=21 children=1030,552,236,870 grandchildren=10304,5528,2360,8706
HASH_ROUTE token=175 layer=22 children=178,13,265,331 grandchildren=1787,134,2657,3318
HASH_ROUTE token=175 layer=23 children=945,1109,626,816 grandchildren=9455,11096,6268,8165
HASH_ROUTE token=176 layer=0 children=755,649,779,713 grandchildren=7556,6493,7798,7135
HASH_ROUTE token=176 layer=1 children=527,689,504,663 grandchildren=5274,6892,5044,6634
HASH_ROUTE token=176 layer=2 children=352,830,36,991 grandchildren=3527,8308,368,9912
HASH_ROUTE token=176 layer=3 children=623,613,535,554 grandchildren=6234,6130,5359,5544
HASH_ROUTE token=176 layer=4 children=465,434,1260,452 grandchildren=4658,4347,12601,4524
HASH_ROUTE token=176 layer=5 children=320,809,963,168 grandchildren=3209,8092,9639,1689
HASH_ROUTE token=176 layer=6 children=461,785,620,946 grandchildren=4614,7854,6207,9469
HASH_ROUTE token=176 layer=7 children=148,99,38,621 grandchildren=1488,992,385,6216
HASH_ROUTE token=176 layer=8 children=1014,697,1100,786 grandchildren=10143,6976,11008,7868
HASH_ROUTE token=176 layer=9 children=131,55,938,156 grandchildren=1316,557,9384,1564
HASH_ROUTE token=176 layer=10 children=616,626,540,587 grandchildren=6169,6263,5404,5871
HASH_ROUTE token=176 layer=11 children=916,1077,866,753 grandchildren=9164,10773,8665,7533
HASH_ROUTE token=176 layer=12 children=359,839,1151,512 grandchildren=3592,8391,11518,5127
HASH_ROUTE token=176 layer=13 children=324,167,489,361 grandchildren=3242,1679,4895,3614
HASH_ROUTE token=176 layer=14 children=1102,1264,1096,947 grandchildren=11021,12645,10966,9472
HASH_ROUTE token=176 layer=15 children=767,127,1080,678 grandchildren=7676,1279,10801,6789
HASH_ROUTE token=176 layer=16 children=921,600,889,124 grandchildren=9219,6007,8890,1242
HASH_ROUTE token=176 layer=17 children=893,954,801,91 grandchildren=8934,9548,8018,914
HASH_ROUTE token=176 layer=18 children=740,1226,268,721 grandchildren=7407,12265,2683,7216
HASH_ROUTE token=176 layer=19 children=322,647,1121,482 grandchildren=3224,6476,11211,4822
HASH_ROUTE token=176 layer=20 children=1264,309,1223,786 grandchildren=12647,3092,12236,7868
HASH_ROUTE token=176 layer=21 children=1180,1238,700,65 grandchildren=11800,12381,7004,651
HASH_ROUTE token=176 layer=22 children=939,295,1090,772 grandchildren=9398,2957,10907,7727
HASH_ROUTE token=176 layer=23 children=109,45,71,261 grandchildren=1095,459,712,2616
HASH_ROUTE token=177 layer=0 children=204,217,167,1162 grandchildren=2045,2178,1670,11629
HASH_ROUTE token=177 layer=1 children=175,297,810,207 grandchildren=1759,2979,8104,2072
HASH_ROUTE token=177 layer=2 children=330,410,461,400 grandchildren=3306,4100,4615,4001
HASH_ROUTE token=177 layer=3 children=1090,132,1114,931 grandchildren=10900,1324,11148,9312
HASH_ROUTE token=177 layer=4 children=315,193,635,511 grandchildren=3155,1937,6351,5111
HASH_ROUTE token=177 layer=5 children=1134,1261,1212,1174 grandchildren=11346,12612,12120,11740
HASH_ROUTE token=177 layer=6 children=686,761,205,676 grandchildren=6864,7614,2056,6769
HASH_ROUTE token=177 layer=7 children=297,189,770,218 grandchildren=2976,1893,7700,2186
HASH_ROUTE token=177 layer=8 children=1262,1225,1175,1257 grandchildren=12627,12259,11755,12570
HASH_ROUTE token=177 layer=9 children=826,830,186,191 grandchildren=8266,8303,1868,1917
HASH_ROUTE token=177 layer=10 children=271,756,259,733 grandchildren=2712,7561,2598,7338
HASH_ROUTE token=177 layer=11 children=51,693,531,853 grandchildren=516,6932,5316,8538
HASH_ROUTE token=177 layer=12 children=649,1121,802,5 grandchildren=6499,11214,8021,55
HASH_ROUTE token=177 layer=13 children=947,884,1105,1042 grandchildren=9478,8841,11052,10423
HASH_ROUTE token=177 layer=14 children=929,445,936,604 grandchildren=9296,4450,9361,6040
HASH_ROUTE token=177 layer=15 children=454,377,475,342 grandchildren=4547,3777,4751,3422
HASH_ROUTE token=177 layer=16 children=434,411,345,321 grandchildren=4346,4111,3459,3216
HASH_ROUTE token=177 layer=17 children=571,1050,732,1218 grandchildren=5713,10507,7326,12189
HASH_ROUTE token=177 layer=18 children=173,244,313,289 grandchildren=1730,2444,3134,2893
HASH_ROUTE token=177 layer=19 children=652,338,1133,660 grandchildren=6528,3385,11334,6605
HASH_ROUTE token=177 layer=20 children=314,472,208,273 grandchildren=3144,4724,2087,2739
HASH_ROUTE token=177 layer=21 children=10,490,651,1138 grandchildren=106,4908,6516,11383
HASH_ROUTE token=177 layer=22 children=168,199,966,220 grandchildren=1682,1998,9667,2208
HASH_ROUTE token=177 layer=23 children=49,57,681,527 grandchildren=496,579,6810,5274
HASH_ROUTE token=178 layer=0 children=49,126,152,2 grandchildren=498,1261,1520,25
HASH_ROUTE token=178 layer=1 children=342,456,350,396 grandchildren=3420,4564,3502,3961
HASH_ROUTE token=178 layer=2 children=1167,1127,1225,1003 grandchildren=11675,11274,12253,10033
HASH_ROUTE token=178 layer=3 children=106,1229,85,141 grandchildren=1066,12296,851,1416
HASH_ROUTE token=178 layer=4 children=319,162,266,246 grandchildren=3198,1627,2660,2469
HASH_ROUTE token=178 layer=5 children=1212,1173,1131,1227 grandchildren=12125,11732,11318,12279
HASH_ROUTE token=178 layer=6 children=246,1207,727,200 grandchildren=2460,12078,7277,2009
HASH_ROUTE token=178 layer=7 children=697,215,52,855 grandchildren=6971,2153,521,8558
HASH_ROUTE token=178 layer=8 children=917,941,844,881 grandchildren=9174,9415,8449,8816
HASH_ROUTE token=178 layer=9 children=310,955,792,635 grandchildren=3109,9552,7925,6353
HASH_ROUTE token=178 layer=10 children=1140,1216,1228,1167 grandchildren=11402,12164,12285,11670
HASH_ROUTE token=178 layer=11 children=130,777,52,690 grandchildren=1309,7779,523,6909
HASH_ROUTE token=178 layer=12 children=635,566,541,535 grandchildren=6357,5662,5419,5350
HASH_ROUTE token=178 layer=13 children=81,720,91,731 grandchildren=812,7202,914,7319
HASH_ROUTE token=178 layer=14 children=617,937,594,917 grandchildren=6176,9378,5944,9170
HASH_ROUTE token=178 layer=15 children=439,1078,456,1098 grandchildren=4398,10785,4564,10985
HASH_ROUTE token=178 layer=16 children=386,359,437,346 grandchildren=3862,3596,4377,3466
HASH_ROUTE token=178 layer=17 children=181,1143,231,263 grandchildren=1813,11433,2319,2636
HASH_ROUTE token=178 layer=18 children=337,970,352,325 grandchildren=3376,9706,3525,3254
HASH_ROUTE token=178 layer=19 children=740,679,783,653 grandchildren=7408,6791,7834,6534
HASH_ROUTE token=178 layer=20 children=1214,1238,735,571 grandchildren=12144,12389,7351,5710
HASH_ROUTE token=178 layer=21 children=1216,1125,410,257 grandchildren=12162,11255,4108,2575
HASH_ROUTE token=178 layer=22 children=455,331,1259,932 grandchildren=4552,3312,12598,9320
HASH_ROUTE token=178 layer=23 children=830,945,352,466 grandchildren=8300,9454,3525,4662
HASH_ROUTE token=179 layer=0 children=50,218,371,107 grandchildren=504,2183,3716,1071
HASH_ROUTE token=179 layer=1 children=297,174,184,242 grandchildren=2971,1745,1847,2421
HASH_ROUTE token=179 layer=2 children=424,338,1229,1069 grandchildren=4243,3382,12298,10695
HASH_ROUTE token=179 layer=3 children=63,107,15,51 grandchildren=630,1072,159,516
HASH_ROUTE token=179 layer=4 children=294,180,311,455 grandchildren=2943,1804,3110,4557
HASH_ROUTE token=179 layer=5 children=1179,1219,1243,1278 grandchildren=11799,12190,12432,12788
HASH_ROUTE token=179 layer=6 children=768,128,448,683 grandchildren=7680,1281,4482,6839
HASH_ROUTE token=179 layer=7 children=777,937,132,1096 grandchildren=7777,9372,1325,10960
HASH_ROUTE token=179 layer=8 children=1112,953,631,157 grandchildren=11129,9532,6318,1576
HASH_ROUTE token=179 layer=9 children=253,316,891,955 grandchildren=2539,3161,8912,9553
HASH_ROUTE token=179 layer=10 children=1144,1205,1185,1210 grandchildren=11445,12054,11859,12107
HASH_ROUTE token=179 layer=11 children=56,36,855,117 grandchildren=562,360,8557,1170
HASH_ROUTE token=179 layer=12 children=643,162,324,485 grandchildren=6437,1623,3242,4855
HASH_ROUTE token=179 layer=13 children=783,720,944,882 grandchildren=7839,7205,9446,8827
HASH_ROUTE token=179 layer=14 children=531,850,567,586 grandchildren=5315,8509,5670,5869
HASH_ROUTE token=179 layer=15 children=998,671,191,516 grandchildren=9980,6715,1910,5166
HASH_ROUTE token=179 layer=16 children=437,321,365,428 grandchildren=4372,3210,3657,4287
HASH_ROUTE token=179 layer=17 children=509,188,981,638 grandchildren=5090,1882,9819,6389
HASH_ROUTE token=179 layer=18 children=804,832,848,879 grandchildren=8048,8328,8480,8797
HASH_ROUTE token=179 layer=19 children=768,1248,607,120 grandchildren=7684,12489,6076,1200
HASH_ROUTE token=179 layer=20 children=764,727,604,779 grandchildren=7647,7277,6046,7795
HASH_ROUTE token=179 layer=21 children=1031,992,968,1080 grandchildren=10310,9925,9687,10805
HASH_ROUTE token=179 layer=22 children=178,334,305,265 grandchildren=1786,3347,3057,2651
HASH_ROUTE token=179 layer=23 children=582,909,620,945 grandchildren=5826,9097,6201,9455
HASH_ROUTE token=180 layer=0 children=848,803,851,917 grandchildren=8480,8038,8511,9174
HASH_ROUTE token=180 layer=1 children=267,209,427,361 grandchildren=2678,2096,4279,3616
HASH_ROUTE token=180 layer=2 children=429,354,382,320 grandchildren=4292,3541,3825,3201
HASH_ROUTE token=180 layer=3 children=700,652,386,337 grandchildren=7001,6522,3860,3379
HASH_ROUTE token=180 layer=4 children=251,299,184,891 grandchildren=2518,2994,1848,8917
HASH_ROUTE token=180 layer=5 children=1165,1191,842,1130 grandchildren=11655,11911,8426,11302
HASH_ROUTE token=180 layer=6 children=720,691,759,732 grandchildren=7206,6917,7599,7322
HASH_ROUTE token=180 layer=7 children=1168,360,1156,1187 grandchildren=11682,3600,11561,11878
HASH_ROUTE token=180 layer=8 children=620,1269,524,1104 grandchildren=6206,12697,5240,11048
HASH_ROUTE token=180 layer=9 children=27,348,147,133 grandchildren=276,3488,1472,1330
HASH_ROUTE token=180 layer=10 children=790,477,649,1272 grandchildren=7902,4770,6490,12726
HASH_ROUTE token=180 layer=11 children=354,323,475,422 grandchildren=3545,3237,4757,4224
HASH_ROUTE token=180 layer=12 children=553,639,527,586 grandchildren=5538,6395,5274,5865
HASH_ROUTE token=180 layer=13 children=787,626,144,720 grandchildren=7874,6261,1449,7203
HASH_ROUTE token=180 layer=14 children=330,178,19,819 grandchildren=3305,1785,197,8194
HASH_ROUTE token=180 layer=15 children=670,518,709,1159 grandchildren=6708,5180,7093,11593
HASH_ROUTE token=180 layer=16 children=1119,634,1051,570 grandchildren=11197,6341,10515,5700
HASH_ROUTE token=180 layer=17 children=591,535,633,545 grandchildren=5911,5359,6335,5452
HASH_ROUTE token=180 layer=18 children=802,914,1128,959 grandchildren=8025,9147,11286,9597
HASH_ROUTE token=180 layer=19 children=783,678,464,654 grandchildren=7833,6785,4642,6546
HASH_ROUTE token=180 layer=20 children=458,299,448,416 grandchildren=4589,2996,4481,4164
HASH_ROUTE token=180 layer=21 children=79,558,718,872 grandchildren=796,5589,7184,8729
HASH_ROUTE token=180 layer=22 children=983,1105,189,303 grandchildren=9834,11055,1892,3038
HASH_ROUTE token=180 layer=23 children=23,100,125,74 grandchildren=238,1008,1255,743
HASH_ROUTE token=181 layer=0 children=1108,965,464,306 grandchildren=11083,9656,4642,3060
HASH_ROUTE token=181 layer=1 children=421,744,904,585 grandchildren=4210,7448,9049,5857
HASH_ROUTE token=181 layer=2 children=1061,427,1003,366 grandchildren=10615,4274,10039,3664
HASH_ROUTE token=181 layer=3 children=597,539,611,117 grandchildren=5973,5398,6112,1171
HASH_ROUTE token=181 layer=4 children=1093,617,939,979 grandchildren=10939,6174,9398,9791
HASH_ROUTE token=181 layer=5 children=588,623,538,579 grandchildren=5889,6236,5388,5797
HASH_ROUTE token=181 layer=6 children=680,676,41,1162 grandchildren=6800,6765,415,11628
HASH_ROUTE token=181 layer=7 children=295,285,133,127 grandchildren=2956,2856,1339,1271
HASH_ROUTE token=181 layer=8 children=1101,1012,1268,982 grandchildren=11014,10128,12681,9828
HASH_ROUTE token=181 layer=9 children=828,860,809,903 grandchildren=8284,8601,8090,9030
HASH_ROUTE token=181 layer=10 children=1089,1242,991,1158 grandchildren=10893,12420,9911,11588
HASH_ROUTE token=181 layer=11 children=701,654,677,759 grandchildren=7016,6540,6777,7591
HASH_ROUTE token=181 layer=12 children=1162,681,204,1003 grandchildren=11629,6812,2040,10031
HASH_ROUTE token=181 layer=13 children=1070,1237,1042,1207 grandchildren=10705,12375,10429,12071
HASH_ROUTE token=181 layer=14 children=52,123,698,850 grandchildren=526,1238,6989,8506
HASH_ROUTE token=181 layer=15 children=1235,1186,1258,1247 grandchildren=12354,11867,12582,12475
HASH_ROUTE token=181 layer=16 children=1063,421,969,1051 grandchildren=10631,4213,9696,10513
HASH_ROUTE token=181 layer=17 children=584,542,598,1066 grandchildren=5842,5427,5986,10663
HASH_ROUTE token=181 layer=18 children=260,245,165,184 grandchildren=2607,2455,1657,1846
HASH_ROUTE token=181 layer=19 children=903,868,814,744 grandchildren=9030,8687,8145,7442
HASH_ROUTE token=181 layer=20 children=349,438,362,28 grandchildren=3497,4388,3621,285
HASH_ROUTE token=181 layer=21 children=76,65,718,45 grandchildren=764,658,7188,452
HASH_ROUTE token=181 layer=22 children=299,264,934,1091 grandchildren=2993,2646,9348,10915
HASH_ROUTE token=181 layer=23 children=841,46,825,528 grandchildren=8419,460,8253,5282
HASH_ROUTE token=182 layer=0 children=50,157,72,3 grandchildren=505,1579,725,35
HASH_ROUTE token=182 layer=1 children=23,80,17,340 grandchildren=234,803,179,3401
HASH_ROUTE token=182 layer=2 children=578,898,419,95 grandchildren=5781,8984,4193,950
HASH_ROUTE token=182 layer=3 children=730,771,651,411 grandchildren=7300,7714,6518,4117
HASH_ROUTE token=182 layer=4 children=572,251,491,172 grandchildren=5728,2512,4910,1724
HASH_ROUTE token=182 layer=5 children=901,891,844,1223 grandchildren=9019,8912,8449,12232
HASH_ROUTE token=182 layer=6 children=690,371,758,219 grandchildren=6903,3711,7587,2195
HASH_ROUTE token=182 layer=7 children=347,23,368,43 grandchildren=3475,230,3680,436
HASH_ROUTE token=182 layer=8 children=1266,941,1272,950 grandchildren=12660,9418,12728,9509
HASH_ROUTE token=182 layer=9 children=666,28,792,828 grandchildren=6665,289,7925,8287
HASH_ROUTE token=182 layer=10 children=383,433,402,325 grandchildren=3830,4333,4027,3254
HASH_ROUTE token=182 layer=11 children=1159,34,354,995 grandchildren=11594,346,3546,9951
HASH_ROUTE token=182 layer=12 children=513,592,564,570 grandchildren=5132,5921,5645,5700
HASH_ROUTE token=182 layer=13 children=1210,1206,1136,1255 grandchildren=12105,12069,11361,12552
HASH_ROUTE token=182 layer=14 children=14,335,494,139 grandchildren=145,3350,4944,1392
HASH_ROUTE token=182 layer=15 children=1235,1273,1179,1251 grandchildren=12355,12734,11790,12510
HASH_ROUTE token=182 layer=16 children=100,5,262,165 grandchildren=1002,51,2625,1658
HASH_ROUTE token=182 layer=17 children=1003,1066,1017,1080 grandchildren=10030,10669,10173,10803
HASH_ROUTE token=182 layer=18 children=48,121,102,159 grandchildren=482,1217,1029,1592
HASH_ROUTE token=182 layer=19 children=343,331,186,410 grandchildren=3436,3310,1860,4101
HASH_ROUTE token=182 layer=20 children=179,1130,160,206 grandchildren=1799,11303,1602,2061
HASH_ROUTE token=182 layer=21 children=899,878,810,846 grandchildren=8999,8787,8101,8462
HASH_ROUTE token=182 layer=22 children=500,486,593,492 grandchildren=5005,4865,5933,4929
HASH_ROUTE token=182 layer=23 children=89,1203,144,248 grandchildren=897,12030,1446,2488
HASH_ROUTE token=183 layer=0 children=965,649,1090,1020 grandchildren=9658,6499,10906,10209
HASH_ROUTE token=183 layer=1 children=340,981,410,180 grandchildren=3400,9812,4109,1807
HASH_ROUTE token=183 layer=2 children=580,1220,264,420 grandchildren=5808,12209,2644,4203
HASH_ROUTE token=183 layer=3 children=619,933,512,131 grandchildren=6198,9331,5128,1317
HASH_ROUTE token=183 layer=4 children=262,290,246,105 grandchildren=2626,2907,2461,1055
HASH_ROUTE token=183 layer=5 children=901,822,891,959 grandchildren=9014,8221,8919,9596
HASH_ROUTE token=183 layer=6 children=466,301,413,369 grandchildren=4666,3013,4139,3694
HASH_ROUTE token=183 layer=7 children=218,297,57,277 grandchildren=2186,2974,573,2776
HASH_ROUTE token=183 layer=8 children=754,661,722,919 grandchildren=7541,6618,7222,9191
HASH_ROUTE token=183 layer=9 children=950,804,791,890 grandchildren=9508,8041,7919,8900
HASH_ROUTE token=183 layer=10 children=747,711,646,789 grandchildren=7473,7116,6469,7892
HASH_ROUTE token=183 layer=11 children=641,688,968,1004 grandchildren=6416,6888,9686,10041
HASH_ROUTE token=183 layer=12 children=531,519,218,553 grandchildren=5314,5193,2181,5532
HASH_ROUTE token=183 layer=13 children=284,1248,187,1147 grandchildren=2847,12489,1876,11471
HASH_ROUTE token=183 layer=14 children=456,139,619,299 grandchildren=4562,1396,6190,2996
HASH_ROUTE token=183 layer=15 children=1279,793,311,477 grandchildren=12796,7930,3118,4776
HASH_ROUTE token=183 layer=16 children=221,212,250,1020 grandchildren=2215,2128,2509,10209
HASH_ROUTE token=183 layer=17 children=618,457,604,620 grandchildren=6189,4572,6043,6205
HASH_ROUTE token=183 layer=18 children=1200,1222,241,1257 grandchildren=12006,12228,2416,12575
HASH_ROUTE token=183 layer=19 children=13,39,94,25 grandchildren=133,392,946,256
HASH_ROUTE token=183 layer=20 children=197,256,185,208 grandchildren=1976,2562,1858,2088
HASH_ROUTE token=183 layer=21 children=940,467,142,814 grandchildren=9404,4675,1423,8143
HASH_ROUTE token=183 layer=22 children=626,145,1108,633 grandchildren=6260,1456,11089,6333
HASH_ROUTE token=183 layer=23 children=513,33,194,996 grandchildren=5135,339,1942,9966
HASH_ROUTE token=184 layer=0 children=153,471,41,50 grandchildren=1538,4710,410,503
HASH_ROUTE token=184 layer=1 children=184,160,262,200 grandchildren=1848,1603,2621,2006
HASH_ROUTE token=184 layer=2 children=1221,1138,1163,1206 grandchildren=12217,11386,11634,12060
HASH_ROUTE token=184 layer=3 children=136,778,1095,293 grandchildren=1367,7786,10952,2938
HASH_ROUTE token=184 layer=4 children=296,182,160,282 grandchildren=2963,1829,1606,2827
HASH_ROUTE token=184 layer=5 children=40,93,1165,1212 grandchildren=409,936,11651,12129
HASH_ROUTE token=184 layer=6 children=362,209,452,291 grandchildren=3626,2096,4526,2910
HASH_ROUTE token=184 layer=7 children=926,767,1087,606 grandchildren=9263,7672,10877,6068
HASH_ROUTE token=184 layer=8 children=634,1112,624,312 grandchildren=6345,11121,6246,3124
HASH_ROUTE token=184 layer=9 children=296,314,934,221 grandchildren=2969,3143,9341,2214
HASH_ROUTE token=184 layer=10 children=1274,1165,319,1183 grandchildren=12745,11652,3191,11831
HASH_ROUTE token=184 layer=11 children=359,415,331,383 grandchildren=3598,4155,3317,3833
HASH_ROUTE token=184 layer=12 children=559,568,237,240 grandchildren=5593,5681,2374,2401
HASH_ROUTE token=184 layer=13 children=773,731,1090,139 grandchildren=7739,7316,10908,1398
HASH_ROUTE token=184 layer=14 children=858,212,371,884 grandchildren=8589,2125,3717,8846
HASH_ROUTE token=184 layer=15 children=1150,1185,839,518 grandchildren=11509,11851,8397,5187
HASH_ROUTE token=184 layer=16 children=277,232,256,596 grandchildren=2778,2327,2568,5962
HASH_ROUTE token=184 layer=17 children=462,343,357,329 grandchildren=4626,3432,3574,3295
HASH_ROUTE token=184 layer=18 children=642,801,1128,751 grandchildren=6421,8019,11281,7512
HASH_ROUTE token=184 layer=19 children=792,783,770,768 grandchildren=7924,7830,7702,7682
HASH_ROUTE token=184 layer=20 children=650,730,647,669 grandchildren=6504,7307,6474,6693
HASH_ROUTE token=184 layer=21 children=884,872,953,899 grandchildren=8841,8721,9535,8998
HASH_ROUTE token=184 layer=22 children=971,337,1136,813 grandchildren=9712,3371,11366,8138
HASH_ROUTE token=184 layer=23 children=530,574,638,1019 grandchildren=5304,5747,6387,10194
HASH_ROUTE token=185 layer=0 children=153,50,72,65 grandchildren=1534,505,720,657
HASH_ROUTE token=185 layer=1 children=175,297,652,333 grandchildren=1751,2978,6528,3337
HASH_ROUTE token=185 layer=2 children=905,424,100,588 grandchildren=9053,4249,1004,5885
HASH_ROUTE token=185 layer=3 children=106,68,18,260 grandchildren=1060,689,185,2601
HASH_ROUTE token=185 layer=4 children=186,294,312,229 grandchildren=1862,2940,3121,2291
HASH_ROUTE token=185 layer=5 children=1272,1179,1210,1166 grandchildren=12729,11794,12101,11660
HASH_ROUTE token=185 layer=6 children=129,442,760,289 grandchildren=1294,4422,7609,2895
HASH_ROUTE token=185 layer=7 children=137,934,617,459 grandchildren=1379,9341,6173,4594
HASH_ROUTE token=185 layer=8 children=1110,953,314,1274 grandchildren=11102,9531,3140,12744
HASH_ROUTE token=185 layer=9 children=955,314,917,897 grandchildren=9556,3148,9171,8978
HASH_ROUTE token=185 layer=10 children=1144,347,180,1244 grandchildren=11441,3475,1802,12441
HASH_ROUTE token=185 layer=11 children=24,1142,31,1151 grandchildren=248,11420,310,11517
HASH_ROUTE token=185 layer=12 children=378,327,478,219 grandchildren=3786,3276,4781,2199
HASH_ROUTE token=185 layer=13 children=148,782,943,463 grandchildren=1482,7829,9437,4636
HASH_ROUTE token=185 layer=14 children=777,696,618,537 grandchildren=7778,6969,6182,5372
HASH_ROUTE token=185 layer=15 children=999,1024,1040,831 grandchildren=9993,10242,10408,8311
HASH_ROUTE token=185 layer=16 children=431,365,346,418 grandchildren=4310,3658,3464,4181
HASH_ROUTE token=185 layer=17 children=981,186,349,1144 grandchildren=9810,1861,3493,11445
HASH_ROUTE token=185 layer=18 children=325,964,364,380 grandchildren=3252,9644,3646,3800
HASH_ROUTE token=185 layer=19 children=606,440,120,523 grandchildren=6060,4400,1206,5238
HASH_ROUTE token=185 layer=20 children=766,642,743,779 grandchildren=7669,6421,7436,7794
HASH_ROUTE token=185 layer=21 children=1030,559,230,870 grandchildren=10303,5590,2308,8708
HASH_ROUTE token=185 layer=22 children=265,102,426,178 grandchildren=2657,1025,4269,1781
HASH_ROUTE token=185 layer=23 children=620,945,549,497 grandchildren=6205,9451,5496,4976
HASH_ROUTE token=186 layer=0 children=755,649,779,713 grandchildren=7557,6497,7791,7132
HASH_ROUTE token=186 layer=1 children=527,689,504,663 grandchildren=5278,6898,5043,6639
HASH_ROUTE token=186 layer=2 children=352,830,36,991 grandchildren=3528,8305,368,9919
HASH_ROUTE token=186 layer=3 children=623,613,535,554 grandchildren=6231,6136,5359,5540
HASH_ROUTE token=186 layer=4 children=465,434,1260,452 grandchildren=4656,4344,12607,4526
HASH_ROUTE token=186 layer=5 children=320,809,963,168 grandchildren=3206,8091,9631,1689
HASH_ROUTE token=186 layer=6 children=461,785,620,946 grandchildren=4614,7854,6208,9468
HASH_ROUTE token=186 layer=7 children=148,99,38,621 grandchildren=1484,997,384,6218
HASH_ROUTE token=186 layer=8 children=1014,697,1100,786 grandchildren=10146,6975,11003,7865
HASH_ROUTE token=186 layer=9 children=131,55,938,156 grandchildren=1316,550,9380,1567
HASH_ROUTE token=186 layer=10 children=616,626,540,587 grandchildren=6164,6263,5402,5875
HASH_ROUTE token=186 layer=11 children=916,1077,866,753 grandchildren=9164,10779,8667,7533
HASH_ROUTE token=186 layer=12 children=359,839,1151,512 grandchildren=3595,8393,11519,5124
HASH_ROUTE token=186 layer=13 children=324,167,489,361 grandchildren=3246,1678,4896,3617
HASH_ROUTE token=186 layer=14 children=1102,1264,1096,947 grandchildren=11023,12647,10967,9476
HASH_ROUTE token=186 layer=15 children=767,127,1080,678 grandchildren=7672,1272,10802,6787
HASH_ROUTE token=186 layer=16 children=921,600,889,124 grandchildren=9216,6002,8892,1242
HASH_ROUTE token=186 layer=17 children=893,954,801,91 grandchildren=8934,9548,8014,916
HASH_ROUTE token=186 layer=18 children=740,1226,268,721 grandchildren=7402,12265,2687,7213
HASH_ROUTE token=186 layer=19 children=322,647,1121,482 grandchildren=3220,6473,11217,4822
HASH_ROUTE token=186 layer=20 children=1264,309,1223,786 grandchildren=12642,3091,12230,7863
HASH_ROUTE token=186 layer=21 children=1180,1238,700,65 grandchildren=11809,12380,7002,657
HASH_ROUTE token=186 layer=22 children=939,295,1090,772 grandchildren=9390,2955,10905,7720
HASH_ROUTE token=186 layer=23 children=109,45,71,261 grandchildren=1093,457,711,2611
HASH_ROUTE token=187 layer=0 children=204,217,167,1162 grandchildren=2042,2175,1674,11621
HASH_ROUTE token=187 layer=1 children=175,297,810,207 grandchildren=1752,2975,8103,2078
HASH_ROUTE token=187 layer=2 children=330,410,461,400 grandchildren=3305,4104,4615,4002
HASH_ROUTE token=187 layer=3 children=1090,132,1114,931 grandchildren=10906,1322,11146,9310
HASH_ROUTE token=187 layer=4 children=315,193,635,511 grandchildren=3152,1938,6355,5113
HASH_ROUTE token=187 layer=5 children=1134,1261,1212,1174 grandchildren=11341,12617,12120,11746
HASH_ROUTE token=187 layer=6 children=686,761,205,676 grandchildren=6869,7617,2051,6761
HASH_ROUTE token=187 layer=7 children=297,189,770,218 grandchildren=2970,1898,7708,2183
HASH_ROUTE token=187 layer=8 children=1262,1225,1175,1257 grandchildren=12626,12254,11756,12578
HASH_ROUTE token=187 layer=9 children=826,830,186,191 grandchildren=8269,8307,1866,1919
HASH_ROUTE token=187 layer=10 children=271,756,259,733 grandchildren=2719,7562,2593,7334
HASH_ROUTE token=187 layer=11 children=51,693,531,853 grandchildren=517,6935,5317,8531
HASH_ROUTE token=187 layer=12 children=649,1121,802,5 grandchildren=6494,11217,8021,50
HASH_ROUTE token=187 layer=13 children=947,884,1105,1042 grandchildren=9471,8842,11056,10423
HASH_ROUTE token=187 layer=14 children=929,445,936,604 grandchildren=9291,4453,9363,6041
HASH_ROUTE token=187 layer=15 children=454,377,475,342 grandchildren=4548,3776,4753,3425
HASH_ROUTE token=187 layer=16 children=434,411,345,321 grandchildren=4346,4113,3452,3219
HASH_ROUTE token=187 layer=17 children=571,1050,732,1218 grandchildren=5718,10504,7323,12186
HASH_ROUTE token=187 layer=18 children=173,244,313,289 grandchildren=1730,2446,3131,2891
HASH_ROUTE token=187 layer=19 children=652,338,1133,660 grandchildren=6523,3385,11330,6608
HASH_ROUTE token=187 layer=20 children=314,472,208,273 grandchildren=3149,4724,2087,2736
HASH_ROUTE token=187 layer=21 children=10,490,651,1138 grandchildren=101,4906,6512,11388
HASH_ROUTE token=187 layer=22 children=168,199,966,220 grandchildren=1687,1997,9662,2204
HASH_ROUTE token=187 layer=23 children=49,57,681,527 grandchildren=498,574,6814,5275
HASH_ROUTE token=188 layer=0 children=49,126,152,2 grandchildren=495,1269,1526,25
HASH_ROUTE token=188 layer=1 children=342,456,350,396 grandchildren=3422,4564,3500,3966
HASH_ROUTE token=188 layer=2 children=1167,1127,1225,1003 grandchildren=11674,11272,12257,10033
HASH_ROUTE token=188 layer=3 children=106,1229,85,141 grandchildren=1067,12293,854,1411
HASH_ROUTE token=188 layer=4 children=319,162,266,246 grandchildren=3199,1621,2661,2461
HASH_ROUTE token=188 layer=5 children=1212,1173,1131,1227 grandchildren=12121,11736,11310,12279
HASH_ROUTE token=188 layer=6 children=246,1207,727,200 grandchildren=2464,12071,7274,2004
HASH_ROUTE token=188 layer=7 children=697,215,52,855 grandchildren=6978,2152,524,8552
HASH_ROUTE token=188 layer=8 children=917,941,844,881 grandchildren=9173,9416,8447,8811
HASH_ROUTE token=188 layer=9 children=310,955,792,635 grandchildren=3104,9552,7925,6355
HASH_ROUTE token=188 layer=10 children=1140,1216,1228,1167 grandchildren=11405,12169,12288,11676
HASH_ROUTE token=188 layer=11 children=130,777,52,690 grandchildren=1304,7779,520,6906
HASH_ROUTE token=188 layer=12 children=635,566,541,535 grandchildren=6359,5661,5418,5354
HASH_ROUTE token=188 layer=13 children=81,720,91,731 grandchildren=810,7202,913,7316
HASH_ROUTE token=188 layer=14 children=617,937,594,917 grandchildren=6170,9371,5948,9175
HASH_ROUTE token=188 layer=15 children=439,1078,456,1098 grandchildren=4391,10786,4562,10985
HASH_ROUTE token=188 layer=16 children=386,359,437,346 grandchildren=3861,3597,4372,3469
HASH_ROUTE token=188 layer=17 children=181,1143,231,263 grandchildren=1811,11435,2318,2639
HASH_ROUTE token=188 layer=18 children=337,970,352,325 grandchildren=3378,9702,3521,3253
HASH_ROUTE token=188 layer=19 children=740,679,783,653 grandchildren=7401,6792,7836,6530
HASH_ROUTE token=188 layer=20 children=1214,1238,735,571 grandchildren=12148,12385,7358,5710
HASH_ROUTE token=188 layer=21 children=1216,1125,410,257 grandchildren=12160,11257,4103,2572
HASH_ROUTE token=188 layer=22 children=455,331,1259,932 grandchildren=4554,3314,12591,9324
HASH_ROUTE token=188 layer=23 children=830,945,352,466 grandchildren=8300,9459,3527,4662
HASH_ROUTE token=189 layer=0 children=1001,1018,967,1066 grandchildren=10011,10181,9672,10664
HASH_ROUTE token=189 layer=1 children=250,411,181,342 grandchildren=2509,4119,1812,3422
HASH_ROUTE token=189 layer=2 children=335,975,651,1138 grandchildren=3357,9750,6518,11383
HASH_ROUTE token=189 layer=3 children=294,132,228,1251 grandchildren=2947,1321,2281,12517
HASH_ROUTE token=189 layer=4 children=196,178,228,204 grandchildren=1966,1784,2289,2040
HASH_ROUTE token=189 layer=5 children=1173,1223,1212,1240 grandchildren=11732,12230,12125,12402
HASH_ROUTE token=189 layer=6 children=200,365,843,247 grandchildren=2007,3656,8430,2471
HASH_ROUTE token=189 layer=7 children=859,697,933,777 grandchildren=8595,6977,9338,7771
HASH_ROUTE token=189 layer=8 children=953,791,937,941 grandchildren=9532,7914,9379,9416
HASH_ROUTE token=189 layer=9 children=314,180,251,221 grandchildren=3144,1806,2512,2213
HASH_ROUTE token=189 layer=10 children=986,1002,992,1049 grandchildren=9863,10025,9926,10490
HASH_ROUTE token=189 layer=11 children=56,34,854,1019 grandchildren=565,341,8547,10193
HASH_ROUTE token=189 layer=12 children=487,643,1125,166 grandchildren=4874,6435,11255,1662
HASH_ROUTE token=189 layer=13 children=140,81,106,124 grandchildren=1401,814,1064,1246
HASH_ROUTE token=189 layer=14 children=588,903,492,745 grandchildren=5884,9039,4924,7452
HASH_ROUTE token=189 layer=15 children=1009,991,1031,1112 grandchildren=10095,9915,10319,11126
HASH_ROUTE token=189 layer=16 children=437,325,419,470 grandchildren=4371,3250,4199,4705
HASH_ROUTE token=189 layer=17 children=586,505,544,426 grandchildren=5863,5050,5446,4260
HASH_ROUTE token=189 layer=18 children=1024,867,1013,381 grandchildren=10247,8675,10131,3810
HASH_ROUTE token=189 layer=19 children=1125,1196,1208,162 grandchildren=11259,11964,12087,1627
HASH_ROUTE token=189 layer=20 children=437,400,347,410 grandchildren=4377,4006,3473,4109
HASH_ROUTE token=189 layer=21 children=70,559,41,235 grandchildren=703,5593,412,2350
HASH_ROUTE token=189 layer=22 children=265,428,742,100 grandchildren=2656,4282,7428,1001
HASH_ROUTE token=189 layer=23 children=872,234,78,820 grandchildren=8729,2349,787,8200
HASH_ROUTE token=190 layer=0 children=680,361,209,41 grandchildren=6806,3612,2094,415
HASH_ROUTE token=190 layer=1 children=184,342,502,23 grandchildren=1848,3427,5027,235
HASH_ROUTE token=190 layer=2 children=330,499,659,975 grandchildren=3308,4996,6599,9759
HASH_ROUTE token=190 layer=3 children=682,739,205,669 grandchildren=6822,7390,2051,6697
HASH_ROUTE token=190 layer=4 children=314,261,171,295 grandchildren=3149,2617,1712,2956
HASH_ROUTE token=190 layer=5 children=856,373,1018,862 grandchildren=8562,3735,10186,8629
HASH_ROUTE token=190 layer=6 children=444,353,439,413 grandchildren=4448,3535,4399,4135
HASH_ROUTE token=190 layer=7 children=617,137,563,513 grandchildren=6179,1376,5638,5135
HASH_ROUTE token=190 layer=8 children=1022,548,864,1077 grandchildren=10222,5487,8642,10772
HASH_ROUTE token=190 layer=9 children=547,385,862,1020 grandchildren=5479,3851,8622,10203
HASH_ROUTE token=190 layer=10 children=798,752,707,742 grandchildren=7987,7528,7077,7423
HASH_ROUTE token=190 layer=11 children=157,40,795,688 grandchildren=1571,409,7951,6884
HASH_ROUTE token=190 layer=12 children=185,982,1141,26 grandchildren=1855,9826,11417,268
HASH_ROUTE token=190 layer=13 children=731,774,675,572 grandchildren=7310,7743,6752,5724
HASH_ROUTE token=190 layer=14 children=249,402,175,330 grandchildren=2490,4027,1750,3307
HASH_ROUTE token=190 layer=15 children=518,357,609,499 grandchildren=5185,3579,6097,4993
HASH_ROUTE token=190 layer=16 children=387,330,1027,464 grandchildren=3874,3307,10271,4640
HASH_ROUTE token=190 layer=17 children=501,531,584,484 grandchildren=5010,5315,5845,4846
HASH_ROUTE token=190 layer=18 children=1237,275,1252,1123 grandchildren=12377,2755,12528,11231
HASH_ROUTE token=190 layer=19 children=787,1100,941,749 grandchildren=7879,11009,9415,7494
HASH_ROUTE token=190 layer=20 children=166,215,317,800 grandchildren=1664,2154,3171,8002
HASH_ROUTE token=190 layer=21 children=713,878,744,1194 grandchildren=7131,8783,7440,11944
HASH_ROUTE token=190 layer=22 children=312,179,269,1110 grandchildren=3120,1791,2695,11108
HASH_ROUTE token=190 layer=23 children=513,31,672,584 grandchildren=5139,319,6729,5847
HASH_ROUTE token=191 layer=0 children=441,458,322,361 grandchildren=4413,4582,3226,3611
HASH_ROUTE token=191 layer=1 children=180,340,828,256 grandchildren=1807,3404,8286,2568
HASH_ROUTE token=191 layer=2 children=971,962,1064,1048 grandchildren=9712,9623,10643,10487
HASH_ROUTE token=191 layer=3 children=1172,533,691,51 grandchildren=11723,5332,6919,517
HASH_ROUTE token=191 layer=4 children=93,136,251,105 grandchildren=931,1365,2511,1053
HASH_ROUTE token=191 layer=5 children=34,62,991,1029 grandchildren=345,624,9911,10290
HASH_ROUTE token=191 layer=6 children=573,418,738,1051 grandchildren=5733,4182,7385,10510
HASH_ROUTE token=191 layer=7 children=448,409,123,84 grandchildren=4486,4095,1237,841
HASH_ROUTE token=191 layer=8 children=1208,248,888,408 grandchildren=12081,2484,8889,4083
HASH_ROUTE token=191 layer=9 children=955,821,803,314 grandchildren=9555,8211,8037,3142
HASH_ROUTE token=191 layer=10 children=905,959,742,1227 grandchildren=9050,9599,7425,12272
HASH_ROUTE token=191 layer=11 children=703,381,224,738 grandchildren=7034,3818,2242,7381
HASH_ROUTE token=191 layer=12 children=193,223,238,258 grandchildren=1932,2234,2389,2585
HASH_ROUTE token=191 layer=13 children=1036,711,1058,1196 grandchildren=10360,7113,10582,11961
HASH_ROUTE token=191 layer=14 children=451,933,130,407 grandchildren=4512,9332,1309,4074
HASH_ROUTE token=191 layer=15 children=1273,1150,1238,1132 grandchildren=12738,11500,12382,11326
HASH_ROUTE token=191 layer=16 children=251,270,221,315 grandchildren=2518,2703,2214,3155
HASH_ROUTE token=191 layer=17 children=456,437,462,385 grandchildren=4566,4374,4629,3856
HASH_ROUTE token=191 layer=18 children=167,295,261,964 grandchildren=1670,2959,2614,9641
HASH_ROUTE token=191 layer=19 children=783,653,467,716 grandchildren=7832,6533,4675,7161
HASH_ROUTE token=191 layer=20 children=185,315,245,502 grandchildren=1853,3150,2457,5023
HASH_ROUTE token=191 layer=21 children=142,467,93,410 grandchildren=1423,4677,932,4108
HASH_ROUTE token=191 layer=22 children=156,1274,16,1136 grandchildren=1566,12747,168,11367
HASH_ROUTE token=191 layer=23 children=32,108,194,261 grandchildren=324,1085,1941,2614
HASH_ROUTE token=192 layer=0 children=805,9,962,1126 grandchildren=8059,91,9620,11262
HASH_ROUTE token=192 layer=1 children=456,291,339,475 grandchildren=4563,2911,3398,4752
HASH_ROUTE token=192 layer=2 children=895,939,843,97 grandchildren=8951,9397,8430,972
HASH_ROUTE token=192 layer=3 children=670,758,778,739 grandchildren=6703,7589,7780,7391
HASH_ROUTE token=192 layer=4 children=181,299,504,254 grandchildren=1811,2996,5048,2547
HASH_ROUTE token=192 layer=5 children=405,419,378,384 grandchildren=4057,4194,3789,3841
HASH_ROUTE token=192 layer=6 children=679,732,716,779 grandchildren=6791,7324,7165,7790
HASH_ROUTE token=192 layer=7 children=544,587,65,514 grandchildren=5446,5875,650,5149
HASH_ROUTE token=192 layer=8 children=393,231,366,202 grandchildren=3933,2319,3668,2026
HASH_ROUTE token=192 layer=9 children=868,703,547,1184 grandchildren=8681,7031,5478,11845
HASH_ROUTE token=192 layer=10 children=32,510,196,357 grandchildren=328,5108,1960,3572
HASH_ROUTE token=192 layer=11 children=750,1075,591,111 grandchildren=7509,10752,5918,1115
HASH_ROUTE token=192 layer=12 children=506,984,527,1145 grandchildren=5069,9847,5276,11456
HASH_ROUTE token=192 layer=13 children=509,1142,572,496 grandchildren=5099,11420,5728,4966
HASH_ROUTE token=192 layer=14 children=177,306,253,261 grandchildren=1776,3061,2538,2611
HASH_ROUTE token=192 layer=15 children=1159,1243,1179,678 grandchildren=11595,12439,11791,6781
HASH_ROUTE token=192 layer=16 children=256,277,218,310 grandchildren=2562,2775,2189,3102
HASH_ROUTE token=192 layer=17 children=594,530,544,484 grandchildren=5942,5309,5440,4847
HASH_ROUTE token=192 layer=18 children=352,440,197,284 grandchildren=3524,4400,1971,2847
HASH_ROUTE token=192 layer=19 children=787,464,797,760 grandchildren=7879,4647,7970,7606
HASH_ROUTE token=192 layer=20 children=208,239,254,296 grandchildren=2084,2391,2541,2960
HASH_ROUTE token=192 layer=21 children=714,781,76,141 grandchildren=7149,7812,767,1414
HASH_ROUTE token=192 layer=22 children=628,502,483,1265 grandchildren=6289,5024,4834,12650
HASH_ROUTE token=192 layer=23 children=23,988,100,114 grandchildren=231,9885,1000,1146
HASH_ROUTE token=193 layer=0 children=934,861,131,803 grandchildren=9345,8611,1314,8032
HASH_ROUTE token=193 layer=1 children=189,349,297,25 grandchildren=1893,3491,2978,259
HASH_ROUTE token=193 layer=2 children=1229,1237,1215,1205 grandchildren=12298,12376,12159,12057
HASH_ROUTE token=193 layer=3 children=933,775,1095,614 grandchildren=9334,7754,10954,6148
HASH_ROUTE token=193 layer=4 children=237,308,278,186 grandchildren=2376,3088,2783,1869
HASH_ROUTE token=193 layer=5 children=861,384,811,913 grandchildren=8619,3844,8111,9130
HASH_ROUTE token=193 layer=6 children=200,253,280,246 grandchildren=2003,2539,2801,2464
HASH_ROUTE token=193 layer=7 children=692,373,1011,708 grandchildren=6928,3733,10113,7089
HASH_ROUTE token=193 layer=8 children=205,682,48,296 grandchildren=2059,6825,484,2961
HASH_ROUTE token=193 layer=9 children=951,639,840,315 grandchildren=9512,6391,8402,3153
HASH_ROUTE token=193 layer=10 children=1159,1227,1237,1160 grandchildren=11590,12277,12372,11600
HASH_ROUTE token=193 layer=11 children=687,752,783,795 grandchildren=6879,7525,7837,7955
HASH_ROUTE token=193 layer=12 children=559,587,527,516 grandchildren=5590,5871,5275,5161
HASH_ROUTE token=193 layer=13 children=737,664,704,696 grandchildren=7370,6640,7043,6962
HASH_ROUTE token=193 layer=14 children=937,941,919,618 grandchildren=9373,9413,9197,6180
HASH_ROUTE token=193 layer=15 children=432,357,402,337 grandchildren=4323,3572,4024,3378
HASH_ROUTE token=193 layer=16 children=251,182,315,166 grandchildren=2513,1820,3157,1666
HASH_ROUTE token=193 layer=17 children=982,1025,1091,503 grandchildren=9826,10256,10913,5034
HASH_ROUTE token=193 layer=18 children=1234,1243,277,432 grandchildren=12346,12437,2772,4320
HASH_ROUTE token=193 layer=19 children=338,13,658,467 grandchildren=3389,135,6589,4677
HASH_ROUTE token=193 layer=20 children=220,185,277,201 grandchildren=2201,1859,2771,2013
HASH_ROUTE token=193 layer=21 children=893,845,254,942 grandchildren=8930,8459,2540,9425
HASH_ROUTE token=193 layer=22 children=143,307,621,783 grandchildren=1430,3078,6217,7838
HASH_ROUTE token=193 layer=23 children=995,194,831,1069 grandchildren=9955,1947,8316,10697
HASH_ROUTE token=194 layer=0 children=441,360,127,49 grandchildren=4416,3602,1271,499
HASH_ROUTE token=194 layer=1 children=341,184,29,405 grandchildren=3419,1840,297,4051
HASH_ROUTE token=194 layer=2 children=739,641,686,1212 grandchildren=7390,6410,6861,12129
HASH_ROUTE token=194 layer=3 children=1052,970,1092,739 grandchildren=10525,9704,10924,7390
HASH_ROUTE token=194 layer=4 children=181,295,662,1148 grandchildren=1818,2952,6624,11485
HASH_ROUTE token=194 layer=5 children=1065,902,996,837 grandchildren=10656,9025,9966,8377
HASH_ROUTE token=194 layer=6 children=251,303,194,246 grandchildren=2518,3039,1943,2468
HASH_ROUTE token=194 layer=7 children=425,411,267,104 grandchildren=4256,4116,2673,1042
HASH_ROUTE token=194 layer=8 children=1040,1109,881,1073 grandchildren=10407,11098,8811,10734
HASH_ROUTE token=194 layer=9 children=861,848,802,929 grandchildren=8618,8488,8023,9296
HASH_ROUTE token=194 layer=10 children=1072,966,1098,1056 grandchildren=10722,9666,10983,10560
HASH_ROUTE token=194 layer=11 children=919,949,865,1078 grandchildren=9190,9496,8658,10787
HASH_ROUTE token=194 layer=12 children=541,584,551,227 grandchildren=5411,5845,5514,2277
HASH_ROUTE token=194 layer=13 children=139,1095,1255,124 grandchildren=1396,10958,12559,1246
HASH_ROUTE token=194 layer=14 children=937,878,299,615 grandchildren=9379,8787,2998,6158
HASH_ROUTE token=194 layer=15 children=338,650,472,978 grandchildren=3384,6509,4725,9780
HASH_ROUTE token=194 layer=16 children=227,250,272,192 grandchildren=2279,2506,2726,1925
HASH_ROUTE token=194 layer=17 children=188,983,504,1144 grandchildren=1885,9834,5044,11442
HASH_ROUTE token=194 layer=18 children=278,1234,173,113 grandchildren=2783,12343,1732,1134
HASH_ROUTE token=194 layer=19 children=190,671,179,39 grandchildren=1909,6716,1797,395
HASH_ROUTE token=194 layer=20 children=225,185,215,278 grandchildren=2254,1852,2158,2786
HASH_ROUTE token=194 layer=21 children=893,93,731,949 grandchildren=8938,939,7318,9499
HASH_ROUTE token=194 layer=22 children=465,333,621,943 grandchildren=4654,3334,6213,9432
HASH_ROUTE token=194 layer=23 children=831,898,999,942 grandchildren=8316,8982,9998,9420
HASH_ROUTE token=195 layer=0 children=153,50,72,65 grandchildren=1538,507,727,656
HASH_ROUTE token=195 layer=1 children=175,297,652,333 grandchildren=1751,2973,6524,3332
HASH_ROUTE token=195 layer=2 children=905,1060,747,424 grandchildren=9053,10601,7470,4241
HASH_ROUTE token=195 layer=3 children=106,68,18,900 grandchildren=1061,685,188,9000
HASH_ROUTE token=195 layer=4 children=186,294,312,194 grandchildren=1866,2947,3121,1945
HASH_ROUTE token=195 layer=5 children=1210,1272,1179,1130 grandchildren=12108,12722,11797,11307
HASH_ROUTE token=195 layer=6 children=129,442,760,288 grandchildren=1298,4427,7607,2880
HASH_ROUTE token=195 layer=7 children=931,137,617,459 grandchildren=9316,1370,6174,4595
HASH_ROUTE token=195 layer=8 children=1110,953,314,1274 grandchildren=11101,9539,3140,12748
HASH_ROUTE token=195 layer=9 children=955,316,897,631 grandchildren=9552,3168,8974,6311
HASH_ROUTE token=195 layer=10 children=347,1145,180,446 grandchildren=3476,11451,1808,4467
HASH_ROUTE token=195 layer=11 children=24,1149,32,1154 grandchildren=248,11494,329,11544
HASH_ROUTE token=195 layer=12 children=374,327,478,219 grandchildren=3749,3270,4784,2192
HASH_ROUTE token=195 layer=13 children=786,148,948,463 grandchildren=7866,1487,9480,4637
HASH_ROUTE token=195 layer=14 children=696,777,537,616 grandchildren=6961,7772,5375,6161
HASH_ROUTE token=195 layer=15 children=995,831,1024,1040 grandchildren=9956,8310,10242,10406
HASH_ROUTE token=195 layer=16 children=431,365,1076,346 grandchildren=4317,3653,10769,3465
HASH_ROUTE token=195 layer=17 children=981,188,346,1144 grandchildren=9819,1883,3462,11446
HASH_ROUTE token=195 layer=18 children=320,380,459,364 grandchildren=3200,3802,4594,3647
HASH_ROUTE token=195 layer=19 children=606,440,120,926 grandchildren=6066,4404,1207,9260
HASH_ROUTE token=195 layer=20 children=766,730,648,667 grandchildren=7662,7300,6483,6670
HASH_ROUTE token=195 layer=21 children=1030,552,870,236 grandchildren=10304,5526,8709,2360
HASH_ROUTE token=195 layer=22 children=178,331,13,265 grandchildren=1787,3319,137,2655
HASH_ROUTE token=195 layer=23 children=945,620,1267,906 grandchildren=9450,6208,12678,9061
HASH_ROUTE token=196 layer=0 children=755,649,779,713 grandchildren=7556,6491,7790,7136
HASH_ROUTE token=196 layer=1 children=527,689,504,663 grandchildren=5272,6893,5040,6633
HASH_ROUTE token=196 layer=2 children=352,830,36,418 grandchildren=3525,8300,369,4181
HASH_ROUTE token=196 layer=3 children=623,613,535,554 grandchildren=6233,6138,5352,5545
HASH_ROUTE token=196 layer=4 children=465,434,1260,452 grandchildren=4659,4349,12604,4525
HASH_ROUTE token=196 layer=5 children=320,809,963,168 grandchildren=3206,8091,9633,1680
HASH_ROUTE token=196 layer=6 children=461,785,620,946 grandchildren=4615,7855,6209,9468
HASH_ROUTE token=196 layer=7 children=148,99,38,621 grandchildren=1487,991,382,6211
HASH_ROUTE token=196 layer=8 children=1014,697,1100,786 grandchildren=10148,6978,11004,7861
HASH_ROUTE token=196 layer=9 children=131,55,938,156 grandchildren=1317,554,9388,1568
HASH_ROUTE token=196 layer=10 children=616,626,540,587 grandchildren=6163,6263,5404,5872
HASH_ROUTE token=196 layer=11 children=916,1077,866,753 grandchildren=9166,10774,8666,7532
HASH_ROUTE token=196 layer=12 children=359,839,1151,512 grandchildren=3591,8391,11516,5121
HASH_ROUTE token=196 layer=13 children=324,167,489,361 grandchildren=3247,1676,4898,3610
HASH_ROUTE token=196 layer=14 children=1102,1264,1096,947 grandchildren=11022,12646,10962,9475
HASH_ROUTE token=196 layer=15 children=767,127,1080,678 grandchildren=7678,1270,10802,6787
HASH_ROUTE token=196 layer=16 children=921,600,889,124 grandchildren=9213,6007,8899,1245
HASH_ROUTE token=196 layer=17 children=893,954,801,91 grandchildren=8938,9544,8012,913
HASH_ROUTE token=196 layer=18 children=740,1226,268,721 grandchildren=7401,12266,2689,7219
HASH_ROUTE token=196 layer=19 children=322,647,1121,482 grandchildren=3225,6477,11217,4825
HASH_ROUTE token=196 layer=20 children=1264,309,1223,786 grandchildren=12642,3093,12234,7867
HASH_ROUTE token=196 layer=21 children=1180,1238,700,65 grandchildren=11806,12383,7007,657
HASH_ROUTE token=196 layer=22 children=939,295,1090,772 grandchildren=9399,2951,10904,7729
HASH_ROUTE token=196 layer=23 children=109,45,71,261 grandchildren=1099,459,716,2614
HASH_ROUTE token=197 layer=0 children=219,202,377,362 grandchildren=2196,2022,3777,3625
HASH_ROUTE token=197 layer=1 children=290,137,770,458 grandchildren=2901,1371,7700,4585
HASH_ROUTE token=197 layer=2 children=577,499,891,418 grandchildren=5773,4990,8910,4182
HASH_ROUTE token=197 layer=3 children=771,135,452,618 grandchildren=7718,1352,4529,6186
HASH_ROUTE token=197 layer=4 children=180,162,292,193 grandchildren=1807,1627,2928,1936
HASH_ROUTE token=197 layer=5 children=892,1219,858,1171 grandchildren=8923,12194,8582,11717
HASH_ROUTE token=197 layer=6 children=126,927,444,288 grandchildren=1260,9275,4449,2887
HASH_ROUTE token=197 layer=7 children=774,617,290,1096 grandchildren=7740,6171,2905,10966
HASH_ROUTE token=197 layer=8 children=847,366,1009,527 grandchildren=8472,3666,10099,5276
HASH_ROUTE token=197 layer=9 children=830,825,897,936 grandchildren=8303,8259,8977,9363
HASH_ROUTE token=197 layer=10 children=249,181,318,286 grandchildren=2493,1812,3187,2864
HASH_ROUTE token=197 layer=11 children=56,699,853,1177 grandchildren=567,6991,8534,11778
HASH_ROUTE token=197 layer=12 children=0,1127,155,324 grandchildren=3,11278,1557,3242
HASH_ROUTE token=197 layer=13 children=783,714,720,461 grandchildren=7830,7147,7203,4615
HASH_ROUTE token=197 layer=14 children=588,636,617,565 grandchildren=5886,6364,6170,5650
HASH_ROUTE token=197 layer=15 children=992,839,352,1040 grandchildren=9921,8391,3529,10401
HASH_ROUTE token=197 layer=16 children=918,277,432,119 grandchildren=9182,2779,4320,1193
HASH_ROUTE token=197 layer=17 children=1111,637,983,1278 grandchildren=11118,6372,9838,12780
HASH_ROUTE token=197 layer=18 children=965,1093,160,5 grandchildren=9653,10938,1608,52
HASH_ROUTE token=197 layer=19 children=1162,1274,1196,520 grandchildren=11629,12743,11965,5206
HASH_ROUTE token=197 layer=20 children=352,38,512,400 grandchildren=3520,389,5121,4004
HASH_ROUTE token=197 layer=21 children=510,994,497,970 grandchildren=5109,9941,4976,9701
HASH_ROUTE token=197 layer=22 children=178,305,226,292 grandchildren=1789,3052,2265,2927
HASH_ROUTE token=197 layer=23 children=1037,78,1064,1001 grandchildren=10373,784,10647,10015
HASH_ROUTE token=198 layer=0 children=145,464,1109,123 grandchildren=1456,4649,11094,1239
HASH_ROUTE token=198 layer=1 children=189,244,293,346 grandchildren=1896,2447,2936,3462
HASH_ROUTE token=198 layer=2 children=1213,1148,252,1246 grandchildren=12131,11482,2523,12465
HASH_ROUTE token=198 layer=3 children=33,106,53,24 grandchildren=337,1061,532,244
HASH_ROUTE token=198 layer=4 children=292,227,163,185 grandchildren=2929,2271,1631,1854
HASH_ROUTE token=198 layer=5 children=1219,93,1174,897 grandchildren=12193,937,11744,8974
HASH_ROUTE token=198 layer=6 children=720,761,713,737 grandchildren=7202,7611,7135,7378
HASH_ROUTE token=198 layer=7 children=692,215,57,855 grandchildren=6921,2158,579,8555
HASH_ROUTE token=198 layer=8 children=940,953,864,914 grandchildren=9402,9535,8647,9143
HASH_ROUTE token=198 layer=9 children=310,254,1110,950 grandchildren=3105,2540,11109,9501
HASH_ROUTE token=198 layer=10 children=1263,1109,787,1276 grandchildren=12636,11098,7874,12761
HASH_ROUTE token=198 layer=11 children=52,88,154,690 grandchildren=522,880,1540,6905
HASH_ROUTE token=198 layer=12 children=728,699,643,682 grandchildren=7287,6993,6430,6820
HASH_ROUTE token=198 layer=13 children=895,731,845,91 grandchildren=8950,7317,8450,919
HASH_ROUTE token=198 layer=14 children=567,523,619,552 grandchildren=5672,5233,6191,5521
HASH_ROUTE token=198 layer=15 children=971,1041,999,1111 grandchildren=9715,10412,9990,11117
HASH_ROUTE token=198 layer=16 children=418,342,380,434 grandchildren=4188,3424,3803,4345
HASH_ROUTE token=198 layer=17 children=264,190,1221,1157 grandchildren=2648,1905,12217,11577
HASH_ROUTE token=198 layer=18 children=174,306,11,295 grandchildren=1741,3066,116,2959
HASH_ROUTE token=198 layer=19 children=100,423,39,355 grandchildren=1001,4239,395,3557
HASH_ROUTE token=198 layer=20 children=347,435,663,758 grandchildren=3470,4359,6630,7589
HASH_ROUTE token=198 layer=21 children=1136,1158,1247,1186 grandchildren=11365,11584,12477,11866
HASH_ROUTE token=198 layer=22 children=935,293,900,926 grandchildren=9358,2932,9009,9265
HASH_ROUTE token=198 layer=23 children=811,174,977,1133 grandchildren=8112,1742,9772,11338
HASH_ROUTE token=199 layer=0 children=1270,1115,1126,1176 grandchildren=12701,11151,11267,11767
HASH_ROUTE token=199 layer=1 children=298,456,184,340 grandchildren=2986,4569,1848,3402
HASH_ROUTE token=199 layer=2 children=88,405,17,332 grandchildren=883,4053,179,3326
HASH_ROUTE token=199 layer=3 children=679,359,760,746 grandchildren=6792,3597,7601,7463
HASH_ROUTE token=199 layer=4 children=189,503,294,243 grandchildren=1891,5035,2949,2434
HASH_ROUTE token=199 layer=5 children=1173,535,850,1195 grandchildren=11737,5357,8505,11950
HASH_ROUTE token=199 layer=6 children=793,714,657,765 grandchildren=7932,7149,6578,7655
HASH_ROUTE token=199 layer=7 children=300,240,310,224 grandchildren=3007,2400,3106,2241
HASH_ROUTE token=199 layer=8 children=1166,1267,1138,1209 grandchildren=11664,12672,11380,12094
HASH_ROUTE token=199 layer=9 children=821,188,836,886 grandchildren=8218,1880,8366,8863
HASH_ROUTE token=199 layer=10 children=477,349,452,952 grandchildren=4777,3496,4520,9522
HASH_ROUTE token=199 layer=11 children=703,690,738,672 grandchildren=7038,6908,7387,6729
HASH_ROUTE token=199 layer=12 children=1140,1193,1153,1209 grandchildren=11400,11938,11538,12099
HASH_ROUTE token=199 layer=13 children=1219,1058,739,895 grandchildren=12196,10588,7391,8956
HASH_ROUTE token=199 layer=14 children=130,30,14,618 grandchildren=1309,308,145,6183
HASH_ROUTE token=199 layer=15 children=676,1151,357,514 grandchildren=6760,11519,3572,5145
HASH_ROUTE token=199 layer=16 children=472,637,794,439 grandchildren=4720,6372,7945,4393
HASH_ROUTE token=199 layer=17 children=594,624,535,549 grandchildren=5948,6243,5355,5493
HASH_ROUTE token=199 layer=18 children=178,241,232,256 grandchildren=1788,2412,2328,2568
HASH_ROUTE token=199 layer=19 children=303,283,467,148 grandchildren=3031,2830,4676,1487
HASH_ROUTE token=199 layer=20 children=731,704,1058,258 grandchildren=7317,7045,10584,2587
HASH_ROUTE token=199 layer=21 children=889,240,727,870 grandchildren=8892,2402,7272,8706
HASH_ROUTE token=199 layer=22 children=187,1141,346,23 grandchildren=1875,11415,3469,230
HASH_ROUTE token=199 layer=23 children=20,157,125,44 grandchildren=206,1570,1256,446
HASH_ROUTE token=200 layer=0 children=1126,1276,4,1161 grandchildren=11264,12763,41,11619
HASH_ROUTE token=200 layer=1 children=770,610,459,652 grandchildren=7708,6108,4598,6522
HASH_ROUTE token=200 layer=2 children=428,748,400,358 grandchildren=4286,7488,4002,3581
HASH_ROUTE token=200 layer=3 children=1256,130,1178,54 grandchildren=12567,1308,11786,546
HASH_ROUTE token=200 layer=4 children=187,21,500,294 grandchildren=1871,210,5007,2948
HASH_ROUTE token=200 layer=5 children=368,844,433,527 grandchildren=3689,8445,4331,5276
HASH_ROUTE token=200 layer=6 children=1115,1102,475,795 grandchildren=11158,11023,4756,7953
HASH_ROUTE token=200 layer=7 children=360,479,202,357 grandchildren=3606,4793,2025,3575
HASH_ROUTE token=200 layer=8 children=520,41,489,365 grandchildren=5209,418,4897,3658
HASH_ROUTE token=200 layer=9 children=922,846,286,1245 grandchildren=9226,8468,2868,12456
HASH_ROUTE token=200 layer=10 children=171,240,304,180 grandchildren=1716,2405,3041,1803
HASH_ROUTE token=200 layer=11 children=1013,858,690,1075 grandchildren=10134,8586,6909,10755
HASH_ROUTE token=200 layer=12 children=1241,1151,1178,1181 grandchildren=12415,11516,11782,11813
HASH_ROUTE token=200 layer=13 children=608,283,1240,625 grandchildren=6080,2832,12409,6256
HASH_ROUTE token=200 layer=14 children=836,930,880,510 grandchildren=8364,9306,8807,5107
HASH_ROUTE token=200 layer=15 children=440,920,764,1087 grandchildren=4407,9203,7647,10871
HASH_ROUTE token=200 layer=16 children=387,428,324,1029 grandchildren=3870,4280,3243,10293
HASH_ROUTE token=200 layer=17 children=591,553,507,545 grandchildren=5916,5536,5073,5450
HASH_ROUTE token=200 layer=18 children=280,304,241,174 grandchildren=2808,3048,2418,1747
HASH_ROUTE token=200 layer=19 children=192,223,833,300 grandchildren=1924,2239,8332,3009
HASH_ROUTE token=200 layer=20 children=288,448,254,417 grandchildren=2882,4484,2545,4175
HASH_ROUTE token=200 layer=21 children=882,903,834,1044 grandchildren=8821,9039,8344,10440
HASH_ROUTE token=200 layer=22 children=187,502,23,660 grandchildren=1874,5025,231,6603
HASH_ROUTE token=200 layer=23 children=25,508,44,520 grandchildren=257,5088,445,5202
HASH_ROUTE token=201 layer=0 children=805,937,955,852 grandchildren=8050,9373,9559,8527
HASH_ROUTE token=201 layer=1 children=291,175,459,772 grandchildren=2919,1752,4593,7728
HASH_ROUTE token=201 layer=2 children=1158,357,1221,428 grandchildren=11586,3571,12213,4280
HASH_ROUTE token=201 layer=3 children=132,1099,291,452 grandchildren=1324,10997,2915,4524
HASH_ROUTE token=201 layer=4 children=828,934,21,134 grandchildren=8286,9342,210,1340
HASH_ROUTE token=201 layer=5 children=844,520,369,44 grandchildren=8448,5201,3693,442
HASH_ROUTE token=201 layer=6 children=475,460,331,432 grandchildren=4754,4606,3313,4324
HASH_ROUTE token=201 layer=7 children=471,360,430,357 grandchildren=4719,3609,4306,3578
HASH_ROUTE token=201 layer=8 children=840,520,805,42 grandchildren=8400,5206,8056,426
HASH_ROUTE token=201 layer=9 children=959,846,882,915 grandchildren=9595,8460,8827,9150
HASH_ROUTE token=201 layer=10 children=1044,1202,240,962 grandchildren=10444,12025,2402,9624
HASH_ROUTE token=201 layer=11 children=946,897,143,955 grandchildren=9468,8974,1432,9559
HASH_ROUTE token=201 layer=12 children=545,228,582,1181 grandchildren=5451,2282,5829,11819
HASH_ROUTE token=201 layer=13 children=624,552,1269,568 grandchildren=6241,5520,12692,5689
HASH_ROUTE token=201 layer=14 children=568,616,880,939 grandchildren=5689,6162,8806,9395
HASH_ROUTE token=201 layer=15 children=1248,920,1087,444 grandchildren=12488,9201,10875,4443
HASH_ROUTE token=201 layer=16 children=321,387,428,419 grandchildren=3213,3878,4283,4197
HASH_ROUTE token=201 layer=17 children=591,535,527,549 grandchildren=5910,5359,5277,5492
HASH_ROUTE token=201 layer=18 children=280,763,928,1088 grandchildren=2802,7632,9285,10884
HASH_ROUTE token=201 layer=19 children=944,833,300,878 grandchildren=9446,8337,3009,8781
HASH_ROUTE token=201 layer=20 children=288,254,224,269 grandchildren=2882,2542,2249,2696
HASH_ROUTE token=201 layer=21 children=81,35,728,880 grandchildren=816,351,7287,8800
HASH_ROUTE token=201 layer=22 children=639,499,607,150 grandchildren=6397,4998,6073,1509
HASH_ROUTE token=201 layer=23 children=579,1055,606,1084 grandchildren=5797,10551,6064,10848
HASH_ROUTE token=202 layer=0 children=154,477,1113,108 grandchildren=1545,4771,11132,1089
HASH_ROUTE token=202 layer=1 children=349,185,368,206 grandchildren=3495,1859,3682,2062
HASH_ROUTE token=202 layer=2 children=686,641,756,653 grandchildren=6863,6414,7565,6539
HASH_ROUTE token=202 layer=3 children=775,657,1258,1130 grandchildren=7751,6576,12580,11300
HASH_ROUTE token=202 layer=4 children=937,923,139,834 grandchildren=9376,9237,1391,8345
HASH_ROUTE token=202 layer=5 children=945,464,621,925 grandchildren=9457,4643,6214,9250
HASH_ROUTE token=202 layer=6 children=302,290,241,283 grandchildren=3028,2905,2416,2837
HASH_ROUTE token=202 layer=7 children=26,129,821,507 grandchildren=265,1291,8214,5078
HASH_ROUTE token=202 layer=8 children=1099,776,933,137 grandchildren=10991,7762,9335,1379
HASH_ROUTE token=202 layer=9 children=1116,955,314,154 grandchildren=11162,9553,3147,1549
HASH_ROUTE token=202 layer=10 children=787,750,795,655 grandchildren=7872,7501,7957,6557
HASH_ROUTE token=202 layer=11 children=757,119,1073,1233 grandchildren=7571,1195,10731,12330
HASH_ROUTE token=202 layer=12 children=590,527,507,541 grandchildren=5908,5273,5074,5410
HASH_ROUTE token=202 layer=13 children=673,652,660,777 grandchildren=6739,6524,6608,7775
HASH_ROUTE token=202 layer=14 children=450,939,372,295 grandchildren=4501,9392,3729,2958
HASH_ROUTE token=202 layer=15 children=1233,1179,1072,1013 grandchildren=12330,11791,10722,10138
HASH_ROUTE token=202 layer=16 children=216,379,1178,1017 grandchildren=2165,3792,11782,10178
HASH_ROUTE token=202 layer=17 children=586,624,429,505 grandchildren=5863,6247,4291,5054
HASH_ROUTE token=202 layer=18 children=964,1094,1049,1084 grandchildren=9646,10941,10495,10845
HASH_ROUTE token=202 layer=19 children=147,944,16,814 grandchildren=1478,9446,160,8146
HASH_ROUTE token=202 layer=20 children=201,274,213,315 grandchildren=2017,2742,2138,3150
HASH_ROUTE token=202 layer=21 children=76,87,103,140 grandchildren=763,878,1032,1409
HASH_ROUTE token=202 layer=22 children=585,109,1062,269 grandchildren=5850,1091,10624,2692
HASH_ROUTE token=202 layer=23 children=513,533,194,31 grandchildren=5135,5337,1948,317
HASH_ROUTE token=203 layer=0 children=375,472,362,418 grandchildren=3759,4729,3623,4180
HASH_ROUTE token=203 layer=1 children=349,453,411,397 grandchildren=3497,4538,4117,3970
HASH_ROUTE token=203 layer=2 children=41,844,125,683 grandchildren=418,8440,1258,6838
HASH_ROUTE token=203 layer=3 children=811,977,915,1079 grandchildren=8118,9774,9156,10794
HASH_ROUTE token=203 layer=4 children=297,245,939,881 grandchildren=2975,2459,9392,8819
HASH_ROUTE token=203 layer=5 children=926,607,880,958 grandchildren=9264,6074,8809,9588
HASH_ROUTE token=203 layer=6 children=410,98,1052,577 grandchildren=4105,983,10529,5772
HASH_ROUTE token=203 layer=7 children=508,827,347,29 grandchildren=5089,8273,3474,292
HASH_ROUTE token=203 layer=8 children=66,119,548,148 grandchildren=665,1194,5486,1480
HASH_ROUTE token=203 layer=9 children=950,634,801,312 grandchildren=9506,6347,8014,3120
HASH_ROUTE token=203 layer=10 children=907,1223,429,1060 grandchildren=9076,12235,4294,10609
HASH_ROUTE token=203 layer=11 children=678,654,37,191 grandchildren=6787,6543,377,1916
HASH_ROUTE token=203 layer=12 children=236,226,557,181 grandchildren=2366,2266,5577,1812
HASH_ROUTE token=203 layer=13 children=1216,1136,571,493 grandchildren=12163,11360,5717,4933
HASH_ROUTE token=203 layer=14 children=298,230,195,242 grandchildren=2980,2303,1955,2428
HASH_ROUTE token=203 layer=15 children=650,678,175,334 grandchildren=6509,6789,1754,3340
HASH_ROUTE token=203 layer=16 children=253,213,275,222 grandchildren=2534,2134,2755,2222
HASH_ROUTE token=203 layer=17 children=343,188,501,353 grandchildren=3433,1882,5013,3537
HASH_ROUTE token=203 layer=18 children=1266,306,1134,147 grandchildren=12662,3069,11349,1478
HASH_ROUTE token=203 layer=19 children=357,340,467,400 grandchildren=3572,3402,4679,4008
HASH_ROUTE token=203 layer=20 children=212,277,160,178 grandchildren=2120,2775,1602,1782
HASH_ROUTE token=203 layer=21 children=145,93,1262,1210 grandchildren=1458,936,12621,12108
HASH_ROUTE token=203 layer=22 children=623,301,566,585 grandchildren=6238,3015,5664,5851
HASH_ROUTE token=203 layer=23 children=254,579,1054,194 grandchildren=2540,5790,10549,1947
HASH_ROUTE token=204 layer=0 children=856,1172,373,1019 grandchildren=8569,11728,3738,10198
HASH_ROUTE token=204 layer=1 children=184,665,821,209 grandchildren=1846,6659,8210,2094
HASH_ROUTE token=204 layer=2 children=814,841,1137,1162 grandchildren=8145,8417,11375,11622
HASH_ROUTE token=204 layer=3 children=831,853,826,926 grandchildren=8314,8537,8263,9267
HASH_ROUTE token=204 layer=4 children=234,186,294,266 grandchildren=2345,1867,2946,2668
HASH_ROUTE token=204 layer=5 children=439,378,354,114 grandchildren=4398,3783,3547,1144
HASH_ROUTE token=204 layer=6 children=448,289,123,1243 grandchildren=4482,2890,1239,12434
HASH_ROUTE token=204 layer=7 children=928,910,883,903 grandchildren=9284,9104,8835,9032
HASH_ROUTE token=204 layer=8 children=887,895,241,250 grandchildren=8875,8955,2419,2509
HASH_ROUTE token=204 layer=9 children=958,898,871,314 grandchildren=9587,8981,8712,3141
HASH_ROUTE token=204 layer=10 children=361,380,1003,42 grandchildren=3618,3805,10032,425
HASH_ROUTE token=204 layer=11 children=357,1150,672,37 grandchildren=3576,11506,6729,375
HASH_ROUTE token=204 layer=12 children=523,1168,206,1005 grandchildren=5232,11687,2060,10053
HASH_ROUTE token=204 layer=13 children=606,628,517,505 grandchildren=6067,6287,5170,5051
HASH_ROUTE token=204 layer=14 children=582,101,267,425 grandchildren=5827,1017,2677,4259
HASH_ROUTE token=204 layer=15 children=175,191,497,224 grandchildren=1759,1916,4974,2241
HASH_ROUTE token=204 layer=16 children=842,368,1003,522 grandchildren=8426,3686,10032,5229
HASH_ROUTE token=204 layer=17 children=620,594,507,308 grandchildren=6202,5946,5072,3082
HASH_ROUTE token=204 layer=18 children=207,1001,313,841 grandchildren=2072,10010,3130,8419
HASH_ROUTE token=204 layer=19 children=789,792,949,764 grandchildren=7898,7922,9497,7644
HASH_ROUTE token=204 layer=20 children=314,167,955,174 grandchildren=3141,1679,9555,1747
HASH_ROUTE token=204 layer=21 children=76,557,875,93 grandchildren=767,5579,8758,938
HASH_ROUTE token=204 layer=22 children=265,424,171,301 grandchildren=2657,4248,1710,3010
HASH_ROUTE token=204 layer=23 children=513,672,606,579 grandchildren=5131,6720,6065,5798
HASH_ROUTE token=205 layer=0 children=153,50,72,65 grandchildren=1532,503,726,659
HASH_ROUTE token=205 layer=1 children=175,297,653,333 grandchildren=1751,2970,6538,3332
HASH_ROUTE token=205 layer=2 children=905,1060,100,581 grandchildren=9059,10604,1005,5815
HASH_ROUTE token=205 layer=3 children=106,68,18,900 grandchildren=1066,689,185,9001
HASH_ROUTE token=205 layer=4 children=186,299,312,194 grandchildren=1869,2998,3126,1940
HASH_ROUTE token=205 layer=5 children=1274,1210,1179,1130 grandchildren=12745,12101,11799,11302
HASH_ROUTE token=205 layer=6 children=129,442,760,289 grandchildren=1291,4429,7602,2890
HASH_ROUTE token=205 layer=7 children=934,137,617,459 grandchildren=9341,1371,6171,4594
HASH_ROUTE token=205 layer=8 children=1110,953,314,1274 grandchildren=11102,9531,3146,12749
HASH_ROUTE token=205 layer=9 children=955,314,897,915 grandchildren=9553,3149,8973,9151
HASH_ROUTE token=205 layer=10 children=347,1147,180,446 grandchildren=3470,11475,1808,4468
HASH_ROUTE token=205 layer=11 children=24,1142,30,1154 grandchildren=249,11428,303,11544
HASH_ROUTE token=205 layer=12 children=374,327,219,478 grandchildren=3740,3278,2195,4781
HASH_ROUTE token=205 layer=13 children=148,786,948,463 grandchildren=1487,7860,9487,4635
HASH_ROUTE token=205 layer=14 children=693,777,537,616 grandchildren=6934,7777,5377,6162
HASH_ROUTE token=205 layer=15 children=995,1024,831,1040 grandchildren=9957,10242,8315,10402
HASH_ROUTE token=205 layer=16 children=431,365,346,1076 grandchildren=4318,3650,3468,10763
HASH_ROUTE token=205 layer=17 children=981,188,349,509 grandchildren=9813,1884,3490,5091
HASH_ROUTE token=205 layer=18 children=382,320,454,364 grandchildren=3820,3203,4548,3641
HASH_ROUTE token=205 layer=19 children=606,446,522,926 grandchildren=6065,4469,5220,9269
HASH_ROUTE token=205 layer=20 children=766,730,642,677 grandchildren=7665,7309,6420,6773
HASH_ROUTE token=205 layer=21 children=1030,552,870,236 grandchildren=10309,5526,8706,2367
HASH_ROUTE token=205 layer=22 children=178,13,265,331 grandchildren=1781,139,2651,3314
HASH_ROUTE token=205 layer=23 children=945,620,861,1265 grandchildren=9457,6206,8611,12657
HASH_ROUTE token=206 layer=0 children=755,649,779,713 grandchildren=7551,6499,7796,7136
HASH_ROUTE token=206 layer=1 children=527,689,504,663 grandchildren=5279,6892,5049,6630
HASH_ROUTE token=206 layer=2 children=352,830,36,991 grandchildren=3523,8302,361,9917
HASH_ROUTE token=206 layer=3 children=623,613,535,554 grandchildren=6234,6139,5350,5544
HASH_ROUTE token=206 layer=4 children=465,434,1260,452 grandchildren=4650,4348,12605,4526
HASH_ROUTE token=206 layer=5 children=320,809,963,168 grandchildren=3209,8095,9633,1684
HASH_ROUTE token=206 layer=6 children=461,785,620,946 grandchildren=4617,7854,6201,9463
HASH_ROUTE token=206 layer=7 children=148,99,38,621 grandchildren=1485,990,382,6217
HASH_ROUTE token=206 layer=8 children=1014,697,1100,786 grandchildren=10149,6973,11007,7869
HASH_ROUTE token=206 layer=9 children=131,55,938,156 grandchildren=1317,558,9386,1564
HASH_ROUTE token=206 layer=10 children=616,626,540,587 grandchildren=6166,6266,5408,5878
HASH_ROUTE token=206 layer=11 children=916,1077,866,753 grandchildren=9169,10774,8660,7539
HASH_ROUTE token=206 layer=12 children=359,839,1151,512 grandchildren=3594,8396,11510,5123
HASH_ROUTE token=206 layer=13 children=324,167,489,361 grandchildren=3248,1679,4895,3613
HASH_ROUTE token=206 layer=14 children=1102,1264,1096,947 grandchildren=11029,12645,10967,9470
HASH_ROUTE token=206 layer=15 children=767,127,1080,678 grandchildren=7677,1271,10800,6788
HASH_ROUTE token=206 layer=16 children=921,600,889,124 grandchildren=9210,6007,8896,1249
HASH_ROUTE token=206 layer=17 children=893,954,801,91 grandchildren=8930,9548,8011,910
HASH_ROUTE token=206 layer=18 children=740,1226,268,721 grandchildren=7405,12262,2686,7211
HASH_ROUTE token=206 layer=19 children=322,647,1121,482 grandchildren=3228,6470,11216,4825
HASH_ROUTE token=206 layer=20 children=1264,309,1223,786 grandchildren=12646,3096,12236,7866
HASH_ROUTE token=206 layer=21 children=1180,1238,700,65 grandchildren=11802,12380,7001,659
HASH_ROUTE token=206 layer=22 children=939,295,1090,772 grandchildren=9396,2958,10909,7725
HASH_ROUTE token=206 layer=23 children=109,45,71,261 grandchildren=1098,455,714,2615
HASH_ROUTE token=207 layer=0 children=153,55,72,65 grandchildren=1535,558,727,656
HASH_ROUTE token=207 layer=1 children=295,174,238,205 grandchildren=2958,1745,2387,2050
HASH_ROUTE token=207 layer=2 children=422,330,403,329 grandchildren=4229,3302,4038,3299
HASH_ROUTE token=207 layer=3 children=65,135,100,158 grandchildren=657,1359,1002,1585
HASH_ROUTE token=207 layer=4 children=186,292,504,193 grandchildren=1868,2922,5040,1938
HASH_ROUTE token=207 layer=5 children=289,302,921,945 grandchildren=2893,3021,9219,9459
HASH_ROUTE token=207 layer=6 children=444,289,127,414 grandchildren=4443,2895,1276,4142
HASH_ROUTE token=207 layer=7 children=777,935,795,134 grandchildren=7771,9354,7954,1348
HASH_ROUTE token=207 layer=8 children=1112,1012,1043,1109 grandchildren=11127,10127,10438,11092
HASH_ROUTE token=207 layer=9 children=897,837,1219,1152 grandchildren=8979,8377,12191,11527
HASH_ROUTE token=207 layer=10 children=187,249,172,289 grandchildren=1871,2491,1725,2896
HASH_ROUTE token=207 layer=11 children=52,1178,530,853 grandchildren=523,11782,5300,8535
HASH_ROUTE token=207 layer=12 children=322,1125,161,6 grandchildren=3227,11254,1612,60
HASH_ROUTE token=207 layer=13 children=782,720,712,693 grandchildren=7821,7204,7121,6933
HASH_ROUTE token=207 layer=14 children=580,632,266,313 grandchildren=5800,6325,2665,3139
HASH_ROUTE token=207 layer=15 children=999,987,839,1041 grandchildren=9996,9879,8392,10417
HASH_ROUTE token=207 layer=16 children=439,366,471,457 grandchildren=4398,3667,4714,4579
HASH_ROUTE token=207 layer=17 children=981,504,188,667 grandchildren=9816,5049,1881,6674
HASH_ROUTE token=207 layer=18 children=1064,428,1057,1033 grandchildren=10640,4288,10578,10338
HASH_ROUTE token=207 layer=19 children=762,685,446,796 grandchildren=7626,6855,4460,7966
HASH_ROUTE token=207 layer=20 children=652,790,16,779 grandchildren=6522,7904,168,7798
HASH_ROUTE token=207 layer=21 children=874,1035,714,71 grandchildren=8748,10358,7141,719
HASH_ROUTE token=207 layer=22 children=176,210,298,334 grandchildren=1767,2105,2983,3341
HASH_ROUTE token=207 layer=23 children=583,909,552,871 grandchildren=5834,9098,5527,8718
HASH_ROUTE token=208 layer=0 children=449,327,361,411 grandchildren=4491,3275,3614,4115
HASH_ROUTE token=208 layer=1 children=348,453,362,411 grandchildren=3483,4530,3626,4118
HASH_ROUTE token=208 layer=2 children=1054,1003,991,1103 grandchildren=10540,10031,9915,11030
HASH_ROUTE token=208 layer=3 children=100,119,11,72 grandchildren=1001,1191,112,728
HASH_ROUTE token=208 layer=4 children=466,305,451,448 grandchildren=4661,3056,4519,4487
HASH_ROUTE token=208 layer=5 children=1212,1171,893,1134 grandchildren=12129,11714,8932,11342
HASH_ROUTE token=208 layer=6 children=247,725,169,1209 grandchildren=2475,7254,1694,12099
HASH_ROUTE token=208 layer=7 children=618,137,603,121 grandchildren=6184,1375,6039,1213
HASH_ROUTE token=208 layer=8 children=313,1277,247,1208 grandchildren=3135,12778,2470,12089
HASH_ROUTE token=208 layer=9 children=312,795,631,257 grandchildren=3125,7957,6312,2575
HASH_ROUTE token=208 layer=10 children=1140,1181,825,505 grandchildren=11409,11814,8258,5055
HASH_ROUTE token=208 layer=11 children=51,1010,117,1073 grandchildren=512,10108,1175,10731
HASH_ROUTE token=208 layer=12 children=636,472,484,544 grandchildren=6365,4726,4843,5441
HASH_ROUTE token=208 layer=13 children=734,665,728,91 grandchildren=7346,6657,7280,910
HASH_ROUTE token=208 layer=14 children=351,832,453,197 grandchildren=3515,8325,4536,1970
HASH_ROUTE token=208 layer=15 children=371,472,1013,1117 grandchildren=3716,4725,10136,11175
HASH_ROUTE token=208 layer=16 children=222,251,209,386 grandchildren=2220,2512,2096,3862
HASH_ROUTE token=208 layer=17 children=187,341,263,827 grandchildren=1873,3414,2630,8270
HASH_ROUTE token=208 layer=18 children=104,1,1067,14 grandchildren=1043,18,10674,146
HASH_ROUTE token=208 layer=19 children=679,660,700,353 grandchildren=6795,6605,7009,3538
HASH_ROUTE token=208 layer=20 children=730,798,749,750 grandchildren=7308,7982,7494,7500
HASH_ROUTE token=208 layer=21 children=208,1005,227,162 grandchildren=2081,10052,2278,1622
HASH_ROUTE token=208 layer=22 children=1091,1009,973,969 grandchildren=10919,10091,9730,9695
HASH_ROUTE token=208 layer=23 children=836,945,861,671 grandchildren=8360,9456,8618,6712
HASH_ROUTE token=209 layer=0 children=166,205,649,805 grandchildren=1664,2054,6493,8057
HASH_ROUTE token=209 layer=1 children=297,200,262,180 grandchildren=2972,2007,2620,1806
HASH_ROUTE token=209 layer=2 children=421,330,418,440 grandchildren=4212,3301,4183,4408
HASH_ROUTE token=209 layer=3 children=958,926,871,892 grandchildren=9581,9267,8710,8926
HASH_ROUTE token=209 layer=4 children=181,295,313,826 grandchildren=1818,2959,3131,8260
HASH_ROUTE token=209 layer=5 children=853,890,1172,814 grandchildren=8530,8900,11724,8141
HASH_ROUTE token=209 layer=6 children=204,297,255,249 grandchildren=2047,2971,2557,2494
HASH_ROUTE token=209 layer=7 children=308,624,145,1109 grandchildren=3085,6249,1456,11096
HASH_ROUTE token=209 layer=8 children=1107,948,465,1266 grandchildren=11076,9483,4657,12661
HASH_ROUTE token=209 layer=9 children=476,452,373,388 grandchildren=4763,4529,3735,3883
HASH_ROUTE token=209 layer=10 children=672,722,747,707 grandchildren=6725,7225,7475,7077
HASH_ROUTE token=209 layer=11 children=703,1182,1026,674 grandchildren=7038,11826,10268,6746
HASH_ROUTE token=209 layer=12 children=850,1011,844,1170 grandchildren=8504,10115,8442,11707
HASH_ROUTE token=209 layer=13 children=642,967,735,1058 grandchildren=6423,9670,7350,10581
HASH_ROUTE token=209 layer=14 children=452,440,407,425 grandchildren=4525,4400,4079,4250
HASH_ROUTE token=209 layer=15 children=1188,1235,1270,1258 grandchildren=11885,12358,12704,12587
HASH_ROUTE token=209 layer=16 children=323,165,967,428 grandchildren=3239,1650,9677,4283
HASH_ROUTE token=209 layer=17 children=263,587,184,509 grandchildren=2636,5878,1846,5093
HASH_ROUTE token=209 layer=18 children=997,1107,1061,196 grandchildren=9972,11078,10614,1969
HASH_ROUTE token=209 layer=19 children=239,714,397,172 grandchildren=2395,7143,3976,1722
HASH_ROUTE token=209 layer=20 children=197,164,298,215 grandchildren=1975,1642,2985,2157
HASH_ROUTE token=209 layer=21 children=76,126,106,874 grandchildren=761,1264,1065,8749
HASH_ROUTE token=209 layer=22 children=1093,1112,931,1060 grandchildren=10933,11127,9316,10607
HASH_ROUTE token=209 layer=23 children=270,263,193,289 grandchildren=2708,2639,1936,2891
HASH_ROUTE token=210 layer=0 children=153,50,72,65 grandchildren=1533,501,728,659
HASH_ROUTE token=210 layer=1 children=171,297,652,238 grandchildren=1716,2975,6529,2387
HASH_ROUTE token=210 layer=2 children=1225,1128,740,1262 grandchildren=12252,11286,7403,12624
HASH_ROUTE token=210 layer=3 children=931,138,1099,292 grandchildren=9315,1389,10992,2924
HASH_ROUTE token=210 layer=4 children=234,189,228,191 grandchildren=2346,1898,2283,1911
HASH_ROUTE token=210 layer=5 children=842,851,369,378 grandchildren=8421,8515,3691,3785
HASH_ROUTE token=210 layer=6 children=448,409,280,461 grandchildren=4481,4090,2808,4619
HASH_ROUTE token=210 layer=7 children=294,777,181,208 grandchildren=2946,7777,1818,2087
HASH_ROUTE token=210 layer=8 children=1015,1040,1021,536 grandchildren=10151,10407,10218,5368
HASH_ROUTE token=210 layer=9 children=296,459,934,1254 grandchildren=2967,4598,9342,12544
HASH_ROUTE token=210 layer=10 children=368,1169,849,1008 grandchildren=3688,11698,8495,10089
HASH_ROUTE token=210 layer=11 children=353,670,380,331 grandchildren=3537,6701,3800,3314
HASH_ROUTE token=210 layer=12 children=568,559,527,244 grandchildren=5687,5592,5278,2449
HASH_ROUTE token=210 layer=13 children=678,735,704,784 grandchildren=6786,7352,7045,7848
HASH_ROUTE token=210 layer=14 children=452,438,395,618 grandchildren=4521,4381,3959,6182
HASH_ROUTE token=210 layer=15 children=670,832,1150,357 grandchildren=6703,8328,11504,3571
HASH_ROUTE token=210 layer=16 children=439,279,349,594 grandchildren=4399,2793,3499,5945
HASH_ROUTE token=210 layer=17 children=594,515,584,574 grandchildren=5949,5157,5846,5747
HASH_ROUTE token=210 layer=18 children=732,1211,781,640 grandchildren=7320,12110,7819,6400
HASH_ROUTE token=210 layer=19 children=783,792,744,467 grandchildren=7832,7924,7449,4679
HASH_ROUTE token=210 layer=20 children=165,315,220,194 grandchildren=1650,3150,2203,1945
HASH_ROUTE token=210 layer=21 children=877,239,1194,718 grandchildren=8775,2394,11948,7181
HASH_ROUTE token=210 layer=22 children=428,269,335,179 grandchildren=4289,2690,3356,1798
HASH_ROUTE token=210 layer=23 children=579,514,530,566 grandchildren=5796,5140,5303,5668
HASH_ROUTE token=211 layer=0 children=955,478,798,854 grandchildren=9556,4781,7983,8545
HASH_ROUTE token=211 layer=1 children=410,737,424,252 grandchildren=4102,7374,4242,2524
HASH_ROUTE token=211 layer=2 children=656,767,774,726 grandchildren=6569,7673,7741,7267
HASH_ROUTE token=211 layer=3 children=774,694,619,657 grandchildren=7740,6941,6190,6574
HASH_ROUTE token=211 layer=4 children=245,881,1041,256 grandchildren=2450,8818,10413,2564
HASH_ROUTE token=211 layer=5 children=918,891,112,901 grandchildren=9183,8915,1124,9015
HASH_ROUTE token=211 layer=6 children=1054,1032,416,1105 grandchildren=10545,10320,4167,11056
HASH_ROUTE token=211 layer=7 children=284,169,199,187 grandchildren=2845,1699,1990,1879
HASH_ROUTE token=211 layer=8 children=914,591,941,628 grandchildren=9143,5917,9418,6289
HASH_ROUTE token=211 layer=9 children=180,664,311,792 grandchildren=1805,6649,3119,7926
HASH_ROUTE token=211 layer=10 children=907,1063,952,107 grandchildren=9071,10632,9522,1071
HASH_ROUTE token=211 layer=11 children=7,1123,323,965 grandchildren=78,11234,3236,9656
HASH_ROUTE token=211 layer=12 children=506,531,542,514 grandchildren=5068,5317,5428,5142
HASH_ROUTE token=211 layer=13 children=1210,1138,739,1278 grandchildren=12104,11388,7390,12782
HASH_ROUTE token=211 layer=14 children=455,939,447,139 grandchildren=4552,9393,4473,1398
HASH_ROUTE token=211 layer=15 children=1270,793,1238,1244 grandchildren=12704,7932,12384,12449
HASH_ROUTE token=211 layer=16 children=213,256,1172,222 grandchildren=2138,2561,11721,2221
HASH_ROUTE token=211 layer=17 children=587,426,1066,264 grandchildren=5877,4263,10664,2648
HASH_ROUTE token=211 layer=18 children=1211,1236,1208,1255 grandchildren=12116,12364,12089,12552
HASH_ROUTE token=211 layer=19 children=220,389,242,62 grandchildren=2207,3898,2422,629
HASH_ROUTE token=211 layer=20 children=315,208,263,254 grandchildren=3153,2086,2632,2545
HASH_ROUTE token=211 layer=21 children=1267,1226,1219,140 grandchildren=12670,12262,12192,1404
HASH_ROUTE token=211 layer=22 children=156,638,311,89 grandchildren=1563,6386,3111,894
HASH_ROUTE token=211 layer=23 children=996,1058,672,1071 grandchildren=9965,10585,6723,10717
HASH_ROUTE token=212 layer=0 children=449,1089,765,397 grandchildren=4497,10898,7657,3972
HASH_ROUTE token=212 layer=1 children=130,126,31,5 grandchildren=1307,1267,318,59
HASH_ROUTE token=212 layer=2 children=1216,411,94,730 grandchildren=12162,4116,944,7302
HASH_ROUTE token=212 layer=3 children=611,778,452,530 grandchildren=6115,7788,4528,5307
HASH_ROUTE token=212 layer=4 children=185,245,318,820 grandchildren=1857,2456,3186,8204
HASH_ROUTE token=212 layer=5 children=494,586,636,556 grandchildren=4947,5866,6368,5563
HASH_ROUTE token=212 layer=6 children=416,92,253,895 grandchildren=4167,926,2536,8958
HASH_ROUTE token=212 layer=7 children=48,368,83,30 grandchildren=488,3682,832,301
HASH_ROUTE token=212 layer=8 children=51,1170,535,210 grandchildren=512,11707,5351,2107
HASH_ROUTE token=212 layer=9 children=934,868,823,299 grandchildren=9342,8685,8232,2993
HASH_ROUTE token=212 layer=10 children=932,1259,619,458 grandchildren=9323,12596,6190,4586
HASH_ROUTE token=212 layer=11 children=381,61,419,704 grandchildren=3818,610,4196,7048
HASH_ROUTE token=212 layer=12 children=238,559,206,1192 grandchildren=2381,5595,2069,11925
HASH_ROUTE token=212 layer=13 children=735,756,779,652 grandchildren=7351,7564,7791,6522
HASH_ROUTE token=212 layer=14 children=447,330,467,397 grandchildren=4477,3305,4678,3976
HASH_ROUTE token=212 layer=15 children=379,1179,352,339 grandchildren=3791,11798,3526,3392
HASH_ROUTE token=212 layer=16 children=255,277,170,264 grandchildren=2554,2775,1704,2641
HASH_ROUTE token=212 layer=17 children=576,542,593,587 grandchildren=5762,5425,5935,5878
HASH_ROUTE token=212 layer=18 children=485,800,593,918 grandchildren=4850,8005,5935,9183
HASH_ROUTE token=212 layer=19 children=314,293,638,617 grandchildren=3142,2935,6389,6171
HASH_ROUTE token=212 layer=20 children=270,596,206,524 grandchildren=2705,5964,2062,5242
HASH_ROUTE token=212 layer=21 children=875,956,828,893 grandchildren=8755,9567,8281,8934
HASH_ROUTE token=212 layer=22 children=184,988,282,348 grandchildren=1841,9887,2827,3485
HASH_ROUTE token=212 layer=23 children=144,100,37,113 grandchildren=1449,1007,371,1134
HASH_ROUTE token=213 layer=0 children=363,1163,320,1126 grandchildren=3631,11637,3203,11268
HASH_ROUTE token=213 layer=1 children=349,186,450,352 grandchildren=3498,1868,4505,3528
HASH_ROUTE token=213 layer=2 children=45,128,95,1161 grandchildren=450,1287,955,11611
HASH_ROUTE token=213 layer=3 children=779,1256,452,135 grandchildren=7799,12562,4521,1354
HASH_ROUTE token=213 layer=4 children=294,189,179,312 grandchildren=2941,1896,1798,3129
HASH_ROUTE token=213 layer=5 children=891,1212,901,850 grandchildren=8918,12123,9011,8507
HASH_ROUTE token=213 layer=6 children=668,671,716,770 grandchildren=6681,6714,7162,7707
HASH_ROUTE token=213 layer=7 children=61,540,26,48 grandchildren=614,5406,269,488
HASH_ROUTE token=213 layer=8 children=1201,1161,243,408 grandchildren=12015,11616,2436,4083
HASH_ROUTE token=213 layer=9 children=700,867,664,226 grandchildren=7007,8678,6644,2262
HASH_ROUTE token=213 layer=10 children=959,477,837,907 grandchildren=9596,4773,8376,9072
HASH_ROUTE token=213 layer=11 children=750,1075,435,1230 grandchildren=7501,10757,4356,12301
HASH_ROUTE token=213 layer=12 children=183,506,203,198 grandchildren=1834,5065,2035,1987
HASH_ROUTE token=213 layer=13 children=1212,1255,739,1058 grandchildren=12126,12559,7392,10583
HASH_ROUTE token=213 layer=14 children=455,139,618,295 grandchildren=4555,1394,6185,2958
HASH_ROUTE token=213 layer=15 children=1238,1246,1177,1150 grandchildren=12382,12466,11770,11509
HASH_ROUTE token=213 layer=16 children=213,256,172,265 grandchildren=2134,2567,1725,2654
HASH_ROUTE token=213 layer=17 children=507,609,535,484 grandchildren=5075,6094,5359,4845
HASH_ROUTE token=213 layer=18 children=1194,237,1033,399 grandchildren=11949,2372,10330,3991
HASH_ROUTE token=213 layer=19 children=340,357,466,403 grandchildren=3408,3576,4665,4038
HASH_ROUTE token=213 layer=20 children=254,313,227,208 grandchildren=2541,3131,2278,2081
HASH_ROUTE token=213 layer=21 children=872,555,230,718 grandchildren=8729,5552,2307,7189
HASH_ROUTE token=213 layer=22 children=20,149,502,623 grandchildren=204,1495,5025,6233
HASH_ROUTE token=213 layer=23 children=504,981,585,188 grandchildren=5049,9817,5858,1884
HASH_ROUTE token=214 layer=0 children=482,163,962,805 grandchildren=4824,1633,9629,8053
HASH_ROUTE token=214 layer=1 children=826,860,932,833 grandchildren=8262,8608,9329,8333
HASH_ROUTE token=214 layer=2 children=1003,1051,1061,1092 grandchildren=10033,10516,10618,10926
HASH_ROUTE token=214 layer=3 children=932,610,953,1259 grandchildren=9326,6108,9532,12593
HASH_ROUTE token=214 layer=4 children=909,938,261,812 grandchildren=9091,9380,2610,8123
HASH_ROUTE token=214 layer=5 children=1223,905,582,1179 grandchildren=12236,9051,5826,11790
HASH_ROUTE token=214 layer=6 children=251,738,243,892 grandchildren=2510,7387,2436,8920
HASH_ROUTE token=214 layer=7 children=150,310,9,1272 grandchildren=1508,3102,97,12726
HASH_ROUTE token=214 layer=8 children=1229,1258,1208,1177 grandchildren=12291,12584,12086,11773
HASH_ROUTE token=214 layer=9 children=864,828,387,346 grandchildren=8646,8288,3876,3468
HASH_ROUTE token=214 layer=10 children=752,707,798,642 grandchildren=7528,7075,7980,6427
HASH_ROUTE token=214 layer=11 children=757,115,1074,435 grandchildren=7579,1152,10746,4355
HASH_ROUTE token=214 layer=12 children=1011,213,697,51 grandchildren=10110,2132,6979,518
HASH_ROUTE token=214 layer=13 children=1255,1232,1122,1248 grandchildren=12559,12328,11224,12488
HASH_ROUTE token=214 layer=14 children=939,777,816,456 grandchildren=9391,7778,8164,4562
HASH_ROUTE token=214 layer=15 children=853,378,1175,538 grandchildren=8532,3781,11753,5385
HASH_ROUTE token=214 layer=16 children=253,417,1215,1056 grandchildren=2531,4174,12150,10568
HASH_ROUTE token=214 layer=17 children=564,542,532,587 grandchildren=5640,5426,5324,5871
HASH_ROUTE token=214 layer=18 children=159,1275,141,1266 grandchildren=1598,12753,1412,12663
HASH_ROUTE token=214 layer=19 children=346,338,460,409 grandchildren=3463,3386,4606,4099
HASH_ROUTE token=214 layer=20 children=215,208,185,197 grandchildren=2159,2081,1852,1976
HASH_ROUTE token=214 layer=21 children=819,893,839,878 grandchildren=8199,8935,8393,8786
HASH_ROUTE token=214 layer=22 children=636,509,624,533 grandchildren=6365,5090,6247,5338
HASH_ROUTE token=214 layer=23 children=513,194,995,1151 grandchildren=5132,1942,9956,11514
HASH_ROUTE token=215 layer=0 children=153,50,72,65 grandchildren=1538,508,723,657
HASH_ROUTE token=215 layer=1 children=175,297,653,333 grandchildren=1753,2977,6530,3334
HASH_ROUTE token=215 layer=2 children=905,424,1060,100 grandchildren=9056,4244,10602,1003
HASH_ROUTE token=215 layer=3 children=106,68,18,900 grandchildren=1068,688,180,9003
HASH_ROUTE token=215 layer=4 children=186,294,312,229 grandchildren=1869,2942,3120,2293
HASH_ROUTE token=215 layer=5 children=1272,1210,1179,1130 grandchildren=12725,12108,11799,11300
HASH_ROUTE token=215 layer=6 children=129,442,760,289 grandchildren=1298,4427,7609,2896
HASH_ROUTE token=215 layer=7 children=934,137,617,459 grandchildren=9343,1374,6174,4594
HASH_ROUTE token=215 layer=8 children=1110,953,319,1047 grandchildren=11100,9532,3190,10470
HASH_ROUTE token=215 layer=9 children=955,897,314,913 grandchildren=9551,8972,3143,9130
HASH_ROUTE token=215 layer=10 children=1147,347,180,1244 grandchildren=11474,3479,1808,12441
HASH_ROUTE token=215 layer=11 children=24,1142,30,1151 grandchildren=244,11425,306,11510
HASH_ROUTE token=215 layer=12 children=378,327,478,216 grandchildren=3787,3272,4780,2165
HASH_ROUTE token=215 layer=13 children=148,786,943,463 grandchildren=1483,7863,9435,4636
HASH_ROUTE token=215 layer=14 children=777,693,610,537 grandchildren=7770,6936,6107,5375
HASH_ROUTE token=215 layer=15 children=995,1024,831,1040 grandchildren=9953,10246,8311,10402
HASH_ROUTE token=215 layer=16 children=431,365,346,1076 grandchildren=4316,3653,3461,10762
HASH_ROUTE token=215 layer=17 children=981,186,1144,1045 grandchildren=9819,1866,11448,10459
HASH_ROUTE token=215 layer=18 children=320,380,364,456 grandchildren=3203,3800,3643,4560
HASH_ROUTE token=215 layer=19 children=606,446,120,523 grandchildren=6061,4463,1200,5239
HASH_ROUTE token=215 layer=20 children=766,647,730,744 grandchildren=7663,6479,7305,7447
HASH_ROUTE token=215 layer=21 children=1030,554,870,236 grandchildren=10304,5548,8704,2366
HASH_ROUTE token=215 layer=22 children=178,265,13,331 grandchildren=1789,2652,138,3317
HASH_ROUTE token=215 layer=23 children=624,945,607,927 grandchildren=6248,9451,6074,9273
HASH_ROUTE token=216 layer=0 children=755,649,779,713 grandchildren=7555,6493,7799,7136
HASH_ROUTE token=216 layer=1 children=527,689,504,663 grandchildren=5277,6898,5044,6637
HASH_ROUTE token=216 layer=2 children=352,830,36,991 grandchildren=3525,8308,363,9919
HASH_ROUTE token=216 layer=3 children=623,613,535,554 grandchildren=6230,6133,5356,5542
HASH_ROUTE token=216 layer=4 children=465,434,1260,452 grandchildren=4651,4346,12605,4520
HASH_ROUTE token=216 layer=5 children=320,809,963,168 grandchildren=3204,8090,9633,1687
HASH_ROUTE token=216 layer=6 children=461,785,620,946 grandchildren=4619,7857,6201,9466
HASH_ROUTE token=216 layer=7 children=148,99,38,621 grandchildren=1486,998,381,6217
HASH_ROUTE token=216 layer=8 children=1014,697,1100,786 grandchildren=10144,6973,11002,7864
HASH_ROUTE token=216 layer=9 children=131,55,938,156 grandchildren=1315,554,9382,1560
HASH_ROUTE token=216 layer=10 children=616,626,540,587 grandchildren=6167,6260,5402,5874
HASH_ROUTE token=216 layer=11 children=916,1077,866,753 grandchildren=9161,10771,8665,7539
HASH_ROUTE token=216 layer=12 children=359,839,1151,512 grandchildren=3591,8391,11516,5127
HASH_ROUTE token=216 layer=13 children=324,167,489,361 grandchildren=3242,1679,4892,3619
HASH_ROUTE token=216 layer=14 children=1102,1264,1096,947 grandchildren=11020,12640,10962,9470
HASH_ROUTE token=216 layer=15 children=767,127,1080,678 grandchildren=7671,1274,10804,6787
HASH_ROUTE token=216 layer=16 children=921,600,889,124 grandchildren=9219,6008,8895,1245
HASH_ROUTE token=216 layer=17 children=893,954,801,91 grandchildren=8933,9545,8015,915
HASH_ROUTE token=216 layer=18 children=740,1226,268,721 grandchildren=7402,12263,2684,7215
HASH_ROUTE token=216 layer=19 children=322,647,1121,482 grandchildren=3223,6471,11212,4825
HASH_ROUTE token=216 layer=20 children=1264,309,1223,786 grandchildren=12647,3094,12231,7864
HASH_ROUTE token=216 layer=21 children=1180,1238,700,65 grandchildren=11805,12384,7002,651
HASH_ROUTE token=216 layer=22 children=939,295,1090,772 grandchildren=9393,2952,10900,7723
HASH_ROUTE token=216 layer=23 children=109,45,71,261 grandchildren=1090,454,710,2612
HASH_ROUTE token=217 layer=0 children=441,322,414,927 grandchildren=4413,3225,4147,9279
HASH_ROUTE token=217 layer=1 children=879,909,233,937 grandchildren=8791,9091,2336,9378
HASH_ROUTE token=217 layer=2 children=48,117,144,842 grandchildren=481,1178,1443,8423
HASH_ROUTE token=217 layer=3 children=618,554,525,497 grandchildren=6181,5547,5250,4974
HASH_ROUTE token=217 layer=4 children=261,312,164,194 grandchildren=2613,3128,1640,1947
HASH_ROUTE token=217 layer=5 children=1212,1174,252,892 grandchildren=12128,11741,2522,8921
HASH_ROUTE token=217 layer=6 children=725,681,1204,761 grandchildren=7259,6810,12043,7611
HASH_ROUTE token=217 layer=7 children=137,52,773,692 grandchildren=1374,521,7730,6922
HASH_ROUTE token=217 layer=8 children=950,1117,794,823 grandchildren=9508,11176,7940,8230
HASH_ROUTE token=217 layer=9 children=257,314,1219,1277 grandchildren=2573,3148,12197,12778
HASH_ROUTE token=217 layer=10 children=662,1140,676,722 grandchildren=6626,11400,6763,7226
HASH_ROUTE token=217 layer=11 children=61,1,52,40 grandchildren=612,16,528,405
HASH_ROUTE token=217 layer=12 children=803,322,1124,480 grandchildren=8039,3229,11245,4807
HASH_ROUTE token=217 layer=13 children=143,84,98,782 grandchildren=1431,846,989,7824
HASH_ROUTE token=217 layer=14 children=520,200,840,614 grandchildren=5204,2007,8407,6142
HASH_ROUTE token=217 layer=15 children=357,415,338,398 grandchildren=3577,4159,3389,3982
HASH_ROUTE token=217 layer=16 children=1092,456,1083,771 grandchildren=10921,4566,10838,7715
HASH_ROUTE token=217 layer=17 children=1204,1127,1230,1189 grandchildren=12042,11272,12303,11891
HASH_ROUTE token=217 layer=18 children=203,44,364,1006 grandchildren=2033,448,3641,10066
HASH_ROUTE token=217 layer=19 children=305,941,267,903 grandchildren=3056,9414,2677,9038
HASH_ROUTE token=217 layer=20 children=357,1155,349,1147 grandchildren=3578,11550,3497,11474
HASH_ROUTE token=217 layer=21 children=70,130,60,101 grandchildren=705,1304,603,1016
HASH_ROUTE token=217 layer=22 children=178,254,282,495 grandchildren=1787,2541,2822,4953
HASH_ROUTE token=217 layer=23 children=179,245,972,1042 grandchildren=1795,2454,9720,10427
HASH_ROUTE token=218 layer=0 children=449,122,1082,925 grandchildren=4490,1227,10822,9258
HASH_ROUTE token=218 layer=1 children=184,297,663,774 grandchildren=1843,2977,6631,7746
HASH_ROUTE token=218 layer=2 children=1225,424,1069,1205 grandchildren=12252,4247,10692,12056
HASH_ROUTE token=218 layer=3 children=63,15,100,7 grandchildren=633,150,1000,75
HASH_ROUTE token=218 layer=4 children=292,193,313,213 grandchildren=2921,1932,3136,2131
HASH_ROUTE token=218 layer=5 children=1212,1174,418,1276 grandchildren=12129,11749,4183,12763
HASH_ROUTE token=218 layer=6 children=683,768,727,49 grandchildren=6837,7689,7271,497
HASH_ROUTE token=218 layer=7 children=777,937,139,617 grandchildren=7771,9379,1394,6175
HASH_ROUTE token=218 layer=8 children=1112,953,1040,1015 grandchildren=11128,9537,10407,10154
HASH_ROUTE token=218 layer=9 children=254,316,897,955 grandchildren=2544,3166,8976,9554
HASH_ROUTE token=218 layer=10 children=1147,1277,1160,1135 grandchildren=11474,12778,11608,11352
HASH_ROUTE token=218 layer=11 children=53,853,64,43 grandchildren=534,8535,646,431
HASH_ROUTE token=218 layer=12 children=329,378,166,217 grandchildren=3292,3781,1664,2179
HASH_ROUTE token=218 layer=13 children=720,783,735,689 grandchildren=7202,7837,7357,6895
HASH_ROUTE token=218 layer=14 children=580,567,536,636 grandchildren=5804,5674,5367,6364
HASH_ROUTE token=218 layer=15 children=831,995,192,883 grandchildren=8318,9956,1925,8834
HASH_ROUTE token=218 layer=16 children=432,365,342,471 grandchildren=4326,3655,3425,4712
HASH_ROUTE token=218 layer=17 children=509,634,983,601 grandchildren=5095,6344,9833,6015
HASH_ROUTE token=218 layer=18 children=1001,1033,842,1051 grandchildren=10013,10335,8429,10513
HASH_ROUTE token=218 layer=19 children=768,446,601,1241 grandchildren=7687,4466,6016,12417
HASH_ROUTE token=218 layer=20 children=764,779,667,647 grandchildren=7645,7792,6673,6479
HASH_ROUTE token=218 layer=21 children=1030,558,230,871 grandchildren=10307,5581,2305,8711
HASH_ROUTE token=218 layer=22 children=265,178,422,102 grandchildren=2656,1786,4224,1025
HASH_ROUTE token=218 layer=23 children=945,903,829,620 grandchildren=9454,9037,8290,6207
HASH_ROUTE token=219 layer=0 children=932,955,131,158 grandchildren=9328,9556,1319,1589
HASH_ROUTE token=219 layer=1 children=843,43,209,522 grandchildren=8436,434,2093,5224
HASH_ROUTE token=219 layer=2 children=366,356,431,48 grandchildren=3664,3566,4314,480
HASH_ROUTE token=219 layer=3 children=799,1278,319,472 grandchildren=7991,12785,3190,4724
HASH_ROUTE token=219 layer=4 children=186,163,1146,295 grandchildren=1867,1634,11464,2958
HASH_ROUTE token=219 layer=5 children=94,35,106,411 grandchildren=944,359,1066,4111
HASH_ROUTE token=219 layer=6 children=672,765,198,286 grandchildren=6727,7659,1983,2867
HASH_ROUTE token=219 layer=7 children=1168,528,1189,544 grandchildren=11687,5286,11894,5449
HASH_ROUTE token=219 layer=8 children=1102,941,1094,1266 grandchildren=11022,9411,10949,12669
HASH_ROUTE token=219 layer=9 children=1146,828,349,987 grandchildren=11467,8289,3498,9872
HASH_ROUTE token=219 layer=10 children=724,677,786,86 grandchildren=7244,6775,7861,868
HASH_ROUTE token=219 layer=11 children=1278,1254,1191,795 grandchildren=12784,12541,11910,7955
HASH_ROUTE token=219 layer=12 children=1063,982,1221,1050 grandchildren=10632,9825,12215,10506
HASH_ROUTE token=219 layer=13 children=784,735,657,626 grandchildren=7846,7351,6573,6263
HASH_ROUTE token=219 layer=14 children=492,16,657,815 grandchildren=4922,168,6574,8154
HASH_ROUTE token=219 layer=15 children=1188,1241,1235,1251 grandchildren=11883,12413,12357,12513
HASH_ROUTE token=219 layer=16 children=251,234,570,263 grandchildren=2516,2345,5702,2639
HASH_ROUTE token=219 layer=17 children=1003,525,40,682 grandchildren=10038,5259,408,6821
HASH_ROUTE token=219 layer=18 children=721,1203,781,645 grandchildren=7211,12033,7817,6456
HASH_ROUTE token=219 layer=19 children=340,467,355,452 grandchildren=3404,4672,3559,4523
HASH_ROUTE token=219 layer=20 children=1194,1223,1272,1258 grandchildren=11943,12235,12724,12589
HASH_ROUTE token=219 layer=21 children=884,569,400,83 grandchildren=8843,5690,4005,834
HASH_ROUTE token=219 layer=22 children=627,504,560,301 grandchildren=6279,5040,5608,3017
HASH_ROUTE token=219 layer=23 children=1065,266,905,1075 grandchildren=10657,2661,9053,10759
HASH_ROUTE token=220 layer=0 children=937,861,955,805 grandchildren=9375,8614,9559,8053
HASH_ROUTE token=220 layer=1 children=685,207,846,46 grandchildren=6854,2074,8464,467
HASH_ROUTE token=220 layer=2 children=354,378,341,387 grandchildren=3549,3780,3414,3870
HASH_ROUTE token=220 layer=3 children=1011,694,1029,52 grandchildren=10118,6946,10299,527
HASH_ROUTE token=220 layer=4 children=181,163,294,266 grandchildren=1813,1633,2940,2668
HASH_ROUTE token=220 layer=5 children=47,528,365,842 grandchildren=476,5288,3654,8422
HASH_ROUTE token=220 layer=6 children=996,352,1035,198 grandchildren=9965,3524,10352,1980
HASH_ROUTE token=220 layer=7 children=606,496,563,1089 grandchildren=6066,4960,5630,10895
HASH_ROUTE token=220 layer=8 children=1165,522,203,365 grandchildren=11657,5222,2036,3658
HASH_ROUTE token=220 layer=9 children=244,888,229,867 grandchildren=2447,8886,2293,8671
HASH_ROUTE token=220 layer=10 children=355,346,471,365 grandchildren=3555,3468,4713,3653
HASH_ROUTE token=220 layer=11 children=686,779,738,1006 grandchildren=6860,7790,7381,10064
HASH_ROUTE token=220 layer=12 children=1049,245,1088,1018 grandchildren=10491,2450,10889,10184
HASH_ROUTE token=220 layer=13 children=135,617,127,41 grandchildren=1352,6172,1270,412
HASH_ROUTE token=220 layer=14 children=230,286,165,254 grandchildren=2306,2861,1657,2545
HASH_ROUTE token=220 layer=15 children=1186,1159,1028,1227 grandchildren=11860,11592,10283,12276
HASH_ROUTE token=220 layer=16 children=219,690,376,258 grandchildren=2199,6904,3761,2588
HASH_ROUTE token=220 layer=17 children=535,545,507,609 grandchildren=5352,5456,5078,6090
HASH_ROUTE token=220 layer=18 children=1270,1265,1155,957 grandchildren=12707,12654,11552,9571
HASH_ROUTE token=220 layer=19 children=445,467,435,423 grandchildren=4455,4673,4353,4230
HASH_ROUTE token=220 layer=20 children=243,254,282,406 grandchildren=2439,2548,2821,4068
HASH_ROUTE token=220 layer=21 children=74,143,558,623 grandchildren=749,1435,5584,6232
HASH_ROUTE token=220 layer=22 children=150,127,1274,1117 grandchildren=1509,1279,12745,11177
HASH_ROUTE token=220 layer=23 children=37,125,513,81 grandchildren=373,1257,5135,812
HASH_ROUTE token=221 layer=0 children=153,50,471,41 grandchildren=1534,505,4718,412
HASH_ROUTE token=221 layer=1 children=297,451,209,260 grandchildren=2978,4513,2092,2607
HASH_ROUTE token=221 layer=2 children=332,432,420,178 grandchildren=3326,4327,4204,1784
HASH_ROUTE token=221 layer=3 children=183,661,27,221 grandchildren=1835,6613,275,2217
HASH_ROUTE token=221 layer=4 children=299,186,209,252 grandchildren=2991,1861,2091,2526
HASH_ROUTE token=221 layer=5 children=844,687,867,700 grandchildren=8441,6876,8678,7001
HASH_ROUTE token=221 layer=6 children=413,448,93,363 grandchildren=4130,4485,932,3631
HASH_ROUTE token=221 layer=7 children=528,848,597,915 grandchildren=5283,8483,5974,9156
HASH_ROUTE token=221 layer=8 children=1001,843,1049,883 grandchildren=10015,8430,10492,8837
HASH_ROUTE token=221 layer=9 children=938,866,457,911 grandchildren=9387,8661,4578,9110
HASH_ROUTE token=221 layer=10 children=790,732,691,472 grandchildren=7903,7329,6910,4720
HASH_ROUTE token=221 layer=11 children=738,794,679,703 grandchildren=7385,7942,6799,7036
HASH_ROUTE token=221 layer=12 children=1189,1148,1120,1273 grandchildren=11894,11489,11204,12731
HASH_ROUTE token=221 layer=13 children=608,1084,765,628 grandchildren=6086,10847,7659,6287
HASH_ROUTE token=221 layer=14 children=858,887,214,247 grandchildren=8584,8875,2146,2473
HASH_ROUTE token=221 layer=15 children=1081,991,1028,969 grandchildren=10817,9914,10285,9699
HASH_ROUTE token=221 layer=16 children=1058,1026,986,1063 grandchildren=10581,10265,9867,10634
HASH_ROUTE token=221 layer=17 children=601,530,515,484 grandchildren=6012,5308,5158,4844
HASH_ROUTE token=221 layer=18 children=794,769,742,660 grandchildren=7949,7698,7421,6605
HASH_ROUTE token=221 layer=19 children=761,783,447,747 grandchildren=7612,7833,4474,7473
HASH_ROUTE token=221 layer=20 children=279,313,214,594 grandchildren=2791,3137,2140,5949
HASH_ROUTE token=221 layer=21 children=231,74,552,879 grandchildren=2317,746,5526,8794
HASH_ROUTE token=221 layer=22 children=799,1110,719,657 grandchildren=7999,11106,7194,6578
HASH_ROUTE token=221 layer=23 children=33,995,672,513 grandchildren=338,9958,6723,5134
HASH_ROUTE token=222 layer=0 children=958,847,917,944 grandchildren=9588,8470,9172,9444
HASH_ROUTE token=222 layer=1 children=349,450,184,660 grandchildren=3493,4508,1841,6603
HASH_ROUTE token=222 layer=2 children=691,659,378,677 grandchildren=6911,6597,3789,6775
HASH_ROUTE token=222 layer=3 children=610,576,1099,778 grandchildren=6101,5763,10992,7788
HASH_ROUTE token=222 layer=4 children=299,185,279,232 grandchildren=2995,1856,2792,2329
HASH_ROUTE token=222 layer=5 children=844,41,893,681 grandchildren=8449,418,8931,6815
HASH_ROUTE token=222 layer=6 children=351,336,363,472 grandchildren=3515,3366,3630,4724
HASH_ROUTE token=222 layer=7 children=495,597,639,543 grandchildren=4956,5974,6398,5439
HASH_ROUTE token=222 layer=8 children=524,612,45,132 grandchildren=5241,6128,453,1326
HASH_ROUTE token=222 layer=9 children=937,956,911,868 grandchildren=9371,9567,9111,8681
HASH_ROUTE token=222 layer=10 children=477,959,153,795 grandchildren=4775,9590,1535,7952
HASH_ROUTE token=222 layer=11 children=671,193,999,735 grandchildren=6714,1932,9992,7355
HASH_ROUTE token=222 layer=12 children=1030,981,1027,1190 grandchildren=10309,9812,10270,11901
HASH_ROUTE token=222 layer=13 children=308,142,626,784 grandchildren=3086,1420,6263,7848
HASH_ROUTE token=222 layer=14 children=887,858,832,911 grandchildren=8879,8581,8329,9111
HASH_ROUTE token=222 layer=15 children=1150,993,677,1249 grandchildren=11500,9935,6775,12496
HASH_ROUTE token=222 layer=16 children=1020,541,1065,387 grandchildren=10209,5411,10655,3877
HASH_ROUTE token=222 layer=17 children=533,622,598,507 grandchildren=5333,6229,5988,5075
HASH_ROUTE token=222 layer=18 children=762,285,928,440 grandchildren=7629,2853,9281,4404
HASH_ROUTE token=222 layer=19 children=759,783,919,767 grandchildren=7597,7833,9194,7679
HASH_ROUTE token=222 layer=20 children=246,1207,224,1188 grandchildren=2462,12073,2244,11880
HASH_ROUTE token=222 layer=21 children=15,33,102,70 grandchildren=153,332,1025,706
HASH_ROUTE token=222 layer=22 children=799,150,1111,651 grandchildren=7991,1502,11117,6519
HASH_ROUTE token=222 layer=23 children=125,928,31,1084 grandchildren=1255,9287,318,10849
HASH_ROUTE token=223 layer=0 children=932,955,805,864 grandchildren=9329,9550,8058,8643
HASH_ROUTE token=223 layer=1 children=746,261,428,900 grandchildren=7461,2610,4283,9004
HASH_ROUTE token=223 layer=2 children=410,377,454,357 grandchildren=4101,3779,4541,3579
HASH_ROUTE token=223 layer=3 children=213,533,1011,694 grandchildren=2130,5330,10110,6946
HASH_ROUTE token=223 layer=4 children=187,503,254,294 grandchildren=1879,5038,2543,2944
HASH_ROUTE token=223 layer=5 children=1238,112,1165,1132 grandchildren=12387,1124,11650,11320
HASH_ROUTE token=223 layer=6 children=416,1052,404,895 grandchildren=4168,10525,4048,8957
HASH_ROUTE token=223 layer=7 children=587,542,490,567 grandchildren=5873,5425,4907,5677
HASH_ROUTE token=223 layer=8 children=561,614,585,608 grandchildren=5612,6144,5858,6085
HASH_ROUTE token=223 layer=9 children=445,762,289,605 grandchildren=4453,7628,2897,6052
HASH_ROUTE token=223 layer=10 children=670,752,728,994 grandchildren=6706,7522,7283,9946
HASH_ROUTE token=223 layer=11 children=540,709,538,512 grandchildren=5400,7097,5381,5120
HASH_ROUTE token=223 layer=12 children=564,596,527,531 grandchildren=5640,5966,5270,5319
HASH_ROUTE token=223 layer=13 children=973,11,333,654 grandchildren=9734,119,3333,6543
HASH_ROUTE token=223 layer=14 children=429,261,387,447 grandchildren=4293,2618,3871,4471
HASH_ROUTE token=223 layer=15 children=1186,700,1159,1237 grandchildren=11863,7006,11595,12376
HASH_ROUTE token=223 layer=16 children=227,169,265,869 grandchildren=2278,1692,2657,8697
HASH_ROUTE token=223 layer=17 children=533,484,52,545 grandchildren=5332,4847,528,5451
HASH_ROUTE token=223 layer=18 children=921,958,762,943 grandchildren=9214,9582,7624,9432
HASH_ROUTE token=223 layer=19 children=783,755,462,764 grandchildren=7831,7552,4623,7641
HASH_ROUTE token=223 layer=20 children=171,254,229,1136 grandchildren=1719,2544,2292,11365
HASH_ROUTE token=223 layer=21 children=551,718,874,230 grandchildren=5513,7182,8749,2306
HASH_ROUTE token=223 layer=22 children=157,631,102,581 grandchildren=1570,6314,1028,5814
HASH_ROUTE token=223 layer=23 children=1043,985,962,729 grandchildren=10436,9858,9628,7294
HASH_ROUTE token=224 layer=0 children=49,360,206,680 grandchildren=494,3601,2060,6801
HASH_ROUTE token=224 layer=1 children=297,455,279,209 grandchildren=2978,4559,2797,2093
HASH_ROUTE token=224 layer=2 children=1163,1241,41,1217 grandchildren=11637,12419,419,12170
HASH_ROUTE token=224 layer=3 children=553,587,878,614 grandchildren=5535,5873,8780,6147
HASH_ROUTE token=224 layer=4 children=243,186,881,827 grandchildren=2430,1869,8812,8270
HASH_ROUTE token=224 layer=5 children=891,853,905,94 grandchildren=8919,8534,9053,949
HASH_ROUTE token=224 layer=6 children=1092,1054,450,990 grandchildren=10927,10544,4508,9906
HASH_ROUTE token=224 layer=7 children=601,445,508,125 grandchildren=6017,4458,5081,1258
HASH_ROUTE token=224 layer=8 children=1277,1161,631,1208 grandchildren=12770,11614,6315,12084
HASH_ROUTE token=224 layer=9 children=314,950,202,241 grandchildren=3142,9503,2024,2413
HASH_ROUTE token=224 layer=10 children=653,752,720,1133 grandchildren=6533,7525,7208,11331
HASH_ROUTE token=224 layer=11 children=34,152,673,74 grandchildren=346,1528,6733,743
HASH_ROUTE token=224 layer=12 children=533,510,509,541 grandchildren=5334,5103,5097,5415
HASH_ROUTE token=224 layer=13 children=139,27,774,35 grandchildren=1396,272,7743,352
HASH_ROUTE token=224 layer=14 children=835,936,871,858 grandchildren=8354,9360,8712,8587
HASH_ROUTE token=224 layer=15 children=991,1019,976,1086 grandchildren=9913,10198,9763,10868
HASH_ROUTE token=224 layer=16 children=410,389,256,92 grandchildren=4100,3899,2567,929
HASH_ROUTE token=224 layer=17 children=981,824,181,509 grandchildren=9813,8243,1817,5096
HASH_ROUTE token=224 layer=18 children=165,1128,277,962 grandchildren=1659,11280,2770,9620
HASH_ROUTE token=224 layer=19 children=660,653,719,783 grandchildren=6608,6532,7198,7835
HASH_ROUTE token=224 layer=20 children=210,278,183,206 grandchildren=2106,2784,1838,2069
HASH_ROUTE token=224 layer=21 children=553,233,577,259 grandchildren=5535,2339,5771,2596
HASH_ROUTE token=224 layer=22 children=489,969,583,1066 grandchildren=4899,9697,5836,10667
HASH_ROUTE token=224 layer=23 children=513,39,584,606 grandchildren=5139,393,5843,6060
HASH_ROUTE token=225 layer=0 children=153,50,72,65 grandchildren=1531,502,721,650
HASH_ROUTE token=225 layer=1 children=175,297,653,333 grandchildren=1750,2975,6539,3337
HASH_ROUTE token=225 layer=2 children=905,424,588,100 grandchildren=9050,4247,5882,1003
HASH_ROUTE token=225 layer=3 children=106,68,18,900 grandchildren=1062,687,180,9000
HASH_ROUTE token=225 layer=4 children=186,294,312,194 grandchildren=1861,2947,3125,1949
HASH_ROUTE token=225 layer=5 children=1210,1274,1179,1130 grandchildren=12106,12743,11795,11303
HASH_ROUTE token=225 layer=6 children=129,442,760,289 grandchildren=1297,4428,7603,2897
HASH_ROUTE token=225 layer=7 children=137,931,617,459 grandchildren=1370,9310,6170,4598
HASH_ROUTE token=225 layer=8 children=1110,953,314,1274 grandchildren=11106,9538,3148,12746
HASH_ROUTE token=225 layer=9 children=955,311,897,915 grandchildren=9551,3113,8972,9159
HASH_ROUTE token=225 layer=10 children=347,1147,180,446 grandchildren=3477,11477,1809,4465
HASH_ROUTE token=225 layer=11 children=24,1142,32,1154 grandchildren=247,11428,328,11548
HASH_ROUTE token=225 layer=12 children=374,327,478,219 grandchildren=3740,3277,4784,2191
HASH_ROUTE token=225 layer=13 children=148,786,944,463 grandchildren=1484,7867,9449,4632
HASH_ROUTE token=225 layer=14 children=693,777,537,792 grandchildren=6931,7773,5370,7924
HASH_ROUTE token=225 layer=15 children=995,831,1024,1040 grandchildren=9950,8315,10244,10405
HASH_ROUTE token=225 layer=16 children=431,365,346,1076 grandchildren=4313,3655,3462,10762
HASH_ROUTE token=225 layer=17 children=981,186,1144,349 grandchildren=9819,1860,11445,3497
HASH_ROUTE token=225 layer=18 children=382,320,454,704 grandchildren=3821,3207,4540,7048
HASH_ROUTE token=225 layer=19 children=606,446,768,120 grandchildren=6062,4467,7684,1203
HASH_ROUTE token=225 layer=20 children=764,730,642,603 grandchildren=7644,7303,6429,6031
HASH_ROUTE token=225 layer=21 children=552,1030,870,230 grandchildren=5528,10300,8706,2303
HASH_ROUTE token=225 layer=22 children=178,13,265,333 grandchildren=1782,131,2658,3330
HASH_ROUTE token=225 layer=23 children=945,879,620,811 grandchildren=9452,8796,6209,8112
HASH_ROUTE token=226 layer=0 children=755,649,779,713 grandchildren=7558,6496,7794,7133
HASH_ROUTE token=226 layer=1 children=527,689,504,663 grandchildren=5278,6890,5047,6636
HASH_ROUTE token=226 layer=2 children=352,830,36,991 grandchildren=3526,8307,360,9913
HASH_ROUTE token=226 layer=3 children=623,613,535,554 grandchildren=6231,6131,5352,5540
HASH_ROUTE token=226 layer=4 children=465,434,1260,452 grandchildren=4651,4343,12606,4527
HASH_ROUTE token=226 layer=5 children=320,809,963,168 grandchildren=3205,8099,9634,1686
HASH_ROUTE token=226 layer=6 children=461,785,620,946 grandchildren=4612,7857,6202,9464
HASH_ROUTE token=226 layer=7 children=148,99,38,621 grandchildren=1483,999,386,6218
HASH_ROUTE token=226 layer=8 children=1014,697,1100,786 grandchildren=10144,6970,11008,7864
HASH_ROUTE token=226 layer=9 children=131,55,938,156 grandchildren=1312,551,9382,1569
HASH_ROUTE token=226 layer=10 children=616,626,540,587 grandchildren=6160,6267,5401,5873
HASH_ROUTE token=226 layer=11 children=916,1077,866,753 grandchildren=9163,10779,8661,7537
HASH_ROUTE token=226 layer=12 children=359,839,1151,512 grandchildren=3590,8396,11515,5125
HASH_ROUTE token=226 layer=13 children=324,167,489,361 grandchildren=3245,1674,4895,3612
HASH_ROUTE token=226 layer=14 children=1102,1264,1096,947 grandchildren=11029,12641,10969,9474
HASH_ROUTE token=226 layer=15 children=767,127,1080,678 grandchildren=7676,1275,10805,6784
HASH_ROUTE token=226 layer=16 children=921,600,889,124 grandchildren=9215,6007,8896,1244
HASH_ROUTE token=226 layer=17 children=893,954,801,91 grandchildren=8939,9546,8013,919
HASH_ROUTE token=226 layer=18 children=740,1226,268,721 grandchildren=7406,12262,2680,7213
HASH_ROUTE token=226 layer=19 children=322,647,1121,482 grandchildren=3229,6476,11216,4826
HASH_ROUTE token=226 layer=20 children=1264,309,1223,786 grandchildren=12641,3091,12235,7862
HASH_ROUTE token=226 layer=21 children=1180,1238,700,65 grandchildren=11808,12383,7002,655
HASH_ROUTE token=226 layer=22 children=939,295,1090,772 grandchildren=9399,2956,10901,7729
HASH_ROUTE token=226 layer=23 children=109,45,71,261 grandchildren=1095,453,718,2617
HASH_ROUTE token=227 layer=0 children=645,751,776,711 grandchildren=6456,7515,7763,7110
HASH_ROUTE token=227 layer=1 children=205,521,689,40 grandchildren=2053,5211,6893,400
HASH_ROUTE token=227 layer=2 children=730,418,572,892 grandchildren=7301,4181,5721,8924
HASH_ROUTE token=227 layer=3 children=751,696,110,783 grandchildren=7515,6962,1101,7832
HASH_ROUTE token=227 layer=4 children=195,184,237,296 grandchildren=1953,1846,2378,2961
HASH_ROUTE token=227 layer=5 children=898,856,921,861 grandchildren=8984,8568,9210,8612
HASH_ROUTE token=227 layer=6 children=417,251,892,446 grandchildren=4179,2510,8922,4462
HASH_ROUTE token=227 layer=7 children=771,683,134,48 grandchildren=7714,6833,1343,487
HASH_ROUTE token=227 layer=8 children=1112,631,959,790 grandchildren=11120,6314,9590,7908
HASH_ROUTE token=227 layer=9 children=917,833,921,898 grandchildren=9170,8336,9219,8981
HASH_ROUTE token=227 layer=10 children=985,186,1045,244 grandchildren=9856,1863,10454,2444
HASH_ROUTE token=227 layer=11 children=54,1172,150,856 grandchildren=546,11722,1505,8560
HASH_ROUTE token=227 layer=12 children=403,326,422,476 grandchildren=4031,3265,4229,4765
HASH_ROUTE token=227 layer=13 children=727,786,715,756 grandchildren=7278,7864,7159,7565
HASH_ROUTE token=227 layer=14 children=265,580,1224,317 grandchildren=2654,5802,12246,3179
HASH_ROUTE token=227 layer=15 children=995,838,352,199 grandchildren=9951,8385,3522,1998
HASH_ROUTE token=227 layer=16 children=489,511,578,322 grandchildren=4899,5119,5786,3221
HASH_ROUTE token=227 layer=17 children=983,1022,1017,663 grandchildren=9833,10222,10172,6634
HASH_ROUTE token=227 layer=18 children=317,159,262,109 grandchildren=3176,1593,2623,1095
HASH_ROUTE token=227 layer=19 children=768,794,128,157 grandchildren=7689,7941,1281,1575
HASH_ROUTE token=227 layer=20 children=656,11,813,979 grandchildren=6568,113,8136,9794
HASH_ROUTE token=227 layer=21 children=34,74,831,870 grandchildren=346,741,8316,8700
HASH_ROUTE token=227 layer=22 children=286,263,212,176 grandchildren=2862,2630,2120,1763
HASH_ROUTE token=227 layer=23 children=41,78,682,527 grandchildren=415,782,6822,5274
HASH_ROUTE token=228 layer=0 children=280,444,163,209 grandchildren=2807,4442,1630,2096
HASH_ROUTE token=228 layer=1 children=297,180,171,265 grandchildren=2978,1802,1711,2652
HASH_ROUTE token=228 layer=2 children=738,98,259,1217 grandchildren=7384,989,2595,12172
HASH_ROUTE token=228 layer=3 children=21,109,51,15 grandchildren=217,1096,510,150
HASH_ROUTE token=228 layer=4 children=317,186,163,477 grandchildren=3179,1860,1634,4773
HASH_ROUTE token=228 layer=5 children=1212,1170,1138,574 grandchildren=12123,11703,11388,5746
HASH_ROUTE token=228 layer=6 children=683,1168,204,1000 grandchildren=6837,11686,2045,10000
HASH_ROUTE token=228 layer=7 children=57,695,7,137 grandchildren=571,6955,71,1373
HASH_ROUTE token=228 layer=8 children=411,471,384,365 grandchildren=4117,4714,3842,3657
HASH_ROUTE token=228 layer=9 children=252,315,209,161 grandchildren=2529,3153,2091,1616
HASH_ROUTE token=228 layer=10 children=1051,1006,982,1048 grandchildren=10519,10060,9823,10482
HASH_ROUTE token=228 layer=11 children=52,117,854,916 grandchildren=525,1176,8544,9166
HASH_ROUTE token=228 layer=12 children=727,241,560,1204 grandchildren=7278,2416,5609,12042
HASH_ROUTE token=228 layer=13 children=731,96,722,785 grandchildren=7311,965,7225,7855
HASH_ROUTE token=228 layer=14 children=565,510,586,617 grandchildren=5656,5100,5862,6170
HASH_ROUTE token=228 layer=15 children=334,323,409,380 grandchildren=3345,3237,4090,3805
HASH_ROUTE token=228 layer=16 children=201,275,251,191 grandchildren=2010,2755,2510,1912
HASH_ROUTE token=228 layer=17 children=188,246,509,562 grandchildren=1887,2468,5098,5627
HASH_ROUTE token=228 layer=18 children=100,1061,903,421 grandchildren=1002,10614,9034,4213
HASH_ROUTE token=228 layer=19 children=877,833,946,710 grandchildren=8776,8331,9466,7109
HASH_ROUTE token=228 layer=20 children=399,239,452,373 grandchildren=3994,2398,4522,3738
HASH_ROUTE token=228 layer=21 children=871,883,835,559 grandchildren=8718,8831,8350,5592
HASH_ROUTE token=228 layer=22 children=1058,251,1061,269 grandchildren=10582,2516,10616,2690
HASH_ROUTE token=228 layer=23 children=851,825,847,871 grandchildren=8510,8256,8479,8717
HASH_ROUTE token=229 layer=0 children=122,49,153,4 grandchildren=1220,494,1535,49
HASH_ROUTE token=229 layer=1 children=297,180,174,454 grandchildren=2973,1803,1740,4548
HASH_ROUTE token=229 layer=2 children=819,880,801,908 grandchildren=8196,8802,8012,9080
HASH_ROUTE token=229 layer=3 children=673,699,758,836 grandchildren=6733,6995,7589,8362
HASH_ROUTE token=229 layer=4 children=294,457,193,302 grandchildren=2944,4576,1937,3027
HASH_ROUTE token=229 layer=5 children=850,379,53,910 grandchildren=8502,3791,533,9108
HASH_ROUTE token=229 layer=6 children=304,1101,469,949 grandchildren=3040,11011,4698,9499
HASH_ROUTE token=229 layer=7 children=965,329,1043,404 grandchildren=9655,3297,10437,4041
HASH_ROUTE token=229 layer=8 children=1048,1060,1010,560 grandchildren=10487,10607,10100,5603
HASH_ROUTE token=229 layer=9 children=314,955,188,821 grandchildren=3140,9558,1886,8210
HASH_ROUTE token=229 layer=10 children=477,1272,402,1203 grandchildren=4779,12720,4023,12037
HASH_ROUTE token=229 layer=11 children=695,532,792,703 grandchildren=6956,5326,7920,7038
HASH_ROUTE token=229 layer=12 children=560,620,887,518 grandchildren=5600,6203,8876,5188
HASH_ROUTE token=229 layer=13 children=731,895,767,664 grandchildren=7316,8957,7674,6647
HASH_ROUTE token=229 layer=14 children=931,884,831,295 grandchildren=9311,8847,8314,2953
HASH_ROUTE token=229 layer=15 children=673,838,1150,514 grandchildren=6733,8388,11502,5145
HASH_ROUTE token=229 layer=16 children=318,479,278,439 grandchildren=3180,4795,2789,4394
HASH_ROUTE token=229 layer=17 children=264,184,292,220 grandchildren=2648,1841,2923,2203
HASH_ROUTE token=229 layer=18 children=991,1072,1083,1051 grandchildren=9918,10728,10834,10518
HASH_ROUTE token=229 layer=19 children=670,789,794,714 grandchildren=6707,7892,7945,7142
HASH_ROUTE token=229 layer=20 children=277,219,595,165 grandchildren=2774,2195,5952,1655
HASH_ROUTE token=229 layer=21 children=253,230,99,162 grandchildren=2532,2307,998,1623
HASH_ROUTE token=229 layer=22 children=971,1107,1094,1060 grandchildren=9712,11071,10947,10606
HASH_ROUTE token=229 layer=23 children=1241,1221,1174,1166 grandchildren=12413,12218,11745,11663
HASH_ROUTE token=230 layer=0 children=50,41,150,7 grandchildren=505,411,1504,76
HASH_ROUTE token=230 layer=1 children=297,457,171,137 grandchildren=2978,4577,1710,1371
HASH_ROUTE token=230 layer=2 children=431,448,758,1237 grandchildren=4310,4484,7585,12376
HASH_ROUTE token=230 layer=3 children=932,291,459,831 grandchildren=9324,2910,4596,8315
HASH_ROUTE token=230 layer=4 children=266,187,237,294 grandchildren=2661,1877,2375,2948
HASH_ROUTE token=230 layer=5 children=949,958,855,927 grandchildren=9496,9581,8551,9279
HASH_ROUTE token=230 layer=6 children=351,442,420,432 grandchildren=3519,4421,4204,4321
HASH_ROUTE token=230 layer=7 children=563,617,503,528 grandchildren=5634,6174,5039,5285
HASH_ROUTE token=230 layer=8 children=368,1167,400,846 grandchildren=3689,11678,4008,8465
HASH_ROUTE token=230 layer=9 children=1075,968,999,1053 grandchildren=10750,9685,9997,10536
HASH_ROUTE token=230 layer=10 children=153,66,1279,111 grandchildren=1537,669,12798,1118
HASH_ROUTE token=230 layer=11 children=157,58,1275,1171 grandchildren=1574,586,12754,11714
HASH_ROUTE token=230 layer=12 children=89,1045,246,405 grandchildren=894,10451,2465,4055
HASH_ROUTE token=230 layer=13 children=651,498,739,674 grandchildren=6510,4983,7398,6740
HASH_ROUTE token=230 layer=14 children=901,588,880,562 grandchildren=9013,5884,8804,5626
HASH_ROUTE token=230 layer=15 children=1182,1243,546,604 grandchildren=11820,12438,5463,6045
HASH_ROUTE token=230 layer=16 children=386,336,464,376 grandchildren=3865,3367,4640,3762
HASH_ROUTE token=230 layer=17 children=594,535,484,527 grandchildren=5942,5359,4845,5278
HASH_ROUTE token=230 layer=18 children=670,777,1154,720 grandchildren=6704,7774,11545,7202
HASH_ROUTE token=230 layer=19 children=783,745,944,738 grandchildren=7837,7459,9442,7385
HASH_ROUTE token=230 layer=20 children=474,313,632,1278 grandchildren=4745,3138,6324,12787
HASH_ROUTE token=230 layer=21 children=905,103,744,940 grandchildren=9051,1030,7440,9400
HASH_ROUTE token=230 layer=22 children=798,789,312,656 grandchildren=7989,7893,3120,6565
HASH_ROUTE token=230 layer=23 children=513,194,31,672 grandchildren=5139,1949,311,6728
HASH_ROUTE token=231 layer=0 children=50,41,379,150 grandchildren=508,416,3797,1502
HASH_ROUTE token=231 layer=1 children=457,297,137,440 grandchildren=4572,2971,1371,4408
HASH_ROUTE token=231 layer=2 children=416,332,737,1213 grandchildren=4164,3327,7375,12138
HASH_ROUTE token=231 layer=3 children=932,453,1090,291 grandchildren=9326,4534,10901,2919
HASH_ROUTE token=231 layer=4 children=264,297,187,234 grandchildren=2640,2971,1877,2341
HASH_ROUTE token=231 layer=5 children=475,445,378,958 grandchildren=4753,4455,3788,9587
HASH_ROUTE token=231 layer=6 children=432,442,403,275 grandchildren=4320,4421,4030,2755
HASH_ROUTE token=231 layer=7 children=135,936,777,459 grandchildren=1350,9362,7775,4594
HASH_ROUTE token=231 layer=8 children=404,562,411,365 grandchildren=4042,5627,4114,3655
HASH_ROUTE token=231 layer=9 children=934,1090,898,777 grandchildren=9348,10900,8985,7779
HASH_ROUTE token=231 layer=10 children=1187,384,869,1277 grandchildren=11878,3849,8693,12775
HASH_ROUTE token=231 layer=11 children=699,535,1013,57 grandchildren=6992,5352,10131,575
HASH_ROUTE token=231 layer=12 children=506,20,534,56 grandchildren=5067,203,5345,564
HASH_ROUTE token=231 layer=13 children=781,653,675,625 grandchildren=7814,6532,6751,6258
HASH_ROUTE token=231 layer=14 children=848,901,870,835 grandchildren=8488,9015,8701,8350
HASH_ROUTE token=231 layer=15 children=1205,1181,1128,1243 grandchildren=12055,11810,11285,12433
HASH_ROUTE token=231 layer=16 children=417,339,379,369 grandchildren=4175,3392,3793,3694
HASH_ROUTE token=231 layer=17 children=509,983,594,574 grandchildren=5093,9831,5942,5742
HASH_ROUTE token=231 layer=18 children=1236,1077,756,1128 grandchildren=12363,10777,7562,11287
HASH_ROUTE token=231 layer=19 children=783,764,654,1108 grandchildren=7833,7645,6547,11081
HASH_ROUTE token=231 layer=20 children=315,955,633,474 grandchildren=3158,9559,6339,4740
HASH_ROUTE token=231 layer=21 children=942,140,920,125 grandchildren=9422,1403,9200,1250
HASH_ROUTE token=231 layer=22 children=585,563,499,634 grandchildren=5852,5637,4992,6342
HASH_ROUTE token=231 layer=23 children=518,194,534,585 grandchildren=5189,1945,5340,5851
HASH_ROUTE token=232 layer=0 children=117,41,157,914 grandchildren=1171,411,1579,9140
HASH_ROUTE token=232 layer=1 children=246,297,273,265 grandchildren=2463,2977,2732,2658
HASH_ROUTE token=232 layer=2 children=740,1061,730,1055 grandchildren=7409,10613,7303,10556
HASH_ROUTE token=232 layer=3 children=932,135,1250,892 grandchildren=9325,1355,12506,8928
HASH_ROUTE token=232 layer=4 children=251,295,186,266 grandchildren=2514,2958,1861,2666
HASH_ROUTE token=232 layer=5 children=948,959,808,927 grandchildren=9482,9591,8081,9274
HASH_ROUTE token=232 layer=6 children=418,358,255,195 grandchildren=4180,3584,2551,1955
HASH_ROUTE token=232 layer=7 children=49,23,208,187 grandchildren=495,237,2081,1879
HASH_ROUTE token=232 layer=8 children=948,1268,464,306 grandchildren=9487,12681,4649,3060
HASH_ROUTE token=232 layer=9 children=868,897,921,955 grandchildren=8681,8971,9217,9556
HASH_ROUTE token=232 layer=10 children=708,786,227,300 grandchildren=7083,7866,2276,3002
HASH_ROUTE token=232 layer=11 children=1159,1134,1272,1182 grandchildren=11599,11342,12724,11821
HASH_ROUTE token=232 layer=12 children=526,206,481,162 grandchildren=5261,2069,4810,1624
HASH_ROUTE token=232 layer=13 children=998,673,971,1058 grandchildren=9987,6731,9718,10580
HASH_ROUTE token=232 layer=14 children=934,929,858,458 grandchildren=9344,9297,8580,4581
HASH_ROUTE token=232 layer=15 children=444,604,768,1246 grandchildren=4448,6043,7682,12465
HASH_ROUTE token=232 layer=16 children=360,419,206,256 grandchildren=3601,4192,2066,2566
HASH_ROUTE token=232 layer=17 children=587,1066,533,261 grandchildren=5873,10669,5330,2610
HASH_ROUTE token=232 layer=18 children=1236,1278,1155,1265 grandchildren=12369,12785,11559,12656
HASH_ROUTE token=232 layer=19 children=460,303,1263,393 grandchildren=4605,3031,12636,3937
HASH_ROUTE token=232 layer=20 children=313,271,632,593 grandchildren=3139,2719,6323,5936
HASH_ROUTE token=232 layer=21 children=49,13,1161,103 grandchildren=498,137,11618,1031
HASH_ROUTE token=232 layer=22 children=631,1270,795,1110 grandchildren=6313,12702,7959,11103
HASH_ROUTE token=232 layer=23 children=193,511,38,838 grandchildren=1933,5116,384,8389
HASH_ROUTE token=233 layer=0 children=41,117,844,153 grandchildren=412,1173,8443,1538
HASH_ROUTE token=233 layer=1 children=246,267,80,885 grandchildren=2461,2671,804,8854
HASH_ROUTE token=233 layer=2 children=1061,1072,1055,1037 grandchildren=10615,10720,10556,10373
HASH_ROUTE token=233 layer=3 children=932,917,1096,291 grandchildren=9327,9178,10962,2913
HASH_ROUTE token=233 layer=4 children=252,266,295,173 grandchildren=2527,2660,2952,1738
HASH_ROUTE token=233 layer=5 children=913,809,754,643 grandchildren=9137,8090,7549,6437
HASH_ROUTE token=233 layer=6 children=358,997,199,448 grandchildren=3581,9975,1990,4480
HASH_ROUTE token=233 layer=7 children=989,347,1004,366 grandchildren=9891,3479,10043,3660
HASH_ROUTE token=233 layer=8 children=389,465,862,944 grandchildren=3896,4658,8624,9441
HASH_ROUTE token=233 layer=9 children=930,1256,893,868 grandchildren=9308,12564,8930,8689
HASH_ROUTE token=233 layer=10 children=230,265,227,179 grandchildren=2301,2654,2277,1795
HASH_ROUTE token=233 layer=11 children=1135,15,1272,157 grandchildren=11359,159,12722,1575
HASH_ROUTE token=233 layer=12 children=54,213,27,185 grandchildren=541,2131,275,1856
HASH_ROUTE token=233 layer=13 children=971,1094,11,1059 grandchildren=9712,10945,115,10594
HASH_ROUTE token=233 layer=14 children=745,721,651,692 grandchildren=7451,7211,6511,6921
HASH_ROUTE token=233 layer=15 children=444,920,472,439 grandchildren=4446,9209,4729,4398
HASH_ROUTE token=233 layer=16 children=417,360,384,406 grandchildren=4170,3601,3844,4064
HASH_ROUTE token=233 layer=17 children=901,261,1064,848 grandchildren=9015,2616,10641,8487
HASH_ROUTE token=233 layer=18 children=1231,910,1265,947 grandchildren=12316,9107,12658,9473
HASH_ROUTE token=233 layer=19 children=358,197,387,464 grandchildren=3589,1972,3875,4643
HASH_ROUTE token=233 layer=20 children=190,311,513,632 grandchildren=1909,3117,5139,6329
HASH_ROUTE token=233 layer=21 children=138,42,103,13 grandchildren=1388,423,1039,133
HASH_ROUTE token=233 layer=22 children=1273,631,1110,155 grandchildren=12736,6318,11106,1557
HASH_ROUTE token=233 layer=23 children=518,624,193,591 grandchildren=5182,6249,1930,5915
HASH_ROUTE token=234 layer=0 children=850,844,923,52 grandchildren=8506,8440,9236,521
HASH_ROUTE token=234 layer=1 children=340,189,457,297 grandchildren=3409,1895,4579,2979
HASH_ROUTE token=234 layer=2 children=689,1000,523,733 grandchildren=6893,10008,5232,7332
HASH_ROUTE token=234 layer=3 children=1099,932,1061,978 grandchildren=10998,9327,10615,9780
HASH_ROUTE token=234 layer=4 children=169,7,246,804 grandchildren=1698,76,2468,8041
HASH_ROUTE token=234 layer=5 children=865,929,884,802 grandchildren=8652,9297,8847,8028
HASH_ROUTE token=234 layer=6 children=1117,999,983,1098 grandchildren=11174,9991,9835,10987
HASH_ROUTE token=234 layer=7 children=97,26,251,184 grandchildren=972,264,2510,1844
HASH_ROUTE token=234 layer=8 children=279,306,754,1235 grandchildren=2799,3069,7541,12352
HASH_ROUTE token=234 layer=9 children=947,953,805,876 grandchildren=9479,9537,8058,8766
HASH_ROUTE token=234 layer=10 children=584,741,267,426 grandchildren=5841,7413,2677,4268
HASH_ROUTE token=234 layer=11 children=1015,56,1052,994 grandchildren=10150,569,10528,9946
HASH_ROUTE token=234 layer=12 children=218,206,191,230 grandchildren=2185,2069,1917,2300
HASH_ROUTE token=234 layer=13 children=1037,1058,712,735 grandchildren=10377,10583,7126,7353
HASH_ROUTE token=234 layer=14 children=168,235,316,969 grandchildren=1685,2354,3168,9691
HASH_ROUTE token=234 layer=15 children=281,609,766,173 grandchildren=2812,6094,7667,1731
HASH_ROUTE token=234 layer=16 children=286,182,250,211 grandchildren=2862,1828,2504,2111
HASH_ROUTE token=234 layer=17 children=504,608,824,584 grandchildren=5049,6083,8243,5847
HASH_ROUTE token=234 layer=18 children=277,1075,296,1091 grandchildren=2772,10758,2961,10915
HASH_ROUTE token=234 layer=19 children=654,679,794,171 grandchildren=6549,6792,7946,1713
HASH_ROUTE token=234 layer=20 children=215,538,227,234 grandchildren=2158,5380,2278,2344
HASH_ROUTE token=234 layer=21 children=814,884,849,826 grandchildren=8145,8848,8494,8264
HASH_ROUTE token=234 layer=22 children=491,337,14,1136 grandchildren=4911,3376,147,11361
HASH_ROUTE token=234 layer=23 children=46,845,34,50 grandchildren=466,8456,340,507
HASH_ROUTE token=235 layer=0 children=153,50,72,65 grandchildren=1531,500,720,653
HASH_ROUTE token=235 layer=1 children=175,297,653,333 grandchildren=1754,2973,6538,3330
HASH_ROUTE token=235 layer=2 children=905,1060,424,747 grandchildren=9050,10607,4246,7476
HASH_ROUTE token=235 layer=3 children=106,68,18,900 grandchildren=1062,685,183,9002
HASH_ROUTE token=235 layer=4 children=186,294,312,194 grandchildren=1865,2949,3122,1942
HASH_ROUTE token=235 layer=5 children=1272,1210,1179,1166 grandchildren=12721,12109,11797,11663
HASH_ROUTE token=235 layer=6 children=129,448,760,289 grandchildren=1299,4481,7604,2895
HASH_ROUTE token=235 layer=7 children=137,934,617,459 grandchildren=1378,9347,6172,4594
HASH_ROUTE token=235 layer=8 children=1110,953,314,1274 grandchildren=11102,9535,3149,12745
HASH_ROUTE token=235 layer=9 children=955,314,897,917 grandchildren=9557,3140,8976,9171
HASH_ROUTE token=235 layer=10 children=347,1147,180,446 grandchildren=3474,11473,1803,4468
HASH_ROUTE token=235 layer=11 children=24,1142,32,1154 grandchildren=240,11420,326,11542
HASH_ROUTE token=235 layer=12 children=374,327,478,219 grandchildren=3743,3277,4780,2192
HASH_ROUTE token=235 layer=13 children=145,786,943,463 grandchildren=1455,7863,9434,4637
HASH_ROUTE token=235 layer=14 children=693,777,537,616 grandchildren=6939,7778,5378,6164
HASH_ROUTE token=235 layer=15 children=995,1024,831,1040 grandchildren=9957,10249,8314,10408
HASH_ROUTE token=235 layer=16 children=437,365,346,1076 grandchildren=4370,3655,3465,10768
HASH_ROUTE token=235 layer=17 children=981,188,1144,509 grandchildren=9811,1883,11447,5093
HASH_ROUTE token=235 layer=18 children=382,320,364,456 grandchildren=3825,3202,3648,4569
HASH_ROUTE token=235 layer=19 children=606,446,120,523 grandchildren=6067,4464,1203,5231
HASH_ROUTE token=235 layer=20 children=766,648,929,779 grandchildren=7665,6484,9297,7798
HASH_ROUTE token=235 layer=21 children=1030,552,233,870 grandchildren=10304,5521,2333,8708
HASH_ROUTE token=235 layer=22 children=178,265,13,102 grandchildren=1787,2655,138,1024
HASH_ROUTE token=235 layer=23 children=945,1109,624,1265 grandchildren=9458,11098,6246,12655
HASH_ROUTE token=236 layer=0 children=755,649,779,713 grandchildren=7557,6495,7790,7136
HASH_ROUTE token=236 layer=1 children=527,689,504,663 grandchildren=5272,6891,5046,6637
HASH_ROUTE token=236 layer=2 children=352,830,36,991 grandchildren=3528,8303,361,9915
HASH_ROUTE token=236 layer=3 children=623,613,535,554 grandchildren=6235,6130,5355,5549
HASH_ROUTE token=236 layer=4 children=465,434,1260,452 grandchildren=4653,4342,12608,4522
HASH_ROUTE token=236 layer=5 children=320,809,963,168 grandchildren=3209,8094,9636,1680
HASH_ROUTE token=236 layer=6 children=461,785,620,946 grandchildren=4615,7857,6207,9463
HASH_ROUTE token=236 layer=7 children=148,99,38,621 grandchildren=1480,994,389,6214
HASH_ROUTE token=236 layer=8 children=1014,697,1100,786 grandchildren=10148,6974,11007,7869
HASH_ROUTE token=236 layer=9 children=131,55,938,156 grandchildren=1315,559,9380,1564
HASH_ROUTE token=236 layer=10 children=616,626,540,587 grandchildren=6162,6266,5403,5878
HASH_ROUTE token=236 layer=11 children=916,1077,866,753 grandchildren=9167,10773,8664,7531
HASH_ROUTE token=236 layer=12 children=359,839,1151,512 grandchildren=3597,8399,11510,5126
HASH_ROUTE token=236 layer=13 children=324,167,489,361 grandchildren=3240,1670,4899,3617
HASH_ROUTE token=236 layer=14 children=1102,1264,1096,947 grandchildren=11026,12645,10966,9473
HASH_ROUTE token=236 layer=15 children=767,127,1080,678 grandchildren=7679,1279,10806,6789
HASH_ROUTE token=236 layer=16 children=921,600,889,124 grandchildren=9216,6006,8897,1249
HASH_ROUTE token=236 layer=17 children=893,954,801,91 grandchildren=8930,9549,8013,917
HASH_ROUTE token=236 layer=18 children=740,1226,268,721 grandchildren=7408,12261,2687,7211
HASH_ROUTE token=236 layer=19 children=322,647,1121,482 grandchildren=3222,6478,11217,4824
HASH_ROUTE token=236 layer=20 children=1264,309,1223,786 grandchildren=12649,3099,12238,7866
HASH_ROUTE token=236 layer=21 children=1180,1238,700,65 grandchildren=11809,12382,7009,657
HASH_ROUTE token=236 layer=22 children=939,295,1090,772 grandchildren=9394,2959,10908,7728
HASH_ROUTE token=236 layer=23 children=109,45,71,261 grandchildren=1095,456,717,2617
HASH_ROUTE token=237 layer=0 children=125,153,41,449 grandchildren=1256,1536,415,4492
HASH_ROUTE token=237 layer=1 children=189,171,297,261 grandchildren=1892,1712,2973,2616
HASH_ROUTE token=237 layer=2 children=818,945,822,863 grandchildren=8185,9456,8226,8634
HASH_ROUTE token=237 layer=3 children=106,4,26,741 grandchildren=1066,42,264,7418
HASH_ROUTE token=237 layer=4 children=299,167,180,213 grandchildren=2999,1677,1809,2137
HASH_ROUTE token=237 layer=5 children=897,1210,252,576 grandchildren=8973,12108,2524,5762
HASH_ROUTE token=237 layer=6 children=1160,682,200,1209 grandchildren=11603,6828,2003,12094
HASH_ROUTE token=237 layer=7 children=948,937,622,825 grandchildren=9487,9377,6223,8252
HASH_ROUTE token=237 layer=8 children=953,942,882,1276 grandchildren=9535,9429,8829,12764
HASH_ROUTE token=237 layer=9 children=257,314,1217,897 grandchildren=2577,3140,12172,8976
HASH_ROUTE token=237 layer=10 children=724,750,641,666 grandchildren=7246,7505,6413,6666
HASH_ROUTE token=237 layer=11 children=56,134,78,67 grandchildren=569,1346,788,673
HASH_ROUTE token=237 layer=12 children=634,955,504,820 grandchildren=6341,9559,5046,8201
HASH_ROUTE token=237 layer=13 children=760,731,127,91 grandchildren=7607,7315,1275,914
HASH_ROUTE token=237 layer=14 children=631,314,525,200 grandchildren=6312,3147,5252,2002
HASH_ROUTE token=237 layer=15 children=380,345,439,371 grandchildren=3802,3451,4398,3719
HASH_ROUTE token=237 layer=16 children=419,328,437,474 grandchildren=4195,3282,4379,4749
HASH_ROUTE token=237 layer=17 children=184,343,190,223 grandchildren=1842,3432,1908,2239
HASH_ROUTE token=237 layer=18 children=308,210,261,196 grandchildren=3082,2107,2611,1969
HASH_ROUTE token=237 layer=19 children=744,266,900,705 grandchildren=7447,2663,9009,7059
HASH_ROUTE token=237 layer=20 children=1163,201,529,1002 grandchildren=11637,2017,5292,10023
HASH_ROUTE token=237 layer=21 children=126,38,18,6 grandchildren=1261,389,180,62
HASH_ROUTE token=237 layer=22 children=281,929,178,1247 grandchildren=2811,9299,1783,12475
HASH_ROUTE token=237 layer=23 children=235,717,289,71 grandchildren=2357,7178,2897,716
HASH_ROUTE token=238 layer=0 children=55,695,123,375 grandchildren=555,6958,1239,3758
HASH_ROUTE token=238 layer=1 children=297,180,200,777 grandchildren=2979,1809,2003,7774
HASH_ROUTE token=238 layer=2 children=109,35,25,423 grandchildren=1095,352,258,4239
HASH_ROUTE token=238 layer=3 children=788,746,759,695 grandchildren=7880,7466,7597,6951
HASH_ROUTE token=238 layer=4 children=296,186,313,160 grandchildren=2963,1865,3134,1601
HASH_ROUTE token=238 layer=5 children=43,56,841,851 grandchildren=436,560,8415,8511
HASH_ROUTE token=238 layer=6 children=765,288,779,681 grandchildren=7659,2886,7798,6818
HASH_ROUTE token=238 layer=7 children=996,834,356,671 grandchildren=9966,8342,3564,6719
HASH_ROUTE token=238 layer=8 children=941,1109,930,1269 grandchildren=9415,11094,9302,12692
HASH_ROUTE token=238 layer=9 children=1183,1174,1131,1211 grandchildren=11834,11747,11310,12118
HASH_ROUTE token=238 layer=10 children=720,798,640,1207 grandchildren=7207,7984,6401,12070
HASH_ROUTE token=238 layer=11 children=353,386,437,376 grandchildren=3532,3866,4378,3767
HASH_ROUTE token=238 layer=12 children=1038,1003,982,979 grandchildren=10382,10039,9824,9799
HASH_ROUTE token=238 layer=13 children=731,1215,899,572 grandchildren=7318,12157,8999,5726
HASH_ROUTE token=238 layer=14 children=178,13,261,242 grandchildren=1784,134,2619,2421
HASH_ROUTE token=238 layer=15 children=1188,1150,1254,706 grandchildren=11882,11501,12541,7069
HASH_ROUTE token=238 layer=16 children=390,470,557,428 grandchildren=3907,4707,5577,4283
HASH_ROUTE token=238 layer=17 children=1017,695,986,532 grandchildren=10179,6955,9868,5328
HASH_ROUTE token=238 layer=18 children=1051,253,1076,1005 grandchildren=10518,2533,10768,10057
HASH_ROUTE token=238 layer=19 children=670,355,650,710 grandchildren=6705,3554,6504,7103
HASH_ROUTE token=238 layer=20 children=457,139,771,932 grandchildren=4572,1392,7715,9322
HASH_ROUTE token=238 layer=21 children=400,395,83,70 grandchildren=4006,3956,834,709
HASH_ROUTE token=238 layer=22 children=504,614,624,539 grandchildren=5040,6142,6247,5392
HASH_ROUTE token=238 layer=23 children=239,72,870,273 grandchildren=2390,729,8705,2730
HASH_ROUTE token=239 layer=0 children=371,1174,327,214 grandchildren=3710,11748,3272,2146
HASH_ROUTE token=239 layer=1 children=925,280,760,907 grandchildren=9252,2803,7607,9077
HASH_ROUTE token=239 layer=2 children=424,332,1225,386 grandchildren=4248,3322,12256,3860
HASH_ROUTE token=239 layer=3 children=863,63,939,824 grandchildren=8632,633,9393,8243
HASH_ROUTE token=239 layer=4 children=228,187,191,292 grandchildren=2286,1873,1913,2920
HASH_ROUTE token=239 layer=5 children=856,915,698,376 grandchildren=8568,9159,6980,3760
HASH_ROUTE token=239 layer=6 children=448,283,414,469 grandchildren=4482,2833,4146,4698
HASH_ROUTE token=239 layer=7 children=777,721,795,455 grandchildren=7779,7212,7954,4552
HASH_ROUTE token=239 layer=8 children=1015,1046,1094,852 grandchildren=10158,10460,10948,8525
HASH_ROUTE token=239 layer=9 children=296,610,934,312 grandchildren=2966,6106,9344,3128
HASH_ROUTE token=239 layer=10 children=368,1167,404,685 grandchildren=3687,11674,4044,6853
HASH_ROUTE token=239 layer=11 children=833,357,34,853 grandchildren=8332,3574,349,8534
HASH_ROUTE token=239 layer=12 children=181,310,1147,283 grandchildren=1811,3104,11471,2836
HASH_ROUTE token=239 layer=13 children=624,562,943,788 grandchildren=6246,5622,9433,7882
HASH_ROUTE token=239 layer=14 children=588,261,1226,901 grandchildren=5889,2615,12261,9012
HASH_ROUTE token=239 layer=15 children=993,831,671,518 grandchildren=9930,8313,6712,5187
HASH_ROUTE token=239 layer=16 children=206,365,522,272 grandchildren=2067,3652,5222,2724
HASH_ROUTE token=239 layer=17 children=507,186,545,983 grandchildren=5073,1866,5457,9836
HASH_ROUTE token=239 layer=18 children=647,165,770,1128 grandchildren=6476,1651,7700,11287
HASH_ROUTE token=239 layer=19 children=789,768,742,709 grandchildren=7891,7681,7421,7093
HASH_ROUTE token=239 layer=20 children=311,283,219,169 grandchildren=3112,2833,2193,1697
HASH_ROUTE token=239 layer=21 children=838,878,888,517 grandchildren=8382,8783,8887,5173
HASH_ROUTE token=239 layer=22 children=331,179,971,492 grandchildren=3311,1793,9719,4921
HASH_ROUTE token=239 layer=23 children=582,508,621,634 grandchildren=5824,5082,6216,6344
HASH_ROUTE token=240 layer=0 children=805,955,932,877 grandchildren=8055,9554,9320,8772
HASH_ROUTE token=240 layer=1 children=900,261,847,203 grandchildren=9006,2610,8478,2035
HASH_ROUTE token=240 layer=2 children=918,112,808,0 grandchildren=9185,1124,8080,2
HASH_ROUTE token=240 layer=3 children=54,7,106,857 grandchildren=542,79,1065,8576
HASH_ROUTE token=240 layer=4 children=185,162,171,193 grandchildren=1858,1623,1710,1936
HASH_ROUTE token=240 layer=5 children=1140,1220,1212,1234 grandchildren=11407,12207,12128,12347
HASH_ROUTE token=240 layer=6 children=1071,1059,1092,759 grandchildren=10716,10599,10923,7592
HASH_ROUTE token=240 layer=7 children=1256,294,613,1189 grandchildren=12566,2947,6138,11890
HASH_ROUTE token=240 layer=8 children=1169,520,1197,684 grandchildren=11691,5202,11976,6843
HASH_ROUTE token=240 layer=9 children=389,430,222,1182 grandchildren=3896,4309,2223,11821
HASH_ROUTE token=240 layer=10 children=720,798,675,409 grandchildren=7200,7989,6753,4096
HASH_ROUTE token=240 layer=11 children=672,511,752,799 grandchildren=6728,5116,7520,7999
HASH_ROUTE token=240 layer=12 children=1062,1049,981,1226 grandchildren=10625,10496,9813,12260
HASH_ROUTE token=240 layer=13 children=763,1248,799,1276 grandchildren=7634,12483,7999,12767
HASH_ROUTE token=240 layer=14 children=392,321,713,876 grandchildren=3920,3217,7134,8762
HASH_ROUTE token=240 layer=15 children=1243,1150,1186,605 grandchildren=12430,11505,11867,6054
HASH_ROUTE token=240 layer=16 children=221,203,253,213 grandchildren=2219,2035,2533,2131
HASH_ROUTE token=240 layer=17 children=507,484,987,624 grandchildren=5072,4841,9877,6240
HASH_ROUTE token=240 layer=18 children=951,928,1110,940 grandchildren=9510,9288,11109,9405
HASH_ROUTE token=240 layer=19 children=755,765,749,783 grandchildren=7552,7654,7492,7835
HASH_ROUTE token=240 layer=20 children=249,224,1045,160 grandchildren=2491,2247,10459,1602
HASH_ROUTE token=240 layer=21 children=718,75,551,878 grandchildren=7189,754,5519,8783
HASH_ROUTE token=240 layer=22 children=319,1116,179,631 grandchildren=3193,11166,1790,6313
HASH_ROUTE token=240 layer=23 children=245,88,1043,261 grandchildren=2452,887,10435,2614
HASH_ROUTE token=241 layer=0 children=327,375,471,801 grandchildren=3273,3759,4717,8013
HASH_ROUTE token=241 layer=1 children=183,297,209,267 grandchildren=1838,2975,2097,2673
HASH_ROUTE token=241 layer=2 children=424,1061,901,368 grandchildren=4240,10616,9015,3685
HASH_ROUTE token=241 layer=3 children=838,953,199,319 grandchildren=8380,9538,1990,3197
HASH_ROUTE token=241 layer=4 children=296,264,135,105 grandchildren=2968,2644,1357,1058
HASH_ROUTE token=241 layer=5 children=433,462,388,1076 grandchildren=4330,4621,3882,10764
HASH_ROUTE token=241 layer=6 children=448,411,399,120 grandchildren=4484,4111,3995,1208
HASH_ROUTE token=241 layer=7 children=294,1096,937,269 grandchildren=2945,10969,9376,2690
HASH_ROUTE token=241 layer=8 children=573,565,522,546 grandchildren=5734,5653,5222,5462
HASH_ROUTE token=241 layer=9 children=897,924,931,850 grandchildren=8976,9242,9310,8506
HASH_ROUTE token=241 layer=10 children=1279,472,1163,952 grandchildren=12792,4725,11635,9520
HASH_ROUTE token=241 layer=11 children=1014,376,854,996 grandchildren=10145,3761,8544,9966
HASH_ROUTE token=241 layer=12 children=1049,981,1074,1088 grandchildren=10497,9810,10741,10889
HASH_ROUTE token=241 layer=13 children=626,148,606,307 grandchildren=6266,1488,6067,3073
HASH_ROUTE token=241 layer=14 children=588,901,510,562 grandchildren=5889,9018,5101,5625
HASH_ROUTE token=241 layer=15 children=548,525,483,530 grandchildren=5488,5255,4837,5306
HASH_ROUTE token=241 layer=16 children=201,365,1004,294 grandchildren=2017,3652,10040,2948
HASH_ROUTE token=241 layer=17 children=547,486,501,490 grandchildren=5475,4868,5014,4905
HASH_ROUTE token=241 layer=18 children=1257,1128,295,1238 grandchildren=12571,11282,2951,12380
HASH_ROUTE token=241 layer=19 children=749,760,900,424 grandchildren=7495,7601,9007,4243
HASH_ROUTE token=241 layer=20 children=271,919,219,854 grandchildren=2710,9190,2195,8547
HASH_ROUTE token=241 layer=21 children=1039,1063,552,583 grandchildren=10397,10636,5522,5837
HASH_ROUTE token=241 layer=22 children=179,337,972,499 grandchildren=1799,3374,9720,4990
HASH_ROUTE token=241 layer=23 children=513,199,535,626 grandchildren=5139,1993,5352,6262
HASH_ROUTE token=242 layer=0 children=371,327,1174,214 grandchildren=3719,3270,11746,2147
HASH_ROUTE token=242 layer=1 children=666,821,697,851 grandchildren=6669,8214,6979,8514
HASH_ROUTE token=242 layer=2 children=978,1134,495,332 grandchildren=9788,11344,4953,3320
HASH_ROUTE token=242 layer=3 children=854,1178,830,1154 grandchildren=8542,11788,8302,11541
HASH_ROUTE token=242 layer=4 children=195,297,234,286 grandchildren=1954,2973,2341,2862
HASH_ROUTE token=242 layer=5 children=850,378,1174,842 grandchildren=8500,3789,11748,8422
HASH_ROUTE token=242 layer=6 children=440,124,289,761 grandchildren=4406,1242,2898,7614
HASH_ROUTE token=242 layer=7 children=777,661,721,795 grandchildren=7770,6610,7212,7951
HASH_ROUTE token=242 layer=8 children=405,881,87,565 grandchildren=4050,8815,872,5658
HASH_ROUTE token=242 layer=9 children=1254,772,296,1216 grandchildren=12549,7728,2967,12168
HASH_ROUTE token=242 layer=10 children=1141,1274,340,507 grandchildren=11413,12741,3409,5075
HASH_ROUTE token=242 layer=11 children=835,891,32,996 grandchildren=8353,8917,326,9961
HASH_ROUTE token=242 layer=12 children=508,189,22,980 grandchildren=5080,1892,221,9804
HASH_ROUTE token=242 layer=13 children=566,728,551,626 grandchildren=5668,7284,5517,6267
HASH_ROUTE token=242 layer=14 children=588,1225,1068,901 grandchildren=5880,12253,10682,9013
HASH_ROUTE token=242 layer=15 children=993,519,831,354 grandchildren=9935,5198,8314,3549
HASH_ROUTE token=242 layer=16 children=345,439,337,188 grandchildren=3451,4395,3372,1883
HASH_ROUTE token=242 layer=17 children=504,186,983,486 grandchildren=5046,1864,9838,4863
HASH_ROUTE token=242 layer=18 children=679,516,647,481 grandchildren=6798,5163,6478,4817
HASH_ROUTE token=242 layer=19 children=768,747,789,654 grandchildren=7685,7477,7896,6544
HASH_ROUTE token=242 layer=20 children=311,633,795,955 grandchildren=3117,6334,7951,9558
HASH_ROUTE token=242 layer=21 children=874,232,830,559 grandchildren=8749,2326,8304,5595
HASH_ROUTE token=242 layer=22 children=179,334,301,469 grandchildren=1791,3343,3013,4691
HASH_ROUTE token=242 layer=23 children=584,626,508,1069 grandchildren=5845,6265,5084,10692
HASH_ROUTE token=243 layer=0 children=327,801,379,856 grandchildren=3272,8012,3794,8561
HASH_ROUTE token=243 layer=1 children=184,342,668,821 grandchildren=1840,3421,6689,8213
HASH_ROUTE token=243 layer=2 children=970,819,332,12 grandchildren=9708,8197,3328,124
HASH_ROUTE token=243 layer=3 children=828,857,187,838 grandchildren=8280,8574,1878,8383
HASH_ROUTE token=243 layer=4 children=295,266,190,133 grandchildren=2955,2662,1903,1336
HASH_ROUTE token=243 layer=5 children=362,378,433,384 grandchildren=3628,3782,4330,3844
HASH_ROUTE token=243 layer=6 children=448,289,411,399 grandchildren=4488,2896,4117,3993
HASH_ROUTE token=243 layer=7 children=617,137,528,49 grandchildren=6171,1374,5289,497
HASH_ROUTE token=243 layer=8 children=573,565,627,546 grandchildren=5732,5655,6276,5468
HASH_ROUTE token=243 layer=9 children=604,614,923,125 grandchildren=6045,6141,9236,1256
HASH_ROUTE token=243 layer=10 children=477,959,1272,383 grandchildren=4779,9596,12727,3831
HASH_ROUTE token=243 layer=11 children=1203,1171,1141,1219 grandchildren=12034,11715,11418,12193
HASH_ROUTE token=243 layer=12 children=982,1062,1078,184 grandchildren=9829,10627,10783,1849
HASH_ROUTE token=243 layer=13 children=606,124,517,38 grandchildren=6062,1245,5175,384
HASH_ROUTE token=243 layer=14 children=836,510,352,994 grandchildren=8362,5107,3529,9944
HASH_ROUTE token=243 layer=15 children=1017,1078,536,1029 grandchildren=10171,10786,5363,10299
HASH_ROUTE token=243 layer=16 children=365,438,466,201 grandchildren=3657,4386,4665,2018
HASH_ROUTE token=243 layer=17 children=980,962,507,486 grandchildren=9809,9623,5079,4865
HASH_ROUTE token=243 layer=18 children=1177,536,1255,853 grandchildren=11776,5365,12554,8536
HASH_ROUTE token=243 layer=19 children=783,709,742,941 grandchildren=7837,7094,7420,9418
HASH_ROUTE token=243 layer=20 children=271,919,317,218 grandchildren=2714,9190,3173,2185
HASH_ROUTE token=243 layer=21 children=1030,550,874,718 grandchildren=10308,5501,8745,7189
HASH_ROUTE token=243 layer=22 children=179,337,499,312 grandchildren=1796,3373,4997,3120
HASH_ROUTE token=243 layer=23 children=513,199,584,31 grandchildren=5136,1994,5841,313
HASH_ROUTE token=244 layer=0 children=150,479,50,955 grandchildren=1508,4796,500,9556
HASH_ROUTE token=244 layer=1 children=342,446,665,21 grandchildren=3423,4460,6653,210
HASH_ROUTE token=244 layer=2 children=125,444,1241,147 grandchildren=1250,4448,12412,1477
HASH_ROUTE token=244 layer=3 children=931,1095,778,1250 grandchildren=9315,10953,7786,12509
HASH_ROUTE token=244 layer=4 children=186,296,243,668 grandchildren=1869,2969,2439,6686
HASH_ROUTE token=244 layer=5 children=842,528,902,582 grandchildren=8421,5281,9024,5826
HASH_ROUTE token=244 layer=6 children=283,765,442,292 grandchildren=2834,7651,4420,2928
HASH_ROUTE token=244 layer=7 children=587,562,428,404 grandchildren=5879,5620,4286,4045
HASH_ROUTE token=244 layer=8 children=846,1161,522,910 grandchildren=8466,11611,5220,9101
HASH_ROUTE token=244 layer=9 children=804,642,868,967 grandchildren=8047,6428,8680,9678
HASH_ROUTE token=244 layer=10 children=747,101,727,707 grandchildren=7473,1015,7270,7072
HASH_ROUTE token=244 layer=11 children=1154,1136,34,1210 grandchildren=11540,11369,347,12104
HASH_ROUTE token=244 layer=12 children=527,487,585,590 grandchildren=5278,4875,5859,5904
HASH_ROUTE token=244 layer=13 children=1206,724,1186,1168 grandchildren=12060,7249,11864,11683
HASH_ROUTE token=244 layer=14 children=819,937,978,918 grandchildren=8199,9378,9780,9181
HASH_ROUTE token=244 layer=15 children=518,990,535,547 grandchildren=5188,9907,5352,5478
HASH_ROUTE token=244 layer=16 children=385,391,1020,1035 grandchildren=3858,3919,10207,10352
HASH_ROUTE token=244 layer=17 children=507,343,542,564 grandchildren=5078,3439,5422,5647
HASH_ROUTE token=244 layer=18 children=1077,1067,910,903 grandchildren=10778,10679,9108,9036
HASH_ROUTE token=244 layer=19 children=789,742,301,944 grandchildren=7890,7421,3017,9449
HASH_ROUTE token=244 layer=20 children=298,194,612,174 grandchildren=2989,1940,6127,1743
HASH_ROUTE token=244 layer=21 children=1267,144,1198,76 grandchildren=12674,1441,11984,760
HASH_ROUTE token=244 layer=22 children=689,526,1005,660 grandchildren=6892,5265,10059,6602
HASH_ROUTE token=244 layer=23 children=1151,191,514,33 grandchildren=11519,1918,5144,332
HASH_ROUTE token=245 layer=0 children=153,50,72,65 grandchildren=1530,501,729,653
HASH_ROUTE token=245 layer=1 children=177,297,653,333 grandchildren=1779,2976,6538,3334
HASH_ROUTE token=245 layer=2 children=905,427,100,1060 grandchildren=9051,4271,1006,10602
HASH_ROUTE token=245 layer=3 children=106,68,18,900 grandchildren=1067,685,187,9005
HASH_ROUTE token=245 layer=4 children=186,294,312,194 grandchildren=1862,2942,3126,1940
HASH_ROUTE token=245 layer=5 children=1274,1179,1210,1130 grandchildren=12748,11790,12102,11302
HASH_ROUTE token=245 layer=6 children=129,442,288,760 grandchildren=1291,4428,2881,7604
HASH_ROUTE token=245 layer=7 children=931,137,617,459 grandchildren=9311,1376,6178,4593
HASH_ROUTE token=245 layer=8 children=1110,953,319,1043 grandchildren=11104,9532,3194,10433
HASH_ROUTE token=245 layer=9 children=955,311,897,913 grandchildren=9559,3111,8973,9133
HASH_ROUTE token=245 layer=10 children=1147,347,180,1244 grandchildren=11475,3477,1806,12443
HASH_ROUTE token=245 layer=11 children=24,1142,32,1156 grandchildren=246,11420,327,11563
HASH_ROUTE token=245 layer=12 children=378,327,478,219 grandchildren=3787,3271,4785,2198
HASH_ROUTE token=245 layer=13 children=148,782,943,469 grandchildren=1482,7821,9433,4699
HASH_ROUTE token=245 layer=14 children=693,777,537,616 grandchildren=6936,7777,5371,6161
HASH_ROUTE token=245 layer=15 children=995,1024,831,1040 grandchildren=9956,10248,8311,10406
HASH_ROUTE token=245 layer=16 children=431,365,1075,346 grandchildren=4311,3657,10753,3466
HASH_ROUTE token=245 layer=17 children=981,186,1144,1046 grandchildren=9817,1862,11444,10460
HASH_ROUTE token=245 layer=18 children=320,382,364,454 grandchildren=3206,3821,3644,4542
HASH_ROUTE token=245 layer=19 children=606,440,768,523 grandchildren=6060,4405,7681,5236
HASH_ROUTE token=245 layer=20 children=764,929,647,608 grandchildren=7640,9292,6470,6087
HASH_ROUTE token=245 layer=21 children=1030,559,870,236 grandchildren=10307,5590,8707,2361
HASH_ROUTE token=245 layer=22 children=333,178,13,424 grandchildren=3332,1789,135,4248
HASH_ROUTE token=245 layer=23 children=945,624,1109,900 grandchildren=9455,6246,11091,9003
HASH_ROUTE token=246 layer=0 children=755,649,779,713 grandchildren=7554,6492,7796,7139
HASH_ROUTE token=246 layer=1 children=527,689,504,663 grandchildren=5278,6895,5047,6638
HASH_ROUTE token=246 layer=2 children=352,830,36,991 grandchildren=3525,8303,368,9919
HASH_ROUTE token=246 layer=3 children=623,613,535,554 grandchildren=6233,6131,5354,5544
HASH_ROUTE token=246 layer=4 children=465,434,1260,452 grandchildren=4658,4341,12609,4521
HASH_ROUTE token=246 layer=5 children=320,809,963,168 grandchildren=3205,8091,9639,1687
HASH_ROUTE token=246 layer=6 children=461,785,620,946 grandchildren=4615,7853,6209,9463
HASH_ROUTE token=246 layer=7 children=148,99,38,621 grandchildren=1485,992,388,6213
HASH_ROUTE token=246 layer=8 children=1014,697,1100,786 grandchildren=10149,6976,11004,7866
HASH_ROUTE token=246 layer=9 children=131,55,938,156 grandchildren=1313,551,9381,1564
HASH_ROUTE token=246 layer=10 children=616,626,540,587 grandchildren=6163,6267,5401,5879
HASH_ROUTE token=246 layer=11 children=916,1077,866,753 grandchildren=9165,10779,8664,7539
HASH_ROUTE token=246 layer=12 children=359,839,1151,512 grandchildren=3597,8399,11511,5125
HASH_ROUTE token=246 layer=13 children=324,167,489,361 grandchildren=3241,1670,4894,3613
HASH_ROUTE token=246 layer=14 children=1102,1264,1096,947 grandchildren=11024,12646,10966,9476
HASH_ROUTE token=246 layer=15 children=767,127,1080,678 grandchildren=7670,1270,10808,6780
HASH_ROUTE token=246 layer=16 children=921,600,889,124 grandchildren=9218,6002,8897,1247
HASH_ROUTE token=246 layer=17 children=893,954,801,91 grandchildren=8938,9543,8017,911
HASH_ROUTE token=246 layer=18 children=740,1226,268,721 grandchildren=7409,12260,2686,7214
HASH_ROUTE token=246 layer=19 children=322,647,1121,482 grandchildren=3226,6476,11214,4827
HASH_ROUTE token=246 layer=20 children=1264,309,1223,786 grandchildren=12642,3091,12232,7868
HASH_ROUTE token=246 layer=21 children=1180,1238,700,65 grandchildren=11807,12385,7006,658
HASH_ROUTE token=246 layer=22 children=939,295,1090,772 grandchildren=9392,2953,10907,7724
HASH_ROUTE token=246 layer=23 children=109,45,71,261 grandchildren=1094,454,710,2615
HASH_ROUTE token=247 layer=0 children=441,322,414,927 grandchildren=4416,3220,4140,9279
HASH_ROUTE token=247 layer=1 children=879,909,233,937 grandchildren=8790,9092,2338,9375
HASH_ROUTE token=247 layer=2 children=48,117,144,842 grandchildren=482,1173,1444,8420
HASH_ROUTE token=247 layer=3 children=618,554,525,497 grandchildren=6187,5541,5256,4979
HASH_ROUTE token=247 layer=4 children=261,312,164,194 grandchildren=2613,3127,1645,1945
HASH_ROUTE token=247 layer=5 children=1212,1174,252,892 grandchildren=12128,11749,2523,8927
HASH_ROUTE token=247 layer=6 children=725,681,1204,761 grandchildren=7254,6815,12040,7610
HASH_ROUTE token=247 layer=7 children=137,52,773,692 grandchildren=1372,525,7739,6921
HASH_ROUTE token=247 layer=8 children=950,1117,794,823 grandchildren=9502,11173,7945,8230
HASH_ROUTE token=247 layer=9 children=257,314,1219,1277 grandchildren=2579,3145,12192,12771
HASH_ROUTE token=247 layer=10 children=662,1140,676,722 grandchildren=6627,11404,6763,7221
HASH_ROUTE token=247 layer=11 children=61,1,52,40 grandchildren=617,11,529,403
HASH_ROUTE token=247 layer=12 children=803,322,1124,480 grandchildren=8036,3221,11249,4800
HASH_ROUTE token=247 layer=13 children=143,84,98,782 grandchildren=1437,848,981,7823
HASH_ROUTE token=247 layer=14 children=520,200,840,614 grandchildren=5209,2003,8403,6147
HASH_ROUTE token=247 layer=15 children=357,415,338,398 grandchildren=3570,4158,3385,3989
HASH_ROUTE token=247 layer=16 children=1092,456,1083,771 grandchildren=10921,4561,10830,7715
HASH_ROUTE token=247 layer=17 children=1204,1127,1230,1189 grandchildren=12048,11271,12304,11891
HASH_ROUTE token=247 layer=18 children=203,44,364,1006 grandchildren=2031,446,3644,10063
HASH_ROUTE token=247 layer=19 children=305,941,267,903 grandchildren=3051,9413,2678,9037
HASH_ROUTE token=247 layer=20 children=357,1155,349,1147 grandchildren=3572,11551,3490,11471
HASH_ROUTE token=247 layer=21 children=70,130,60,101 grandchildren=709,1305,608,1017
HASH_ROUTE token=247 layer=22 children=178,254,282,495 grandchildren=1788,2540,2821,4955
HASH_ROUTE token=247 layer=23 children=179,245,972,1042 grandchildren=1792,2455,9726,10424
HASH_ROUTE token=248 layer=0 children=857,925,936,842 grandchildren=8574,9257,9364,8425
HASH_ROUTE token=248 layer=1 children=298,453,130,938 grandchildren=2987,4533,1303,9382
HASH_ROUTE token=248 layer=2 children=896,817,418,739 grandchildren=8960,8173,4180,7392
HASH_ROUTE token=248 layer=3 children=936,775,299,616 grandchildren=9367,7752,2997,6166
HASH_ROUTE token=248 layer=4 children=259,220,294,164 grandchildren=2595,2208,2948,1640
HASH_ROUTE token=248 layer=5 children=418,377,897,858 grandchildren=4184,3777,8973,8582
HASH_ROUTE token=248 layer=6 children=251,410,200,367 grandchildren=2518,4109,2007,3677
HASH_ROUTE token=248 layer=7 children=126,13,137,51 grandchildren=1266,138,1375,510
HASH_ROUTE token=248 layer=8 children=953,919,942,314 grandchildren=9539,9197,9427,3146
HASH_ROUTE token=248 layer=9 children=892,801,852,573 grandchildren=8922,8014,8528,5731
HASH_ROUTE token=248 layer=10 children=1149,982,188,349 grandchildren=11497,9825,1881,3497
HASH_ROUTE token=248 layer=11 children=56,34,695,115 grandchildren=569,342,6957,1155
HASH_ROUTE token=248 layer=12 children=487,1125,594,586 grandchildren=4878,11257,5947,5862
HASH_ROUTE token=248 layer=13 children=148,783,88,944 grandchildren=1487,7838,889,9445
HASH_ROUTE token=248 layer=14 children=880,565,242,905 grandchildren=8809,5651,2424,9050
HASH_ROUTE token=248 layer=15 children=972,991,1112,338 grandchildren=9724,9912,11126,3382
HASH_ROUTE token=248 layer=16 children=432,368,390,459 grandchildren=4328,3687,3902,4591
HASH_ROUTE token=248 layer=17 children=981,509,1022,542 grandchildren=9815,5095,10220,5426
HASH_ROUTE token=248 layer=18 children=1024,1094,1033,1084 grandchildren=10247,10948,10334,10844
HASH_ROUTE token=248 layer=19 children=312,162,237,216 grandchildren=3125,1627,2379,2164
HASH_ROUTE token=248 layer=20 children=985,1073,994,342 grandchildren=9858,10739,9940,3426
HASH_ROUTE token=248 layer=21 children=899,410,254,99 grandchildren=8991,4103,2540,993
HASH_ROUTE token=248 layer=22 children=268,1065,742,312 grandchildren=2687,10650,7420,3126
HASH_ROUTE token=248 layer=23 children=756,694,1073,684 grandchildren=7565,6945,10735,6841
HASH_ROUTE token=249 layer=0 children=122,281,1089,1245 grandchildren=1229,2812,10890,12453
HASH_ROUTE token=249 layer=1 children=420,261,446,287 grandchildren=4209,2616,4462,2878
HASH_ROUTE token=249 layer=2 children=1225,1063,1137,424 grandchildren=12255,10631,11371,4249
HASH_ROUTE token=249 layer=3 children=860,843,931,903 grandchildren=8604,8439,9317,9039
HASH_ROUTE token=249 layer=4 children=295,234,191,261 grandchildren=2955,2346,1910,2615
HASH_ROUTE token=249 layer=5 children=434,911,751,1239 grandchildren=4349,9113,7510,12396
HASH_ROUTE token=249 layer=6 children=442,283,402,247 grandchildren=4427,2832,4029,2472
HASH_ROUTE token=249 layer=7 children=777,720,791,667 grandchildren=7774,7209,7916,6672
HASH_ROUTE token=249 layer=8 children=1041,562,1109,1021 grandchildren=10419,5623,11090,10213
HASH_ROUTE token=249 layer=9 children=897,950,252,314 grandchildren=8978,9509,2520,3149
HASH_ROUTE token=249 layer=10 children=798,1277,472,634 grandchildren=7984,12773,4724,6342
HASH_ROUTE token=249 layer=11 children=57,37,97,117 grandchildren=579,376,970,1175
HASH_ROUTE token=249 layer=12 children=667,1149,799,189 grandchildren=6677,11494,7997,1894
HASH_ROUTE token=249 layer=13 children=677,699,736,781 grandchildren=6777,6990,7361,7818
HASH_ROUTE token=249 layer=14 children=267,586,230,553 grandchildren=2679,5860,2307,5537
HASH_ROUTE token=249 layer=15 children=839,995,352,1150 grandchildren=8398,9951,3529,11501
HASH_ROUTE token=249 layer=16 children=430,278,365,349 grandchildren=4304,2782,3654,3494
HASH_ROUTE token=249 layer=17 children=509,983,634,1115 grandchildren=5095,9837,6346,11151
HASH_ROUTE token=249 layer=18 children=969,991,1066,1107 grandchildren=9694,9910,10660,11076
HASH_ROUTE token=249 layer=19 children=764,789,743,654 grandchildren=7643,7891,7433,6546
HASH_ROUTE token=249 layer=20 children=311,633,795,472 grandchildren=3111,6330,7957,4725
HASH_ROUTE token=249 layer=21 children=883,874,833,249 grandchildren=8830,8748,8336,2497
HASH_ROUTE token=249 layer=22 children=179,301,333,269 grandchildren=1790,3019,3330,2694
HASH_ROUTE token=249 layer=23 children=620,504,583,634 grandchildren=6209,5049,5832,6343
HASH_ROUTE token=250 layer=0 children=932,864,805,955 grandchildren=9323,8649,8059,9559
HASH_ROUTE token=250 layer=1 children=746,589,422,260 grandchildren=7464,5898,4225,2609
HASH_ROUTE token=250 layer=2 children=35,354,519,98 grandchildren=350,3542,5195,981
HASH_ROUTE token=250 layer=3 children=530,54,370,597 grandchildren=5304,542,3702,5979
HASH_ROUTE token=250 layer=4 children=181,828,503,28 grandchildren=1810,8283,5032,282
HASH_ROUTE token=250 layer=5 children=1128,164,1134,1212 grandchildren=11288,1648,11348,12125
HASH_ROUTE token=250 layer=6 children=785,733,772,1109 grandchildren=7857,7336,7720,11091
HASH_ROUTE token=250 layer=7 children=514,490,506,677 grandchildren=5145,4903,5069,6774
HASH_ROUTE token=250 layer=8 children=572,540,1215,621 grandchildren=5720,5402,12150,6217
HASH_ROUTE token=250 layer=9 children=562,547,497,608 grandchildren=5622,5478,4977,6084
HASH_ROUTE token=250 layer=10 children=790,750,726,746 grandchildren=7900,7505,7262,7463
HASH_ROUTE token=250 layer=11 children=679,703,752,797 grandchildren=6794,7030,7525,7970
HASH_ROUTE token=250 layer=12 children=506,582,592,527 grandchildren=5068,5820,5923,5276
HASH_ROUTE token=250 layer=13 children=679,993,774,513 grandchildren=6794,9931,7749,5139
HASH_ROUTE token=250 layer=14 children=298,455,1090,618 grandchildren=2986,4552,10908,6182
HASH_ROUTE token=250 layer=15 children=1235,1186,1242,1072 grandchildren=12358,11860,12428,10721
HASH_ROUTE token=250 layer=16 children=1051,1061,256,260 grandchildren=10519,10610,2564,2605
HASH_ROUTE token=250 layer=17 children=591,545,507,564 grandchildren=5914,5453,5070,5648
HASH_ROUTE token=250 layer=18 children=1262,781,943,304 grandchildren=12622,7818,9438,3041
HASH_ROUTE token=250 layer=19 children=783,464,770,661 grandchildren=7833,4640,7702,6617
HASH_ROUTE token=250 layer=20 children=206,194,263,176 grandchildren=2069,1942,2639,1763
HASH_ROUTE token=250 layer=21 children=870,76,884,949 grandchildren=8708,760,8846,9499
HASH_ROUTE token=250 layer=22 children=460,338,621,496 grandchildren=4600,3387,6214,4960
HASH_ROUTE token=250 layer=23 children=577,566,585,895 grandchildren=5774,5667,5852,8954
HASH_ROUTE token=251 layer=0 children=969,646,807,8 grandchildren=9698,6462,8071,82
HASH_ROUTE token=251 layer=1 children=281,928,262,1241 grandchildren=2819,9285,2628,12413
HASH_ROUTE token=251 layer=2 children=420,1223,462,343 grandchildren=4202,12237,4624,3434
HASH_ROUTE token=251 layer=3 children=613,296,621,772 grandchildren=6138,2969,6214,7725
HASH_ROUTE token=251 layer=4 children=179,266,185,291 grandchildren=1795,2667,1855,2912
HASH_ROUTE token=251 layer=5 children=1165,1229,1258,1190 grandchildren=11653,12293,12585,11900
HASH_ROUTE token=251 layer=6 children=198,277,996,257 grandchildren=1982,2779,9963,2572
HASH_ROUTE token=251 layer=7 children=456,368,137,49 grandchildren=4565,3682,1379,498
HASH_ROUTE token=251 layer=8 children=1252,1208,1228,1170 grandchildren=12521,12080,12285,11708
HASH_ROUTE token=251 layer=9 children=664,709,828,184 grandchildren=6640,7097,8282,1842
HASH_ROUTE token=251 layer=10 children=1227,902,106,742 grandchildren=12273,9022,1061,7421
HASH_ROUTE token=251 layer=11 children=388,1186,1021,545 grandchildren=3887,11863,10217,5450
HASH_ROUTE token=251 layer=12 children=581,1221,526,740 grandchildren=5819,12211,5264,7403
HASH_ROUTE token=251 layer=13 children=1255,1243,1210,139 grandchildren=12557,12432,12106,1394
HASH_ROUTE token=251 layer=14 children=447,289,373,1085 grandchildren=4475,2896,3732,10856
HASH_ROUTE token=251 layer=15 children=1273,1251,1235,1179 grandchildren=12731,12515,12359,11790
HASH_ROUTE token=251 layer=16 children=254,417,276,430 grandchildren=2549,4179,2767,4303
HASH_ROUTE token=251 layer=17 children=507,515,987,995 grandchildren=5079,5158,9875,9953
HASH_ROUTE token=251 layer=18 children=304,313,147,184 grandchildren=3049,3132,1470,1847
HASH_ROUTE token=251 layer=19 children=783,1263,666,651 grandchildren=7839,12636,6666,6510
HASH_ROUTE token=251 layer=20 children=298,195,176,1258 grandchildren=2987,1951,1760,12582
HASH_ROUTE token=251 layer=21 children=106,76,149,580 grandchildren=1063,762,1494,5806
HASH_ROUTE token=251 layer=22 children=260,195,315,279 grandchildren=2603,1954,3159,2797
HASH_ROUTE token=251 layer=23 children=277,113,309,163 grandchildren=2777,1131,3092,1635
HASH_ROUTE token=252 layer=0 children=853,801,846,934 grandchildren=8531,8014,8466,9343
HASH_ROUTE token=252 layer=1 children=763,643,744,668 grandchildren=7632,6437,7449,6682
HASH_ROUTE token=252 layer=2 children=994,512,37,1090 grandchildren=9941,5128,375,10901
HASH_ROUTE token=252 layer=3 children=436,462,597,329 grandchildren=4369,4625,5973,3299
HASH_ROUTE token=252 layer=4 children=822,189,900,266 grandchildren=8220,1896,9004,2662
HASH_ROUTE token=252 layer=5 children=1223,1212,1161,1126 grandchildren=12230,12122,11617,11260
HASH_ROUTE token=252 layer=6 children=253,194,416,352 grandchildren=2532,1942,4168,3521
HASH_ROUTE token=252 layer=7 children=528,840,563,504 grandchildren=5281,8406,5636,5040
HASH_ROUTE token=252 layer=8 children=1161,361,42,205 grandchildren=11611,3611,423,2058
HASH_ROUTE token=252 layer=9 children=341,371,457,422 grandchildren=3414,3714,4578,4226
HASH_ROUTE token=252 layer=10 children=153,65,43,106 grandchildren=1530,654,434,1067
HASH_ROUTE token=252 layer=11 children=738,891,673,753 grandchildren=7381,8914,6734,7538
HASH_ROUTE token=252 layer=12 children=215,252,206,188 grandchildren=2153,2523,2069,1886
HASH_ROUTE token=252 layer=13 children=498,654,596,614 grandchildren=4984,6541,5966,6149
HASH_ROUTE token=252 layer=14 children=354,1152,330,407 grandchildren=3541,11520,3300,4071
HASH_ROUTE token=252 layer=15 children=1016,1179,538,993 grandchildren=10169,11793,5387,9937
HASH_ROUTE token=252 layer=16 children=1058,1027,417,970 grandchildren=10587,10272,4179,9701
HASH_ROUTE token=252 layer=17 children=486,494,968,615 grandchildren=4862,4947,9687,6154
HASH_ROUTE token=252 layer=18 children=1249,1272,1264,1256 grandchildren=12496,12723,12640,12561
HASH_ROUTE token=252 layer=19 children=462,783,430,751 grandchildren=4622,7832,4301,7518
HASH_ROUTE token=252 layer=20 children=227,314,271,289 grandchildren=2276,3142,2715,2893
HASH_ROUTE token=252 layer=21 children=72,718,874,555 grandchildren=721,7187,8740,5555
HASH_ROUTE token=252 layer=22 children=634,585,519,626 grandchildren=6341,5855,5199,6263
HASH_ROUTE token=252 layer=23 children=193,513,31,266 grandchildren=1935,5138,312,2664
HASH_ROUTE token=253 layer=0 children=805,482,958,165 grandchildren=8052,4826,9589,1652
HASH_ROUTE token=253 layer=1 children=343,420,452,184 grandchildren=3437,4202,4522,1847
HASH_ROUTE token=253 layer=2 children=494,335,816,560 grandchildren=4942,3357,8161,5608
HASH_ROUTE token=253 layer=3 children=773,936,694,850 grandchildren=7734,9365,6944,8505
HASH_ROUTE token=253 layer=4 children=105,261,135,25 grandchildren=1052,2619,1357,255
HASH_ROUTE token=253 layer=5 children=711,754,687,79 grandchildren=7115,7545,6876,796
HASH_ROUTE token=253 layer=6 children=660,185,712,735 grandchildren=6603,1859,7120,7351
HASH_ROUTE token=253 layer=7 children=74,123,137,9 grandchildren=745,1239,1374,99
HASH_ROUTE token=253 layer=8 children=529,588,1009,548 grandchildren=5293,5881,10090,5485
HASH_ROUTE token=253 layer=9 children=856,800,868,894 grandchildren=8567,8006,8688,8949
HASH_ROUTE token=253 layer=10 children=707,675,759,790 grandchildren=7078,6751,7592,7901
HASH_ROUTE token=253 layer=11 children=997,1073,1051,983 grandchildren=9978,10730,10513,9832
HASH_ROUTE token=253 layer=12 children=260,1069,281,1088 grandchildren=2600,10691,2810,10884
HASH_ROUTE token=253 layer=13 children=756,599,783,687 grandchildren=7566,5991,7836,6877
HASH_ROUTE token=253 layer=14 children=408,358,1049,424 grandchildren=4081,3586,10495,4243
HASH_ROUTE token=253 layer=15 children=991,1033,1153,1197 grandchildren=9912,10331,11535,11978
HASH_ROUTE token=253 layer=16 children=1028,1035,1095,1017 grandchildren=10280,10353,10955,10179
HASH_ROUTE token=253 layer=17 children=484,327,960,544 grandchildren=4845,3279,9606,5441
HASH_ROUTE token=253 layer=18 children=777,1252,690,1094 grandchildren=7774,12525,6908,10945
HASH_ROUTE token=253 layer=19 children=788,667,651,946 grandchildren=7888,6670,6512,9465
HASH_ROUTE token=253 layer=20 children=1274,1138,1227,1205 grandchildren=12742,11387,12278,12057
HASH_ROUTE token=253 layer=21 children=877,76,903,894 grandchildren=8778,761,9035,8947
HASH_ROUTE token=253 layer=22 children=583,635,1062,1110 grandchildren=5833,6355,10621,11100
HASH_ROUTE token=253 layer=23 children=513,197,672,995 grandchildren=5136,1972,6720,9954
HASH_ROUTE token=254 layer=0 children=150,78,477,50 grandchildren=1500,789,4778,509
HASH_ROUTE token=254 layer=1 children=297,250,262,181 grandchildren=2972,2507,2627,1812
HASH_ROUTE token=254 layer=2 children=961,1066,1092,984 grandchildren=9610,10667,10920,9845
HASH_ROUTE token=254 layer=3 children=135,148,111,1099 grandchildren=1354,1481,1118,10998
HASH_ROUTE token=254 layer=4 children=251,299,235,225 grandchildren=2516,2999,2359,2253
HASH_ROUTE token=254 layer=5 children=1215,1160,1188,94 grandchildren=12152,11607,11889,944
HASH_ROUTE token=254 layer=6 children=288,440,1082,265 grandchildren=2885,4403,10829,2654
HASH_ROUTE token=254 layer=7 children=615,504,935,821 grandchildren=6152,5043,9351,8218
HASH_ROUTE token=254 layer=8 children=617,631,133,566 grandchildren=6179,6316,1337,5669
HASH_ROUTE token=254 layer=9 children=923,769,1241,955 grandchildren=9232,7690,12414,9557
HASH_ROUTE token=254 layer=10 children=1162,1153,1277,847 grandchildren=11625,11538,12777,8472
HASH_ROUTE token=254 layer=11 children=193,670,1159,515 grandchildren=1938,6706,11597,5159
HASH_ROUTE token=254 layer=12 children=610,564,515,538 grandchildren=6106,5644,5154,5389
HASH_ROUTE token=254 layer=13 children=667,773,761,687 grandchildren=6671,7736,7611,6874
HASH_ROUTE token=254 layer=14 children=1105,948,462,994 grandchildren=11053,9484,4625,9943
HASH_ROUTE token=254 layer=15 children=497,518,544,597 grandchildren=4975,5186,5448,5977
HASH_ROUTE token=254 layer=16 children=592,522,569,627 grandchildren=5929,5226,5692,6274
HASH_ROUTE token=254 layer=17 children=462,386,357,411 grandchildren=4629,3866,3573,4110
HASH_ROUTE token=254 layer=18 children=642,1128,964,769 grandchildren=6429,11288,9649,7699
HASH_ROUTE token=254 layer=19 children=783,764,746,946 grandchildren=7838,7646,7467,9467
HASH_ROUTE token=254 layer=20 children=318,165,283,632 grandchildren=3184,1659,2831,6321
HASH_ROUTE token=254 layer=21 children=872,718,76,556 grandchildren=8728,7186,764,5565
HASH_ROUTE token=254 layer=22 children=475,1110,336,971 grandchildren=4756,11104,3369,9710
HASH_ROUTE token=254 layer=23 children=566,530,504,579 grandchildren=5663,5307,5048,5798
HASH_ROUTE token=255 layer=0 children=153,50,72,65 grandchildren=1538,504,728,659
HASH_ROUTE token=255 layer=1 children=175,297,653,333 grandchildren=1759,2979,6532,3337
HASH_ROUTE token=255 layer=2 children=1060,905,424,747 grandchildren=10600,9056,4243,7472
HASH_ROUTE token=255 layer=3 children=106,68,12,900 grandchildren=1064,689,121,9005
HASH_ROUTE token=255 layer=4 children=186,299,311,229 grandchildren=1866,2993,3117,2295
HASH_ROUTE token=255 layer=5 children=1210,1272,1174,1130 grandchildren=12105,12725,11747,11301
HASH_ROUTE token=255 layer=6 children=129,442,760,288 grandchildren=1297,4422,7605,2882
HASH_ROUTE token=255 layer=7 children=137,931,617,777 grandchildren=1377,9317,6176,7775
HASH_ROUTE token=255 layer=8 children=1110,953,314,1040 grandchildren=11106,9535,3146,10405
HASH_ROUTE token=255 layer=9 children=955,314,897,915 grandchildren=9558,3144,8975,9151
HASH_ROUTE token=255 layer=10 children=347,1147,180,446 grandchildren=3474,11470,1806,4469
HASH_ROUTE token=255 layer=11 children=24,1149,32,1154 grandchildren=243,11492,320,11540
HASH_ROUTE token=255 layer=12 children=374,327,219,478 grandchildren=3741,3277,2197,4784
HASH_ROUTE token=255 layer=13 children=148,786,948,463 grandchildren=1481,7860,9482,4638
HASH_ROUTE token=255 layer=14 children=693,777,537,616 grandchildren=6932,7779,5376,6160
HASH_ROUTE token=255 layer=15 children=995,1024,831,1040 grandchildren=9956,10246,8314,10405
HASH_ROUTE token=255 layer=16 children=431,365,346,1075 grandchildren=4319,3651,3469,10759
HASH_ROUTE token=255 layer=17 children=981,188,1144,349 grandchildren=9817,1880,11446,3499
HASH_ROUTE token=255 layer=18 children=380,320,364,454 grandchildren=3803,3203,3646,4548
HASH_ROUTE token=255 layer=19 children=606,440,120,926 grandchildren=6068,4408,1208,9264
HASH_ROUTE token=255 layer=20 children=766,737,642,779 grandchildren=7666,7374,6428,7792
HASH_ROUTE token=255 layer=21 children=1030,552,870,236 grandchildren=10309,5529,8709,2363
HASH_ROUTE token=255 layer=22 children=178,333,265,13 grandchildren=1782,3332,2652,131
HASH_ROUTE token=255 layer=23 children=945,624,909,807 grandchildren=9457,6249,9097,8077
HASH_REP rep=0 base_ms=1.541666016 hash_ms=1.544811719
HASH_REP rep=1 base_ms=1.585476563 hash_ms=1.533933594
HASH_REP rep=2 base_ms=1.593689063 hash_ms=1.578342578
HASH_REP rep=3 base_ms=1.660162500 hash_ms=1.659842969
HASH_REP rep=4 base_ms=1.622062109 hash_ms=1.519058594
HASH_LAYER layer=0 coverage=689
HASH_LAYER layer=1 coverage=696
HASH_LAYER layer=2 coverage=824
HASH_LAYER layer=3 coverage=759
HASH_LAYER layer=4 coverage=724
HASH_LAYER layer=5 coverage=721
HASH_LAYER layer=6 coverage=776
HASH_LAYER layer=7 coverage=787
HASH_LAYER layer=8 coverage=791
HASH_LAYER layer=9 coverage=768
HASH_LAYER layer=10 coverage=830
HASH_LAYER layer=11 coverage=794
HASH_LAYER layer=12 coverage=799
HASH_LAYER layer=13 coverage=793
HASH_LAYER layer=14 coverage=769
HASH_LAYER layer=15 coverage=729
HASH_LAYER layer=16 coverage=758
HASH_LAYER layer=17 coverage=661
HASH_LAYER layer=18 coverage=798
HASH_LAYER layer=19 coverage=721
HASH_LAYER layer=20 coverage=764
HASH_LAYER layer=21 coverage=746
HASH_LAYER layer=22 coverage=766
HASH_LAYER layer=23 coverage=792
HASH_SUMMARY states=6144 selections=24576 unique_total=18255 base_median_ms=1.593689063 hash_median_ms=1.544811719 ratio=0.969331 hash_addressed_bytes_per_token=1536 fixture_bytes=3084 rss_bytes=534454272 elapsed_seconds=4.987986 checksum=197213476.093750000 gate=PASS
