HASH_ROUTE token=0 layer=0 children=755,649,779,713 grandchildren=7554,6492,7792,7137
HASH_ROUTE token=0 layer=1 children=527,689,504,663 grandchildren=5273,6897,5042,6632
HASH_ROUTE token=0 layer=2 children=352,830,36,991 grandchildren=3526,8301,365,9916
HASH_ROUTE token=0 layer=3 children=623,613,535,554 grandchildren=6235,6137,5351,5549
HASH_ROUTE token=0 layer=4 children=465,434,1260,452 grandchildren=4651,4341,12606,4526
HASH_ROUTE token=0 layer=5 children=320,809,963,168 grandchildren=3207,8093,9637,1682
HASH_ROUTE token=0 layer=6 children=461,785,620,946 grandchildren=4617,7857,6203,9463
HASH_ROUTE token=0 layer=7 children=148,99,38,621 grandchildren=1484,999,384,6211
HASH_ROUTE token=0 layer=8 children=1014,697,1100,786 grandchildren=10144,6977,11006,7865
HASH_ROUTE token=0 layer=9 children=131,55,938,156 grandchildren=1318,557,9389,1563
HASH_ROUTE token=0 layer=10 children=616,626,540,587 grandchildren=6169,6263,5403,5879
HASH_ROUTE token=0 layer=11 children=916,1077,866,753 grandchildren=9164,10779,8662,7537
HASH_ROUTE token=0 layer=12 children=359,839,1151,512 grandchildren=3591,8395,11518,5124
HASH_ROUTE token=0 layer=13 children=324,167,489,361 grandchildren=3249,1672,4897,3611
HASH_ROUTE token=0 layer=14 children=1102,1264,1096,947 grandchildren=11029,12646,10963,9476
HASH_ROUTE token=0 layer=15 children=767,127,1080,678 grandchildren=7678,1279,10805,6788
HASH_ROUTE token=0 layer=16 children=921,600,889,124 grandchildren=9217,6009,8895,1242
HASH_ROUTE token=0 layer=17 children=893,954,801,91 grandchildren=8932,9542,8014,919
HASH_ROUTE token=0 layer=18 children=740,1226,268,721 grandchildren=7401,12261,2682,7218
HASH_ROUTE token=0 layer=19 children=322,647,1121,482 grandchildren=3221,6473,11219,4823
HASH_ROUTE token=0 layer=20 children=1264,309,1223,786 grandchildren=12642,3094,12232,7864
HASH_ROUTE token=0 layer=21 children=1180,1238,700,65 grandchildren=11807,12386,7005,657
HASH_ROUTE token=0 layer=22 children=939,295,1090,772 grandchildren=9391,2955,10905,7723
HASH_ROUTE token=0 layer=23 children=109,45,71,261 grandchildren=1099,456,717,2618
HASH_ROUTE token=1 layer=0 children=326,367,434,441 grandchildren=3265,3674,4348,4418
HASH_ROUTE token=1 layer=1 children=172,207,810,843 grandchildren=1729,2072,8103,8437
HASH_ROUTE token=1 layer=2 children=899,576,815,417 grandchildren=8998,5762,8151,4175
HASH_ROUTE token=1 layer=3 children=931,1090,130,294 grandchildren=9315,10905,1306,2945
HASH_ROUTE token=1 layer=4 children=635,317,959,475 grandchildren=6353,3179,9599,4751
HASH_ROUTE token=1 layer=5 children=1212,1130,1174,252 grandchildren=12124,11302,11745,2524
HASH_ROUTE token=1 layer=6 children=289,761,310,197 grandchildren=2894,7618,3102,1975
HASH_ROUTE token=1 layer=7 children=611,521,514,536 grandchildren=6117,5216,5147,5365
HASH_ROUTE token=1 layer=8 children=788,1105,627,944 grandchildren=7884,11059,6276,9446
HASH_ROUTE token=1 layer=9 children=838,513,191,892 grandchildren=8381,5132,1919,8928
HASH_ROUTE token=1 layer=10 children=240,275,187,727 grandchildren=2401,2753,1878,7276
HASH_ROUTE token=1 layer=11 children=10,490,6,173 grandchildren=108,4902,67,1735
HASH_ROUTE token=1 layer=12 children=684,1003,748,772 grandchildren=6848,10034,7489,7723
HASH_ROUTE token=1 layer=13 children=946,147,1260,1105 grandchildren=9467,1479,12602,11053
HASH_ROUTE token=1 layer=14 children=613,936,777,294 grandchildren=6132,9366,7778,2942
HASH_ROUTE token=1 layer=15 children=343,472,827,410 grandchildren=3438,4721,8276,4106
HASH_ROUTE token=1 layer=16 children=429,325,413,434 grandchildren=4296,3258,4139,4346
HASH_ROUTE token=1 layer=17 children=983,1060,662,1056 grandchildren=9834,10603,6628,10566
HASH_ROUTE token=1 layer=18 children=161,186,248,283 grandchildren=1618,1866,2482,2833
HASH_ROUTE token=1 layer=19 children=652,712,778,15 grandchildren=6526,7121,7784,153
HASH_ROUTE token=1 layer=20 children=318,634,178,278 grandchildren=3183,6348,1783,2783
HASH_ROUTE token=1 layer=21 children=10,40,93,335 grandchildren=101,407,939,3354
HASH_ROUTE token=1 layer=22 children=1247,1123,1084,969 grandchildren=12475,11237,10848,9695
HASH_ROUTE token=1 layer=23 children=34,124,44,86 grandchildren=342,1243,442,864
HASH_ROUTE token=2 layer=0 children=960,321,1089,1128 grandchildren=9603,3217,10894,11282
HASH_ROUTE token=2 layer=1 children=295,189,244,160 grandchildren=2952,1897,2441,1604
HASH_ROUTE token=2 layer=2 children=330,973,18,499 grandchildren=3305,9739,189,4991
HASH_ROUTE token=2 layer=3 children=107,1221,267,421 grandchildren=1071,12216,2672,4211
HASH_ROUTE token=2 layer=4 children=200,364,287,449 grandchildren=2007,3644,2873,4495
HASH_ROUTE token=2 layer=5 children=1213,1173,1134,252 grandchildren=12132,11731,11347,2528
HASH_ROUTE token=2 layer=6 children=246,725,1209,88 grandchildren=2462,7259,12097,882
HASH_ROUTE token=2 layer=7 children=697,52,219,534 grandchildren=6977,529,2199,5344
HASH_ROUTE token=2 layer=8 children=311,950,792,1117 grandchildren=3116,9502,7921,11177
HASH_ROUTE token=2 layer=9 children=312,257,957,795 grandchildren=3124,2572,9574,7954
HASH_ROUTE token=2 layer=10 children=545,591,707,1181 grandchildren=5453,5919,7079,11819
HASH_ROUTE token=2 layer=11 children=43,77,61,24 grandchildren=433,775,611,243
HASH_ROUTE token=2 layer=12 children=378,696,850,217 grandchildren=3782,6967,8506,2173
HASH_ROUTE token=2 layer=13 children=86,147,91,50 grandchildren=868,1472,916,504
HASH_ROUTE token=2 layer=14 children=293,196,248,282 grandchildren=2937,1968,2489,2824
HASH_ROUTE token=2 layer=15 children=1003,363,997,351 grandchildren=10038,3632,9975,3513
HASH_ROUTE token=2 layer=16 children=452,418,434,1253 grandchildren=4525,4185,4344,12539
HASH_ROUTE token=2 layer=17 children=180,215,238,1144 grandchildren=1809,2157,2389,11443
HASH_ROUTE token=2 layer=18 children=100,909,429,261 grandchildren=1003,9097,4297,2611
HASH_ROUTE token=2 layer=19 children=676,744,705,1152 grandchildren=6763,7448,7052,11527
HASH_ROUTE token=2 layer=20 children=213,319,244,198 grandchildren=2136,3191,2442,1987
HASH_ROUTE token=2 layer=21 children=33,46,70,831 grandchildren=336,465,709,8319
HASH_ROUTE token=2 layer=22 children=269,428,742,179 grandchildren=2691,4283,7428,1794
HASH_ROUTE token=2 layer=23 children=1037,235,1017,1064 grandchildren=10374,2351,10175,10647
HASH_ROUTE token=3 layer=0 children=901,100,422,951 grandchildren=9015,1006,4224,9519
HASH_ROUTE token=3 layer=1 children=259,189,203,242 grandchildren=2597,1894,2034,2428
HASH_ROUTE token=3 layer=2 children=867,382,891,1024 grandchildren=8671,3829,8913,10244
HASH_ROUTE token=3 layer=3 children=1229,107,740,1154 grandchildren=12294,1075,7404,11544
HASH_ROUTE token=3 layer=4 children=444,382,281,365 grandchildren=4443,3825,2818,3659
HASH_ROUTE token=3 layer=5 children=389,410,865,891 grandchildren=3891,4106,8658,8918
HASH_ROUTE token=3 layer=6 children=728,1203,676,243 grandchildren=7281,12036,6762,2435
HASH_ROUTE token=3 layer=7 children=219,1018,854,294 grandchildren=2192,10184,8548,2949
HASH_ROUTE token=3 layer=8 children=102,58,149,583 grandchildren=1028,582,1498,5831
HASH_ROUTE token=3 layer=9 children=246,314,182,251 grandchildren=2464,3146,1826,2511
HASH_ROUTE token=3 layer=10 children=884,1045,1203,932 grandchildren=8843,10453,12037,9327
HASH_ROUTE token=3 layer=11 children=159,56,956,853 grandchildren=1597,565,9561,8535
HASH_ROUTE token=3 layer=12 children=169,247,213,223 grandchildren=1692,2474,2132,2233
HASH_ROUTE token=3 layer=13 children=729,779,737,787 grandchildren=7292,7791,7373,7877
HASH_ROUTE token=3 layer=14 children=936,855,777,920 grandchildren=9364,8559,7777,9208
HASH_ROUTE token=3 layer=15 children=474,363,371,345 grandchildren=4741,3632,3719,3457
HASH_ROUTE token=3 layer=16 children=251,418,223,381 grandchildren=2512,4181,2239,3815
HASH_ROUTE token=3 layer=17 children=1144,1179,1153,1222 grandchildren=11445,11795,11533,12223
HASH_ROUTE token=3 layer=18 children=151,1114,477,100 grandchildren=1516,11145,4773,1005
HASH_ROUTE token=3 layer=19 children=1208,242,724,1151 grandchildren=12082,2428,7241,11518
HASH_ROUTE token=3 layer=20 children=347,185,362,375 grandchildren=3476,1851,3624,3751
HASH_ROUTE token=3 layer=21 children=143,1262,464,71 grandchildren=1439,12624,4649,714
HASH_ROUTE token=3 layer=22 children=281,238,243,161 grandchildren=2814,2381,2432,1615
HASH_ROUTE token=3 layer=23 children=199,309,213,261 grandchildren=1991,3095,2134,2619
HASH_ROUTE token=4 layer=0 children=106,52,9,908 grandchildren=1064,525,98,9083
HASH_ROUTE token=4 layer=1 children=294,610,934,137 grandchildren=2943,6105,9344,1376
HASH_ROUTE token=4 layer=2 children=570,610,1219,522 grandchildren=5707,6101,12194,5228
HASH_ROUTE token=4 layer=3 children=436,382,273,225 grandchildren=4366,3825,2739,2257
HASH_ROUTE token=4 layer=4 children=247,881,569,724 grandchildren=2474,8811,5699,7243
HASH_ROUTE token=4 layer=5 children=528,202,576,258 grandchildren=5285,2027,5764,2585
HASH_ROUTE token=4 layer=6 children=685,363,1161,520 grandchildren=6851,3634,11616,5204
HASH_ROUTE token=4 layer=7 children=306,177,787,654 grandchildren=3064,1776,7871,6543
HASH_ROUTE token=4 layer=8 children=842,823,902,859 grandchildren=8424,8237,9025,8598
HASH_ROUTE token=4 layer=9 children=774,700,791,721 grandchildren=7742,7007,7914,7214
HASH_ROUTE token=4 layer=10 children=401,240,80,724 grandchildren=4019,2406,801,7242
HASH_ROUTE token=4 layer=11 children=333,1132,401,656 grandchildren=3332,11326,4016,6566
HASH_ROUTE token=4 layer=12 children=981,184,664,1027 grandchildren=9815,1842,6646,10276
HASH_ROUTE token=4 layer=13 children=999,352,676,835 grandchildren=9998,3526,6769,8352
HASH_ROUTE token=4 layer=14 children=178,289,269,338 grandchildren=1781,2895,2698,3389
HASH_ROUTE token=4 layer=15 children=1117,993,1027,1016 grandchildren=11172,9931,10271,10165
HASH_ROUTE token=4 layer=16 children=856,908,816,895 grandchildren=8563,9085,8163,8953
HASH_ROUTE token=4 layer=17 children=1017,1091,968,375 grandchildren=10179,10917,9689,3753
HASH_ROUTE token=4 layer=18 children=766,928,689,703 grandchildren=7661,9289,6893,7038
HASH_ROUTE token=4 layer=19 children=789,708,1261,1187 grandchildren=7891,7082,12612,11871
HASH_ROUTE token=4 layer=20 children=1116,1021,977,966 grandchildren=11169,10218,9778,9662
HASH_ROUTE token=4 layer=21 children=72,717,872,237 grandchildren=727,7175,8725,2372
HASH_ROUTE token=4 layer=22 children=265,246,288,101 grandchildren=2656,2467,2889,1011
HASH_ROUTE token=4 layer=23 children=606,283,1083,505 grandchildren=6062,2837,10831,5058
HASH_ROUTE token=5 layer=0 children=646,689,962,1007 grandchildren=6466,6897,9621,10074
HASH_ROUTE token=5 layer=1 children=241,184,276,177 grandchildren=2417,1844,2765,1779
HASH_ROUTE token=5 layer=2 children=656,749,739,679 grandchildren=6564,7496,7391,6797
HASH_ROUTE token=5 layer=3 children=758,771,915,1079 grandchildren=7584,7713,9153,10797
HASH_ROUTE token=5 layer=4 children=294,615,172,499 grandchildren=2942,6151,1725,4998
HASH_ROUTE token=5 layer=5 children=1212,891,1173,1129 grandchildren=12125,8918,11736,11296
HASH_ROUTE token=5 layer=6 children=734,671,779,668 grandchildren=7341,6715,7793,6683
HASH_ROUTE token=5 layer=7 children=224,65,541,249 grandchildren=2242,656,5417,2494
HASH_ROUTE token=5 layer=8 children=308,269,1106,1066 grandchildren=3089,2698,11062,10663
HASH_ROUTE token=5 layer=9 children=868,226,824,925 grandchildren=8682,2267,8245,9251
HASH_ROUTE token=5 layer=10 children=358,30,435,832 grandchildren=3584,304,4359,8326
HASH_ROUTE token=5 layer=11 children=1211,1167,737,578 grandchildren=12116,11679,7374,5788
HASH_ROUTE token=5 layer=12 children=1084,984,1043,1004 grandchildren=10845,9847,10432,10048
HASH_ROUTE token=5 layer=13 children=133,1091,35,997 grandchildren=1338,10917,353,9976
HASH_ROUTE token=5 layer=14 children=261,289,225,198 grandchildren=2611,2894,2254,1981
HASH_ROUTE token=5 layer=15 children=1029,1016,382,374 grandchildren=10295,10164,3823,3744
HASH_ROUTE token=5 layer=16 children=1174,373,1017,1213 grandchildren=11741,3734,10171,12131
HASH_ROUTE token=5 layer=17 children=507,983,535,613 grandchildren=5074,9831,5359,6138
HASH_ROUTE token=5 layer=18 children=690,707,1017,781 grandchildren=6903,7074,10175,7812
HASH_ROUTE token=5 layer=19 children=789,678,1263,770 grandchildren=7893,6781,12634,7705
HASH_ROUTE token=5 layer=20 children=227,704,266,319 grandchildren=2271,7042,2663,3196
HASH_ROUTE token=5 layer=21 children=72,718,870,558 grandchildren=728,7181,8705,5587
HASH_ROUTE token=5 layer=22 children=464,343,621,502 grandchildren=4642,3434,6211,5021
HASH_ROUTE token=5 layer=23 children=1147,982,180,824 grandchildren=11478,9823,1801,8249
HASH_ROUTE token=6 layer=0 children=805,955,932,853 grandchildren=8051,9559,9325,8539
HASH_ROUTE token=6 layer=1 children=209,242,841,1006 grandchildren=2095,2427,8419,10064
HASH_ROUTE token=6 layer=2 children=447,358,766,921 grandchildren=4476,3584,7661,9216
HASH_ROUTE token=6 layer=3 children=791,673,155,775 grandchildren=7911,6738,1551,7754
HASH_ROUTE token=6 layer=4 children=292,186,169,193 grandchildren=2926,1868,1699,1934
HASH_ROUTE token=6 layer=5 children=891,1212,809,1129 grandchildren=8915,12126,8095,11292
HASH_ROUTE token=6 layer=6 children=430,353,398,422 grandchildren=4309,3539,3983,4222
HASH_ROUTE token=6 layer=7 children=1189,226,1251,299 grandchildren=11896,2263,12518,2993
HASH_ROUTE token=6 layer=8 children=1175,1266,1252,1128 grandchildren=11758,12663,12524,11289
HASH_ROUTE token=6 layer=9 children=185,220,314,272 grandchildren=1852,2204,3147,2725
HASH_ROUTE token=6 layer=10 children=1272,1157,1252,959 grandchildren=12728,11579,12521,9596
HASH_ROUTE token=6 layer=11 children=733,411,93,896 grandchildren=7339,4117,934,8967
HASH_ROUTE token=6 layer=12 children=1088,1247,1056,1219 grandchildren=10883,12474,10566,12196
HASH_ROUTE token=6 layer=13 children=735,676,774,760 grandchildren=7358,6761,7745,7603
HASH_ROUTE token=6 layer=14 children=429,588,261,904 grandchildren=4297,5882,2612,9041
HASH_ROUTE token=6 layer=15 children=1187,1232,1177,1153 grandchildren=11874,12324,11773,11534
HASH_ROUTE token=6 layer=16 children=217,533,1017,270 grandchildren=2177,5333,10173,2709
HASH_ROUTE token=6 layer=17 children=507,343,530,987 grandchildren=5072,3433,5301,9871
HASH_ROUTE token=6 layer=18 children=300,257,179,248 grandchildren=3005,2572,1796,2487
HASH_ROUTE token=6 layer=19 children=1263,789,1159,678 grandchildren=12639,7894,11598,6781
HASH_ROUTE token=6 layer=20 children=227,282,314,265 grandchildren=2279,2824,3143,2651
HASH_ROUTE token=6 layer=21 children=72,555,21,717 grandchildren=725,5551,216,7174
HASH_ROUTE token=6 layer=22 children=1067,269,1110,1049 grandchildren=10676,2691,11104,10497
HASH_ROUTE token=6 layer=23 children=184,1141,981,261 grandchildren=1841,11414,9813,2618
HASH_ROUTE token=7 layer=0 children=50,4,43,120 grandchildren=504,44,435,1205
HASH_ROUTE token=7 layer=1 children=175,657,15,331 grandchildren=1757,6574,156,3317
HASH_ROUTE token=7 layer=2 children=896,738,410,577 grandchildren=8969,7386,4102,5776
HASH_ROUTE token=7 layer=3 children=1230,597,1188,548 grandchildren=12309,5976,11882,5489
HASH_ROUTE token=7 layer=4 children=294,181,194,312 grandchildren=2947,1814,1942,3122
HASH_ROUTE token=7 layer=5 children=1212,1173,1238,1223 grandchildren=12127,11737,12387,12232
HASH_ROUTE token=7 layer=6 children=683,734,792,729 grandchildren=6835,7342,7924,7298
HASH_ROUTE token=7 layer=7 children=224,240,276,294 grandchildren=2241,2405,2764,2943
HASH_ROUTE token=7 layer=8 children=841,944,203,309 grandchildren=8413,9442,2038,3094
HASH_ROUTE token=7 layer=9 children=291,310,939,959 grandchildren=2918,3101,9393,9594
HASH_ROUTE token=7 layer=10 children=592,547,610,497 grandchildren=5921,5475,6101,4976
HASH_ROUTE token=7 layer=11 children=752,695,665,670 grandchildren=7529,6957,6653,6707
HASH_ROUTE token=7 layer=12 children=183,984,298,1098 grandchildren=1835,9843,2988,10989
HASH_ROUTE token=7 layer=13 children=495,976,579,625 grandchildren=4958,9761,5796,6253
HASH_ROUTE token=7 layer=14 children=269,588,904,192 grandchildren=2694,5881,9042,1921
HASH_ROUTE token=7 layer=15 children=1248,1274,1253,1266 grandchildren=12486,12746,12534,12669
HASH_ROUTE token=7 layer=16 children=1055,1213,895,251 grandchildren=10551,12131,8955,2516
HASH_ROUTE token=7 layer=17 children=545,507,611,486 grandchildren=5453,5072,6116,4863
HASH_ROUTE token=7 layer=18 children=244,318,287,184 grandchildren=2444,3185,2874,1841
HASH_ROUTE token=7 layer=19 children=789,1266,305,723 grandchildren=7895,12669,3056,7237
HASH_ROUTE token=7 layer=20 children=227,1024,387,240 grandchildren=2273,10247,3878,2406
HASH_ROUTE token=7 layer=21 children=144,72,949,10 grandchildren=1447,728,9496,106
HASH_ROUTE token=7 layer=22 children=309,287,269,249 grandchildren=3095,2873,2694,2492
HASH_ROUTE token=7 layer=23 children=666,702,764,985 grandchildren=6664,7027,7644,9851
HASH_ROUTE token=8 layer=0 children=320,807,166,1126 grandchildren=3203,8073,1664,11269
HASH_ROUTE token=8 layer=1 children=274,240,436,210 grandchildren=2744,2402,4365,2103
HASH_ROUTE token=8 layer=2 children=737,419,745,659 grandchildren=7376,4199,7457,6593
HASH_ROUTE token=8 layer=3 children=343,451,414,369 grandchildren=3438,4513,4141,3697
HASH_ROUTE token=8 layer=4 children=294,191,771,318 grandchildren=2949,1917,7716,3181
HASH_ROUTE token=8 layer=5 children=1223,1183,582,1062 grandchildren=12231,11834,5828,10623
HASH_ROUTE token=8 layer=6 children=670,794,779,668 grandchildren=6705,7946,7792,6686
HASH_ROUTE token=8 layer=7 children=405,1041,563,1203 grandchildren=4058,10417,5635,12035
HASH_ROUTE token=8 layer=8 children=202,308,1000,1106 grandchildren=2028,3084,10003,11062
HASH_ROUTE token=8 layer=9 children=806,925,862,884 grandchildren=8063,9253,8628,8845
HASH_ROUTE token=8 layer=10 children=675,835,763,355 grandchildren=6757,8357,7637,3551
HASH_ROUTE token=8 layer=11 children=1231,753,272,1211 grandchildren=12318,7539,2721,12111
HASH_ROUTE token=8 layer=12 children=992,1043,1089,1057 grandchildren=9922,10437,10891,10573
HASH_ROUTE token=8 layer=13 children=1255,614,1265,1210 grandchildren=12553,6141,12659,12105
HASH_ROUTE token=8 layer=14 children=135,36,614,1090 grandchildren=1355,365,6147,10908
HASH_ROUTE token=8 layer=15 children=1239,1179,1210,1186 grandchildren=12398,11796,12105,11869
HASH_ROUTE token=8 layer=16 children=1178,533,1131,213 grandchildren=11788,5331,11315,2135
HASH_ROUTE token=8 layer=17 children=1065,987,587,1017 grandchildren=10652,9876,5876,10175
HASH_ROUTE token=8 layer=18 children=282,768,248,726 grandchildren=2821,7688,2482,7263
HASH_ROUTE token=8 layer=19 children=242,305,179,239 grandchildren=2426,3051,1793,2392
HASH_ROUTE token=8 layer=20 children=1024,387,224,998 grandchildren=10244,3879,2247,9983
HASH_ROUTE token=8 layer=21 children=872,76,826,235 grandchildren=8728,767,8264,2354
HASH_ROUTE token=8 layer=22 children=265,314,306,243 grandchildren=2656,3149,3064,2433
HASH_ROUTE token=8 layer=23 children=755,769,1070,1083 grandchildren=7556,7697,10703,10836
HASH_ROUTE token=9 layer=0 children=939,955,864,847 grandchildren=9397,9557,8642,8477
HASH_ROUTE token=9 layer=1 children=207,265,172,229 grandchildren=2078,2657,1723,2293
HASH_ROUTE token=9 layer=2 children=575,418,891,1217 grandchildren=5751,4186,8913,12175
HASH_ROUTE token=9 layer=3 children=1195,1223,554,585 grandchildren=11954,12237,5548,5856
HASH_ROUTE token=9 layer=4 children=822,900,186,937 grandchildren=8222,9001,1867,9378
HASH_ROUTE token=9 layer=5 children=844,871,205,529 grandchildren=8441,8716,2056,5292
HASH_ROUTE token=9 layer=6 children=395,366,1034,1002 grandchildren=3959,3669,10341,10028
HASH_ROUTE token=9 layer=7 children=202,1168,240,1209 grandchildren=2023,11687,2405,12095
HASH_ROUTE token=9 layer=8 children=950,795,1272,158 grandchildren=9503,7952,12722,1587
HASH_ROUTE token=9 layer=9 children=328,350,8,484 grandchildren=3281,3505,84,4843
HASH_ROUTE token=9 layer=10 children=360,470,358,321 grandchildren=3601,4708,3586,3218
HASH_ROUTE token=9 layer=11 children=1219,1132,1204,1129 grandchildren=12196,11328,12044,11296
HASH_ROUTE token=9 layer=12 children=985,1038,1062,1050 grandchildren=9858,10387,10625,10503
HASH_ROUTE token=9 layer=13 children=1105,787,979,654 grandchildren=11058,7878,9791,6542
HASH_ROUTE token=9 layer=14 children=267,285,313,212 grandchildren=2675,2853,3138,2122
HASH_ROUTE token=9 layer=15 children=1239,1273,1186,1251 grandchildren=12393,12738,11864,12517
HASH_ROUTE token=9 layer=16 children=1051,97,570,964 grandchildren=10512,978,5702,9648
HASH_ROUTE token=9 layer=17 children=594,494,530,545 grandchildren=5942,4945,5308,5454
HASH_ROUTE token=9 layer=18 children=796,318,1276,785 grandchildren=7962,3186,12766,7857
HASH_ROUTE token=9 layer=19 children=784,143,305,467 grandchildren=7844,1437,3052,4674
HASH_ROUTE token=9 layer=20 children=1112,1092,1271,1258 grandchildren=11123,10922,12712,12589
HASH_ROUTE token=9 layer=21 children=74,152,718,106 grandchildren=743,1528,7189,1067
HASH_ROUTE token=9 layer=22 children=317,249,173,1110 grandchildren=3173,2495,1732,11105
HASH_ROUTE token=9 layer=23 children=1191,1141,1202,1037 grandchildren=11915,11415,12027,10378
HASH_ROUTE token=10 layer=0 children=153,50,72,65 grandchildren=1538,503,724,653
HASH_ROUTE token=10 layer=1 children=175,297,333,653 grandchildren=1754,2974,3337,6533
HASH_ROUTE token=10 layer=2 children=1061,424,1225,901 grandchildren=10615,4243,12255,9015
HASH_ROUTE token=10 layer=3 children=106,68,18,900 grandchildren=1068,684,184,9006
HASH_ROUTE token=10 layer=4 children=186,299,311,229 grandchildren=1867,2993,3112,2297
HASH_ROUTE token=10 layer=5 children=1272,1213,1174,1130 grandchildren=12728,12134,11746,11306
HASH_ROUTE token=10 layer=6 children=129,442,760,288 grandchildren=1298,4425,7604,2884
HASH_ROUTE token=10 layer=7 children=934,137,617,459 grandchildren=9344,1378,6175,4593
HASH_ROUTE token=10 layer=8 children=1110,953,314,1043 grandchildren=11102,9535,3144,10434
HASH_ROUTE token=10 layer=9 children=955,314,897,913 grandchildren=9559,3147,8972,9137
HASH_ROUTE token=10 layer=10 children=347,1147,180,446 grandchildren=3476,11479,1807,4466
HASH_ROUTE token=10 layer=11 children=24,1142,32,1154 grandchildren=245,11426,329,11545
HASH_ROUTE token=10 layer=12 children=374,327,219,478 grandchildren=3746,3272,2194,4787
HASH_ROUTE token=10 layer=13 children=786,148,943,463 grandchildren=7864,1489,9431,4636
HASH_ROUTE token=10 layer=14 children=693,777,537,616 grandchildren=6937,7774,5379,6161
HASH_ROUTE token=10 layer=15 children=995,1024,1040,831 grandchildren=9952,10249,10409,8312
HASH_ROUTE token=10 layer=16 children=431,365,1076,346 grandchildren=4314,3651,10768,3468
HASH_ROUTE token=10 layer=17 children=981,188,1144,509 grandchildren=9815,1885,11446,5092
HASH_ROUTE token=10 layer=18 children=382,320,454,364 grandchildren=3829,3203,4544,3641
HASH_ROUTE token=10 layer=19 children=606,446,523,120 grandchildren=6061,4463,5231,1207
HASH_ROUTE token=10 layer=20 children=766,734,642,667 grandchildren=7662,7347,6421,6675
HASH_ROUTE token=10 layer=21 children=1030,552,870,236 grandchildren=10305,5528,8704,2369
HASH_ROUTE token=10 layer=22 children=178,265,13,102 grandchildren=1786,2657,134,1027
HASH_ROUTE token=10 layer=23 children=945,620,820,861 grandchildren=9454,6203,8209,8612
HASH_ROUTE token=11 layer=0 children=755,649,779,713 grandchildren=7552,6496,7799,7136
HASH_ROUTE token=11 layer=1 children=527,689,504,663 grandchildren=5274,6899,5042,6637
HASH_ROUTE token=11 layer=2 children=352,830,36,991 grandchildren=3526,8307,364,9919
HASH_ROUTE token=11 layer=3 children=623,613,535,554 grandchildren=6238,6131,5357,5541
HASH_ROUTE token=11 layer=4 children=465,434,1260,452 grandchildren=4655,4343,12604,4525
HASH_ROUTE token=11 layer=5 children=320,809,963,168 grandchildren=3205,8096,9631,1688
HASH_ROUTE token=11 layer=6 children=461,785,620,946 grandchildren=4617,7858,6202,9468
HASH_ROUTE token=11 layer=7 children=148,99,38,621 grandchildren=1484,995,381,6214
HASH_ROUTE token=11 layer=8 children=1014,697,1100,786 grandchildren=10144,6975,11001,7869
HASH_ROUTE token=11 layer=9 children=131,55,938,156 grandchildren=1314,558,9386,1568
HASH_ROUTE token=11 layer=10 children=616,626,540,587 grandchildren=6163,6264,5401,5878
HASH_ROUTE token=11 layer=11 children=916,1077,866,753 grandchildren=9167,10777,8666,7538
HASH_ROUTE token=11 layer=12 children=359,839,1151,512 grandchildren=3599,8391,11514,5121
HASH_ROUTE token=11 layer=13 children=324,167,489,361 grandchildren=3245,1676,4895,3615
HASH_ROUTE token=11 layer=14 children=1102,1264,1096,947 grandchildren=11022,12646,10968,9476
HASH_ROUTE token=11 layer=15 children=767,127,1080,678 grandchildren=7679,1276,10806,6784
HASH_ROUTE token=11 layer=16 children=921,600,889,124 grandchildren=9218,6003,8891,1245
HASH_ROUTE token=11 layer=17 children=893,954,801,91 grandchildren=8934,9548,8014,913
HASH_ROUTE token=11 layer=18 children=740,1226,268,721 grandchildren=7401,12268,2685,7212
HASH_ROUTE token=11 layer=19 children=322,647,1121,482 grandchildren=3229,6472,11219,4826
HASH_ROUTE token=11 layer=20 children=1264,309,1223,786 grandchildren=12644,3098,12238,7865
HASH_ROUTE token=11 layer=21 children=1180,1238,700,65 grandchildren=11804,12383,7002,659
HASH_ROUTE token=11 layer=22 children=939,295,1090,772 grandchildren=9393,2957,10902,7725
HASH_ROUTE token=11 layer=23 children=109,45,71,261 grandchildren=1099,458,717,2615
HASH_ROUTE token=12 layer=0 children=447,376,327,418 grandchildren=4473,3765,3276,4186
HASH_ROUTE token=12 layer=1 children=201,241,841,49 grandchildren=2013,2412,8415,498
HASH_ROUTE token=12 layer=2 children=753,596,276,657 grandchildren=7531,5963,2764,6579
HASH_ROUTE token=12 layer=3 children=27,106,984,133 grandchildren=271,1064,9848,1335
HASH_ROUTE token=12 layer=4 children=168,186,236,3 grandchildren=1681,1866,2364,34
HASH_ROUTE token=12 layer=5 children=301,256,940,1103 grandchildren=3019,2569,9404,11038
HASH_ROUTE token=12 layer=6 children=794,720,730,676 grandchildren=7947,7208,7306,6763
HASH_ROUTE token=12 layer=7 children=926,766,950,821 grandchildren=9269,7664,9509,8213
HASH_ROUTE token=12 layer=8 children=369,1009,420,456 grandchildren=3693,10091,4206,4566
HASH_ROUTE token=12 layer=9 children=897,830,906,954 grandchildren=8977,8301,9069,9548
HASH_ROUTE token=12 layer=10 children=242,215,1040,166 grandchildren=2421,2151,10404,1662
HASH_ROUTE token=12 layer=11 children=954,874,790,154 grandchildren=9541,8744,7908,1544
HASH_ROUTE token=12 layer=12 children=805,884,6,321 grandchildren=8057,8848,68,3211
HASH_ROUTE token=12 layer=13 children=70,712,89,728 grandchildren=705,7126,893,7283
HASH_ROUTE token=12 layer=14 children=552,230,871,571 grandchildren=5522,2306,8712,5713
HASH_ROUTE token=12 layer=15 children=345,455,828,939 grandchildren=3456,4557,8289,9399
HASH_ROUTE token=12 layer=16 children=325,437,5,114 grandchildren=3252,4373,58,1142
HASH_ROUTE token=12 layer=17 children=1081,605,1248,980 grandchildren=10817,6057,12489,9806
HASH_ROUTE token=12 layer=18 children=172,335,970,818 grandchildren=1721,3354,9701,8186
HASH_ROUTE token=12 layer=19 children=677,648,653,712 grandchildren=6773,6485,6534,7125
HASH_ROUTE token=12 layer=20 children=1073,599,758,1117 grandchildren=10736,5993,7589,11177
HASH_ROUTE token=12 layer=21 children=1058,1022,967,731 grandchildren=10582,10225,9672,7318
HASH_ROUTE token=12 layer=22 children=162,961,809,265 grandchildren=1627,9615,8092,2657
HASH_ROUTE token=12 layer=23 children=671,39,1152,764 grandchildren=6718,397,11526,7649
HASH_ROUTE token=13 layer=0 children=125,153,41,449 grandchildren=1255,1538,418,4496
HASH_ROUTE token=13 layer=1 children=189,171,297,261 grandchildren=1891,1717,2973,2613
HASH_ROUTE token=13 layer=2 children=818,945,822,863 grandchildren=8186,9454,8222,8636
HASH_ROUTE token=13 layer=3 children=106,4,26,741 grandchildren=1067,44,261,7416
HASH_ROUTE token=13 layer=4 children=299,167,180,213 grandchildren=2999,1671,1804,2139
HASH_ROUTE token=13 layer=5 children=897,1210,252,576 grandchildren=8971,12107,2523,5769
HASH_ROUTE token=13 layer=6 children=1160,682,200,1209 grandchildren=11603,6823,2001,12098
HASH_ROUTE token=13 layer=7 children=948,937,622,825 grandchildren=9488,9372,6227,8259
HASH_ROUTE token=13 layer=8 children=953,942,882,1276 grandchildren=9532,9427,8824,12761
HASH_ROUTE token=13 layer=9 children=257,314,1217,897 grandchildren=2578,3149,12179,8971
HASH_ROUTE token=13 layer=10 children=724,752,641,666 grandchildren=7242,7524,6414,6663
HASH_ROUTE token=13 layer=11 children=56,134,78,67 grandchildren=565,1349,784,675
HASH_ROUTE token=13 layer=12 children=634,955,504,820 grandchildren=6341,9551,5049,8203
HASH_ROUTE token=13 layer=13 children=760,731,127,91 grandchildren=7602,7315,1276,918
HASH_ROUTE token=13 layer=14 children=631,314,525,512 grandchildren=6315,3141,5251,5129
HASH_ROUTE token=13 layer=15 children=380,345,439,371 grandchildren=3803,3458,4392,3713
HASH_ROUTE token=13 layer=16 children=419,328,437,474 grandchildren=4194,3288,4376,4749
HASH_ROUTE token=13 layer=17 children=184,343,190,223 grandchildren=1844,3435,1901,2232
HASH_ROUTE token=13 layer=18 children=308,210,261,196 grandchildren=3088,2109,2613,1966
HASH_ROUTE token=13 layer=19 children=744,266,900,705 grandchildren=7443,2667,9006,7058
HASH_ROUTE token=13 layer=20 children=1163,529,201,1002 grandchildren=11637,5299,2012,10028
HASH_ROUTE token=13 layer=21 children=126,38,18,6 grandchildren=1268,385,181,67
HASH_ROUTE token=13 layer=22 children=281,929,178,1247 grandchildren=2819,9293,1789,12474
HASH_ROUTE token=13 layer=23 children=235,717,289,71 grandchildren=2357,7172,2899,719
HASH_ROUTE token=14 layer=0 children=153,955,479,65 grandchildren=1535,9552,4794,655
HASH_ROUTE token=14 layer=1 children=297,281,244,180 grandchildren=2975,2819,2448,1806
HASH_ROUTE token=14 layer=2 children=1205,1225,404,242 grandchildren=12053,12254,4043,2422
HASH_ROUTE token=14 layer=3 children=100,15,68,158 grandchildren=1003,152,688,1581
HASH_ROUTE token=14 layer=4 children=180,295,162,209 grandchildren=1808,2956,1622,2097
HASH_ROUTE token=14 layer=5 children=1212,258,1174,897 grandchildren=12129,2588,11746,8979
HASH_ROUTE token=14 layer=6 children=727,683,761,737 grandchildren=7271,6835,7613,7375
HASH_ROUTE token=14 layer=7 children=139,931,777,617 grandchildren=1395,9316,7775,6171
HASH_ROUTE token=14 layer=8 children=1040,1117,1011,882 grandchildren=10408,11171,10114,8825
HASH_ROUTE token=14 layer=9 children=252,316,897,953 grandchildren=2523,3165,8979,9534
HASH_ROUTE token=14 layer=10 children=1233,1251,1276,1144 grandchildren=12332,12513,12764,11446
HASH_ROUTE token=14 layer=11 children=58,41,134,853 grandchildren=583,413,1342,8536
HASH_ROUTE token=14 layer=12 children=374,327,217,167 grandchildren=3743,3276,2175,1671
HASH_ROUTE token=14 layer=13 children=881,890,953,943 grandchildren=8812,8904,9539,9437
HASH_ROUTE token=14 layer=14 children=567,590,528,580 grandchildren=5676,5909,5285,5801
HASH_ROUTE token=14 layer=15 children=971,1041,1115,1080 grandchildren=9713,10413,11155,10803
HASH_ROUTE token=14 layer=16 children=361,437,349,419 grandchildren=3614,4373,3497,4193
HASH_ROUTE token=14 layer=17 children=295,188,317,167 grandchildren=2954,1886,3179,1677
HASH_ROUTE token=14 layer=18 children=842,1001,909,45 grandchildren=8421,10013,9092,457
HASH_ROUTE token=14 layer=19 children=353,673,363,687 grandchildren=3534,6738,3633,6876
HASH_ROUTE token=14 layer=20 children=536,553,513,613 grandchildren=5365,5536,5135,6131
HASH_ROUTE token=14 layer=21 children=844,833,1006,871 grandchildren=8449,8339,10061,8719
HASH_ROUTE token=14 layer=22 children=269,178,230,312 grandchildren=2695,1783,2307,3125
HASH_ROUTE token=14 layer=23 children=1164,1245,1186,1194 grandchildren=11641,12454,11869,11946
HASH_ROUTE token=15 layer=0 children=371,1017,474,1174 grandchildren=3716,10172,4747,11746
HASH_ROUTE token=15 layer=1 children=246,252,171,274 grandchildren=2462,2526,1715,2748
HASH_ROUTE token=15 layer=2 children=456,295,420,405 grandchildren=4566,2957,4208,4055
HASH_ROUTE token=15 layer=3 children=355,517,450,614 grandchildren=3555,5173,4504,6142
HASH_ROUTE token=15 layer=4 children=493,552,571,529 grandchildren=4933,5524,5713,5292
HASH_ROUTE token=15 layer=5 children=625,596,558,940 grandchildren=6258,5967,5589,9402
HASH_ROUTE token=15 layer=6 children=732,1051,673,750 grandchildren=7324,10512,6731,7503
HASH_ROUTE token=15 layer=7 children=466,425,402,1103 grandchildren=4662,4257,4025,11033
HASH_ROUTE token=15 layer=8 children=148,941,786,1266 grandchildren=1481,9416,7862,12666
HASH_ROUTE token=15 layer=9 children=185,824,1140,660 grandchildren=1852,8249,11408,6604
HASH_ROUTE token=15 layer=10 children=242,722,277,750 grandchildren=2429,7224,2774,7505
HASH_ROUTE token=15 layer=11 children=677,703,656,737 grandchildren=6772,7032,6563,7372
HASH_ROUTE token=15 layer=12 children=714,688,664,641 grandchildren=7148,6885,6646,6416
HASH_ROUTE token=15 layer=13 children=895,735,1213,838 grandchildren=8952,7353,12138,8384
HASH_ROUTE token=15 layer=14 children=813,172,14,901 grandchildren=8136,1728,148,9015
HASH_ROUTE token=15 layer=15 children=1235,751,1251,1266 grandchildren=12354,7517,12515,12661
HASH_ROUTE token=15 layer=16 children=470,315,950,430 grandchildren=4708,3158,9505,4307
HASH_ROUTE token=15 layer=17 children=1029,546,1067,984 grandchildren=10294,5468,10678,9849
HASH_ROUTE token=15 layer=18 children=570,250,1058,625 grandchildren=5704,2505,10584,6258
HASH_ROUTE token=15 layer=19 children=462,357,397,789 grandchildren=4622,3579,3971,7891
HASH_ROUTE token=15 layer=20 children=229,1026,1186,313 grandchildren=2297,10267,11862,3133
HASH_ROUTE token=15 layer=21 children=76,719,237,878 grandchildren=762,7192,2372,8787
HASH_ROUTE token=15 layer=22 children=583,269,428,101 grandchildren=5832,2699,4289,1016
HASH_ROUTE token=15 layer=23 children=256,180,579,261 grandchildren=2568,1808,5796,2613
HASH_ROUTE token=16 layer=0 children=449,1089,322,762 grandchildren=4492,10893,3223,7621
HASH_ROUTE token=16 layer=1 children=184,249,250,345 grandchildren=1844,2495,2501,3458
HASH_ROUTE token=16 layer=2 children=778,655,684,753 grandchildren=7783,6552,6845,7534
HASH_ROUTE token=16 layer=3 children=1250,931,617,451 grandchildren=12507,9318,6176,4517
HASH_ROUTE token=16 layer=4 children=318,280,959,292 grandchildren=3184,2804,9598,2929
HASH_ROUTE token=16 layer=5 children=442,928,403,1249 grandchildren=4428,9287,4037,12497
HASH_ROUTE token=16 layer=6 children=1073,1036,990,1055 grandchildren=10735,10368,9903,10552
HASH_ROUTE token=16 layer=7 children=340,356,404,368 grandchildren=3408,3563,4045,3686
HASH_ROUTE token=16 layer=8 children=856,930,217,1177 grandchildren=8564,9302,2178,11776
HASH_ROUTE token=16 layer=9 children=808,951,828,167 grandchildren=8082,9511,8285,1677
HASH_ROUTE token=16 layer=10 children=832,904,928,823 grandchildren=8325,9043,9286,8233
HASH_ROUTE token=16 layer=11 children=705,545,688,670 grandchildren=7058,5451,6882,6704
HASH_ROUTE token=16 layer=12 children=516,541,508,586 grandchildren=5161,5415,5087,5862
HASH_ROUTE token=16 layer=13 children=1256,772,1235,759 grandchildren=12562,7729,12352,7591
HASH_ROUTE token=16 layer=14 children=767,929,120,283 grandchildren=7679,9292,1205,2837
HASH_ROUTE token=16 layer=15 children=1273,1238,797,632 grandchildren=12735,12387,7977,6323
HASH_ROUTE token=16 layer=16 children=410,1219,1050,389 grandchildren=4103,12193,10506,3894
HASH_ROUTE token=16 layer=17 children=344,982,429,1064 grandchildren=3445,9827,4297,10648
HASH_ROUTE token=16 layer=18 children=1107,1061,970,1072 grandchildren=11072,10613,9708,10727
HASH_ROUTE token=16 layer=19 children=39,1159,355,15 grandchildren=392,11591,3551,152
HASH_ROUTE token=16 layer=20 children=274,225,247,183 grandchildren=2749,2251,2472,1834
HASH_ROUTE token=16 layer=21 children=870,949,828,396 grandchildren=8708,9496,8284,3962
HASH_ROUTE token=16 layer=22 children=944,907,827,813 grandchildren=9441,9073,8278,8134
HASH_ROUTE token=16 layer=23 children=36,517,199,675 grandchildren=362,5179,1997,6757
HASH_ROUTE token=17 layer=0 children=7,41,150,805 grandchildren=79,418,1501,8056
HASH_ROUTE token=17 layer=1 children=446,288,423,261 grandchildren=4466,2885,4236,2617
HASH_ROUTE token=17 layer=2 children=730,749,656,765 grandchildren=7304,7496,6566,7657
HASH_ROUTE token=17 layer=3 children=746,664,771,648 grandchildren=7461,6643,7711,6484
HASH_ROUTE token=17 layer=4 children=259,169,180,294 grandchildren=2596,1697,1809,2942
HASH_ROUTE token=17 layer=5 children=958,479,842,861 grandchildren=9584,4794,8429,8613
HASH_ROUTE token=17 layer=6 children=904,422,879,923 grandchildren=9042,4225,8791,9231
HASH_ROUTE token=17 layer=7 children=225,707,204,688 grandchildren=2259,7075,2046,6887
HASH_ROUTE token=17 layer=8 children=948,146,304,460 grandchildren=9489,1465,3042,4604
HASH_ROUTE token=17 layer=9 children=734,742,896,904 grandchildren=7348,7428,8962,9047
HASH_ROUTE token=17 layer=10 children=325,647,477,413 grandchildren=3255,6477,4772,4136
HASH_ROUTE token=17 layer=11 children=1162,363,1234,1182 grandchildren=11626,3632,12347,11821
HASH_ROUTE token=17 layer=12 children=508,481,1141,1126 grandchildren=5086,4817,11412,11267
HASH_ROUTE token=17 layer=13 children=921,830,767,673 grandchildren=9219,8304,7672,6737
HASH_ROUTE token=17 layer=14 children=813,901,18,929 grandchildren=8133,9014,187,9297
HASH_ROUTE token=17 layer=15 children=763,694,1080,605 grandchildren=7637,6945,10809,6059
HASH_ROUTE token=17 layer=16 children=550,231,492,583 grandchildren=5503,2318,4927,5832
HASH_ROUTE token=17 layer=17 children=507,601,594,347 grandchildren=5074,6015,5945,3471
HASH_ROUTE token=17 layer=18 children=1163,686,522,841 grandchildren=11633,6867,5225,8416
HASH_ROUTE token=17 layer=19 children=329,462,478,350 grandchildren=3296,4623,4787,3503
HASH_ROUTE token=17 layer=20 children=474,318,386,229 grandchildren=4746,3187,3865,2294
HASH_ROUTE token=17 layer=21 children=76,555,33,715 grandchildren=762,5558,334,7158
HASH_ROUTE token=17 layer=22 children=460,428,335,405 grandchildren=4602,4282,3356,4053
HASH_ROUTE token=17 layer=23 children=24,140,64,154 grandchildren=243,1407,646,1545
HASH_ROUTE token=18 layer=0 children=127,2,441,23 grandchildren=1277,26,4412,237
HASH_ROUTE token=18 layer=1 children=369,349,204,424 grandchildren=3691,3495,2049,4246
HASH_ROUTE token=18 layer=2 children=419,1213,442,1241 grandchildren=4195,12131,4423,12413
HASH_ROUTE token=18 layer=3 children=459,1092,342,931 grandchildren=4597,10926,3428,9319
HASH_ROUTE token=18 layer=4 children=266,101,1064,174 grandchildren=2664,1019,10641,1744
HASH_ROUTE token=18 layer=5 children=1248,1258,440,1212 grandchildren=12487,12583,4406,12128
HASH_ROUTE token=18 layer=6 children=431,273,415,253 grandchildren=4318,2733,4152,2533
HASH_ROUTE token=18 layer=7 children=314,296,215,224 grandchildren=3143,2966,2154,2245
HASH_ROUTE token=18 layer=8 children=1067,1000,1095,904 grandchildren=10679,10006,10956,9043
HASH_ROUTE token=18 layer=9 children=649,767,808,921 grandchildren=6492,7671,8089,9216
HASH_ROUTE token=18 layer=10 children=351,677,335,196 grandchildren=3512,6772,3356,1965
HASH_ROUTE token=18 layer=11 children=472,350,435,153 grandchildren=4721,3507,4352,1531
HASH_ROUTE token=18 layer=12 children=506,635,619,528 grandchildren=5068,6351,6196,5283
HASH_ROUTE token=18 layer=13 children=517,30,508,832 grandchildren=5176,308,5088,8325
HASH_ROUTE token=18 layer=14 children=978,813,179,1087 grandchildren=9784,8139,1792,10872
HASH_ROUTE token=18 layer=15 children=1029,1078,1095,1016 grandchildren=10296,10783,10958,10166
HASH_ROUTE token=18 layer=16 children=338,650,18,1139 grandchildren=3384,6506,183,11391
HASH_ROUTE token=18 layer=17 children=594,527,507,587 grandchildren=5948,5273,5076,5874
HASH_ROUTE token=18 layer=18 children=685,841,762,528 grandchildren=6855,8414,7627,5284
HASH_ROUTE token=18 layer=19 children=1265,941,789,466 grandchildren=12656,9413,7899,4666
HASH_ROUTE token=18 layer=20 children=317,474,792,264 grandchildren=3175,4744,7929,2644
HASH_ROUTE token=18 layer=21 children=72,715,555,35 grandchildren=722,7155,5559,356
HASH_ROUTE token=18 layer=22 children=307,295,171,245 grandchildren=3076,2955,1712,2459
HASH_ROUTE token=18 layer=23 children=125,928,25,1083 grandchildren=1252,9281,251,10833
HASH_ROUTE token=19 layer=0 children=150,950,5,806 grandchildren=1505,9505,58,8065
HASH_ROUTE token=19 layer=1 children=496,500,569,975 grandchildren=4963,5008,5691,9756
HASH_ROUTE token=19 layer=2 children=765,773,705,659 grandchildren=7657,7733,7058,6595
HASH_ROUTE token=19 layer=3 children=855,897,216,536 grandchildren=8553,8978,2169,5368
HASH_ROUTE token=19 layer=4 children=237,180,259,294 grandchildren=2377,1806,2591,2946
HASH_ROUTE token=19 layer=5 children=844,865,364,388 grandchildren=8445,8652,3649,3888
HASH_ROUTE token=19 layer=6 children=431,351,417,1076 grandchildren=4316,3518,4171,10764
HASH_ROUTE token=19 layer=7 children=408,245,369,80 grandchildren=4087,2456,3699,809
HASH_ROUTE token=19 layer=8 children=1264,308,624,1104 grandchildren=12642,3082,6249,11048
HASH_ROUTE token=19 layer=9 children=763,734,799,283 grandchildren=7635,7346,7999,2831
HASH_ROUTE token=19 layer=10 children=642,650,671,322 grandchildren=6422,6505,6713,3225
HASH_ROUTE token=19 layer=11 children=1136,657,1162,1219 grandchildren=11362,6571,11621,12192
HASH_ROUTE token=19 layer=12 children=668,1145,185,799 grandchildren=6684,11459,1854,7993
HASH_ROUTE token=19 layer=13 children=1255,616,133,298 grandchildren=12557,6161,1332,2982
HASH_ROUTE token=19 layer=14 children=674,196,833,357 grandchildren=6747,1963,8335,3571
HASH_ROUTE token=19 layer=15 children=1090,1105,450,460 grandchildren=10909,11052,4506,4608
HASH_ROUTE token=19 layer=16 children=417,1212,895,427 grandchildren=4179,12129,8958,4276
HASH_ROUTE token=19 layer=17 children=594,486,532,613 grandchildren=5946,4864,5326,6138
HASH_ROUTE token=19 layer=18 children=726,1207,719,568 grandchildren=7266,12073,7192,5689
HASH_ROUTE token=19 layer=19 children=789,1266,644,462 grandchildren=7893,12666,6449,4627
HASH_ROUTE token=19 layer=20 children=704,229,1021,744 grandchildren=7049,2295,10218,7449
HASH_ROUTE token=19 layer=21 children=72,41,33,50 grandchildren=724,412,336,502
HASH_ROUTE token=19 layer=22 children=428,464,391,269 grandchildren=4289,4643,3914,2693
HASH_ROUTE token=19 layer=23 children=20,508,824,108 grandchildren=208,5082,8249,1084
HASH_ROUTE token=20 layer=0 children=1002,202,365,961 grandchildren=10027,2029,3656,9618
HASH_ROUTE token=20 layer=1 children=280,244,444,278 grandchildren=2802,2442,4443,2781
HASH_ROUTE token=20 layer=2 children=656,334,495,696 grandchildren=6569,3346,4955,6969
HASH_ROUTE token=20 layer=3 children=771,931,669,133 grandchildren=7714,9319,6691,1331
HASH_ROUTE token=20 layer=4 children=294,261,193,318 grandchildren=2943,2611,1939,3188
HASH_ROUTE token=20 layer=5 children=1179,1275,1123,1166 grandchildren=11794,12752,11239,11668
HASH_ROUTE token=20 layer=6 children=671,779,654,734 grandchildren=6712,7795,6546,7345
HASH_ROUTE token=20 layer=7 children=80,67,563,240 grandchildren=804,671,5637,2407
HASH_ROUTE token=20 layer=8 children=140,100,1106,621 grandchildren=1408,1005,11068,6215
HASH_ROUTE token=20 layer=9 children=925,762,289,835 grandchildren=9251,7625,2894,8353
HASH_ROUTE token=20 layer=10 children=914,899,437,830 grandchildren=9143,8995,4377,8307
HASH_ROUTE token=20 layer=11 children=1211,1206,257,242 grandchildren=12119,12062,2579,2428
HASH_ROUTE token=20 layer=12 children=1045,1200,984,1145 grandchildren=10458,12007,9848,11459
HASH_ROUTE token=20 layer=13 children=511,34,192,997 grandchildren=5116,341,1924,9971
HASH_ROUTE token=20 layer=14 children=261,429,288,192 grandchildren=2617,4291,2888,1921
HASH_ROUTE token=20 layer=15 children=976,1133,1098,1251 grandchildren=9769,11339,10984,12514
HASH_ROUTE token=20 layer=16 children=373,401,332,412 grandchildren=3734,4019,3325,4127
HASH_ROUTE token=20 layer=17 children=594,437,521,533 grandchildren=5946,4374,5215,5339
HASH_ROUTE token=20 layer=18 children=710,1033,237,393 grandchildren=7109,10336,2373,3933
HASH_ROUTE token=20 layer=19 children=789,1269,145,672 grandchildren=7895,12695,1451,6729
HASH_ROUTE token=20 layer=20 children=792,704,470,387 grandchildren=7928,7045,4708,3874
HASH_ROUTE token=20 layer=21 children=290,930,300,949 grandchildren=2904,9304,3002,9491
HASH_ROUTE token=20 layer=22 children=339,389,428,459 grandchildren=3391,3896,4286,4597
HASH_ROUTE token=20 layer=23 children=449,606,416,579 grandchildren=4494,6063,4163,5798
HASH_ROUTE token=21 layer=0 children=153,50,72,65 grandchildren=1535,503,729,654
HASH_ROUTE token=21 layer=1 children=175,297,333,653 grandchildren=1757,2977,3339,6534
HASH_ROUTE token=21 layer=2 children=1061,424,905,1225 grandchildren=10614,4246,9057,12252
HASH_ROUTE token=21 layer=3 children=106,68,18,900 grandchildren=1065,689,181,9005
HASH_ROUTE token=21 layer=4 children=186,294,312,194 grandchildren=1869,2948,3122,1941
HASH_ROUTE token=21 layer=5 children=1274,1213,1179,1130 grandchildren=12744,12137,11795,11308
HASH_ROUTE token=21 layer=6 children=129,448,765,280 grandchildren=1297,4484,7653,2801
HASH_ROUTE token=21 layer=7 children=137,934,617,456 grandchildren=1373,9348,6175,4567
HASH_ROUTE token=21 layer=8 children=1110,953,314,1274 grandchildren=11109,9538,3144,12749
HASH_ROUTE token=21 layer=9 children=955,314,897,913 grandchildren=9553,3148,8977,9136
HASH_ROUTE token=21 layer=10 children=1145,347,180,1244 grandchildren=11459,3477,1802,12441
HASH_ROUTE token=21 layer=11 children=24,1142,30,1156 grandchildren=247,11429,309,11563
HASH_ROUTE token=21 layer=12 children=374,327,219,478 grandchildren=3748,3276,2194,4789
HASH_ROUTE token=21 layer=13 children=148,786,943,463 grandchildren=1484,7864,9436,4634
HASH_ROUTE token=21 layer=14 children=777,696,616,537 grandchildren=7774,6969,6166,5372
HASH_ROUTE token=21 layer=15 children=995,1024,1040,839 grandchildren=9959,10242,10403,8391
HASH_ROUTE token=21 layer=16 children=431,365,346,1076 grandchildren=4318,3659,3462,10764
HASH_ROUTE token=21 layer=17 children=981,349,509,188 grandchildren=9816,3491,5099,1881
HASH_ROUTE token=21 layer=18 children=325,380,364,964 grandchildren=3252,3801,3642,9648
HASH_ROUTE token=21 layer=19 children=606,446,523,120 grandchildren=6067,4464,5236,1209
HASH_ROUTE token=21 layer=20 children=766,730,667,642 grandchildren=7667,7304,6671,6421
HASH_ROUTE token=21 layer=21 children=1030,552,870,236 grandchildren=10302,5526,8704,2363
HASH_ROUTE token=21 layer=22 children=265,178,102,13 grandchildren=2658,1781,1022,131
HASH_ROUTE token=21 layer=23 children=945,620,820,861 grandchildren=9456,6203,8205,8619
HASH_ROUTE token=22 layer=0 children=755,649,779,713 grandchildren=7558,6497,7794,7131
HASH_ROUTE token=22 layer=1 children=527,689,504,663 grandchildren=5271,6895,5048,6635
HASH_ROUTE token=22 layer=2 children=352,830,36,991 grandchildren=3528,8302,365,9912
HASH_ROUTE token=22 layer=3 children=623,613,535,554 grandchildren=6234,6135,5359,5541
HASH_ROUTE token=22 layer=4 children=465,434,1260,452 grandchildren=4654,4343,12601,4522
HASH_ROUTE token=22 layer=5 children=320,809,963,168 grandchildren=3206,8092,9638,1682
HASH_ROUTE token=22 layer=6 children=461,785,620,946 grandchildren=4613,7853,6206,9463
HASH_ROUTE token=22 layer=7 children=148,99,38,621 grandchildren=1484,998,385,6216
HASH_ROUTE token=22 layer=8 children=1014,697,1100,786 grandchildren=10145,6974,11001,7865
HASH_ROUTE token=22 layer=9 children=131,55,938,156 grandchildren=1314,554,9388,1567
HASH_ROUTE token=22 layer=10 children=616,626,540,587 grandchildren=6168,6263,5404,5874
HASH_ROUTE token=22 layer=11 children=916,1077,866,753 grandchildren=9169,10777,8666,7539
HASH_ROUTE token=22 layer=12 children=359,839,1151,512 grandchildren=3593,8392,11511,5125
HASH_ROUTE token=22 layer=13 children=324,167,489,361 grandchildren=3247,1678,4899,3619
HASH_ROUTE token=22 layer=14 children=1102,1264,1096,947 grandchildren=11021,12646,10969,9472
HASH_ROUTE token=22 layer=15 children=767,127,1080,678 grandchildren=7675,1278,10802,6787
HASH_ROUTE token=22 layer=16 children=921,600,889,124 grandchildren=9216,6001,8899,1245
HASH_ROUTE token=22 layer=17 children=893,954,801,91 grandchildren=8938,9546,8012,911
HASH_ROUTE token=22 layer=18 children=740,1226,268,721 grandchildren=7405,12264,2684,7218
HASH_ROUTE token=22 layer=19 children=322,647,1121,482 grandchildren=3224,6471,11215,4827
HASH_ROUTE token=22 layer=20 children=1264,309,1223,786 grandchildren=12644,3091,12233,7867
HASH_ROUTE token=22 layer=21 children=1180,1238,700,65 grandchildren=11809,12386,7009,651
HASH_ROUTE token=22 layer=22 children=939,295,1090,772 grandchildren=9395,2955,10903,7721
HASH_ROUTE token=22 layer=23 children=109,45,71,261 grandchildren=1091,452,712,2617
HASH_ROUTE token=23 layer=0 children=441,322,414,927 grandchildren=4415,3229,4149,9272
HASH_ROUTE token=23 layer=1 children=879,909,233,937 grandchildren=8799,9099,2338,9371
HASH_ROUTE token=23 layer=2 children=48,117,144,842 grandchildren=482,1177,1441,8426
HASH_ROUTE token=23 layer=3 children=618,554,525,497 grandchildren=6187,5547,5257,4971
HASH_ROUTE token=23 layer=4 children=261,312,164,194 grandchildren=2613,3129,1648,1949
HASH_ROUTE token=23 layer=5 children=1212,1174,252,892 grandchildren=12122,11748,2524,8928
HASH_ROUTE token=23 layer=6 children=725,681,1204,761 grandchildren=7255,6816,12044,7617
HASH_ROUTE token=23 layer=7 children=137,52,773,692 grandchildren=1373,521,7733,6928
HASH_ROUTE token=23 layer=8 children=950,1117,794,823 grandchildren=9507,11177,7942,8239
HASH_ROUTE token=23 layer=9 children=257,314,1219,1277 grandchildren=2571,3143,12194,12775
HASH_ROUTE token=23 layer=10 children=662,1140,676,722 grandchildren=6629,11406,6767,7228
HASH_ROUTE token=23 layer=11 children=61,1,52,40 grandchildren=611,16,529,403
HASH_ROUTE token=23 layer=12 children=803,322,1124,480 grandchildren=8031,3227,11241,4804
HASH_ROUTE token=23 layer=13 children=143,84,98,782 grandchildren=1439,843,981,7827
HASH_ROUTE token=23 layer=14 children=520,200,840,614 grandchildren=5205,2001,8407,6147
HASH_ROUTE token=23 layer=15 children=357,415,338,398 grandchildren=3574,4151,3381,3985
HASH_ROUTE token=23 layer=16 children=1092,456,1083,771 grandchildren=10929,4563,10838,7714
HASH_ROUTE token=23 layer=17 children=1204,1127,1230,1189 grandchildren=12041,11277,12303,11896
HASH_ROUTE token=23 layer=18 children=203,44,364,1006 grandchildren=2036,448,3644,10069
HASH_ROUTE token=23 layer=19 children=305,941,267,903 grandchildren=3058,9417,2679,9039
HASH_ROUTE token=23 layer=20 children=357,1155,349,1147 grandchildren=3575,11552,3499,11476
HASH_ROUTE token=23 layer=21 children=70,130,60,101 grandchildren=704,1307,602,1018
HASH_ROUTE token=23 layer=22 children=178,254,282,495 grandchildren=1785,2549,2823,4954
HASH_ROUTE token=23 layer=23 children=179,245,972,1042 grandchildren=1792,2453,9727,10429
HASH_ROUTE token=24 layer=0 children=857,925,936,842 grandchildren=8571,9251,9366,8425
HASH_ROUTE token=24 layer=1 children=298,453,130,938 grandchildren=2989,4537,1302,9386
HASH_ROUTE token=24 layer=2 children=896,817,418,739 grandchildren=8968,8179,4182,7396
HASH_ROUTE token=24 layer=3 children=936,775,299,616 grandchildren=9363,7755,2995,6169
HASH_ROUTE token=24 layer=4 children=259,220,294,164 grandchildren=2595,2203,2947,1644
HASH_ROUTE token=24 layer=5 children=418,377,897,858 grandchildren=4189,3777,8978,8587
HASH_ROUTE token=24 layer=6 children=251,410,200,367 grandchildren=2514,4107,2004,3678
HASH_ROUTE token=24 layer=7 children=126,13,137,51 grandchildren=1264,138,1379,515
HASH_ROUTE token=24 layer=8 children=953,919,942,314 grandchildren=9532,9196,9427,3144
HASH_ROUTE token=24 layer=9 children=892,801,852,573 grandchildren=8923,8012,8527,5738
HASH_ROUTE token=24 layer=10 children=1149,982,188,349 grandchildren=11497,9821,1881,3494
HASH_ROUTE token=24 layer=11 children=56,34,695,115 grandchildren=563,349,6957,1154
HASH_ROUTE token=24 layer=12 children=487,1125,594,586 grandchildren=4877,11252,5944,5863
HASH_ROUTE token=24 layer=13 children=148,783,88,944 grandchildren=1488,7839,886,9444
HASH_ROUTE token=24 layer=14 children=880,565,242,905 grandchildren=8802,5655,2425,9058
HASH_ROUTE token=24 layer=15 children=972,991,1112,338 grandchildren=9729,9915,11124,3384
HASH_ROUTE token=24 layer=16 children=432,368,390,459 grandchildren=4322,3682,3907,4599
HASH_ROUTE token=24 layer=17 children=981,509,1022,542 grandchildren=9813,5093,10223,5428
HASH_ROUTE token=24 layer=18 children=1024,1094,1033,1084 grandchildren=10245,10942,10339,10841
HASH_ROUTE token=24 layer=19 children=312,162,237,216 grandchildren=3122,1628,2373,2161
HASH_ROUTE token=24 layer=20 children=985,1073,994,342 grandchildren=9851,10734,9943,3428
HASH_ROUTE token=24 layer=21 children=899,410,254,99 grandchildren=8991,4105,2549,993
HASH_ROUTE token=24 layer=22 children=268,1065,742,312 grandchildren=2685,10656,7427,3123
HASH_ROUTE token=24 layer=23 children=756,694,1073,684 grandchildren=7565,6944,10735,6844
HASH_ROUTE token=25 layer=0 children=932,949,911,805 grandchildren=9329,9498,9118,8057
HASH_ROUTE token=25 layer=1 children=458,336,772,295 grandchildren=4582,3365,7721,2953
HASH_ROUTE token=25 layer=2 children=358,448,366,330 grandchildren=3583,4487,3667,3302
HASH_ROUTE token=25 layer=3 children=775,933,676,1093 grandchildren=7757,9335,6764,10934
HASH_ROUTE token=25 layer=4 children=135,290,459,938 grandchildren=1351,2907,4597,9383
HASH_ROUTE token=25 layer=5 children=913,844,809,435 grandchildren=9136,8441,8094,4358
HASH_ROUTE token=25 layer=6 children=739,418,786,461 grandchildren=7393,4186,7862,4617
HASH_ROUTE token=25 layer=7 children=435,1075,597,113 grandchildren=4359,10753,5976,1137
HASH_ROUTE token=25 layer=8 children=42,86,137,148 grandchildren=423,866,1374,1487
HASH_ROUTE token=25 layer=9 children=633,953,471,156 grandchildren=6338,9537,4714,1567
HASH_ROUTE token=25 layer=10 children=1262,1189,1232,1274 grandchildren=12621,11896,12322,12746
HASH_ROUTE token=25 layer=11 children=797,630,472,157 grandchildren=7975,6301,4723,1578
HASH_ROUTE token=25 layer=12 children=1146,1151,1178,1228 grandchildren=11461,11517,11782,12284
HASH_ROUTE token=25 layer=13 children=769,650,787,608 grandchildren=7699,6509,7874,6086
HASH_ROUTE token=25 layer=14 children=864,542,69,225 grandchildren=8646,5426,694,2258
HASH_ROUTE token=25 layer=15 children=126,54,1246,30 grandchildren=1264,545,12461,305
HASH_ROUTE token=25 layer=16 children=428,419,331,395 grandchildren=4286,4196,3314,3958
HASH_ROUTE token=25 layer=17 children=591,622,521,553 grandchildren=5914,6224,5212,5536
HASH_ROUTE token=25 layer=18 children=943,307,782,1107 grandchildren=9435,3076,7826,11078
HASH_ROUTE token=25 layer=19 children=944,783,300,1100 grandchildren=9441,7834,3006,11006
HASH_ROUTE token=25 layer=20 children=224,269,254,288 grandchildren=2245,2696,2542,2885
HASH_ROUTE token=25 layer=21 children=81,76,37,728 grandchildren=818,766,372,7285
HASH_ROUTE token=25 layer=22 children=170,288,333,813 grandchildren=1704,2883,3335,8132
HASH_ROUTE token=25 layer=23 children=103,125,72,21 grandchildren=1037,1255,729,212
HASH_ROUTE token=26 layer=0 children=326,367,421,642 grandchildren=3261,3676,4218,6424
HASH_ROUTE token=26 layer=1 children=779,297,135,455 grandchildren=7791,2979,1356,4552
HASH_ROUTE token=26 layer=2 children=748,108,674,37 grandchildren=7485,1081,6747,378
HASH_ROUTE token=26 layer=3 children=1093,130,291,616 grandchildren=10934,1302,2914,6167
HASH_ROUTE token=26 layer=4 children=776,298,660,130 grandchildren=7769,2981,6606,1309
HASH_ROUTE token=26 layer=5 children=913,435,597,270 grandchildren=9138,4353,5974,2701
HASH_ROUTE token=26 layer=6 children=1102,1115,1060,1052 grandchildren=11028,11155,10605,10528
HASH_ROUTE token=26 layer=7 children=1005,1042,1073,360 grandchildren=10055,10422,10732,3609
HASH_ROUTE token=26 layer=8 children=489,520,616,805 grandchildren=4897,5201,6161,8051
HASH_ROUTE token=26 layer=9 children=118,44,156,750 grandchildren=1182,444,1565,7504
HASH_ROUTE token=26 layer=10 children=1048,1086,1058,1075 grandchildren=10488,10862,10581,10751
HASH_ROUTE token=26 layer=11 children=897,734,908,1058 grandchildren=8979,7349,9084,10581
HASH_ROUTE token=26 layer=12 children=545,1186,863,555 grandchildren=5454,11868,8636,5552
HASH_ROUTE token=26 layer=13 children=1260,626,1246,469 grandchildren=12603,6266,12461,4695
HASH_ROUTE token=26 layer=14 children=880,928,835,939 grandchildren=8805,9281,8355,9399
HASH_ROUTE token=26 layer=15 children=1246,762,444,126 grandchildren=12461,7624,4442,1266
HASH_ROUTE token=26 layer=16 children=380,324,428,419 grandchildren=3809,3241,4283,4197
HASH_ROUTE token=26 layer=17 children=591,609,527,622 grandchildren=5911,6099,5279,6229
HASH_ROUTE token=26 layer=18 children=280,241,304,184 grandchildren=2807,2411,3045,1849
HASH_ROUTE token=26 layer=19 children=300,949,1100,199 grandchildren=3006,9495,11001,1993
HASH_ROUTE token=26 layer=20 children=224,269,258,288 grandchildren=2243,2696,2584,2888
HASH_ROUTE token=26 layer=21 children=785,718,949,870 grandchildren=7858,7184,9499,8709
HASH_ROUTE token=26 layer=22 children=283,232,170,312 grandchildren=2838,2321,1703,3123
HASH_ROUTE token=26 layer=23 children=23,48,103,114 grandchildren=234,484,1032,1142
HASH_ROUTE token=27 layer=0 children=955,846,932,901 grandchildren=9559,8466,9321,9015
HASH_ROUTE token=27 layer=1 children=295,779,615,172 grandchildren=2958,7796,6154,1722
HASH_ROUTE token=27 layer=2 children=350,366,994,196 grandchildren=3507,3665,9942,1964
HASH_ROUTE token=27 layer=3 children=18,973,66,336 grandchildren=186,9739,664,3367
HASH_ROUTE token=27 layer=4 children=665,776,189,294 grandchildren=6658,7763,1895,2949
HASH_ROUTE token=27 layer=5 children=525,597,45,114 grandchildren=5251,5971,453,1144
HASH_ROUTE token=27 layer=6 children=416,353,468,475 grandchildren=4167,3535,4685,4755
HASH_ROUTE token=27 layer=7 children=360,409,48,437 grandchildren=3602,4091,481,4379
HASH_ROUTE token=27 layer=8 children=520,843,481,490 grandchildren=5202,8434,4811,4907
HASH_ROUTE token=27 layer=9 children=246,311,187,882 grandchildren=2462,3119,1877,8823
HASH_ROUTE token=27 layer=10 children=962,1044,976,1127 grandchildren=9628,10449,9768,11278
HASH_ROUTE token=27 layer=11 children=17,65,118,655 grandchildren=179,655,1184,6558
HASH_ROUTE token=27 layer=12 children=546,631,485,533 grandchildren=5462,6312,4856,5334
HASH_ROUTE token=27 layer=13 children=628,784,461,596 grandchildren=6281,7843,4612,5967
HASH_ROUTE token=27 layer=14 children=881,862,814,568 grandchildren=8815,8624,8144,5684
HASH_ROUTE token=27 layer=15 children=994,832,1153,673 grandchildren=9941,8326,11537,6738
HASH_ROUTE token=27 layer=16 children=1065,428,1058,419 grandchildren=10652,4288,10585,4198
HASH_ROUTE token=27 layer=17 children=504,594,545,530 grandchildren=5047,5946,5458,5307
HASH_ROUTE token=27 layer=18 children=1260,1249,1274,949 grandchildren=12603,12492,12741,9493
HASH_ROUTE token=27 layer=19 children=787,300,1108,744 grandchildren=7871,3006,11085,7441
HASH_ROUTE token=27 layer=20 children=318,264,289,251 grandchildren=3188,2649,2894,2515
HASH_ROUTE token=27 layer=21 children=72,718,152,799 grandchildren=722,7182,1529,7995
HASH_ROUTE token=27 layer=22 children=302,170,288,317 grandchildren=3021,1703,2881,3177
HASH_ROUTE token=27 layer=23 children=72,103,551,1037 grandchildren=726,1033,5519,10375
HASH_ROUTE token=28 layer=0 children=846,801,937,955 grandchildren=8468,8011,9374,9551
HASH_ROUTE token=28 layer=1 children=660,744,184,501 grandchildren=6604,7446,1843,5012
HASH_ROUTE token=28 layer=2 children=358,420,196,443 grandchildren=3585,4201,1967,4437
HASH_ROUTE token=28 layer=3 children=610,778,548,506 grandchildren=6103,7788,5488,5062
HASH_ROUTE token=28 layer=4 children=294,135,938,182 grandchildren=2941,1351,9384,1821
HASH_ROUTE token=28 layer=5 children=520,591,44,844 grandchildren=5209,5915,444,8445
HASH_ROUTE token=28 layer=6 children=468,358,418,786 grandchildren=4685,3583,4188,7862
HASH_ROUTE token=28 layer=7 children=514,625,528,591 grandchildren=5141,6257,5284,5914
HASH_ROUTE token=28 layer=8 children=48,843,7,525 grandchildren=484,8436,71,5259
HASH_ROUTE token=28 layer=9 children=632,611,478,536 grandchildren=6328,6114,4789,5364
HASH_ROUTE token=28 layer=10 children=1026,1112,1064,1098 grandchildren=10266,11124,10648,10987
HASH_ROUTE token=28 layer=11 children=37,671,150,794 grandchildren=378,6715,1504,7941
HASH_ROUTE token=28 layer=12 children=506,527,181,206 grandchildren=5064,5277,1816,2064
HASH_ROUTE token=28 layer=13 children=631,316,1276,628 grandchildren=6316,3166,12765,6289
HASH_ROUTE token=28 layer=14 children=30,14,127,117 grandchildren=301,145,1272,1177
HASH_ROUTE token=28 layer=15 children=432,1073,1239,386 grandchildren=4324,10735,12398,3865
HASH_ROUTE token=28 layer=16 children=1065,1032,1020,428 grandchildren=10654,10325,10204,4283
HASH_ROUTE token=28 layer=17 children=591,633,521,507 grandchildren=5914,6337,5213,5071
HASH_ROUTE token=28 layer=18 children=284,307,763,789 grandchildren=2849,3079,7638,7896
HASH_ROUTE token=28 layer=19 children=948,833,300,197 grandchildren=9488,8337,3007,1979
HASH_ROUTE token=28 layer=20 children=288,269,254,224 grandchildren=2886,2693,2546,2242
HASH_ROUTE token=28 layer=21 children=81,727,79,35 grandchildren=814,7277,798,355
HASH_ROUTE token=28 layer=22 children=813,498,926,607 grandchildren=8134,4985,9266,6073
HASH_ROUTE token=28 layer=23 children=1055,93,1084,986 grandchildren=10555,933,10842,9867
HASH_ROUTE token=29 layer=0 children=847,955,805,944 grandchildren=8474,9559,8056,9445
HASH_ROUTE token=29 layer=1 children=200,175,261,297 grandchildren=2009,1759,2618,2971
HASH_ROUTE token=29 layer=2 children=350,1158,410,339 grandchildren=3505,11589,4105,3392
HASH_ROUTE token=29 layer=3 children=130,64,610,291 grandchildren=1304,644,6107,2916
HASH_ROUTE token=29 layer=4 children=135,935,21,828 grandchildren=1353,9351,214,8286
HASH_ROUTE token=29 layer=5 children=364,435,844,916 grandchildren=3642,4353,8441,9168
HASH_ROUTE token=29 layer=6 children=1102,462,946,1115 grandchildren=11028,4625,9462,11154
HASH_ROUTE token=29 layer=7 children=1042,81,409,562 grandchildren=10425,819,4096,5626
HASH_ROUTE token=29 layer=8 children=487,575,522,557 grandchildren=4876,5751,5226,5572
HASH_ROUTE token=29 layer=9 children=156,959,112,14 grandchildren=1561,9597,1129,145
HASH_ROUTE token=29 layer=10 children=1049,1202,1079,727 grandchildren=10496,12024,10798,7275
HASH_ROUTE token=29 layer=11 children=93,145,575,30 grandchildren=931,1451,5757,304
HASH_ROUTE token=29 layer=12 children=506,181,522,559 grandchildren=5066,1812,5226,5595
HASH_ROUTE token=29 layer=13 children=626,551,633,568 grandchildren=6263,5516,6331,5688
HASH_ROUTE token=29 layer=14 children=562,613,623,884 grandchildren=5621,6132,6233,8849
HASH_ROUTE token=29 layer=15 children=1246,602,444,762 grandchildren=12466,6022,4447,7623
HASH_ROUTE token=29 layer=16 children=421,419,1065,398 grandchildren=4215,4195,10652,3981
HASH_ROUTE token=29 layer=17 children=591,549,527,553 grandchildren=5916,5494,5277,5531
HASH_ROUTE token=29 layer=18 children=280,928,768,440 grandchildren=2806,9286,7685,4401
HASH_ROUTE token=29 layer=19 children=948,300,833,197 grandchildren=9482,3007,8335,1972
HASH_ROUTE token=29 layer=20 children=288,254,224,762 grandchildren=2882,2544,2244,7624
HASH_ROUTE token=29 layer=21 children=81,728,882,34 grandchildren=811,7283,8824,342
HASH_ROUTE token=29 layer=22 children=607,499,123,281 grandchildren=6072,4992,1233,2819
HASH_ROUTE token=29 layer=23 children=1055,1084,1001,1061 grandchildren=10558,10844,10015,10617
HASH_ROUTE token=30 layer=0 children=955,845,917,851 grandchildren=9554,8459,9171,8518
HASH_ROUTE token=30 layer=1 children=209,294,364,259 grandchildren=2093,2943,3643,2597
HASH_ROUTE token=30 layer=2 children=354,425,323,405 grandchildren=3543,4256,3232,4058
HASH_ROUTE token=30 layer=3 children=452,775,1095,936 grandchildren=4525,7755,10951,9366
HASH_ROUTE token=30 layer=4 children=985,184,665,1092 grandchildren=9856,1843,6656,10929
HASH_ROUTE token=30 layer=5 children=1215,891,99,1179 grandchildren=12158,8917,994,11799
HASH_ROUTE token=30 layer=6 children=678,735,353,993 grandchildren=6788,7357,3534,9933
HASH_ROUTE token=30 layer=7 children=1209,402,240,1043 grandchildren=12094,4024,2405,10431
HASH_ROUTE token=30 layer=8 children=1166,1266,1000,1109 grandchildren=11668,12667,10008,11097
HASH_ROUTE token=30 layer=9 children=542,607,869,509 grandchildren=5423,6073,8695,5099
HASH_ROUTE token=30 layer=10 children=677,32,798,1155 grandchildren=6779,324,7981,11554
HASH_ROUTE token=30 layer=11 children=338,18,657,819 grandchildren=3389,183,6572,8199
HASH_ROUTE token=30 layer=12 children=1048,984,1207,1005 grandchildren=10485,9844,12079,10056
HASH_ROUTE token=30 layer=13 children=780,704,736,944 grandchildren=7801,7044,7368,9443
HASH_ROUTE token=30 layer=14 children=330,11,493,177 grandchildren=3307,119,4939,1779
HASH_ROUTE token=30 layer=15 children=1150,1185,1172,670 grandchildren=11504,11853,11722,6703
HASH_ROUTE token=30 layer=16 children=489,541,648,967 grandchildren=4892,5419,6482,9673
HASH_ROUTE token=30 layer=17 children=594,627,535,609 grandchildren=5949,6277,5353,6097
HASH_ROUTE token=30 layer=18 children=821,959,506,633 grandchildren=8217,9597,5067,6336
HASH_ROUTE token=30 layer=19 children=783,667,464,732 grandchildren=7833,6677,4648,7327
HASH_ROUTE token=30 layer=20 children=1252,458,1194,1214 grandchildren=12525,4589,11941,12146
HASH_ROUTE token=30 layer=21 children=72,555,143,1194 grandchildren=725,5556,1433,11943
HASH_ROUTE token=30 layer=22 children=301,312,627,636 grandchildren=3016,3129,6278,6369
HASH_ROUTE token=30 layer=23 children=568,602,559,579 grandchildren=5683,6025,5598,5795
HASH_ROUTE token=31 layer=0 children=955,847,917,944 grandchildren=9551,8479,9178,9441
HASH_ROUTE token=31 layer=1 children=297,459,131,209 grandchildren=2972,4593,1318,2091
HASH_ROUTE token=31 layer=2 children=924,764,855,1248 grandchildren=9249,7644,8551,12481
HASH_ROUTE token=31 layer=3 children=44,207,1008,521 grandchildren=445,2078,10089,5215
HASH_ROUTE token=31 layer=4 children=299,135,161,1097 grandchildren=2995,1357,1616,10974
HASH_ROUTE token=31 layer=5 children=1130,1188,1251,1191 grandchildren=11307,11885,12516,11911
HASH_ROUTE token=31 layer=6 children=1162,684,1153,369 grandchildren=11626,6844,11531,3694
HASH_ROUTE token=31 layer=7 children=61,544,47,528 grandchildren=617,5447,474,5281
HASH_ROUTE token=31 layer=8 children=1264,624,465,1252 grandchildren=12644,6247,4652,12522
HASH_ROUTE token=31 layer=9 children=880,566,958,630 grandchildren=8801,5669,9581,6302
HASH_ROUTE token=31 layer=10 children=36,837,354,1157 grandchildren=368,8379,3548,11571
HASH_ROUTE token=31 layer=11 children=1204,560,245,1184 grandchildren=12049,5605,2458,11843
HASH_ROUTE token=31 layer=12 children=400,1047,1206,383 grandchildren=4008,10474,12062,3835
HASH_ROUTE token=31 layer=13 children=148,19,785,34 grandchildren=1488,192,7851,341
HASH_ROUTE token=31 layer=14 children=104,67,11,262 grandchildren=1045,675,114,2629
HASH_ROUTE token=31 layer=15 children=700,758,1186,546 grandchildren=7008,7586,11868,5467
HASH_ROUTE token=31 layer=16 children=1216,1128,1187,1195 grandchildren=12164,11289,11876,11954
HASH_ROUTE token=31 layer=17 children=594,495,544,613 grandchildren=5943,4951,5443,6138
HASH_ROUTE token=31 layer=18 children=1271,1206,1191,794 grandchildren=12716,12062,11917,7941
HASH_ROUTE token=31 layer=19 children=788,690,686,641 grandchildren=7886,6902,6863,6414
HASH_ROUTE token=31 layer=20 children=1274,318,1138,1121 grandchildren=12742,3188,11385,11218
HASH_ROUTE token=31 layer=21 children=718,1194,870,72 grandchildren=7183,11949,8706,729
HASH_ROUTE token=31 layer=22 children=499,631,623,972 grandchildren=4994,6313,6233,9728
HASH_ROUTE token=31 layer=23 children=503,577,580,20 grandchildren=5036,5779,5802,209
HASH_ROUTE token=32 layer=0 children=153,53,72,65 grandchildren=1532,538,723,654
HASH_ROUTE token=32 layer=1 children=175,297,333,659 grandchildren=1759,2973,3338,6592
HASH_ROUTE token=32 layer=2 children=1061,1225,424,901 grandchildren=10617,12255,4241,9017
HASH_ROUTE token=32 layer=3 children=106,68,18,900 grandchildren=1067,689,185,9001
HASH_ROUTE token=32 layer=4 children=186,299,311,229 grandchildren=1864,2993,3113,2292
HASH_ROUTE token=32 layer=5 children=1210,1272,1174,1130 grandchildren=12105,12728,11744,11302
HASH_ROUTE token=32 layer=6 children=126,442,765,288 grandchildren=1263,4426,7651,2889
HASH_ROUTE token=32 layer=7 children=931,137,617,459 grandchildren=9311,1378,6174,4591
HASH_ROUTE token=32 layer=8 children=1110,953,314,1040 grandchildren=11105,9538,3147,10402
HASH_ROUTE token=32 layer=9 children=955,314,897,913 grandchildren=9551,3149,8976,9131
HASH_ROUTE token=32 layer=10 children=347,1147,180,449 grandchildren=3476,11471,1803,4498
HASH_ROUTE token=32 layer=11 children=24,1142,32,1154 grandchildren=241,11425,326,11546
HASH_ROUTE token=32 layer=12 children=378,327,478,219 grandchildren=3788,3275,4786,2192
HASH_ROUTE token=32 layer=13 children=148,782,944,463 grandchildren=1488,7826,9449,4635
HASH_ROUTE token=32 layer=14 children=777,696,616,537 grandchildren=7777,6969,6168,5375
HASH_ROUTE token=32 layer=15 children=995,831,1024,1040 grandchildren=9952,8317,10246,10409
HASH_ROUTE token=32 layer=16 children=431,365,346,1076 grandchildren=4317,3652,3464,10765
HASH_ROUTE token=32 layer=17 children=981,188,1144,509 grandchildren=9815,1881,11448,5099
HASH_ROUTE token=32 layer=18 children=320,380,364,454 grandchildren=3209,3804,3645,4543
HASH_ROUTE token=32 layer=19 children=606,446,120,523 grandchildren=6062,4469,1201,5238
HASH_ROUTE token=32 layer=20 children=766,734,642,779 grandchildren=7667,7347,6421,7795
HASH_ROUTE token=32 layer=21 children=1030,552,870,236 grandchildren=10306,5523,8703,2369
HASH_ROUTE token=32 layer=22 children=333,178,13,652 grandchildren=3332,1788,134,6526
HASH_ROUTE token=32 layer=23 children=909,583,945,820 grandchildren=9097,5836,9451,8209
HASH_ROUTE token=33 layer=0 children=755,649,779,713 grandchildren=7558,6498,7799,7136
HASH_ROUTE token=33 layer=1 children=527,689,504,663 grandchildren=5278,6897,5043,6634
HASH_ROUTE token=33 layer=2 children=352,830,36,991 grandchildren=3522,8301,369,9912
HASH_ROUTE token=33 layer=3 children=623,613,535,554 grandchildren=6238,6139,5354,5549
HASH_ROUTE token=33 layer=4 children=465,434,1260,452 grandchildren=4654,4344,12606,4525
HASH_ROUTE token=33 layer=5 children=320,809,963,168 grandchildren=3202,8097,9631,1689
HASH_ROUTE token=33 layer=6 children=461,785,620,946 grandchildren=4612,7855,6204,9469
HASH_ROUTE token=33 layer=7 children=148,99,38,621 grandchildren=1481,994,388,6214
HASH_ROUTE token=33 layer=8 children=1014,697,1100,786 grandchildren=10141,6971,11005,7868
HASH_ROUTE token=33 layer=9 children=131,55,938,156 grandchildren=1318,557,9387,1564
HASH_ROUTE token=33 layer=10 children=616,626,540,587 grandchildren=6169,6268,5407,5873
HASH_ROUTE token=33 layer=11 children=916,1077,866,753 grandchildren=9164,10778,8664,7537
HASH_ROUTE token=33 layer=12 children=359,839,1151,512 grandchildren=3598,8399,11511,5126
HASH_ROUTE token=33 layer=13 children=324,167,489,361 grandchildren=3242,1675,4893,3612
HASH_ROUTE token=33 layer=14 children=1102,1264,1096,947 grandchildren=11025,12641,10961,9477
HASH_ROUTE token=33 layer=15 children=767,127,1080,678 grandchildren=7674,1271,10808,6781
HASH_ROUTE token=33 layer=16 children=921,600,889,124 grandchildren=9212,6009,8898,1245
HASH_ROUTE token=33 layer=17 children=893,954,801,91 grandchildren=8931,9548,8017,919
HASH_ROUTE token=33 layer=18 children=740,1226,268,721 grandchildren=7409,12262,2688,7218
HASH_ROUTE token=33 layer=19 children=322,647,1121,482 grandchildren=3227,6474,11216,4821
HASH_ROUTE token=33 layer=20 children=1264,309,1223,786 grandchildren=12648,3094,12235,7861
HASH_ROUTE token=33 layer=21 children=1180,1238,700,65 grandchildren=11808,12385,7005,655
HASH_ROUTE token=33 layer=22 children=939,295,1090,772 grandchildren=9396,2959,10904,7725
HASH_ROUTE token=33 layer=23 children=109,45,71,261 grandchildren=1096,454,718,2617
HASH_ROUTE token=34 layer=0 children=153,65,475,955 grandchildren=1535,659,4751,9554
HASH_ROUTE token=34 layer=1 children=205,297,180,244 grandchildren=2054,2976,1809,2446
HASH_ROUTE token=34 layer=2 children=402,883,569,1205 grandchildren=4024,8839,5698,12059
HASH_ROUTE token=34 layer=3 children=1112,976,152,1099 grandchildren=11129,9767,1526,10995
HASH_ROUTE token=34 layer=4 children=180,292,199,827 grandchildren=1801,2926,1998,8272
HASH_ROUTE token=34 layer=5 children=289,307,446,462 grandchildren=2897,3071,4462,4621
HASH_ROUTE token=34 layer=6 children=766,680,725,673 grandchildren=7669,6802,7259,6733
HASH_ROUTE token=34 layer=7 children=617,779,139,935 grandchildren=6173,7792,1398,9358
HASH_ROUTE token=34 layer=8 children=1043,1091,1028,1012 grandchildren=10433,10917,10282,10122
HASH_ROUTE token=34 layer=9 children=897,1212,837,731 grandchildren=8976,12122,8373,7318
HASH_ROUTE token=34 layer=10 children=242,1044,275,723 grandchildren=2426,10442,2758,7234
HASH_ROUTE token=34 layer=11 children=51,533,1172,102 grandchildren=513,5333,11725,1024
HASH_ROUTE token=34 layer=12 children=322,1,645,1125 grandchildren=3224,11,6456,11252
HASH_ROUTE token=34 layer=13 children=782,1269,943,727 grandchildren=7821,12693,9431,7278
HASH_ROUTE token=34 layer=14 children=632,580,562,959 grandchildren=6325,5802,5628,9595
HASH_ROUTE token=34 layer=15 children=983,1015,973,1098 grandchildren=9838,10157,9737,10984
HASH_ROUTE token=34 layer=16 children=361,325,426,347 grandchildren=3616,3258,4266,3477
HASH_ROUTE token=34 layer=17 children=589,1060,261,524 grandchildren=5894,10605,2614,5249
HASH_ROUTE token=34 layer=18 children=812,492,909,585 grandchildren=8128,4929,9095,5853
HASH_ROUTE token=34 layer=19 children=642,729,781,685 grandchildren=6427,7298,7812,6852
HASH_ROUTE token=34 layer=20 children=918,111,438,857 grandchildren=9181,1116,4383,8573
HASH_ROUTE token=34 layer=21 children=13,76,43,973 grandchildren=137,763,437,9737
HASH_ROUTE token=34 layer=22 children=170,168,267,334 grandchildren=1704,1685,2675,3344
HASH_ROUTE token=34 layer=23 children=44,39,123,142 grandchildren=449,391,1233,1422
HASH_ROUTE token=35 layer=0 children=446,364,322,378 grandchildren=4466,3645,3229,3789
HASH_ROUTE token=35 layer=1 children=184,22,209,293 grandchildren=1841,224,2095,2938
HASH_ROUTE token=35 layer=2 children=1009,974,1069,1022 grandchildren=10099,9746,10693,10223
HASH_ROUTE token=35 layer=3 children=1227,106,260,584 grandchildren=12276,1067,2604,5841
HASH_ROUTE token=35 layer=4 children=322,360,411,451 grandchildren=3227,3609,4119,4519
HASH_ROUTE token=35 layer=5 children=1173,1212,1227,1276 grandchildren=11736,12126,12277,12764
HASH_ROUTE token=35 layer=6 children=249,725,1209,204 grandchildren=2492,7252,12099,2044
HASH_ROUTE token=35 layer=7 children=52,129,137,28 grandchildren=527,1297,1375,284
HASH_ROUTE token=35 layer=8 children=844,953,918,942 grandchildren=8442,9539,9185,9421
HASH_ROUTE token=35 layer=9 children=310,151,958,632 grandchildren=3107,1513,9588,6324
HASH_ROUTE token=35 layer=10 children=756,1231,706,778 grandchildren=7563,12315,7069,7789
HASH_ROUTE token=35 layer=11 children=691,681,58,41 grandchildren=6917,6814,588,419
HASH_ROUTE token=35 layer=12 children=212,304,531,206 grandchildren=2125,3048,5311,2064
HASH_ROUTE token=35 layer=13 children=88,91,75,39 grandchildren=883,911,757,396
HASH_ROUTE token=35 layer=14 children=770,937,764,691 grandchildren=7705,9377,7644,6912
HASH_ROUTE token=35 layer=15 children=758,115,794,156 grandchildren=7585,1156,7949,1565
HASH_ROUTE token=35 layer=16 children=386,412,360,63 grandchildren=3867,4125,3605,637
HASH_ROUTE token=35 layer=17 children=1143,981,661,188 grandchildren=11433,9819,6619,1888
HASH_ROUTE token=35 layer=18 children=819,1134,499,970 grandchildren=8192,11343,4991,9705
HASH_ROUTE token=35 layer=19 children=19,652,39,679 grandchildren=193,6528,395,6797
HASH_ROUTE token=35 layer=20 children=185,248,264,255 grandchildren=1855,2489,2643,2553
HASH_ROUTE token=35 layer=21 children=411,1216,320,463 grandchildren=4116,12166,3206,4632
HASH_ROUTE token=35 layer=22 children=414,459,375,441 grandchildren=4141,4593,3751,4411
HASH_ROUTE token=35 layer=23 children=307,232,266,1108 grandchildren=3078,2328,2661,11088
HASH_ROUTE token=36 layer=0 children=120,50,42,106 grandchildren=1208,506,426,1069
HASH_ROUTE token=36 layer=1 children=246,175,727,652 grandchildren=2465,1757,7277,6523
HASH_ROUTE token=36 layer=2 children=538,573,499,548 grandchildren=5387,5736,4993,5483
HASH_ROUTE token=36 layer=3 children=102,11,66,1228 grandchildren=1026,111,664,12282
HASH_ROUTE token=36 layer=4 children=318,198,222,177 grandchildren=3189,1984,2224,1777
HASH_ROUTE token=36 layer=5 children=1132,1269,1192,1173 grandchildren=11326,12699,11929,11737
HASH_ROUTE token=36 layer=6 children=42,204,687,1164 grandchildren=423,2049,6873,11647
HASH_ROUTE token=36 layer=7 children=650,334,812,645 grandchildren=6506,3345,8121,6455
HASH_ROUTE token=36 layer=8 children=527,613,45,133 grandchildren=5273,6137,451,1339
HASH_ROUTE token=36 layer=9 children=896,1214,259,834 grandchildren=8967,12145,2599,8345
HASH_ROUTE token=36 layer=10 children=1047,242,727,889 grandchildren=10471,2429,7271,8896
HASH_ROUTE token=36 layer=11 children=674,515,690,531 grandchildren=6748,5156,6906,5311
HASH_ROUTE token=36 layer=12 children=129,80,27,762 grandchildren=1295,803,275,7628
HASH_ROUTE token=36 layer=13 children=491,656,172,14 grandchildren=4918,6563,1724,149
HASH_ROUTE token=36 layer=14 children=955,1114,936,901 grandchildren=9559,11141,9369,9015
HASH_ROUTE token=36 layer=15 children=993,1000,1095,1014 grandchildren=9933,10003,10951,10143
HASH_ROUTE token=36 layer=16 children=1210,898,417,250 grandchildren=12108,8982,4178,2501
HASH_ROUTE token=36 layer=17 children=983,666,503,1059 grandchildren=9836,6668,5038,10592
HASH_ROUTE token=36 layer=18 children=355,443,381,373 grandchildren=3559,4434,3811,3734
HASH_ROUTE token=36 layer=19 children=760,722,687,796 grandchildren=7609,7223,6877,7968
HASH_ROUTE token=36 layer=20 children=51,111,12,130 grandchildren=512,1116,128,1307
HASH_ROUTE token=36 layer=21 children=72,13,126,109 grandchildren=729,131,1266,1098
HASH_ROUTE token=36 layer=22 children=261,247,231,420 grandchildren=2617,2475,2317,4206
HASH_ROUTE token=36 layer=23 children=144,948,1109,118 grandchildren=1447,9487,11092,1188
HASH_ROUTE token=37 layer=0 children=5,41,960,1007 grandchildren=57,417,9608,10077
HASH_ROUTE token=37 layer=1 children=183,171,311,297 grandchildren=1838,1718,3112,2976
HASH_ROUTE token=37 layer=2 children=655,702,332,739 grandchildren=6554,7027,3327,7395
HASH_ROUTE token=37 layer=3 children=779,1254,290,452 grandchildren=7791,12543,2907,4524
HASH_ROUTE token=37 layer=4 children=292,179,165,189 grandchildren=2923,1798,1659,1895
HASH_ROUTE token=37 layer=5 children=891,842,901,577 grandchildren=8916,8426,9011,5771
HASH_ROUTE token=37 layer=6 children=714,735,673,668 grandchildren=7145,7357,6733,6688
HASH_ROUTE token=37 layer=7 children=137,20,83,49 grandchildren=1379,209,834,495
HASH_ROUTE token=37 layer=8 children=153,1273,149,1266 grandchildren=1536,12738,1491,12664
HASH_ROUTE token=37 layer=9 children=862,700,220,547 grandchildren=8625,7006,2205,5471
HASH_ROUTE token=37 layer=10 children=386,446,357,321 grandchildren=3866,4467,3571,3212
HASH_ROUTE token=37 layer=11 children=1207,1158,1214,1184 grandchildren=12079,11587,12145,11841
HASH_ROUTE token=37 layer=12 children=1163,1002,1145,685 grandchildren=11633,10025,11458,6852
HASH_ROUTE token=37 layer=13 children=670,738,774,760 grandchildren=6707,7381,7748,7603
HASH_ROUTE token=37 layer=14 children=617,592,482,298 grandchildren=6175,5927,4821,2982
HASH_ROUTE token=37 layer=15 children=1246,1239,762,1273 grandchildren=12464,12393,7627,12736
HASH_ROUTE token=37 layer=16 children=172,655,300,213 grandchildren=1725,6557,3005,2136
HASH_ROUTE token=37 layer=17 children=507,987,484,343 grandchildren=5075,9873,4849,3434
HASH_ROUTE token=37 layer=18 children=1194,1177,1135,1033 grandchildren=11944,11777,11359,10335
HASH_ROUTE token=37 layer=19 children=679,355,660,341 grandchildren=6792,3559,6605,3416
HASH_ROUTE token=37 layer=20 children=313,1112,206,229 grandchildren=3137,11129,2064,2294
HASH_ROUTE token=37 layer=21 children=75,555,1194,718 grandchildren=758,5558,11948,7187
HASH_ROUTE token=37 layer=22 children=464,347,329,945 grandchildren=4642,3478,3294,9455
HASH_ROUTE token=37 layer=23 children=593,118,534,1077 grandchildren=5936,1187,5346,10779
HASH_ROUTE token=38 layer=0 children=245,218,281,89 grandchildren=2455,2189,2812,897
HASH_ROUTE token=38 layer=1 children=421,454,335,436 grandchildren=4214,4544,3356,4366
HASH_ROUTE token=38 layer=2 children=1229,1133,740,1126 grandchildren=12294,11338,7402,11266
HASH_ROUTE token=38 layer=3 children=931,942,1099,1101 grandchildren=9318,9421,10997,11014
HASH_ROUTE token=38 layer=4 children=169,295,246,259 grandchildren=1696,2952,2466,2597
HASH_ROUTE token=38 layer=5 children=915,438,851,110 grandchildren=9157,4388,8512,1106
HASH_ROUTE token=38 layer=6 children=337,397,320,433 grandchildren=3375,3977,3204,4332
HASH_ROUTE token=38 layer=7 children=49,144,528,628 grandchildren=495,1448,5284,6285
HASH_ROUTE token=38 layer=8 children=802,1120,846,1166 grandchildren=8025,11208,8466,11669
HASH_ROUTE token=38 layer=9 children=729,882,696,708 grandchildren=7296,8823,6963,7085
HASH_ROUTE token=38 layer=10 children=471,155,334,350 grandchildren=4719,1555,3345,3509
HASH_ROUTE token=38 layer=11 children=1135,1207,1214,1187 grandchildren=11357,12071,12141,11877
HASH_ROUTE token=38 layer=12 children=1149,1275,1227,820 grandchildren=11496,12752,12275,8202
HASH_ROUTE token=38 layer=13 children=289,278,124,118 grandchildren=2891,2784,1246,1182
HASH_ROUTE token=38 layer=14 children=582,901,630,952 grandchildren=5826,9012,6305,9521
HASH_ROUTE token=38 layer=15 children=762,920,677,832 grandchildren=7626,9201,6777,8326
HASH_ROUTE token=38 layer=16 children=171,497,213,534 grandchildren=1712,4978,2137,5343
HASH_ROUTE token=38 layer=17 children=824,347,913,433 grandchildren=8241,3473,9139,4338
HASH_ROUTE token=38 layer=18 children=527,605,485,552 grandchildren=5271,6056,4851,5522
HASH_ROUTE token=38 layer=19 children=780,145,744,767 grandchildren=7807,1456,7444,7675
HASH_ROUTE token=38 layer=20 children=470,315,354,195 grandchildren=4706,3158,3542,1951
HASH_ROUTE token=38 layer=21 children=712,680,1039,668 grandchildren=7121,6804,10397,6686
HASH_ROUTE token=38 layer=22 children=16,0,51,136 grandchildren=168,4,514,1369
HASH_ROUTE token=38 layer=23 children=885,838,856,82 grandchildren=8852,8389,8568,827
HASH_ROUTE token=39 layer=0 children=441,375,394,349 grandchildren=4417,3757,3941,3496
HASH_ROUTE token=39 layer=1 children=361,345,420,374 grandchildren=3617,3458,4204,3747
HASH_ROUTE token=39 layer=2 children=600,446,760,516 grandchildren=6004,4462,7607,5164
HASH_ROUTE token=39 layer=3 children=1214,892,1055,739 grandchildren=12146,8928,10555,7392
HASH_ROUTE token=39 layer=4 children=906,266,854,888 grandchildren=9063,2665,8549,8881
HASH_ROUTE token=39 layer=5 children=920,605,958,1244 grandchildren=9208,6052,9585,12445
HASH_ROUTE token=39 layer=6 children=798,683,470,363 grandchildren=7989,6832,4705,3634
HASH_ROUTE token=39 layer=7 children=169,176,187,1127 grandchildren=1697,1765,1877,11278
HASH_ROUTE token=39 layer=8 children=848,949,874,951 grandchildren=8489,9494,8745,9513
HASH_ROUTE token=39 layer=9 children=920,768,933,774 grandchildren=9204,7682,9334,7741
HASH_ROUTE token=39 layer=10 children=1059,1079,737,759 grandchildren=10597,10796,7372,7596
HASH_ROUTE token=39 layer=11 children=722,87,1204,1042 grandchildren=7229,876,12043,10424
HASH_ROUTE token=39 layer=12 children=669,761,723,183 grandchildren=6699,7615,7237,1832
HASH_ROUTE token=39 layer=13 children=17,338,491,970 grandchildren=177,3386,4911,9704
HASH_ROUTE token=39 layer=14 children=442,429,458,407 grandchildren=4428,4295,4582,4072
HASH_ROUTE token=39 layer=15 children=472,793,152,1117 grandchildren=4725,7935,1524,11171
HASH_ROUTE token=39 layer=16 children=1261,1176,1138,1216 grandchildren=12615,11765,11383,12168
HASH_ROUTE token=39 layer=17 children=1008,995,1029,987 grandchildren=10082,9959,10292,9878
HASH_ROUTE token=39 layer=18 children=1169,1189,847,1256 grandchildren=11694,11897,8476,12567
HASH_ROUTE token=39 layer=19 children=667,783,708,1144 grandchildren=6672,7836,7088,11445
HASH_ROUTE token=39 layer=20 children=218,314,1017,225 grandchildren=2182,3148,10174,2252
HASH_ROUTE token=39 layer=21 children=872,718,72,1035 grandchildren=8722,7185,725,10355
HASH_ROUTE token=39 layer=22 children=423,269,447,460 grandchildren=4232,2693,4479,4602
HASH_ROUTE token=39 layer=23 children=729,88,765,563 grandchildren=7292,888,7657,5636
HASH_ROUTE token=40 layer=0 children=209,166,278,217 grandchildren=2096,1668,2785,2179
HASH_ROUTE token=40 layer=1 children=902,921,833,262 grandchildren=9024,9214,8338,2623
HASH_ROUTE token=40 layer=2 children=264,588,905,172 grandchildren=2642,5881,9051,1726
HASH_ROUTE token=40 layer=3 children=373,851,354,836 grandchildren=3737,8515,3543,8368
HASH_ROUTE token=40 layer=4 children=775,294,130,747 grandchildren=7757,2946,1304,7473
HASH_ROUTE token=40 layer=5 children=434,378,397,342 grandchildren=4345,3785,3974,3427
HASH_ROUTE token=40 layer=6 children=1195,715,1181,1217 grandchildren=11957,7158,11815,12177
HASH_ROUTE token=40 layer=7 children=657,708,11,491 grandchildren=6578,7082,113,4911
HASH_ROUTE token=40 layer=8 children=258,1211,184,1141 grandchildren=2588,12117,1847,11414
HASH_ROUTE token=40 layer=9 children=921,958,801,821 grandchildren=9217,9583,8013,8218
HASH_ROUTE token=40 layer=10 children=724,753,775,709 grandchildren=7243,7534,7751,7093
HASH_ROUTE token=40 layer=11 children=995,1098,1013,1037 grandchildren=9952,10986,10134,10374
HASH_ROUTE token=40 layer=12 children=501,541,1145,635 grandchildren=5011,5415,11458,6351
HASH_ROUTE token=40 layer=13 children=630,629,486,519 grandchildren=6307,6293,4866,5192
HASH_ROUTE token=40 layer=14 children=866,1020,909,221 grandchildren=8661,10203,9097,2216
HASH_ROUTE token=40 layer=15 children=1237,1246,599,602 grandchildren=12378,12462,5993,6027
HASH_ROUTE token=40 layer=16 children=391,556,439,718 grandchildren=3919,5564,4392,7181
HASH_ROUTE token=40 layer=17 children=486,530,507,545 grandchildren=4868,5302,5072,5453
HASH_ROUTE token=40 layer=18 children=781,1266,660,791 grandchildren=7816,12666,6604,7919
HASH_ROUTE token=40 layer=19 children=764,787,678,652 grandchildren=7644,7879,6784,6525
HASH_ROUTE token=40 layer=20 children=313,254,470,413 grandchildren=3134,2544,4708,4132
HASH_ROUTE token=40 layer=21 children=1198,76,230,559 grandchildren=11985,765,2307,5594
HASH_ROUTE token=40 layer=22 children=301,622,460,268 grandchildren=3011,6222,4601,2688
HASH_ROUTE token=40 layer=23 children=535,507,596,480 grandchildren=5352,5072,5969,4802
HASH_ROUTE token=41 layer=0 children=477,360,1272,150 grandchildren=4775,3601,12723,1501
HASH_ROUTE token=41 layer=1 children=297,457,282,443 grandchildren=2979,4571,2825,4433
HASH_ROUTE token=41 layer=2 children=753,740,698,730 grandchildren=7539,7402,6986,7303
HASH_ROUTE token=41 layer=3 children=308,273,183,141 grandchildren=3085,2733,1835,1417
HASH_ROUTE token=41 layer=4 children=266,109,215,52 grandchildren=2662,1094,2152,521
HASH_ROUTE token=41 layer=5 children=378,478,434,850 grandchildren=3786,4787,4341,8509
HASH_ROUTE token=41 layer=6 children=429,479,903,953 grandchildren=4296,4795,9035,9537
HASH_ROUTE token=41 layer=7 children=208,198,680,528 grandchildren=2086,1982,6809,5286
HASH_ROUTE token=41 layer=8 children=103,145,3,52 grandchildren=1037,1457,33,527
HASH_ROUTE token=41 layer=9 children=852,923,938,813 grandchildren=8529,9239,9383,8138
HASH_ROUTE token=41 layer=10 children=969,1096,1128,1251 grandchildren=9691,10962,11286,12518
HASH_ROUTE token=41 layer=11 children=1214,1059,418,1238 grandchildren=12148,10592,4181,12386
HASH_ROUTE token=41 layer=12 children=1240,1148,1212,1199 grandchildren=12407,11487,12127,11994
HASH_ROUTE token=41 layer=13 children=756,596,438,118 grandchildren=7564,5962,4389,1188
HASH_ROUTE token=41 layer=14 children=588,612,632,901 grandchildren=5881,6124,6328,9013
HASH_ROUTE token=41 layer=15 children=1041,978,1086,1091 grandchildren=10415,9789,10868,10918
HASH_ROUTE token=41 layer=16 children=218,171,690,1172 grandchildren=2184,1714,6906,11728
HASH_ROUTE token=41 layer=17 children=987,506,1004,521 grandchildren=9873,5062,10045,5218
HASH_ROUTE token=41 layer=18 children=440,1243,762,921 grandchildren=4404,12438,7622,9211
HASH_ROUTE token=41 layer=19 children=789,678,1262,732 grandchildren=7896,6786,12625,7327
HASH_ROUTE token=41 layer=20 children=318,632,194,470 grandchildren=3184,6326,1941,4705
HASH_ROUTE token=41 layer=21 children=874,943,826,76 grandchildren=8743,9431,8268,765
HASH_ROUTE token=41 layer=22 children=795,749,158,1110 grandchildren=7956,7493,1584,11106
HASH_ROUTE token=41 layer=23 children=751,697,765,729 grandchildren=7511,6976,7655,7294
HASH_ROUTE token=42 layer=0 children=150,318,477,7 grandchildren=1509,3181,4772,79
HASH_ROUTE token=42 layer=1 children=240,174,200,187 grandchildren=2405,1748,2005,1871
HASH_ROUTE token=42 layer=2 children=1162,1137,1249,1214 grandchildren=11624,11371,12495,12148
HASH_ROUTE token=42 layer=3 children=774,679,930,686 grandchildren=7746,6795,9307,6862
HASH_ROUTE token=42 layer=4 children=185,296,165,254 grandchildren=1855,2961,1657,2542
HASH_ROUTE token=42 layer=5 children=1212,1256,1195,1166 grandchildren=12123,12568,11955,11664
HASH_ROUTE token=42 layer=6 children=736,765,714,671 grandchildren=7366,7654,7145,6717
HASH_ROUTE token=42 layer=7 children=456,441,134,125 grandchildren=4563,4416,1347,1254
HASH_ROUTE token=42 layer=8 children=1272,1161,1266,1255 grandchildren=12729,11616,12667,12557
HASH_ROUTE token=42 layer=9 children=1142,821,183,1277 grandchildren=11423,8212,1837,12774
HASH_ROUTE token=42 layer=10 children=358,477,459,1153 grandchildren=3588,4779,4592,11533
HASH_ROUTE token=42 layer=11 children=37,58,99,670 grandchildren=371,581,996,6702
HASH_ROUTE token=42 layer=12 children=253,280,205,192 grandchildren=2538,2804,2055,1927
HASH_ROUTE token=42 layer=13 children=772,616,675,739 grandchildren=7725,6165,6756,7393
HASH_ROUTE token=42 layer=14 children=613,598,605,483 grandchildren=6139,5983,6052,4837
HASH_ROUTE token=42 layer=15 children=1177,1159,1232,1210 grandchildren=11777,11591,12327,12103
HASH_ROUTE token=42 layer=16 children=301,247,253,234 grandchildren=3014,2472,2538,2342
HASH_ROUTE token=42 layer=17 children=507,666,576,532 grandchildren=5074,6668,5763,5323
HASH_ROUTE token=42 layer=18 children=432,376,352,443 grandchildren=4322,3769,3522,4433
HASH_ROUTE token=42 layer=19 children=651,783,709,760 grandchildren=6518,7834,7093,7607
HASH_ROUTE token=42 layer=20 children=296,166,239,289 grandchildren=2963,1664,2393,2896
HASH_ROUTE token=42 layer=21 children=1266,142,1248,125 grandchildren=12661,1425,12485,1257
HASH_ROUTE token=42 layer=22 children=804,161,488,322 grandchildren=8043,1617,4886,3221
HASH_ROUTE token=42 layer=23 children=245,85,261,108 grandchildren=2451,858,2613,1081
HASH_ROUTE token=43 layer=0 children=153,50,72,65 grandchildren=1531,505,723,657
HASH_ROUTE token=43 layer=1 children=175,297,333,653 grandchildren=1751,2979,3334,6534
HASH_ROUTE token=43 layer=2 children=905,427,581,1061 grandchildren=9055,4274,5818,10616
HASH_ROUTE token=43 layer=3 children=106,68,18,900 grandchildren=1065,684,182,9003
HASH_ROUTE token=43 layer=4 children=186,299,312,194 grandchildren=1863,2996,3125,1944
HASH_ROUTE token=43 layer=5 children=1210,1272,1179,1130 grandchildren=12108,12725,11795,11301
HASH_ROUTE token=43 layer=6 children=129,448,760,280 grandchildren=1294,4485,7607,2806
HASH_ROUTE token=43 layer=7 children=931,137,617,459 grandchildren=9318,1374,6178,4592
HASH_ROUTE token=43 layer=8 children=1110,953,314,1043 grandchildren=11104,9539,3147,10436
HASH_ROUTE token=43 layer=9 children=955,897,913,314 grandchildren=9557,8971,9134,3146
HASH_ROUTE token=43 layer=10 children=347,1147,180,446 grandchildren=3476,11471,1803,4468
HASH_ROUTE token=43 layer=11 children=24,1142,32,1151 grandchildren=247,11429,321,11514
HASH_ROUTE token=43 layer=12 children=374,327,219,478 grandchildren=3744,3277,2198,4786
HASH_ROUTE token=43 layer=13 children=148,786,943,463 grandchildren=1487,7863,9431,4637
HASH_ROUTE token=43 layer=14 children=777,693,792,616 grandchildren=7778,6938,7928,6163
HASH_ROUTE token=43 layer=15 children=995,1024,831,1040 grandchildren=9951,10243,8312,10405
HASH_ROUTE token=43 layer=16 children=431,365,346,1076 grandchildren=4318,3656,3464,10766
HASH_ROUTE token=43 layer=17 children=981,188,346,509 grandchildren=9817,1888,3467,5096
HASH_ROUTE token=43 layer=18 children=320,382,364,454 grandchildren=3208,3823,3643,4543
HASH_ROUTE token=43 layer=19 children=606,440,120,523 grandchildren=6065,4403,1209,5238
HASH_ROUTE token=43 layer=20 children=766,642,743,779 grandchildren=7661,6424,7431,7796
HASH_ROUTE token=43 layer=21 children=1030,552,870,236 grandchildren=10309,5528,8701,2368
HASH_ROUTE token=43 layer=22 children=179,266,13,656 grandchildren=1795,2667,133,6568
HASH_ROUTE token=43 layer=23 children=945,624,906,143 grandchildren=9456,6246,9066,1436
HASH_ROUTE token=44 layer=0 children=755,649,779,713 grandchildren=7557,6498,7791,7133
HASH_ROUTE token=44 layer=1 children=527,689,504,663 grandchildren=5272,6898,5044,6639
HASH_ROUTE token=44 layer=2 children=352,830,36,991 grandchildren=3527,8309,361,9916
HASH_ROUTE token=44 layer=3 children=623,613,535,554 grandchildren=6236,6135,5357,5547
HASH_ROUTE token=44 layer=4 children=465,434,1260,452 grandchildren=4654,4344,12606,4522
HASH_ROUTE token=44 layer=5 children=320,809,963,168 grandchildren=3208,8091,9637,1685
HASH_ROUTE token=44 layer=6 children=461,785,620,946 grandchildren=4617,7855,6205,9464
HASH_ROUTE token=44 layer=7 children=148,99,38,621 grandchildren=1481,999,384,6214
HASH_ROUTE token=44 layer=8 children=1014,697,1100,786 grandchildren=10144,6977,11003,7866
HASH_ROUTE token=44 layer=9 children=131,55,938,156 grandchildren=1312,559,9387,1568
HASH_ROUTE token=44 layer=10 children=616,626,540,587 grandchildren=6165,6261,5406,5875
HASH_ROUTE token=44 layer=11 children=916,1077,866,753 grandchildren=9161,10778,8668,7538
HASH_ROUTE token=44 layer=12 children=359,839,1151,512 grandchildren=3591,8397,11511,5129
HASH_ROUTE token=44 layer=13 children=324,167,489,361 grandchildren=3247,1677,4899,3611
HASH_ROUTE token=44 layer=14 children=1102,1264,1096,947 grandchildren=11027,12647,10966,9478
HASH_ROUTE token=44 layer=15 children=767,127,1080,678 grandchildren=7671,1276,10804,6781
HASH_ROUTE token=44 layer=16 children=921,600,889,124 grandchildren=9215,6003,8898,1249
HASH_ROUTE token=44 layer=17 children=893,954,801,91 grandchildren=8931,9547,8015,911
HASH_ROUTE token=44 layer=18 children=740,1226,268,721 grandchildren=7407,12262,2688,7212
HASH_ROUTE token=44 layer=19 children=322,647,1121,482 grandchildren=3226,6477,11219,4823
HASH_ROUTE token=44 layer=20 children=1264,309,1223,786 grandchildren=12641,3099,12232,7864
HASH_ROUTE token=44 layer=21 children=1180,1238,700,65 grandchildren=11808,12386,7001,653
HASH_ROUTE token=44 layer=22 children=939,295,1090,772 grandchildren=9394,2954,10906,7724
HASH_ROUTE token=44 layer=23 children=109,45,71,261 grandchildren=1093,455,718,2618
HASH_ROUTE token=45 layer=0 children=153,65,475,955 grandchildren=1537,655,4752,9558
HASH_ROUTE token=45 layer=1 children=205,297,180,244 grandchildren=2058,2973,1801,2449
HASH_ROUTE token=45 layer=2 children=402,883,569,1205 grandchildren=4021,8835,5697,12053
HASH_ROUTE token=45 layer=3 children=1112,976,152,1099 grandchildren=11129,9768,1525,10999
HASH_ROUTE token=45 layer=4 children=180,292,199,827 grandchildren=1806,2921,1991,8273
HASH_ROUTE token=45 layer=5 children=289,307,446,462 grandchildren=2896,3073,4463,4623
HASH_ROUTE token=45 layer=6 children=766,680,725,673 grandchildren=7665,6808,7259,6732
HASH_ROUTE token=45 layer=7 children=617,779,139,935 grandchildren=6172,7792,1395,9358
HASH_ROUTE token=45 layer=8 children=1043,1091,1028,1012 grandchildren=10435,10914,10282,10121
HASH_ROUTE token=45 layer=9 children=897,1212,837,731 grandchildren=8979,12129,8377,7311
HASH_ROUTE token=45 layer=10 children=242,1044,275,723 grandchildren=2428,10449,2758,7231
HASH_ROUTE token=45 layer=11 children=51,533,1172,102 grandchildren=513,5337,11723,1028
HASH_ROUTE token=45 layer=12 children=322,1,645,1125 grandchildren=3228,14,6455,11256
HASH_ROUTE token=45 layer=13 children=782,1269,943,727 grandchildren=7829,12699,9432,7271
HASH_ROUTE token=45 layer=14 children=632,580,562,959 grandchildren=6329,5801,5624,9595
HASH_ROUTE token=45 layer=15 children=983,1015,973,1098 grandchildren=9837,10156,9736,10982
HASH_ROUTE token=45 layer=16 children=361,325,426,347 grandchildren=3612,3255,4262,3478
HASH_ROUTE token=45 layer=17 children=589,1060,261,524 grandchildren=5893,10603,2617,5241
HASH_ROUTE token=45 layer=18 children=812,492,909,585 grandchildren=8125,4921,9091,5852
HASH_ROUTE token=45 layer=19 children=642,729,781,685 grandchildren=6427,7291,7815,6856
HASH_ROUTE token=45 layer=20 children=918,111,438,857 grandchildren=9185,1116,4381,8576
HASH_ROUTE token=45 layer=21 children=13,76,43,973 grandchildren=135,766,437,9738
HASH_ROUTE token=45 layer=22 children=170,168,267,334 grandchildren=1702,1682,2676,3346
HASH_ROUTE token=45 layer=23 children=44,39,123,142 grandchildren=441,396,1238,1426
HASH_ROUTE token=46 layer=0 children=446,364,322,378 grandchildren=4467,3641,3228,3781
HASH_ROUTE token=46 layer=1 children=184,22,209,293 grandchildren=1848,222,2099,2937
HASH_ROUTE token=46 layer=2 children=1009,974,1069,1022 grandchildren=10094,9746,10698,10227
HASH_ROUTE token=46 layer=3 children=1227,106,260,584 grandchildren=12278,1064,2608,5848
HASH_ROUTE token=46 layer=4 children=322,360,411,451 grandchildren=3227,3601,4118,4515
HASH_ROUTE token=46 layer=5 children=1173,1212,1227,1276 grandchildren=11732,12124,12274,12769
HASH_ROUTE token=46 layer=6 children=249,725,1209,204 grandchildren=2492,7252,12092,2043
HASH_ROUTE token=46 layer=7 children=52,129,137,28 grandchildren=528,1291,1371,282
HASH_ROUTE token=46 layer=8 children=844,953,918,942 grandchildren=8445,9537,9186,9421
HASH_ROUTE token=46 layer=9 children=310,151,958,632 grandchildren=3108,1511,9587,6327
HASH_ROUTE token=46 layer=10 children=756,1231,706,778 grandchildren=7567,12319,7062,7785
HASH_ROUTE token=46 layer=11 children=691,681,58,41 grandchildren=6915,6813,583,417
HASH_ROUTE token=46 layer=12 children=212,304,531,206 grandchildren=2126,3042,5318,2065
HASH_ROUTE token=46 layer=13 children=88,91,75,39 grandchildren=885,918,759,395
HASH_ROUTE token=46 layer=14 children=770,937,764,691 grandchildren=7701,9378,7643,6914
HASH_ROUTE token=46 layer=15 children=758,115,794,156 grandchildren=7582,1152,7942,1564
HASH_ROUTE token=46 layer=16 children=386,412,360,63 grandchildren=3868,4128,3607,631
HASH_ROUTE token=46 layer=17 children=1143,981,661,188 grandchildren=11431,9818,6615,1883
HASH_ROUTE token=46 layer=18 children=819,1134,499,970 grandchildren=8191,11343,4991,9703
HASH_ROUTE token=46 layer=19 children=19,652,39,679 grandchildren=193,6523,395,6791
HASH_ROUTE token=46 layer=20 children=185,248,264,255 grandchildren=1852,2482,2649,2551
HASH_ROUTE token=46 layer=21 children=411,1216,320,463 grandchildren=4119,12161,3206,4631
HASH_ROUTE token=46 layer=22 children=414,459,375,441 grandchildren=4144,4596,3755,4418
HASH_ROUTE token=46 layer=23 children=307,232,266,1108 grandchildren=3075,2327,2665,11088
HASH_ROUTE token=47 layer=0 children=120,50,42,106 grandchildren=1209,503,423,1067
HASH_ROUTE token=47 layer=1 children=246,175,727,652 grandchildren=2468,1751,7275,6525
HASH_ROUTE token=47 layer=2 children=538,573,499,548 grandchildren=5383,5733,4994,5489
HASH_ROUTE token=47 layer=3 children=102,11,66,1228 grandchildren=1022,116,662,12285
HASH_ROUTE token=47 layer=4 children=318,198,222,177 grandchildren=3183,1982,2222,1777
HASH_ROUTE token=47 layer=5 children=1132,1269,1192,1173 grandchildren=11329,12696,11927,11739
HASH_ROUTE token=47 layer=6 children=42,204,687,1164 grandchildren=423,2046,6871,11648
HASH_ROUTE token=47 layer=7 children=650,334,812,645 grandchildren=6504,3349,8123,6451
HASH_ROUTE token=47 layer=8 children=527,613,45,133 grandchildren=5275,6132,453,1337
HASH_ROUTE token=47 layer=9 children=896,1214,259,834 grandchildren=8968,12141,2598,8346
HASH_ROUTE token=47 layer=10 children=1047,242,727,889 grandchildren=10478,2429,7272,8896
HASH_ROUTE token=47 layer=11 children=674,515,690,531 grandchildren=6741,5158,6903,5318
HASH_ROUTE token=47 layer=12 children=129,80,27,762 grandchildren=1298,803,279,7629
HASH_ROUTE token=47 layer=13 children=491,656,172,14 grandchildren=4915,6568,1723,148
HASH_ROUTE token=47 layer=14 children=955,1114,936,901 grandchildren=9557,11141,9363,9019
HASH_ROUTE token=47 layer=15 children=993,1000,1095,1014 grandchildren=9935,10006,10951,10143
HASH_ROUTE token=47 layer=16 children=1210,898,417,250 grandchildren=12101,8985,4174,2505
HASH_ROUTE token=47 layer=17 children=983,666,503,1059 grandchildren=9835,6661,5032,10594
HASH_ROUTE token=47 layer=18 children=355,443,381,373 grandchildren=3551,4438,3813,3736
HASH_ROUTE token=47 layer=19 children=760,722,687,796 grandchildren=7605,7227,6879,7967
HASH_ROUTE token=47 layer=20 children=51,111,12,130 grandchildren=516,1116,128,1304
HASH_ROUTE token=47 layer=21 children=72,13,126,109 grandchildren=726,135,1263,1099
HASH_ROUTE token=47 layer=22 children=261,247,231,420 grandchildren=2618,2477,2313,4207
HASH_ROUTE token=47 layer=23 children=144,948,1109,118 grandchildren=1443,9486,11093,1189
HASH_ROUTE token=48 layer=0 children=7,39,42,93 grandchildren=78,395,424,938
HASH_ROUTE token=48 layer=1 children=180,195,230,262 grandchildren=1807,1956,2309,2621
HASH_ROUTE token=48 layer=2 children=461,1104,431,1073 grandchildren=4611,11048,4311,10733
HASH_ROUTE token=48 layer=3 children=585,500,629,109 grandchildren=5851,5004,6291,1091
HASH_ROUTE token=48 layer=4 children=193,236,269,257 grandchildren=1935,2365,2692,2579
HASH_ROUTE token=48 layer=5 children=572,896,588,904 grandchildren=5727,8967,5886,9046
HASH_ROUTE token=48 layer=6 children=678,199,745,788 grandchildren=6788,1998,7456,7886
HASH_ROUTE token=48 layer=7 children=133,1098,61,1022 grandchildren=1338,10984,612,10222
HASH_ROUTE token=48 layer=8 children=1261,629,789,142 grandchildren=12617,6298,7896,1428
HASH_ROUTE token=48 layer=9 children=934,828,452,837 grandchildren=9343,8287,4528,8374
HASH_ROUTE token=48 layer=10 children=1256,1181,1279,779 grandchildren=12564,11817,12795,7791
HASH_ROUTE token=48 layer=11 children=737,750,697,709 grandchildren=7371,7504,6976,7099
HASH_ROUTE token=48 layer=12 children=87,1200,728,247 grandchildren=871,12003,7287,2475
HASH_ROUTE token=48 layer=13 children=1235,1154,1243,1163 grandchildren=12351,11544,12432,11639
HASH_ROUTE token=48 layer=14 children=267,201,908,846 grandchildren=2677,2017,9085,8469
HASH_ROUTE token=48 layer=15 children=1254,1179,1274,1187 grandchildren=12546,11794,12746,11872
HASH_ROUTE token=48 layer=16 children=255,170,1212,578 grandchildren=2554,1708,12122,5786
HASH_ROUTE token=48 layer=17 children=544,1025,580,509 grandchildren=5441,10255,5801,5091
HASH_ROUTE token=48 layer=18 children=1264,949,1107,307 grandchildren=12647,9492,11073,3079
HASH_ROUTE token=48 layer=19 children=679,650,666,789 grandchildren=6796,6502,6668,7896
HASH_ROUTE token=48 layer=20 children=225,167,1027,246 grandchildren=2257,1675,10278,2461
HASH_ROUTE token=48 layer=21 children=72,28,45,33 grandchildren=721,286,459,336
HASH_ROUTE token=48 layer=22 children=319,263,634,1110 grandchildren=3199,2633,6348,11105
HASH_ROUTE token=48 layer=23 children=587,504,1229,540 grandchildren=5878,5043,12297,5402
HASH_ROUTE token=49 layer=0 children=150,955,471,7 grandchildren=1509,9558,4718,72
HASH_ROUTE token=49 layer=1 children=297,457,206,174 grandchildren=2974,4579,2069,1748
HASH_ROUTE token=49 layer=2 children=99,1215,49,1165 grandchildren=991,12158,493,11652
HASH_ROUTE token=49 layer=3 children=947,789,832,912 grandchildren=9474,7897,8324,9122
HASH_ROUTE token=49 layer=4 children=308,298,174,167 grandchildren=3084,2986,1744,1671
HASH_ROUTE token=49 layer=5 children=802,844,945,851 grandchildren=8024,8441,9451,8512
HASH_ROUTE token=49 layer=6 children=417,363,432,393 grandchildren=4179,3634,4327,3934
HASH_ROUTE token=49 layer=7 children=240,883,83,404 grandchildren=2402,8833,838,4049
HASH_ROUTE token=49 layer=8 children=1203,1265,249,567 grandchildren=12036,12651,2497,5678
HASH_ROUTE token=49 layer=9 children=229,177,180,266 grandchildren=2291,1774,1807,2665
HASH_ROUTE token=49 layer=10 children=322,459,472,645 grandchildren=3225,4595,4729,6452
HASH_ROUTE token=49 layer=11 children=97,733,1214,110 grandchildren=978,7339,12147,1108
HASH_ROUTE token=49 layer=12 children=481,166,562,246 grandchildren=4818,1661,5623,2463
HASH_ROUTE token=49 layer=13 children=546,606,530,631 grandchildren=5468,6069,5302,6319
HASH_ROUTE token=49 layer=14 children=267,428,213,276 grandchildren=2673,4288,2135,2769
HASH_ROUTE token=49 layer=15 children=1153,1189,517,676 grandchildren=11539,11893,5171,6765
HASH_ROUTE token=49 layer=16 children=309,466,277,430 grandchildren=3098,4665,2775,4307
HASH_ROUTE token=49 layer=17 children=438,594,462,383 grandchildren=4381,5948,4629,3831
HASH_ROUTE token=49 layer=18 children=1128,642,320,1 grandchildren=11281,6422,3202,15
HASH_ROUTE token=49 layer=19 children=768,783,445,708 grandchildren=7688,7839,4454,7089
HASH_ROUTE token=49 layer=20 children=174,313,491,632 grandchildren=1746,3135,4915,6327
HASH_ROUTE token=49 layer=21 children=72,230,555,718 grandchildren=723,2302,5557,7185
HASH_ROUTE token=49 layer=22 children=301,1106,460,623 grandchildren=3018,11069,4602,6239
HASH_ROUTE token=49 layer=23 children=631,504,530,584 grandchildren=6311,5047,5308,5841
HASH_ROUTE token=50 layer=0 children=395,1031,873,712 grandchildren=3959,10315,8732,7129
HASH_ROUTE token=50 layer=1 children=278,179,315,436 grandchildren=2788,1793,3154,4362
HASH_ROUTE token=50 layer=2 children=1241,1134,1148,1214 grandchildren=12417,11345,11489,12143
HASH_ROUTE token=50 layer=3 children=931,900,833,842 grandchildren=9318,9003,8337,8429
HASH_ROUTE token=50 layer=4 children=181,294,257,161 grandchildren=1818,2947,2577,1613
HASH_ROUTE token=50 layer=5 children=891,735,1212,94 grandchildren=8913,7353,12128,942
HASH_ROUTE token=50 layer=6 children=734,790,765,724 grandchildren=7349,7906,7658,7241
HASH_ROUTE token=50 layer=7 children=1041,1020,1098,409 grandchildren=10414,10206,10988,4097
HASH_ROUTE token=50 layer=8 children=1165,1252,1208,1229 grandchildren=11658,12524,12086,12293
HASH_ROUTE token=50 layer=9 children=807,160,867,229 grandchildren=8077,1605,8677,2296
HASH_ROUTE token=50 layer=10 children=386,350,325,446 grandchildren=3862,3502,3256,4462
HASH_ROUTE token=50 layer=11 children=995,357,1026,381 grandchildren=9951,3577,10265,3818
HASH_ROUTE token=50 layer=12 children=185,203,281,251 grandchildren=1856,2031,2819,2515
HASH_ROUTE token=50 layer=13 children=670,511,730,572 grandchildren=6705,5111,7301,5728
HASH_ROUTE token=50 layer=14 children=588,523,267,206 grandchildren=5883,5233,2679,2069
HASH_ROUTE token=50 layer=15 children=1177,1150,1251,535 grandchildren=11777,11508,12516,5355
HASH_ROUTE token=50 layer=16 children=213,305,234,172 grandchildren=2132,3052,2341,1724
HASH_ROUTE token=50 layer=17 children=546,532,594,587 grandchildren=5465,5322,5947,5876
HASH_ROUTE token=50 layer=18 children=1279,1249,1110,1146 grandchildren=12796,12494,11104,11465
HASH_ROUTE token=50 layer=19 children=1086,445,991,1244 grandchildren=10862,4455,9917,12444
HASH_ROUTE token=50 layer=20 children=1243,289,1189,1194 grandchildren=12435,2894,11893,11942
HASH_ROUTE token=50 layer=21 children=620,142,949,501 grandchildren=6203,1421,9498,5014
HASH_ROUTE token=50 layer=22 children=1110,312,993,1101 grandchildren=11104,3123,9935,11013
HASH_ROUTE token=50 layer=23 children=260,100,245,902 grandchildren=2601,1003,2459,9027
HASH_ROUTE token=51 layer=0 children=150,958,148,49 grandchildren=1504,9582,1482,493
HASH_ROUTE token=51 layer=1 children=297,453,173,331 grandchildren=2979,4532,1739,3316
HASH_ROUTE token=51 layer=2 children=656,776,649,813 grandchildren=6563,7769,6499,8135
HASH_ROUTE token=51 layer=3 children=759,917,1079,689 grandchildren=7599,9178,10799,6898
HASH_ROUTE token=51 layer=4 children=294,930,611,254 grandchildren=2945,9306,6118,2548
HASH_ROUTE token=51 layer=5 children=891,1212,258,573 grandchildren=8912,12121,2585,5738
HASH_ROUTE token=51 layer=6 children=717,673,735,871 grandchildren=7177,6739,7351,8712
HASH_ROUTE token=51 layer=7 children=87,563,61,245 grandchildren=879,5637,615,2458
HASH_ROUTE token=51 layer=8 children=1266,308,786,148 grandchildren=12668,3082,7866,1483
HASH_ROUTE token=51 layer=9 children=824,184,864,982 grandchildren=8245,1844,8648,9824
HASH_ROUTE token=51 layer=10 children=833,806,938,352 grandchildren=8331,8063,9389,3525
HASH_ROUTE token=51 layer=11 children=119,752,434,1232 grandchildren=1196,7521,4341,12321
HASH_ROUTE token=51 layer=12 children=506,514,605,634 grandchildren=5067,5143,6052,6341
HASH_ROUTE token=51 layer=13 children=739,1052,694,670 grandchildren=7391,10526,6947,6703
HASH_ROUTE token=51 layer=14 children=429,447,370,261 grandchildren=4297,4479,3705,2619
HASH_ROUTE token=51 layer=15 children=1250,1183,1177,1244 grandchildren=12504,11835,11771,12441
HASH_ROUTE token=51 layer=16 children=1138,1172,1213,650 grandchildren=11388,11729,12139,6501
HASH_ROUTE token=51 layer=17 children=507,987,343,532 grandchildren=5071,9872,3431,5326
HASH_ROUTE token=51 layer=18 children=1146,1243,1252,1279 grandchildren=11461,12431,12529,12793
HASH_ROUTE token=51 layer=19 children=1262,789,1159,1144 grandchildren=12629,7897,11599,11446
HASH_ROUTE token=51 layer=20 children=224,314,704,172 grandchildren=2242,3145,7043,1725
HASH_ROUTE token=51 layer=21 children=141,21,72,1107 grandchildren=1415,215,726,11073
HASH_ROUTE token=51 layer=22 children=314,473,1110,196 grandchildren=3141,4736,11103,1969
HASH_ROUTE token=51 layer=23 children=108,905,1062,20 grandchildren=1088,9055,10623,203
HASH_ROUTE token=52 layer=0 children=1120,962,322,1213 grandchildren=11209,9627,3222,12138
HASH_ROUTE token=52 layer=1 children=184,241,172,284 grandchildren=1845,2417,1726,2841
HASH_ROUTE token=52 layer=2 children=656,332,672,357 grandchildren=6569,3322,6727,3579
HASH_ROUTE token=52 layer=3 children=931,454,826,854 grandchildren=9318,4542,8264,8543
HASH_ROUTE token=52 layer=4 children=261,294,255,243 grandchildren=2619,2948,2554,2439
HASH_ROUTE token=52 layer=5 children=891,901,1212,573 grandchildren=8916,9015,12127,5735
HASH_ROUTE token=52 layer=6 children=735,414,716,251 grandchildren=7356,4141,7166,2514
HASH_ROUTE token=52 layer=7 children=295,137,615,269 grandchildren=2951,1373,6157,2698
HASH_ROUTE token=52 layer=8 children=308,1104,282,142 grandchildren=3082,11049,2823,1428
HASH_ROUTE token=52 layer=9 children=704,868,668,229 grandchildren=7043,8683,6684,2296
HASH_ROUTE token=52 layer=10 children=357,677,403,729 grandchildren=3573,6773,4036,7299
HASH_ROUTE token=52 layer=11 children=381,354,1022,545 grandchildren=3818,3543,10226,5456
HASH_ROUTE token=52 layer=12 children=1007,981,205,47 grandchildren=10077,9817,2054,472
HASH_ROUTE token=52 layer=13 children=677,736,659,698 grandchildren=6777,7365,6596,6982
HASH_ROUTE token=52 layer=14 children=139,117,296,613 grandchildren=1398,1174,2961,6131
HASH_ROUTE token=52 layer=15 children=1246,1084,289,1238 grandchildren=12465,10842,2891,12388
HASH_ROUTE token=52 layer=16 children=650,691,737,971 grandchildren=6507,6911,7375,9714
HASH_ROUTE token=52 layer=17 children=1066,587,995,1076 grandchildren=10668,5871,9952,10769
HASH_ROUTE token=52 layer=18 children=1211,1252,732,1146 grandchildren=12117,12527,7325,11467
HASH_ROUTE token=52 layer=19 children=1261,1159,941,833 grandchildren=12616,11598,9419,8332
HASH_ROUTE token=52 layer=20 children=1024,227,1183,387 grandchildren=10246,2274,11833,3871
HASH_ROUTE token=52 layer=21 children=140,72,21,784 grandchildren=1403,722,218,7846
HASH_ROUTE token=52 layer=22 children=348,508,473,1140 grandchildren=3489,5089,4736,11401
HASH_ROUTE token=52 layer=23 children=1066,982,1071,586 grandchildren=10667,9827,10717,5864
HASH_ROUTE token=53 layer=0 children=420,365,324,432 grandchildren=4206,3659,3246,4326
HASH_ROUTE token=53 layer=1 children=441,368,760,682 grandchildren=4415,3683,7606,6822
HASH_ROUTE token=53 layer=2 children=176,653,18,260 grandchildren=1768,6534,181,2609
HASH_ROUTE token=53 layer=3 children=696,852,539,54 grandchildren=6965,8521,5399,545
HASH_ROUTE token=53 layer=4 children=297,235,312,161 grandchildren=2974,2357,3121,1611
HASH_ROUTE token=53 layer=5 children=844,528,368,1161 grandchildren=8447,5284,3683,11617
HASH_ROUTE token=53 layer=6 children=716,875,642,803 grandchildren=7167,8759,6428,8037
HASH_ROUTE token=53 layer=7 children=120,281,81,42 grandchildren=1209,2818,819,429
HASH_ROUTE token=53 layer=8 children=1244,124,1197,1265 grandchildren=12445,1241,11974,12654
HASH_ROUTE token=53 layer=9 children=958,808,938,630 grandchildren=9588,8084,9389,6304
HASH_ROUTE token=53 layer=10 children=334,472,413,405 grandchildren=3349,4726,4134,4051
HASH_ROUTE token=53 layer=11 children=1020,1040,997,1088 grandchildren=10208,10401,9975,10889
HASH_ROUTE token=53 layer=12 children=378,474,1178,212 grandchildren=3782,4742,11782,2123
HASH_ROUTE token=53 layer=13 children=492,511,533,599 grandchildren=4925,5112,5333,5997
HASH_ROUTE token=53 layer=14 children=582,510,533,492 grandchildren=5821,5108,5331,4928
HASH_ROUTE token=53 layer=15 children=195,297,993,304 grandchildren=1956,2972,9938,3048
HASH_ROUTE token=53 layer=16 children=58,534,691,1017 grandchildren=582,5344,6916,10179
HASH_ROUTE token=53 layer=17 children=1072,1003,987,594 grandchildren=10726,10032,9877,5948
HASH_ROUTE token=53 layer=18 children=184,1146,248,1209 grandchildren=1842,11466,2489,12091
HASH_ROUTE token=53 layer=19 children=783,628,466,1265 grandchildren=7839,6285,4665,12657
HASH_ROUTE token=53 layer=20 children=317,174,220,167 grandchildren=3173,1741,2205,1674
HASH_ROUTE token=53 layer=21 children=75,49,27,874 grandchildren=756,491,277,8742
HASH_ROUTE token=53 layer=22 children=1042,246,89,1101 grandchildren=10429,2467,899,11012
HASH_ROUTE token=53 layer=23 children=1043,568,1081,1111 grandchildren=10437,5687,10819,11114
HASH_ROUTE token=54 layer=0 children=153,50,72,65 grandchildren=1536,509,722,655
HASH_ROUTE token=54 layer=1 children=175,297,333,653 grandchildren=1756,2974,3335,6531
HASH_ROUTE token=54 layer=2 children=1060,424,1225,901 grandchildren=10601,4247,12251,9016
HASH_ROUTE token=54 layer=3 children=106,68,18,900 grandchildren=1066,682,189,9005
HASH_ROUTE token=54 layer=4 children=186,294,311,229 grandchildren=1862,2944,3116,2292
HASH_ROUTE token=54 layer=5 children=1213,1272,1174,1130 grandchildren=12132,12723,11748,11303
HASH_ROUTE token=54 layer=6 children=129,442,760,288 grandchildren=1291,4426,7601,2884
HASH_ROUTE token=54 layer=7 children=931,137,617,459 grandchildren=9313,1371,6172,4591
HASH_ROUTE token=54 layer=8 children=1110,953,314,1040 grandchildren=11106,9539,3145,10406
HASH_ROUTE token=54 layer=9 children=955,897,314,913 grandchildren=9555,8977,3144,9139
HASH_ROUTE token=54 layer=10 children=347,1147,180,446 grandchildren=3478,11476,1806,4465
HASH_ROUTE token=54 layer=11 children=24,1142,32,1151 grandchildren=248,11421,321,11515
HASH_ROUTE token=54 layer=12 children=374,327,219,478 grandchildren=3742,3274,2195,4787
HASH_ROUTE token=54 layer=13 children=786,148,943,463 grandchildren=7869,1486,9432,4638
HASH_ROUTE token=54 layer=14 children=777,693,616,537 grandchildren=7773,6938,6168,5379
HASH_ROUTE token=54 layer=15 children=995,1024,831,1040 grandchildren=9959,10243,8313,10407
HASH_ROUTE token=54 layer=16 children=431,365,346,1076 grandchildren=4315,3655,3463,10769
HASH_ROUTE token=54 layer=17 children=981,188,509,349 grandchildren=9816,1889,5091,3491
HASH_ROUTE token=54 layer=18 children=320,382,364,454 grandchildren=3204,3828,3649,4544
HASH_ROUTE token=54 layer=19 children=606,446,523,120 grandchildren=6069,4461,5232,1209
HASH_ROUTE token=54 layer=20 children=764,737,642,667 grandchildren=7647,7378,6425,6671
HASH_ROUTE token=54 layer=21 children=1030,552,236,870 grandchildren=10303,5529,2362,8703
HASH_ROUTE token=54 layer=22 children=178,265,13,331 grandchildren=1784,2659,137,3311
HASH_ROUTE token=54 layer=23 children=945,900,820,1265 grandchildren=9453,9008,8202,12659
HASH_ROUTE token=55 layer=0 children=755,649,779,713 grandchildren=7551,6492,7791,7131
HASH_ROUTE token=55 layer=1 children=527,689,504,663 grandchildren=5275,6899,5048,6635
HASH_ROUTE token=55 layer=2 children=352,830,36,991 grandchildren=3527,8302,364,9916
HASH_ROUTE token=55 layer=3 children=623,613,535,554 grandchildren=6231,6131,5351,5545
HASH_ROUTE token=55 layer=4 children=465,434,1260,452 grandchildren=4656,4347,12608,4527
HASH_ROUTE token=55 layer=5 children=320,809,963,168 grandchildren=3209,8099,9631,1681
HASH_ROUTE token=55 layer=6 children=461,785,620,946 grandchildren=4614,7853,6201,9463
HASH_ROUTE token=55 layer=7 children=148,99,38,621 grandchildren=1481,992,387,6215
HASH_ROUTE token=55 layer=8 children=1014,697,1100,786 grandchildren=10148,6974,11009,7868
HASH_ROUTE token=55 layer=9 children=131,55,938,156 grandchildren=1312,557,9387,1568
HASH_ROUTE token=55 layer=10 children=616,626,540,587 grandchildren=6168,6265,5403,5879
HASH_ROUTE token=55 layer=11 children=916,1077,866,753 grandchildren=9167,10778,8664,7535
HASH_ROUTE token=55 layer=12 children=359,839,1151,512 grandchildren=3594,8394,11516,5127
HASH_ROUTE token=55 layer=13 children=324,167,489,361 grandchildren=3249,1675,4896,3611
HASH_ROUTE token=55 layer=14 children=1102,1264,1096,947 grandchildren=11026,12643,10962,9478
HASH_ROUTE token=55 layer=15 children=767,127,1080,678 grandchildren=7675,1277,10808,6783
HASH_ROUTE token=55 layer=16 children=921,600,889,124 grandchildren=9217,6006,8895,1242
HASH_ROUTE token=55 layer=17 children=893,954,801,91 grandchildren=8939,9544,8019,916
HASH_ROUTE token=55 layer=18 children=740,1226,268,721 grandchildren=7409,12267,2681,7218
HASH_ROUTE token=55 layer=19 children=322,647,1121,482 grandchildren=3222,6477,11213,4825
HASH_ROUTE token=55 layer=20 children=1264,309,1223,786 grandchildren=12647,3097,12233,7869
HASH_ROUTE token=55 layer=21 children=1180,1238,700,65 grandchildren=11801,12381,7006,654
HASH_ROUTE token=55 layer=22 children=939,295,1090,772 grandchildren=9396,2954,10905,7721
HASH_ROUTE token=55 layer=23 children=109,45,71,261 grandchildren=1093,454,715,2618
HASH_ROUTE token=56 layer=0 children=1007,209,1015,214 grandchildren=10078,2091,10156,2148
HASH_ROUTE token=56 layer=1 children=295,455,937,189 grandchildren=2952,4554,9377,1893
HASH_ROUTE token=56 layer=2 children=975,335,495,813 grandchildren=9751,3354,4954,8134
HASH_ROUTE token=56 layer=3 children=906,839,877,811 grandchildren=9067,8397,8776,8112
HASH_ROUTE token=56 layer=4 children=292,204,196,172 grandchildren=2925,2048,1966,1722
HASH_ROUTE token=56 layer=5 children=1173,1212,1240,1130 grandchildren=11739,12128,12403,11303
HASH_ROUTE token=56 layer=6 children=244,200,251,191 grandchildren=2442,2005,2519,1919
HASH_ROUTE token=56 layer=7 children=697,214,854,1013 grandchildren=6974,2142,8541,10139
HASH_ROUTE token=56 layer=8 children=931,953,888,804 grandchildren=9319,9531,8888,8041
HASH_ROUTE token=56 layer=9 children=314,954,1272,182 grandchildren=3149,9543,12723,1827
HASH_ROUTE token=56 layer=10 children=563,546,85,64 grandchildren=5633,5462,852,645
HASH_ROUTE token=56 layer=11 children=40,56,61,682 grandchildren=405,561,616,6822
HASH_ROUTE token=56 layer=12 children=745,643,789,778 grandchildren=7451,6431,7899,7782
HASH_ROUTE token=56 layer=13 children=88,149,99,50 grandchildren=885,1499,991,502
HASH_ROUTE token=56 layer=14 children=447,766,282,455 grandchildren=4477,7669,2821,4552
HASH_ROUTE token=56 layer=15 children=1013,378,991,351 grandchildren=10134,3782,9914,3513
HASH_ROUTE token=56 layer=16 children=418,437,1219,346 grandchildren=4189,4379,12191,3468
HASH_ROUTE token=56 layer=17 children=188,343,502,981 grandchildren=1883,3437,5025,9818
HASH_ROUTE token=56 layer=18 children=1067,1107,1024,997 grandchildren=10676,11071,10244,9973
HASH_ROUTE token=56 layer=19 children=192,1151,253,170 grandchildren=1926,11518,2533,1707
HASH_ROUTE token=56 layer=20 children=377,347,438,403 grandchildren=3775,3473,4383,4037
HASH_ROUTE token=56 layer=21 children=13,41,126,66 grandchildren=134,416,1265,664
HASH_ROUTE token=56 layer=22 children=265,428,179,909 grandchildren=2656,4282,1799,9095
HASH_ROUTE token=56 layer=23 children=234,877,71,1037 grandchildren=2341,8775,712,10378
HASH_ROUTE token=57 layer=0 children=150,52,41,311 grandchildren=1507,524,415,3114
HASH_ROUTE token=57 layer=1 children=189,297,206,173 grandchildren=1893,2974,2064,1739
HASH_ROUTE token=57 layer=2 children=735,749,697,686 grandchildren=7353,7493,6978,6869
HASH_ROUTE token=57 layer=3 children=931,817,779,838 grandchildren=9319,8171,7794,8389
HASH_ROUTE token=57 layer=4 children=189,190,297,237 grandchildren=1898,1901,2974,2372
HASH_ROUTE token=57 layer=5 children=475,329,368,958 grandchildren=4757,3294,3685,9589
HASH_ROUTE token=57 layer=6 children=760,289,442,927 grandchildren=7605,2893,4421,9274
HASH_ROUTE token=57 layer=7 children=471,332,951,812 grandchildren=4711,3324,9511,8123
HASH_ROUTE token=57 layer=8 children=1040,1065,241,267 grandchildren=10408,10659,2419,2676
HASH_ROUTE token=57 layer=9 children=548,869,611,1180 grandchildren=5482,8691,6118,11808
HASH_ROUTE token=57 layer=10 children=1165,1144,1181,202 grandchildren=11658,11445,11817,2024
HASH_ROUTE token=57 layer=11 children=58,37,93,157 grandchildren=589,375,932,1579
HASH_ROUTE token=57 layer=12 children=728,86,668,240 grandchildren=7282,865,6685,2402
HASH_ROUTE token=57 layer=13 children=781,948,463,720 grandchildren=7811,9485,4632,7203
HASH_ROUTE token=57 layer=14 children=813,937,850,884 grandchildren=8135,9376,8505,8847
HASH_ROUTE token=57 layer=15 children=670,514,353,192 grandchildren=6701,5146,3532,1925
HASH_ROUTE token=57 layer=16 children=472,439,362,347 grandchildren=4725,4396,3627,3473
HASH_ROUTE token=57 layer=17 children=509,983,601,348 grandchildren=5099,9838,6011,3486
HASH_ROUTE token=57 layer=18 children=964,1072,1051,1099 grandchildren=9644,10727,10515,10997
HASH_ROUTE token=57 layer=19 children=768,1241,440,789 grandchildren=7681,12419,4403,7895
HASH_ROUTE token=57 layer=20 children=157,6,635,474 grandchildren=1574,66,6352,4746
HASH_ROUTE token=57 layer=21 children=126,75,142,603 grandchildren=1263,759,1423,6034
HASH_ROUTE token=57 layer=22 children=265,741,307,179 grandchildren=2654,7411,3072,1799
HASH_ROUTE token=57 layer=23 children=529,208,510,194 grandchildren=5296,2086,5106,1946
HASH_ROUTE token=58 layer=0 children=809,1126,897,327 grandchildren=8097,11263,8978,3275
HASH_ROUTE token=58 layer=1 children=876,1191,937,74 grandchildren=8766,11913,9374,741
HASH_ROUTE token=58 layer=2 children=332,353,324,419 grandchildren=3328,3531,3242,4199
HASH_ROUTE token=58 layer=3 children=839,679,901,746 grandchildren=8391,6793,9012,7466
HASH_ROUTE token=58 layer=4 children=826,187,21,938 grandchildren=8268,1875,218,9381
HASH_ROUTE token=58 layer=5 children=945,913,881,891 grandchildren=9454,9134,8817,8919
HASH_ROUTE token=58 layer=6 children=725,1208,248,786 grandchildren=7259,12088,2486,7868
HASH_ROUTE token=58 layer=7 children=294,772,248,931 grandchildren=2945,7723,2482,9312
HASH_ROUTE token=58 layer=8 children=996,833,196,1009 grandchildren=9963,8332,1963,10097
HASH_ROUTE token=58 layer=9 children=1093,961,1252,937 grandchildren=10934,9618,12529,9371
HASH_ROUTE token=58 layer=10 children=755,772,799,1230 grandchildren=7559,7729,7997,12305
HASH_ROUTE token=58 layer=11 children=1056,738,1075,971 grandchildren=10566,7386,10759,9714
HASH_ROUTE token=58 layer=12 children=827,26,1145,184 grandchildren=8274,262,11457,1843
HASH_ROUTE token=58 layer=13 children=785,652,1103,979 grandchildren=7859,6523,11034,9795
HASH_ROUTE token=58 layer=14 children=814,18,492,170 grandchildren=8147,185,4928,1704
HASH_ROUTE token=58 layer=15 children=1150,357,677,1269 grandchildren=11506,3578,6776,12694
HASH_ROUTE token=58 layer=16 children=439,349,419,470 grandchildren=4397,3497,4193,4702
HASH_ROUTE token=58 layer=17 children=594,486,546,507 grandchildren=5943,4865,5462,5072
HASH_ROUTE token=58 layer=18 children=310,244,182,165 grandchildren=3101,2445,1827,1655
HASH_ROUTE token=58 layer=19 children=789,768,467,650 grandchildren=7894,7682,4679,6504
HASH_ROUTE token=58 layer=20 children=283,230,264,296 grandchildren=2832,2306,2648,2964
HASH_ROUTE token=58 layer=21 children=76,718,149,109 grandchildren=766,7185,1499,1099
HASH_ROUTE token=58 layer=22 children=301,189,269,170 grandchildren=3011,1894,2696,1704
HASH_ROUTE token=58 layer=23 children=423,342,108,1061 grandchildren=4237,3423,1083,10615
HASH_ROUTE token=59 layer=0 children=841,943,955,932 grandchildren=8418,9435,9554,9322
HASH_ROUTE token=59 layer=1 children=297,456,1251,614 grandchildren=2976,4562,12511,6142
HASH_ROUTE token=59 layer=2 children=350,366,995,1158 grandchildren=3504,3667,9953,11586
HASH_ROUTE token=59 layer=3 children=63,15,38,1183 grandchildren=637,152,385,11832
HASH_ROUTE token=59 layer=4 children=134,294,1091,933 grandchildren=1345,2941,10918,9332
HASH_ROUTE token=59 layer=5 children=435,916,270,112 grandchildren=4354,9161,2704,1125
HASH_ROUTE token=59 layer=6 children=462,786,1102,946 grandchildren=4624,7868,11027,9468
HASH_ROUTE token=59 layer=7 children=116,48,81,19 grandchildren=1164,482,814,198
HASH_ROUTE token=59 layer=8 children=365,390,408,338 grandchildren=3659,3904,4083,3383
HASH_ROUTE token=59 layer=9 children=311,225,173,204 grandchildren=3113,2253,1732,2043
HASH_ROUTE token=59 layer=10 children=1274,313,153,1157 grandchildren=12748,3133,1539,11573
HASH_ROUTE token=59 layer=11 children=697,710,58,78 grandchildren=6974,7105,588,789
HASH_ROUTE token=59 layer=12 children=263,581,206,527 grandchildren=2639,5818,2066,5274
HASH_ROUTE token=59 layer=13 children=628,1260,461,606 grandchildren=6282,12602,4614,6066
HASH_ROUTE token=59 layer=14 children=1174,51,1201,535 grandchildren=11744,516,12018,5354
HASH_ROUTE token=59 layer=15 children=832,518,996,1153 grandchildren=8324,5184,9968,11535
HASH_ROUTE token=59 layer=16 children=1027,1065,965,1058 grandchildren=10279,10659,9651,10581
HASH_ROUTE token=59 layer=17 children=591,553,549,633 grandchildren=5917,5535,5498,6331
HASH_ROUTE token=59 layer=18 children=285,928,307,766 grandchildren=2857,9288,3072,7666
HASH_ROUTE token=59 layer=19 children=833,944,678,783 grandchildren=8331,9443,6787,7833
HASH_ROUTE token=59 layer=20 children=288,254,224,269 grandchildren=2881,2548,2249,2699
HASH_ROUTE token=59 layer=21 children=152,79,81,799 grandchildren=1527,793,817,7995
HASH_ROUTE token=59 layer=22 children=171,333,281,312 grandchildren=1716,3332,2815,3126
HASH_ROUTE token=59 layer=23 children=1084,125,986,1061 grandchildren=10843,1254,9869,10618
HASH_ROUTE token=60 layer=0 children=807,9,1126,962 grandchildren=8074,94,11266,9625
HASH_ROUTE token=60 layer=1 children=291,770,135,456 grandchildren=2911,7708,1351,4563
HASH_ROUTE token=60 layer=2 children=400,425,358,458 grandchildren=4004,4254,3587,4583
HASH_ROUTE token=60 layer=3 children=1218,92,576,1232 grandchildren=12188,927,5766,12325
HASH_ROUTE token=60 layer=4 children=934,824,454,134 grandchildren=9342,8243,4545,1344
HASH_ROUTE token=60 layer=5 children=435,369,322,912 grandchildren=4355,3698,3227,9124
HASH_ROUTE token=60 layer=6 children=468,140,1102,429 grandchildren=4689,1405,11025,4299
HASH_ROUTE token=60 layer=7 children=1042,409,81,1005 grandchildren=10424,4091,811,10052
HASH_ROUTE token=60 layer=8 children=894,840,98,810 grandchildren=8949,8406,985,8109
HASH_ROUTE token=60 layer=9 children=915,274,840,204 grandchildren=9154,2743,8407,2048
HASH_ROUTE token=60 layer=10 children=1202,1044,1120,889 grandchildren=12023,10445,11205,8894
HASH_ROUTE token=60 layer=11 children=143,157,93,15 grandchildren=1435,1571,937,158
HASH_ROUTE token=60 layer=12 children=542,1181,860,228 grandchildren=5422,11815,8603,2281
HASH_ROUTE token=60 layer=13 children=624,1269,461,554 grandchildren=6245,12692,4615,5543
HASH_ROUTE token=60 layer=14 children=887,939,1201,568 grandchildren=8878,9398,12017,5682
HASH_ROUTE token=60 layer=15 children=993,1087,833,1016 grandchildren=9932,10872,8334,10163
HASH_ROUTE token=60 layer=16 children=387,428,324,349 grandchildren=3877,4281,3247,3495
HASH_ROUTE token=60 layer=17 children=594,535,504,545 grandchildren=5943,5358,5045,5457
HASH_ROUTE token=60 layer=18 children=284,921,304,763 grandchildren=2849,9216,3047,7634
HASH_ROUTE token=60 layer=19 children=300,944,197,833 grandchildren=3004,9449,1972,8331
HASH_ROUTE token=60 layer=20 children=288,258,224,269 grandchildren=2888,2586,2247,2695
HASH_ROUTE token=60 layer=21 children=718,76,870,781 grandchildren=7189,763,8704,7818
HASH_ROUTE token=60 layer=22 children=280,171,290,312 grandchildren=2807,1718,2905,3121
HASH_ROUTE token=60 layer=23 children=92,48,29,125 grandchildren=927,488,295,1251
HASH_ROUTE token=61 layer=0 children=322,446,435,398 grandchildren=3228,4467,4358,3985
HASH_ROUTE token=61 layer=1 children=455,380,471,396 grandchildren=4556,3803,4718,3969
HASH_ROUTE token=61 layer=2 children=750,686,646,431 grandchildren=7507,6861,6461,4317
HASH_ROUTE token=61 layer=3 children=548,515,504,386 grandchildren=5482,5151,5041,3867
HASH_ROUTE token=61 layer=4 children=187,295,668,779 grandchildren=1877,2956,6687,7798
HASH_ROUTE token=61 layer=5 children=891,573,251,1055 grandchildren=8919,5731,2511,10557
HASH_ROUTE token=61 layer=6 children=732,714,691,666 grandchildren=7323,7141,6917,6664
HASH_ROUTE token=61 layer=7 children=563,405,544,629 grandchildren=5634,4052,5444,6291
HASH_ROUTE token=61 layer=8 children=930,941,132,290 grandchildren=9301,9418,1324,2909
HASH_ROUTE token=61 layer=9 children=23,828,7,804 grandchildren=234,8286,73,8047
HASH_ROUTE token=61 layer=10 children=671,799,37,153 grandchildren=6716,7993,376,1537
HASH_ROUTE token=61 layer=11 children=1211,574,411,737 grandchildren=12113,5746,4119,7376
HASH_ROUTE token=61 layer=12 children=984,508,1149,1038 grandchildren=9849,5085,11494,10382
HASH_ROUTE token=61 layer=13 children=624,564,467,406 grandchildren=6246,5649,4671,4067
HASH_ROUTE token=61 layer=14 children=267,225,178,283 grandchildren=2671,2258,1783,2836
HASH_ROUTE token=61 layer=15 children=382,1188,866,1027 grandchildren=3821,11886,8668,10275
HASH_ROUTE token=61 layer=16 children=422,581,106,1065 grandchildren=4223,5812,1063,10656
HASH_ROUTE token=61 layer=17 children=1017,1071,535,377 grandchildren=10172,10713,5352,3779
HASH_ROUTE token=61 layer=18 children=159,951,35,839 grandchildren=1593,9512,351,8393
HASH_ROUTE token=61 layer=19 children=467,432,303,787 grandchildren=4672,4327,3035,7872
HASH_ROUTE token=61 layer=20 children=179,1139,651,492 grandchildren=1796,11392,6511,4925
HASH_ROUTE token=61 layer=21 children=871,72,717,230 grandchildren=8719,725,7176,2309
HASH_ROUTE token=61 layer=22 children=249,301,317,196 grandchildren=2493,3018,3176,1964
HASH_ROUTE token=61 layer=23 children=118,595,125,23 grandchildren=1184,5958,1256,236
HASH_ROUTE token=62 layer=0 children=1126,1270,962,1115 grandchildren=11262,12706,9626,11154
HASH_ROUTE token=62 layer=1 children=773,667,455,298 grandchildren=7737,6672,4554,2986
HASH_ROUTE token=62 layer=2 children=429,357,410,106 grandchildren=4297,3576,4102,1066
HASH_ROUTE token=62 layer=3 children=1178,56,695,539 grandchildren=11785,562,6959,5392
HASH_ROUTE token=62 layer=4 children=939,135,459,294 grandchildren=9392,1356,4595,2943
HASH_ROUTE token=62 layer=5 children=369,201,520,44 grandchildren=3697,2011,5206,449
HASH_ROUTE token=62 layer=6 children=142,105,154,1102 grandchildren=1425,1057,1541,11029
HASH_ROUTE token=62 layer=7 children=81,1042,116,1075 grandchildren=817,10427,1168,10757
HASH_ROUTE token=62 layer=8 children=79,42,551,520 grandchildren=792,428,5518,5205
HASH_ROUTE token=62 layer=9 children=916,862,922,953 grandchildren=9169,8623,9221,9538
HASH_ROUTE token=62 layer=10 children=1044,995,1106,247 grandchildren=10446,9957,11068,2478
HASH_ROUTE token=62 layer=11 children=794,752,783,677 grandchildren=7946,7521,7836,6775
HASH_ROUTE token=62 layer=12 children=501,542,981,536 grandchildren=5017,5429,9818,5369
HASH_ROUTE token=62 layer=13 children=468,782,142,628 grandchildren=4685,7821,1423,6288
HASH_ROUTE token=62 layer=14 children=30,510,130,613 grandchildren=304,5102,1307,6131
HASH_ROUTE token=62 layer=15 children=356,30,440,1152 grandchildren=3569,301,4405,11526
HASH_ROUTE token=62 layer=16 children=1065,1039,1058,1078 grandchildren=10655,10393,10584,10784
HASH_ROUTE token=62 layer=17 children=594,549,553,527 grandchildren=5945,5493,5532,5271
HASH_ROUTE token=62 layer=18 children=285,921,304,1249 grandchildren=2854,9214,3046,12497
HASH_ROUTE token=62 layer=19 children=948,303,878,819 grandchildren=9488,3038,8786,8196
HASH_ROUTE token=62 layer=20 children=1045,244,404,1058 grandchildren=10456,2444,4043,10588
HASH_ROUTE token=62 layer=21 children=882,870,837,945 grandchildren=8824,8705,8375,9451
HASH_ROUTE token=62 layer=22 children=280,187,605,765 grandchildren=2807,1879,6053,7655
HASH_ROUTE token=62 layer=23 children=41,94,25,529 grandchildren=411,947,253,5299
HASH_ROUTE token=63 layer=0 children=852,955,934,805 grandchildren=8521,9551,9342,8056
HASH_ROUTE token=63 layer=1 children=650,683,718,499 grandchildren=6501,6833,7189,4995
HASH_ROUTE token=63 layer=2 children=420,419,351,1061 grandchildren=4202,4197,3518,10615
HASH_ROUTE token=63 layer=3 children=64,228,56,541 grandchildren=645,2287,566,5413
HASH_ROUTE token=63 layer=4 children=504,183,827,25 grandchildren=5048,1831,8274,255
HASH_ROUTE token=63 layer=5 children=112,433,44,597 grandchildren=1129,4339,442,5973
HASH_ROUTE token=63 layer=6 children=462,475,1102,946 grandchildren=4624,4753,11027,9466
HASH_ROUTE token=63 layer=7 children=48,81,112,153 grandchildren=489,817,1128,1536
HASH_ROUTE token=63 layer=8 children=365,408,48,528 grandchildren=3658,4085,488,5286
HASH_ROUTE token=63 layer=9 children=156,1276,632,311 grandchildren=1566,12769,6324,3118
HASH_ROUTE token=63 layer=10 children=1044,1202,1074,1237 grandchildren=10441,12027,10747,12372
HASH_ROUTE token=63 layer=11 children=897,93,734,573 grandchildren=8973,939,7341,5739
HASH_ROUTE token=63 layer=12 children=200,181,528,506 grandchildren=2003,1817,5281,5063
HASH_ROUTE token=63 layer=13 children=626,568,552,306 grandchildren=6268,5686,5529,3068
HASH_ROUTE token=63 layer=14 children=880,562,939,928 grandchildren=8807,5625,9394,9288
HASH_ROUTE token=63 layer=15 children=1152,991,1186,1246 grandchildren=11521,9914,11864,12468
HASH_ROUTE token=63 layer=16 children=323,969,169,428 grandchildren=3237,9699,1696,4286
HASH_ROUTE token=63 layer=17 children=591,545,535,635 grandchildren=5919,5458,5359,6355
HASH_ROUTE token=63 layer=18 children=285,921,304,440 grandchildren=2851,9215,3046,4403
HASH_ROUTE token=63 layer=19 children=948,838,878,905 grandchildren=9481,8387,8789,9053
HASH_ROUTE token=63 layer=20 children=444,288,455,296 grandchildren=4443,2881,4556,2969
HASH_ROUTE token=63 layer=21 children=74,81,37,152 grandchildren=744,817,376,1522
HASH_ROUTE token=63 layer=22 children=639,607,312,1113 grandchildren=6395,6078,3128,11135
HASH_ROUTE token=63 layer=23 children=1053,1001,1084,1067 grandchildren=10538,10011,10845,10677
HASH_ROUTE token=64 layer=0 children=805,841,322,855 grandchildren=8057,8412,3224,8555
HASH_ROUTE token=64 layer=1 children=752,744,772,698 grandchildren=7525,7442,7729,6988
HASH_ROUTE token=64 layer=2 children=98,1051,101,1068 grandchildren=984,10511,1012,10684
HASH_ROUTE token=64 layer=3 children=737,706,662,579 grandchildren=7372,7064,6622,5791
HASH_ROUTE token=64 layer=4 children=246,294,881,721 grandchildren=2463,2942,8816,7215
HASH_ROUTE token=64 layer=5 children=579,555,891,536 grandchildren=5793,5554,8919,5367
HASH_ROUTE token=64 layer=6 children=250,735,414,201 grandchildren=2509,7354,4144,2011
HASH_ROUTE token=64 layer=7 children=240,1209,401,1043 grandchildren=2406,12096,4018,10431
HASH_ROUTE token=64 layer=8 children=848,1166,933,1256 grandchildren=8483,11665,9333,12561
HASH_ROUTE token=64 layer=9 children=642,783,804,703 grandchildren=6421,7839,8046,7031
HASH_ROUTE token=64 layer=10 children=907,952,802,104 grandchildren=9071,9522,8026,1041
HASH_ROUTE token=64 layer=11 children=1211,1162,411,99 grandchildren=12117,11624,4117,996
HASH_ROUTE token=64 layer=12 children=664,642,799,508 grandchildren=6641,6422,7994,5085
HASH_ROUTE token=64 layer=13 children=11,99,979,35 grandchildren=116,991,9798,353
HASH_ROUTE token=64 layer=14 children=175,813,191,838 grandchildren=1755,8134,1916,8382
HASH_ROUTE token=64 layer=15 children=1251,1239,1242,1096 grandchildren=12517,12392,12421,10961
HASH_ROUTE token=64 layer=16 children=917,596,757,439 grandchildren=9177,5963,7571,4391
HASH_ROUTE token=64 layer=17 children=616,587,627,489 grandchildren=6166,5872,6278,4896
HASH_ROUTE token=64 layer=18 children=728,732,1206,657 grandchildren=7284,7324,12067,6572
HASH_ROUTE token=64 layer=19 children=789,467,303,1263 grandchildren=7895,4677,3036,12632
HASH_ROUTE token=64 layer=20 children=264,313,426,254 grandchildren=2643,3137,4266,2545
HASH_ROUTE token=64 layer=21 children=870,949,956,718 grandchildren=8707,9498,9569,7184
HASH_ROUTE token=64 layer=22 children=301,287,149,626 grandchildren=3012,2879,1493,6269
HASH_ROUTE token=64 layer=23 children=1037,557,871,1085 grandchildren=10379,5574,8711,10852
HASH_ROUTE token=65 layer=0 children=153,50,72,65 grandchildren=1532,501,724,654
HASH_ROUTE token=65 layer=1 children=175,297,653,333 grandchildren=1754,2976,6537,3331
HASH_ROUTE token=65 layer=2 children=1060,424,100,905 grandchildren=10604,4249,1004,9058
HASH_ROUTE token=65 layer=3 children=106,68,12,264 grandchildren=1061,682,128,2645
HASH_ROUTE token=65 layer=4 children=186,299,311,229 grandchildren=1863,2995,3117,2295
HASH_ROUTE token=65 layer=5 children=1213,1174,1272,1134 grandchildren=12139,11742,12727,11344
HASH_ROUTE token=65 layer=6 children=126,448,761,288 grandchildren=1264,4481,7618,2888
HASH_ROUTE token=65 layer=7 children=934,137,617,459 grandchildren=9344,1377,6173,4595
HASH_ROUTE token=65 layer=8 children=1110,953,314,1040 grandchildren=11103,9533,3148,10402
HASH_ROUTE token=65 layer=9 children=955,314,897,915 grandchildren=9553,3145,8975,9157
HASH_ROUTE token=65 layer=10 children=349,1147,180,446 grandchildren=3494,11477,1807,4464
HASH_ROUTE token=65 layer=11 children=24,1142,32,1156 grandchildren=248,11428,323,11563
HASH_ROUTE token=65 layer=12 children=374,327,478,219 grandchildren=3744,3272,4789,2199
HASH_ROUTE token=65 layer=13 children=148,781,944,463 grandchildren=1483,7813,9445,4634
HASH_ROUTE token=65 layer=14 children=696,777,537,616 grandchildren=6964,7772,5376,6162
HASH_ROUTE token=65 layer=15 children=995,1024,831,1040 grandchildren=9951,10247,8311,10409
HASH_ROUTE token=65 layer=16 children=431,365,1076,346 grandchildren=4315,3651,10763,3469
HASH_ROUTE token=65 layer=17 children=981,188,1144,346 grandchildren=9811,1889,11441,3462
HASH_ROUTE token=65 layer=18 children=382,320,364,704 grandchildren=3828,3201,3647,7042
HASH_ROUTE token=65 layer=19 children=606,446,120,523 grandchildren=6061,4462,1208,5238
HASH_ROUTE token=65 layer=20 children=764,737,667,642 grandchildren=7649,7372,6676,6422
HASH_ROUTE token=65 layer=21 children=1030,552,870,236 grandchildren=10304,5528,8707,2367
HASH_ROUTE token=65 layer=22 children=178,13,333,265 grandchildren=1781,131,3332,2651
HASH_ROUTE token=65 layer=23 children=945,906,620,861 grandchildren=9454,9066,6203,8617
HASH_ROUTE token=66 layer=0 children=755,649,779,713 grandchildren=7553,6493,7797,7139
HASH_ROUTE token=66 layer=1 children=527,689,504,663 grandchildren=5275,6896,5048,6637
HASH_ROUTE token=66 layer=2 children=352,830,36,991 grandchildren=3523,8301,369,9913
HASH_ROUTE token=66 layer=3 children=623,613,535,554 grandchildren=6236,6139,5355,5541
HASH_ROUTE token=66 layer=4 children=465,434,1260,452 grandchildren=4656,4344,12601,4529
HASH_ROUTE token=66 layer=5 children=320,809,963,168 grandchildren=3207,8092,9632,1681
HASH_ROUTE token=66 layer=6 children=461,785,620,946 grandchildren=4616,7851,6201,9464
HASH_ROUTE token=66 layer=7 children=148,99,38,621 grandchildren=1481,995,384,6219
HASH_ROUTE token=66 layer=8 children=1014,697,1100,786 grandchildren=10147,6972,11006,7866
HASH_ROUTE token=66 layer=9 children=131,55,938,156 grandchildren=1316,551,9386,1565
HASH_ROUTE token=66 layer=10 children=616,626,540,587 grandchildren=6165,6269,5404,5878
HASH_ROUTE token=66 layer=11 children=916,1077,866,753 grandchildren=9168,10777,8665,7538
HASH_ROUTE token=66 layer=12 children=359,839,1151,512 grandchildren=3592,8398,11517,5129
HASH_ROUTE token=66 layer=13 children=324,167,489,361 grandchildren=3249,1674,4898,3612
HASH_ROUTE token=66 layer=14 children=1102,1264,1096,947 grandchildren=11023,12646,10965,9476
HASH_ROUTE token=66 layer=15 children=767,127,1080,678 grandchildren=7671,1273,10805,6787
HASH_ROUTE token=66 layer=16 children=921,600,889,124 grandchildren=9218,6009,8894,1245
HASH_ROUTE token=66 layer=17 children=893,954,801,91 grandchildren=8939,9546,8019,915
HASH_ROUTE token=66 layer=18 children=740,1226,268,721 grandchildren=7404,12261,2687,7211
HASH_ROUTE token=66 layer=19 children=322,647,1121,482 grandchildren=3227,6478,11212,4827
HASH_ROUTE token=66 layer=20 children=1264,309,1223,786 grandchildren=12649,3097,12236,7867
HASH_ROUTE token=66 layer=21 children=1180,1238,700,65 grandchildren=11807,12389,7009,658
HASH_ROUTE token=66 layer=22 children=939,295,1090,772 grandchildren=9398,2956,10902,7721
HASH_ROUTE token=66 layer=23 children=109,45,71,261 grandchildren=1092,458,711,2619
HASH_ROUTE token=67 layer=0 children=641,753,774,328 grandchildren=6411,7532,7747,3283
HASH_ROUTE token=67 layer=1 children=205,521,689,265 grandchildren=2057,5212,6893,2657
HASH_ROUTE token=67 layer=2 children=577,739,418,892 grandchildren=5779,7397,4183,8924
HASH_ROUTE token=67 layer=3 children=751,696,775,789 grandchildren=7517,6964,7753,7893
HASH_ROUTE token=67 layer=4 children=297,195,180,220 grandchildren=2974,1956,1801,2201
HASH_ROUTE token=67 layer=5 children=898,802,921,863 grandchildren=8981,8025,9213,8637
HASH_ROUTE token=67 layer=6 children=414,251,898,95 grandchildren=4146,2516,8989,958
HASH_ROUTE token=67 layer=7 children=771,456,685,369 grandchildren=7718,4568,6851,3693
HASH_ROUTE token=67 layer=8 children=1112,630,314,1278 grandchildren=11125,6308,3141,12788
HASH_ROUTE token=67 layer=9 children=861,823,913,858 grandchildren=8617,8239,9139,8588
HASH_ROUTE token=67 layer=10 children=240,186,1208,190 grandchildren=2409,1866,12086,1903
HASH_ROUTE token=67 layer=11 children=51,690,148,854 grandchildren=519,6906,1487,8547
HASH_ROUTE token=67 layer=12 children=320,405,3,964 grandchildren=3201,4055,38,9641
HASH_ROUTE token=67 layer=13 children=783,727,715,673 grandchildren=7835,7276,7155,6733
HASH_ROUTE token=67 layer=14 children=581,265,1221,909 grandchildren=5814,2659,12216,9095
HASH_ROUTE token=67 layer=15 children=839,995,352,190 grandchildren=8398,9951,3523,1904
HASH_ROUTE token=67 layer=16 children=323,419,427,336 grandchildren=3234,4191,4271,3362
HASH_ROUTE token=67 layer=17 children=984,501,184,1022 grandchildren=9842,5014,1841,10228
HASH_ROUTE token=67 layer=18 children=261,296,245,1069 grandchildren=2614,2965,2457,10699
HASH_ROUTE token=67 layer=19 children=799,764,773,683 grandchildren=7999,7642,7732,6836
HASH_ROUTE token=67 layer=20 children=654,799,174,317 grandchildren=6549,7995,1743,3178
HASH_ROUTE token=67 layer=21 children=74,870,34,237 grandchildren=742,8707,342,2373
HASH_ROUTE token=67 layer=22 children=170,282,212,302 grandchildren=1709,2822,2121,3024
HASH_ROUTE token=67 layer=23 children=872,72,1039,390 grandchildren=8724,725,10395,3903
HASH_ROUTE token=68 layer=0 children=427,386,441,108 grandchildren=4279,3865,4413,1088
HASH_ROUTE token=68 layer=1 children=189,295,209,247 grandchildren=1898,2954,2097,2478
HASH_ROUTE token=68 layer=2 children=418,455,738,1051 grandchildren=4189,4551,7381,10516
HASH_ROUTE token=68 layer=3 children=432,119,758,359 grandchildren=4327,1191,7587,3596
HASH_ROUTE token=68 layer=4 children=365,448,457,372 grandchildren=3659,4481,4575,3729
HASH_ROUTE token=68 layer=5 children=1212,1130,1173,1278 grandchildren=12125,11308,11736,12781
HASH_ROUTE token=68 layer=6 children=243,1209,288,727 grandchildren=2439,12095,2881,7273
HASH_ROUTE token=68 layer=7 children=57,210,695,129 grandchildren=574,2107,6958,1292
HASH_ROUTE token=68 layer=8 children=844,888,959,913 grandchildren=8442,8882,9593,9135
HASH_ROUTE token=68 layer=9 children=312,257,956,182 grandchildren=3127,2572,9563,1829
HASH_ROUTE token=68 layer=10 children=1251,1230,1181,1138 grandchildren=12515,12301,11814,11384
HASH_ROUTE token=68 layer=11 children=148,78,51,157 grandchildren=1486,786,516,1577
HASH_ROUTE token=68 layer=12 children=320,376,162,213 grandchildren=3204,3762,1621,2135
HASH_ROUTE token=68 layer=13 children=86,46,139,50 grandchildren=861,466,1393,503
HASH_ROUTE token=68 layer=14 children=834,675,937,775 grandchildren=8344,6752,9374,7751
HASH_ROUTE token=68 layer=15 children=969,1013,1072,1119 grandchildren=9698,10134,10722,11194
HASH_ROUTE token=68 layer=16 children=270,251,198,225 grandchildren=2703,2513,1985,2258
HASH_ROUTE token=68 layer=17 children=188,1143,269,343 grandchildren=1884,11434,2694,3431
HASH_ROUTE token=68 layer=18 children=1,100,147,167 grandchildren=11,1003,1474,1675
HASH_ROUTE token=68 layer=19 children=419,344,422,338 grandchildren=4197,3444,4225,3384
HASH_ROUTE token=68 layer=20 children=214,373,697,275 grandchildren=2148,3734,6972,2752
HASH_ROUTE token=68 layer=21 children=38,46,6,1152 grandchildren=387,462,67,11525
HASH_ROUTE token=68 layer=22 children=257,419,269,428 grandchildren=2579,4199,2697,4281
HASH_ROUTE token=68 layer=23 children=213,307,50,279 grandchildren=2136,3073,508,2793
HASH_ROUTE token=69 layer=0 children=150,311,41,479 grandchildren=1503,3118,419,4798
HASH_ROUTE token=69 layer=1 children=183,663,343,297 grandchildren=1835,6634,3439,2978
HASH_ROUTE token=69 layer=2 children=747,106,428,1221 grandchildren=7477,1062,4288,12214
HASH_ROUTE token=69 layer=3 children=658,782,778,751 grandchildren=6589,7827,7783,7512
HASH_ROUTE token=69 layer=4 children=322,163,426,266 grandchildren=3229,1639,4261,2661
HASH_ROUTE token=69 layer=5 children=953,910,476,844 grandchildren=9533,9102,4761,8442
HASH_ROUTE token=69 layer=6 children=440,430,332,283 grandchildren=4405,4305,3328,2839
HASH_ROUTE token=69 layer=7 children=796,771,473,636 grandchildren=7966,7717,4738,6365
HASH_ROUTE token=69 layer=8 children=411,258,383,456 grandchildren=4115,2589,3839,4565
HASH_ROUTE token=69 layer=9 children=1075,431,1237,756 grandchildren=10756,4318,12376,7564
HASH_ROUTE token=69 layer=10 children=686,790,43,724 grandchildren=6864,7907,433,7242
HASH_ROUTE token=69 layer=11 children=544,703,639,798 grandchildren=5448,7039,6396,7987
HASH_ROUTE token=69 layer=12 children=1207,86,1242,126 grandchildren=12071,869,12424,1267
HASH_ROUTE token=69 layer=13 children=647,731,726,742 grandchildren=6475,7314,7268,7426
HASH_ROUTE token=69 layer=14 children=178,298,300,235 grandchildren=1788,2984,3003,2355
HASH_ROUTE token=69 layer=15 children=671,514,351,703 grandchildren=6717,5141,3518,7032
HASH_ROUTE token=69 layer=16 children=399,386,437,362 grandchildren=3996,3863,4372,3624
HASH_ROUTE token=69 layer=17 children=1017,535,379,1177 grandchildren=10171,5358,3796,11777
HASH_ROUTE token=69 layer=18 children=991,962,36,512 grandchildren=9911,9624,367,5121
HASH_ROUTE token=69 layer=19 children=783,944,744,903 grandchildren=7832,9446,7442,9036
HASH_ROUTE token=69 layer=20 children=458,299,474,612 grandchildren=4586,2999,4741,6121
HASH_ROUTE token=69 layer=21 children=76,719,1034,231 grandchildren=763,7197,10344,2317
HASH_ROUTE token=69 layer=22 children=179,651,182,971 grandchildren=1794,6514,1823,9713
HASH_ROUTE token=69 layer=23 children=513,194,638,310 grandchildren=5139,1948,6388,3105
HASH_ROUTE token=70 layer=0 children=762,923,1088,606 grandchildren=7623,9235,10882,6061
HASH_ROUTE token=70 layer=1 children=307,299,251,944 grandchildren=3078,2998,2519,9443
HASH_ROUTE token=70 layer=2 children=252,170,168,1213 grandchildren=2528,1702,1688,12136
HASH_ROUTE token=70 layer=3 children=771,679,785,794 grandchildren=7718,6793,7857,7942
HASH_ROUTE token=70 layer=4 children=305,468,181,239 grandchildren=3058,4686,1812,2393
HASH_ROUTE token=70 layer=5 children=896,856,1219,419 grandchildren=8966,8568,12197,4198
HASH_ROUTE token=70 layer=6 children=890,832,925,251 grandchildren=8908,8326,9256,2514
HASH_ROUTE token=70 layer=7 children=326,9,164,373 grandchildren=3267,94,1643,3739
HASH_ROUTE token=70 layer=8 children=533,373,550,614 grandchildren=5333,3739,5502,6146
HASH_ROUTE token=70 layer=9 children=937,862,880,912 grandchildren=9375,8625,8801,9126
HASH_ROUTE token=70 layer=10 children=1274,790,1230,1242 grandchildren=12749,7907,12309,12425
HASH_ROUTE token=70 layer=11 children=58,211,34,695 grandchildren=581,2112,348,6956
HASH_ROUTE token=70 layer=12 children=532,495,522,516 grandchildren=5324,4957,5228,5165
HASH_ROUTE token=70 layer=13 children=486,568,625,596 grandchildren=4862,5683,6251,5967
HASH_ROUTE token=70 layer=14 children=80,13,113,150 grandchildren=804,132,1136,1509
HASH_ROUTE token=70 layer=15 children=440,352,604,514 grandchildren=4403,3528,6042,5143
HASH_ROUTE token=70 layer=16 children=338,427,432,419 grandchildren=3384,4274,4324,4193
HASH_ROUTE token=70 layer=17 children=995,1008,1019,1076 grandchildren=9957,10082,10196,10769
HASH_ROUTE token=70 layer=18 children=189,277,205,826 grandchildren=1896,2773,2058,8269
HASH_ROUTE token=70 layer=19 children=999,190,833,1054 grandchildren=9995,1901,8331,10541
HASH_ROUTE token=70 layer=20 children=29,183,822,342 grandchildren=295,1836,8225,3428
HASH_ROUTE token=70 layer=21 children=425,408,749,721 grandchildren=4255,4083,7499,7212
HASH_ROUTE token=70 layer=22 children=139,141,90,299 grandchildren=1392,1419,909,2991
HASH_ROUTE token=70 layer=23 children=1061,1034,988,1228 grandchildren=10617,10346,9883,12288
HASH_ROUTE token=71 layer=0 children=150,52,955,479 grandchildren=1504,521,9555,4792
HASH_ROUTE token=71 layer=1 children=687,770,663,658 grandchildren=6872,7705,6638,6589
HASH_ROUTE token=71 layer=2 children=920,123,1086,905 grandchildren=9209,1233,10865,9055
HASH_ROUTE token=71 layer=3 children=299,778,455,612 grandchildren=2993,7781,4559,6126
HASH_ROUTE token=71 layer=4 children=1092,297,986,770 grandchildren=10923,2978,9868,7701
HASH_ROUTE token=71 layer=5 children=352,368,830,478 grandchildren=3523,3683,8308,4782
HASH_ROUTE token=71 layer=6 children=452,437,417,291 grandchildren=4521,4376,4178,2918
HASH_ROUTE token=71 layer=7 children=294,456,1256,247 grandchildren=2944,4563,12567,2478
HASH_ROUTE token=71 layer=8 children=133,614,58,535 grandchildren=1337,6144,589,5357
HASH_ROUTE token=71 layer=9 children=824,925,182,503 grandchildren=8248,9255,1828,5035
HASH_ROUTE token=71 layer=10 children=992,30,831,357 grandchildren=9925,302,8317,3572
HASH_ROUTE token=71 layer=11 children=338,655,476,424 grandchildren=3386,6554,4768,4247
HASH_ROUTE token=71 layer=12 children=529,587,564,635 grandchildren=5294,5875,5649,6357
HASH_ROUTE token=71 layer=13 children=1205,724,564,1248 grandchildren=12057,7248,5641,12483
HASH_ROUTE token=71 layer=14 children=832,819,941,800 grandchildren=8328,8193,9414,8006
HASH_ROUTE token=71 layer=15 children=762,604,670,518 grandchildren=7624,6043,6707,5183
HASH_ROUTE token=71 layer=16 children=842,876,523,909 grandchildren=8428,8763,5232,9092
HASH_ROUTE token=71 layer=17 children=542,624,511,1185 grandchildren=5423,6241,5116,11858
HASH_ROUTE token=71 layer=18 children=1155,1128,1221,1236 grandchildren=11556,11283,12214,12361
HASH_ROUTE token=71 layer=19 children=123,134,159,147 grandchildren=1237,1346,1594,1472
HASH_ROUTE token=71 layer=20 children=429,907,474,955 grandchildren=4296,9078,4745,9552
HASH_ROUTE token=71 layer=21 children=76,718,1032,10 grandchildren=763,7186,10326,108
HASH_ROUTE token=71 layer=22 children=1062,1005,1110,102 grandchildren=10621,10053,11102,1021
HASH_ROUTE token=71 layer=23 children=513,1151,672,995 grandchildren=5132,11513,6724,9954
HASH_ROUTE token=72 layer=0 children=361,846,41,200 grandchildren=3612,8463,419,2005
HASH_ROUTE token=72 layer=1 children=184,342,207,367 grandchildren=1841,3426,2079,3671
HASH_ROUTE token=72 layer=2 children=655,642,1131,1127 grandchildren=6558,6422,11314,11271
HASH_ROUTE token=72 layer=3 children=758,642,786,771 grandchildren=7582,6423,7863,7713
HASH_ROUTE token=72 layer=4 children=240,234,183,202 grandchildren=2405,2347,1838,2021
HASH_ROUTE token=72 layer=5 children=1101,945,1018,786 grandchildren=11013,9453,10186,7865
HASH_ROUTE token=72 layer=6 children=301,944,238,469 grandchildren=3011,9445,2389,4692
HASH_ROUTE token=72 layer=7 children=563,729,409,606 grandchildren=5631,7299,4099,6063
HASH_ROUTE token=72 layer=8 children=616,546,932,627 grandchildren=6168,5461,9322,6277
HASH_ROUTE token=72 layer=9 children=28,820,84,888 grandchildren=288,8207,843,8884
HASH_ROUTE token=72 layer=10 children=155,477,790,1272 grandchildren=1556,4777,7903,12726
HASH_ROUTE token=72 layer=11 children=1239,1218,591,1206 grandchildren=12394,12182,5915,12063
HASH_ROUTE token=72 layer=12 children=966,807,1045,1088 grandchildren=9664,8078,10458,10884
HASH_ROUTE token=72 layer=13 children=313,199,223,274 grandchildren=3131,1995,2231,2743
HASH_ROUTE token=72 layer=14 children=800,901,813,943 grandchildren=8007,9019,8135,9437
HASH_ROUTE token=72 layer=15 children=590,279,538,213 grandchildren=5909,2794,5387,2135
HASH_ROUTE token=72 layer=16 children=218,1017,690,58 grandchildren=2189,10176,6904,588
HASH_ROUTE token=72 layer=17 children=521,509,553,367 grandchildren=5216,5091,5534,3671
HASH_ROUTE token=72 layer=18 children=742,732,260,726 grandchildren=7424,7323,2607,7261
HASH_ROUTE token=72 layer=19 children=650,678,783,770 grandchildren=6505,6781,7838,7707
HASH_ROUTE token=72 layer=20 children=314,951,225,154 grandchildren=3147,9519,2256,1544
HASH_ROUTE token=72 layer=21 children=75,28,133,555 grandchildren=758,289,1339,5557
HASH_ROUTE token=72 layer=22 children=337,170,976,428 grandchildren=3377,1709,9761,4286
HASH_ROUTE token=72 layer=23 children=602,579,508,766 grandchildren=6021,5798,5085,7665
HASH_ROUTE token=73 layer=0 children=150,479,795,41 grandchildren=1507,4792,7951,414
HASH_ROUTE token=73 layer=1 children=767,666,793,440 grandchildren=7671,6661,7939,4408
HASH_ROUTE token=73 layer=2 children=127,41,53,147 grandchildren=1275,414,538,1476
HASH_ROUTE token=73 layer=3 children=775,758,932,919 grandchildren=7754,7585,9326,9193
HASH_ROUTE token=73 layer=4 children=252,163,1057,190 grandchildren=2522,1637,10571,1902
HASH_ROUTE token=73 layer=5 children=41,156,119,844 grandchildren=414,1564,1199,8445
HASH_ROUTE token=73 layer=6 children=946,802,901,466 grandchildren=9466,8022,9015,4661
HASH_ROUTE token=73 layer=7 children=262,240,1060,176 grandchildren=2622,2408,10601,1767
HASH_ROUTE token=73 layer=8 children=846,1008,49,202 grandchildren=8464,10083,491,2023
HASH_ROUTE token=73 layer=9 children=935,833,865,929 grandchildren=9351,8335,8652,9298
HASH_ROUTE token=73 layer=10 children=49,155,30,135 grandchildren=493,1556,304,1356
HASH_ROUTE token=73 layer=11 children=680,846,709,752 grandchildren=6809,8464,7094,7527
HASH_ROUTE token=73 layer=12 children=264,162,1221,246 grandchildren=2645,1621,12218,2469
HASH_ROUTE token=73 layer=13 children=478,798,631,406 grandchildren=4783,7984,6312,4069
HASH_ROUTE token=73 layer=14 children=800,165,813,170 grandchildren=8005,1653,8135,1706
HASH_ROUTE token=73 layer=15 children=600,518,546,763 grandchildren=6002,5182,5464,7632
HASH_ROUTE token=73 layer=16 children=1020,1017,1034,705 grandchildren=10201,10176,10349,7054
HASH_ROUTE token=73 layer=17 children=379,425,535,587 grandchildren=3794,4254,5351,5877
HASH_ROUTE token=73 layer=18 children=642,1128,802,964 grandchildren=6429,11283,8029,9646
HASH_ROUTE token=73 layer=19 children=639,792,585,744 grandchildren=6395,7927,5852,7442
HASH_ROUTE token=73 layer=20 children=313,632,474,174 grandchildren=3139,6322,4747,1749
HASH_ROUTE token=73 layer=21 children=718,1034,74,874 grandchildren=7185,10349,748,8744
HASH_ROUTE token=73 layer=22 children=150,1110,312,795 grandchildren=1509,11102,3122,7957
HASH_ROUTE token=73 layer=23 children=600,579,513,125 grandchildren=6003,5799,5133,1259
HASH_ROUTE token=74 layer=0 children=647,1120,962,2 grandchildren=6474,11208,9629,21
HASH_ROUTE token=74 layer=1 children=189,265,24,177 grandchildren=1897,2656,247,1772
HASH_ROUTE token=74 layer=2 children=655,695,171,816 grandchildren=6554,6955,1718,8164
HASH_ROUTE token=74 layer=3 children=754,775,669,113 grandchildren=7543,7756,6699,1133
HASH_ROUTE token=74 layer=4 children=251,297,189,266 grandchildren=2514,2974,1899,2668
HASH_ROUTE token=74 layer=5 children=913,812,844,945 grandchildren=9138,8126,8447,9459
HASH_ROUTE token=74 layer=6 children=945,306,910,832 grandchildren=9457,3064,9104,8324
HASH_ROUTE token=74 layer=7 children=544,486,61,508 grandchildren=5447,4869,613,5086
HASH_ROUTE token=74 layer=8 children=84,725,887,1043 grandchildren=846,7255,8872,10438
HASH_ROUTE token=74 layer=9 children=950,639,900,476 grandchildren=9505,6396,9008,4762
HASH_ROUTE token=74 layer=10 children=16,61,47,54 grandchildren=165,612,474,547
HASH_ROUTE token=74 layer=11 children=696,1175,738,1211 grandchildren=6967,11754,7388,12115
HASH_ROUTE token=74 layer=12 children=1148,1125,1221,1207 grandchildren=11486,11255,12218,12079
HASH_ROUTE token=74 layer=13 children=1243,1135,1170,1168 grandchildren=12438,11358,11707,11682
HASH_ROUTE token=74 layer=14 children=455,937,293,619 grandchildren=4553,9371,2936,6193
HASH_ROUTE token=74 layer=15 children=1084,991,762,1035 grandchildren=10849,9917,7622,10359
HASH_ROUTE token=74 layer=16 children=783,627,1100,303 grandchildren=7835,6278,11006,3039
HASH_ROUTE token=74 layer=17 children=1099,1075,617,594 grandchildren=10993,10753,6175,5945
HASH_ROUTE token=74 layer=18 children=687,647,726,673 grandchildren=6871,6472,7266,6731
HASH_ROUTE token=74 layer=19 children=799,783,658,749 grandchildren=7995,7839,6588,7494
HASH_ROUTE token=74 layer=20 children=317,475,227,387 grandchildren=3178,4751,2272,3876
HASH_ROUTE token=74 layer=21 children=717,1034,79,786 grandchildren=7176,10343,799,7866
HASH_ROUTE token=74 layer=22 children=1110,154,314,631 grandchildren=11109,1544,3147,6318
HASH_ROUTE token=74 layer=23 children=545,602,62,129 grandchildren=5457,6021,621,1295
HASH_ROUTE token=75 layer=0 children=150,41,50,477 grandchildren=1506,413,505,4779
HASH_ROUTE token=75 layer=1 children=459,297,779,345 grandchildren=4592,2975,7797,3451
HASH_ROUTE token=75 layer=2 children=756,737,747,696 grandchildren=7567,7378,7476,6962
HASH_ROUTE token=75 layer=3 children=291,931,135,771 grandchildren=2918,9316,1359,7718
HASH_ROUTE token=75 layer=4 children=297,237,194,775 grandchildren=2977,2379,1947,7754
HASH_ROUTE token=75 layer=5 children=434,378,388,477 grandchildren=4349,3783,3888,4771
HASH_ROUTE token=75 layer=6 children=411,93,577,895 grandchildren=4111,937,5775,8951
HASH_ROUTE token=75 layer=7 children=38,46,87,16 grandchildren=385,469,875,162
HASH_ROUTE token=75 layer=8 children=148,942,47,26 grandchildren=1484,9427,479,268
HASH_ROUTE token=75 layer=9 children=933,890,1099,923 grandchildren=9335,8904,10994,9239
HASH_ROUTE token=75 layer=10 children=369,475,349,325 grandchildren=3699,4755,3498,3256
HASH_ROUTE token=75 layer=11 children=853,899,913,51 grandchildren=8538,8992,9137,517
HASH_ROUTE token=75 layer=12 children=1148,1212,1166,189 grandchildren=11483,12129,11664,1899
HASH_ROUTE token=75 layer=13 children=606,765,624,449 grandchildren=6061,7658,6248,4498
HASH_ROUTE token=75 layer=14 children=580,428,483,1068 grandchildren=5806,4288,4831,10682
HASH_ROUTE token=75 layer=15 children=993,517,1080,195 grandchildren=9937,5178,10804,1956
HASH_ROUTE token=75 layer=16 children=206,365,683,522 grandchildren=2063,3659,6835,5228
HASH_ROUTE token=75 layer=17 children=507,987,22,515 grandchildren=5079,9873,228,5158
HASH_ROUTE token=75 layer=18 children=673,1155,640,684 grandchildren=6731,11552,6404,6842
HASH_ROUTE token=75 layer=19 children=760,789,799,654 grandchildren=7609,7894,7993,6549
HASH_ROUTE token=75 layer=20 children=313,633,1112,470 grandchildren=3135,6337,11125,4705
HASH_ROUTE token=75 layer=21 children=717,72,787,680 grandchildren=7179,728,7871,6801
HASH_ROUTE token=75 layer=22 children=1110,632,795,158 grandchildren=11108,6326,7953,1589
HASH_ROUTE token=75 layer=23 children=532,545,579,600 grandchildren=5328,5451,5796,6001
HASH_ROUTE token=76 layer=0 children=153,50,72,65 grandchildren=1537,505,726,654
HASH_ROUTE token=76 layer=1 children=175,297,333,653 grandchildren=1755,2971,3338,6535
HASH_ROUTE token=76 layer=2 children=1061,424,1225,905 grandchildren=10613,4247,12253,9052
HASH_ROUTE token=76 layer=3 children=106,68,18,900 grandchildren=1065,687,183,9007
HASH_ROUTE token=76 layer=4 children=186,294,312,194 grandchildren=1862,2945,3122,1947
HASH_ROUTE token=76 layer=5 children=1272,1213,1179,1130 grandchildren=12723,12136,11791,11301
HASH_ROUTE token=76 layer=6 children=129,448,760,280 grandchildren=1295,4488,7605,2801
HASH_ROUTE token=76 layer=7 children=137,934,617,459 grandchildren=1373,9349,6179,4591
HASH_ROUTE token=76 layer=8 children=953,1110,314,1274 grandchildren=9536,11103,3142,12747
HASH_ROUTE token=76 layer=9 children=955,897,913,314 grandchildren=9555,8976,9131,3144
HASH_ROUTE token=76 layer=10 children=347,1145,180,449 grandchildren=3477,11451,1803,4496
HASH_ROUTE token=76 layer=11 children=24,1142,32,1156 grandchildren=243,11422,328,11566
HASH_ROUTE token=76 layer=12 children=374,327,478,219 grandchildren=3746,3276,4787,2197
HASH_ROUTE token=76 layer=13 children=148,786,948,463 grandchildren=1487,7862,9482,4632
HASH_ROUTE token=76 layer=14 children=777,693,616,539 grandchildren=7774,6932,6163,5395
HASH_ROUTE token=76 layer=15 children=995,1024,839,1040 grandchildren=9953,10244,8399,10405
HASH_ROUTE token=76 layer=16 children=437,365,346,1076 grandchildren=4374,3658,3464,10761
HASH_ROUTE token=76 layer=17 children=981,509,188,346 grandchildren=9813,5096,1881,3468
HASH_ROUTE token=76 layer=18 children=320,380,642,454 grandchildren=3201,3803,6425,4542
HASH_ROUTE token=76 layer=19 children=606,446,523,120 grandchildren=6061,4463,5232,1207
HASH_ROUTE token=76 layer=20 children=766,642,730,779 grandchildren=7668,6421,7305,7799
HASH_ROUTE token=76 layer=21 children=1030,552,870,236 grandchildren=10307,5521,8704,2369
HASH_ROUTE token=76 layer=22 children=178,13,265,333 grandchildren=1783,132,2655,3331
HASH_ROUTE token=76 layer=23 children=945,624,820,811 grandchildren=9459,6249,8207,8111
HASH_ROUTE token=77 layer=0 children=755,649,779,713 grandchildren=7551,6495,7791,7139
HASH_ROUTE token=77 layer=1 children=527,689,504,663 grandchildren=5271,6896,5044,6635
HASH_ROUTE token=77 layer=2 children=352,830,36,991 grandchildren=3526,8302,367,9919
HASH_ROUTE token=77 layer=3 children=623,613,535,554 grandchildren=6233,6135,5355,5544
HASH_ROUTE token=77 layer=4 children=465,434,1260,452 grandchildren=4658,4346,12602,4526
HASH_ROUTE token=77 layer=5 children=320,809,963,168 grandchildren=3204,8095,9634,1681
HASH_ROUTE token=77 layer=6 children=461,785,620,946 grandchildren=4615,7857,6204,9462
HASH_ROUTE token=77 layer=7 children=148,99,38,621 grandchildren=1487,998,387,6216
HASH_ROUTE token=77 layer=8 children=1014,697,1100,786 grandchildren=10142,6979,11005,7869
HASH_ROUTE token=77 layer=9 children=131,55,938,156 grandchildren=1313,552,9383,1566
HASH_ROUTE token=77 layer=10 children=616,626,540,587 grandchildren=6161,6261,5404,5879
HASH_ROUTE token=77 layer=11 children=916,1077,866,753 grandchildren=9161,10779,8661,7533
HASH_ROUTE token=77 layer=12 children=359,839,1151,512 grandchildren=3592,8399,11511,5124
HASH_ROUTE token=77 layer=13 children=324,167,489,361 grandchildren=3243,1679,4895,3612
HASH_ROUTE token=77 layer=14 children=1102,1264,1096,947 grandchildren=11028,12647,10967,9479
HASH_ROUTE token=77 layer=15 children=767,127,1080,678 grandchildren=7672,1278,10803,6783
HASH_ROUTE token=77 layer=16 children=921,600,889,124 grandchildren=9212,6001,8896,1241
HASH_ROUTE token=77 layer=17 children=893,954,801,91 grandchildren=8939,9547,8012,913
HASH_ROUTE token=77 layer=18 children=740,1226,268,721 grandchildren=7401,12266,2686,7213
HASH_ROUTE token=77 layer=19 children=322,647,1121,482 grandchildren=3225,6474,11213,4823
HASH_ROUTE token=77 layer=20 children=1264,309,1223,786 grandchildren=12642,3092,12237,7865
HASH_ROUTE token=77 layer=21 children=1180,1238,700,65 grandchildren=11805,12386,7002,652
HASH_ROUTE token=77 layer=22 children=939,295,1090,772 grandchildren=9391,2959,10902,7725
HASH_ROUTE token=77 layer=23 children=109,45,71,261 grandchildren=1092,453,717,2618
HASH_ROUTE token=78 layer=0 children=326,367,434,441 grandchildren=3267,3679,4349,4415
HASH_ROUTE token=78 layer=1 children=172,207,810,843 grandchildren=1721,2075,8102,8434
HASH_ROUTE token=78 layer=2 children=899,576,815,417 grandchildren=8992,5764,8156,4176
HASH_ROUTE token=78 layer=3 children=931,1090,130,294 grandchildren=9318,10907,1308,2941
HASH_ROUTE token=78 layer=4 children=635,317,959,475 grandchildren=6353,3178,9591,4759
HASH_ROUTE token=78 layer=5 children=1212,1130,1174,252 grandchildren=12124,11308,11742,2522
HASH_ROUTE token=78 layer=6 children=289,761,310,197 grandchildren=2897,7614,3107,1972
HASH_ROUTE token=78 layer=7 children=611,521,514,536 grandchildren=6112,5214,5147,5366
HASH_ROUTE token=78 layer=8 children=788,1105,627,944 grandchildren=7881,11059,6271,9444
HASH_ROUTE token=78 layer=9 children=838,513,191,892 grandchildren=8385,5138,1918,8922
HASH_ROUTE token=78 layer=10 children=240,275,187,727 grandchildren=2408,2755,1877,7273
HASH_ROUTE token=78 layer=11 children=10,490,6,173 grandchildren=109,4901,67,1734
HASH_ROUTE token=78 layer=12 children=684,1003,748,772 grandchildren=6849,10031,7488,7728
HASH_ROUTE token=78 layer=13 children=946,147,1260,1105 grandchildren=9466,1471,12608,11051
HASH_ROUTE token=78 layer=14 children=613,936,777,294 grandchildren=6132,9365,7774,2946
HASH_ROUTE token=78 layer=15 children=343,472,827,410 grandchildren=3436,4722,8279,4107
HASH_ROUTE token=78 layer=16 children=429,325,413,434 grandchildren=4296,3253,4135,4342
HASH_ROUTE token=78 layer=17 children=983,1060,662,1056 grandchildren=9839,10608,6621,10562
HASH_ROUTE token=78 layer=18 children=161,186,248,283 grandchildren=1619,1865,2486,2833
HASH_ROUTE token=78 layer=19 children=652,712,778,15 grandchildren=6525,7127,7786,152
HASH_ROUTE token=78 layer=20 children=318,634,178,278 grandchildren=3189,6342,1782,2783
HASH_ROUTE token=78 layer=21 children=10,40,93,335 grandchildren=106,402,936,3356
HASH_ROUTE token=78 layer=22 children=1247,1123,1084,969 grandchildren=12473,11231,10846,9693
HASH_ROUTE token=78 layer=23 children=34,124,44,86 grandchildren=342,1242,446,866
HASH_ROUTE token=79 layer=0 children=960,321,1089,1128 grandchildren=9605,3212,10899,11286
HASH_ROUTE token=79 layer=1 children=295,189,244,160 grandchildren=2953,1894,2444,1602
HASH_ROUTE token=79 layer=2 children=330,973,18,499 grandchildren=3302,9735,181,4994
HASH_ROUTE token=79 layer=3 children=107,1221,267,421 grandchildren=1074,12219,2676,4218
HASH_ROUTE token=79 layer=4 children=200,364,287,449 grandchildren=2008,3647,2876,4496
HASH_ROUTE token=79 layer=5 children=1213,1173,1134,252 grandchildren=12137,11736,11341,2529
HASH_ROUTE token=79 layer=6 children=246,725,1209,88 grandchildren=2469,7253,12099,882
HASH_ROUTE token=79 layer=7 children=697,52,219,534 grandchildren=6977,524,2199,5345
HASH_ROUTE token=79 layer=8 children=311,950,792,1117 grandchildren=3114,9501,7925,11172
HASH_ROUTE token=79 layer=9 children=312,257,957,795 grandchildren=3128,2574,9571,7958
HASH_ROUTE token=79 layer=10 children=545,591,707,1181 grandchildren=5454,5913,7077,11818
HASH_ROUTE token=79 layer=11 children=43,77,61,24 grandchildren=437,775,613,242
HASH_ROUTE token=79 layer=12 children=378,696,850,217 grandchildren=3789,6964,8507,2177
HASH_ROUTE token=79 layer=13 children=86,147,91,50 grandchildren=867,1476,912,504
HASH_ROUTE token=79 layer=14 children=293,196,248,282 grandchildren=2936,1966,2489,2826
HASH_ROUTE token=79 layer=15 children=1003,363,997,351 grandchildren=10035,3632,9978,3518
HASH_ROUTE token=79 layer=16 children=452,418,434,1253 grandchildren=4529,4182,4345,12532
HASH_ROUTE token=79 layer=17 children=180,215,238,1144 grandchildren=1807,2157,2387,11445
HASH_ROUTE token=79 layer=18 children=100,909,429,261 grandchildren=1001,9095,4295,2615
HASH_ROUTE token=79 layer=19 children=676,744,705,1152 grandchildren=6766,7449,7059,11527
HASH_ROUTE token=79 layer=20 children=213,319,244,198 grandchildren=2139,3194,2441,1986
HASH_ROUTE token=79 layer=21 children=33,46,70,831 grandchildren=332,466,704,8315
HASH_ROUTE token=79 layer=22 children=269,428,742,179 grandchildren=2699,4285,7428,1796
HASH_ROUTE token=79 layer=23 children=1037,235,1017,1064 grandchildren=10375,2356,10172,10641
HASH_ROUTE token=80 layer=0 children=846,920,361,41 grandchildren=8467,9205,3617,411
HASH_ROUTE token=80 layer=1 children=901,889,844,875 grandchildren=9017,8895,8447,8754
HASH_ROUTE token=80 layer=2 children=785,700,684,142 grandchildren=7855,7001,6841,1427
HASH_ROUTE token=80 layer=3 children=1142,1229,1152,27 grandchildren=11429,12293,11524,271
HASH_ROUTE token=80 layer=4 children=407,246,882,365 grandchildren=4076,2462,8822,3655
HASH_ROUTE token=80 layer=5 children=959,860,928,853 grandchildren=9599,8603,9281,8536
HASH_ROUTE token=80 layer=6 children=723,644,735,680 grandchildren=7235,6446,7359,6806
HASH_ROUTE token=80 layer=7 children=855,57,884,89 grandchildren=8559,575,8849,899
HASH_ROUTE token=80 layer=8 children=914,948,823,844 grandchildren=9147,9481,8233,8448
HASH_ROUTE token=80 layer=9 children=310,188,227,271 grandchildren=3109,1889,2273,2717
HASH_ROUTE token=80 layer=10 children=1101,1045,1056,1002 grandchildren=11011,10455,10565,10028
HASH_ROUTE token=80 layer=11 children=56,150,130,88 grandchildren=569,1506,1309,889
HASH_ROUTE token=80 layer=12 children=486,1127,169,804 grandchildren=4865,11271,1692,8043
HASH_ROUTE token=80 layer=13 children=97,738,49,681 grandchildren=978,7381,495,6817
HASH_ROUTE token=80 layer=14 children=937,850,891,879 grandchildren=9376,8508,8919,8795
HASH_ROUTE token=80 layer=15 children=324,346,339,965 grandchildren=3244,3467,3392,9655
HASH_ROUTE token=80 layer=16 children=702,387,738,413 grandchildren=7028,3879,7382,4133
HASH_ROUTE token=80 layer=17 children=188,983,1144,348 grandchildren=1889,9837,11448,3486
HASH_ROUTE token=80 layer=18 children=335,436,970,1077 grandchildren=3354,4361,9707,10776
HASH_ROUTE token=80 layer=19 children=423,355,261,391 grandchildren=4234,3556,2615,3914
HASH_ROUTE token=80 layer=20 children=270,219,438,185 grandchildren=2704,2199,4389,1851
HASH_ROUTE token=80 layer=21 children=254,1051,1216,179 grandchildren=2548,10512,12165,1796
HASH_ROUTE token=80 layer=22 children=269,902,1224,281 grandchildren=2698,9026,12248,2816
HASH_ROUTE token=80 layer=23 children=1152,190,830,1174 grandchildren=11525,1905,8304,11741
HASH_ROUTE token=81 layer=0 children=50,73,152,4 grandchildren=507,733,1528,43
HASH_ROUTE token=81 layer=1 children=292,233,207,178 grandchildren=2927,2336,2078,1785
HASH_ROUTE token=81 layer=2 children=410,338,737,98 grandchildren=4104,3383,7377,983
HASH_ROUTE token=81 layer=3 children=778,610,931,452 grandchildren=7784,6105,9311,4523
HASH_ROUTE token=81 layer=4 children=290,194,261,319 grandchildren=2903,1944,2619,3195
HASH_ROUTE token=81 layer=5 children=891,250,94,579 grandchildren=8915,2502,949,5795
HASH_ROUTE token=81 layer=6 children=686,714,730,795 grandchildren=6868,7141,7306,7956
HASH_ROUTE token=81 layer=7 children=240,1041,80,279 grandchildren=2401,10413,801,2792
HASH_ROUTE token=81 layer=8 children=847,1166,869,1189 grandchildren=8471,11668,8693,11899
HASH_ROUTE token=81 layer=9 children=867,821,700,664 grandchildren=8676,8215,7006,6645
HASH_ROUTE token=81 layer=10 children=384,868,338,812 grandchildren=3848,8689,3388,8129
HASH_ROUTE token=81 layer=11 children=1135,1162,1185,654 grandchildren=11356,11629,11856,6547
HASH_ROUTE token=81 layer=12 children=680,1162,848,754 grandchildren=6804,11625,8489,7549
HASH_ROUTE token=81 layer=13 children=979,993,1135,1058 grandchildren=9792,9939,11356,10586
HASH_ROUTE token=81 layer=14 children=339,813,177,464 grandchildren=3397,8135,1773,4648
HASH_ROUTE token=81 layer=15 children=1274,1186,1251,1239 grandchildren=12744,11866,12515,12398
HASH_ROUTE token=81 layer=16 children=578,256,895,93 grandchildren=5782,2562,8957,936
HASH_ROUTE token=81 layer=17 children=620,535,513,587 grandchildren=6204,5359,5132,5874
HASH_ROUTE token=81 layer=18 children=253,237,733,715 grandchildren=2533,2378,7334,7154
HASH_ROUTE token=81 layer=19 children=1263,467,1218,789 grandchildren=12631,4677,12182,7895
HASH_ROUTE token=81 layer=20 children=1063,1047,977,264 grandchildren=10638,10477,9778,2643
HASH_ROUTE token=81 layer=21 children=76,555,718,231 grandchildren=766,5556,7187,2315
HASH_ROUTE token=81 layer=22 children=269,301,238,317 grandchildren=2692,3013,2384,3171
HASH_ROUTE token=81 layer=23 children=1141,985,1244,1222 grandchildren=11415,9855,12448,12225
HASH_ROUTE token=82 layer=0 children=689,751,716,365 grandchildren=6897,7515,7167,3656
HASH_ROUTE token=82 layer=1 children=80,402,30,1202 grandchildren=802,4025,305,12021
HASH_ROUTE token=82 layer=2 children=335,418,409,320 grandchildren=3359,4183,4097,3207
HASH_ROUTE token=82 layer=3 children=779,1255,292,618 grandchildren=7796,12555,2922,6186
HASH_ROUTE token=82 layer=4 children=312,294,261,184 grandchildren=3126,2942,2618,1849
HASH_ROUTE token=82 layer=5 children=848,851,891,913 grandchildren=8482,8516,8912,9132
HASH_ROUTE token=82 layer=6 children=684,678,794,664 grandchildren=6847,6781,7948,6647
HASH_ROUTE token=82 layer=7 children=176,231,253,240 grandchildren=1769,2316,2534,2406
HASH_ROUTE token=82 layer=8 children=900,881,850,1227 grandchildren=9005,8816,8506,12279
HASH_ROUTE token=82 layer=9 children=664,823,24,706 grandchildren=6643,8234,247,7066
HASH_ROUTE token=82 layer=10 children=837,915,920,513 grandchildren=8371,9158,9204,5134
HASH_ROUTE token=82 layer=11 children=381,709,338,435 grandchildren=3816,7098,3387,4352
HASH_ROUTE token=82 layer=12 children=672,669,707,516 grandchildren=6725,6694,7075,5163
HASH_ROUTE token=82 layer=13 children=1135,1260,1255,1212 grandchildren=11355,12606,12553,12122
HASH_ROUTE token=82 layer=14 children=904,261,425,104 grandchildren=9045,2611,4254,1042
HASH_ROUTE token=82 layer=15 children=1238,1258,1274,1072 grandchildren=12383,12584,12747,10726
HASH_ROUTE token=82 layer=16 children=256,1213,1050,415 grandchildren=2569,12137,10509,4158
HASH_ROUTE token=82 layer=17 children=545,388,1029,587 grandchildren=5459,3884,10292,5873
HASH_ROUTE token=82 layer=18 children=1107,1051,300,253 grandchildren=11072,10513,3004,2532
HASH_ROUTE token=82 layer=19 children=305,199,787,1263 grandchildren=3051,1997,7875,12639
HASH_ROUTE token=82 layer=20 children=225,264,240,1028 grandchildren=2257,2643,2407,10285
HASH_ROUTE token=82 layer=21 children=145,76,300,231 grandchildren=1455,764,3007,2318
HASH_ROUTE token=82 layer=22 children=301,189,269,287 grandchildren=3014,1898,2693,2871
HASH_ROUTE token=82 layer=23 children=411,1054,739,449 grandchildren=4114,10543,7391,4498
HASH_ROUTE token=83 layer=0 children=41,360,122,7 grandchildren=413,3601,1227,79
HASH_ROUTE token=83 layer=1 children=440,281,457,290 grandchildren=4408,2813,4576,2902
HASH_ROUTE token=83 layer=2 children=1255,616,933,299 grandchildren=12551,6161,9338,2991
HASH_ROUTE token=83 layer=3 children=50,119,141,9 grandchildren=504,1194,1418,99
HASH_ROUTE token=83 layer=4 children=183,253,295,289 grandchildren=1836,2533,2959,2899
HASH_ROUTE token=83 layer=5 children=388,1028,861,462 grandchildren=3889,10282,8611,4625
HASH_ROUTE token=83 layer=6 children=944,783,461,896 grandchildren=9449,7835,4613,8962
HASH_ROUTE token=83 layer=7 children=247,83,566,402 grandchildren=2479,832,5666,4023
HASH_ROUTE token=83 layer=8 children=848,1161,42,932 grandchildren=8488,11613,421,9327
HASH_ROUTE token=83 layer=9 children=854,936,954,900 grandchildren=8548,9367,9541,9009
HASH_ROUTE token=83 layer=10 children=459,427,775,1096 grandchildren=4592,4271,7753,10963
HASH_ROUTE token=83 layer=11 children=865,894,854,915 grandchildren=8658,8949,8548,9154
HASH_ROUTE token=83 layer=12 children=508,552,639,1141 grandchildren=5085,5528,6399,11418
HASH_ROUTE token=83 layer=13 children=530,596,691,751 grandchildren=5307,5962,6914,7512
HASH_ROUTE token=83 layer=14 children=423,330,357,387 grandchildren=4234,3304,3577,3876
HASH_ROUTE token=83 layer=15 children=199,174,249,202 grandchildren=1991,1749,2494,2023
HASH_ROUTE token=83 layer=16 children=589,534,262,499 grandchildren=5891,5347,2624,4991
HASH_ROUTE token=83 layer=17 children=596,509,521,433 grandchildren=5967,5094,5218,4334
HASH_ROUTE token=83 layer=18 children=284,253,762,295 grandchildren=2845,2531,7623,2951
HASH_ROUTE token=83 layer=19 children=467,1263,787,380 grandchildren=4678,12634,7878,3809
HASH_ROUTE token=83 layer=20 children=315,174,225,167 grandchildren=3155,1743,2251,1679
HASH_ROUTE token=83 layer=21 children=72,140,34,716 grandchildren=721,1402,342,7164
HASH_ROUTE token=83 layer=22 children=312,243,309,150 grandchildren=3122,2434,3099,1507
HASH_ROUTE token=83 layer=23 children=579,600,545,563 grandchildren=5797,6005,5456,5636
HASH_ROUTE token=84 layer=0 children=327,649,447,435 grandchildren=3276,6493,4477,4358
HASH_ROUTE token=84 layer=1 children=297,938,263,616 grandchildren=2973,9382,2634,6166
HASH_ROUTE token=84 layer=2 children=749,774,736,656 grandchildren=7492,7744,7364,6564
HASH_ROUTE token=84 layer=3 children=737,794,726,784 grandchildren=7372,7941,7263,7849
HASH_ROUTE token=84 layer=4 children=163,199,296,186 grandchildren=1632,1994,2967,1869
HASH_ROUTE token=84 layer=5 children=1165,1260,1191,1274 grandchildren=11658,12604,11917,12741
HASH_ROUTE token=84 layer=6 children=411,422,731,351 grandchildren=4112,4226,7314,3514
HASH_ROUTE token=84 layer=7 children=240,164,231,884 grandchildren=2405,1645,2316,8847
HASH_ROUTE token=84 layer=8 children=1165,1203,1147,685 grandchildren=11654,12039,11479,6851
HASH_ROUTE token=84 layer=9 children=823,868,184,220 grandchildren=8239,8685,1848,2203
HASH_ROUTE token=84 layer=10 children=65,224,1184,701 grandchildren=654,2248,11844,7015
HASH_ROUTE token=84 layer=11 children=435,1234,336,357 grandchildren=4359,12349,3364,3579
HASH_ROUTE token=84 layer=12 children=504,984,181,639 grandchildren=5047,9846,1814,6391
HASH_ROUTE token=84 layer=13 children=772,610,1091,675 grandchildren=7724,6107,10919,6752
HASH_ROUTE token=84 layer=14 children=510,492,580,39 grandchildren=5103,4929,5805,395
HASH_ROUTE token=84 layer=15 children=535,619,1179,1258 grandchildren=5358,6199,11792,12587
HASH_ROUTE token=84 layer=16 children=492,627,581,505 grandchildren=4923,6274,5813,5059
HASH_ROUTE token=84 layer=17 children=987,1065,507,585 grandchildren=9871,10657,5079,5855
HASH_ROUTE token=84 layer=18 children=785,715,769,748 grandchildren=7854,7153,7696,7489
HASH_ROUTE token=84 layer=19 children=1265,1135,789,653 grandchildren=12656,11353,7898,6535
HASH_ROUTE token=84 layer=20 children=227,1024,164,966 grandchildren=2277,10245,1644,9668
HASH_ROUTE token=84 layer=21 children=70,149,28,33 grandchildren=706,1493,287,335
HASH_ROUTE token=84 layer=22 children=317,150,303,238 grandchildren=3173,1506,3038,2385
HASH_ROUTE token=84 layer=23 children=587,1067,900,1228 grandchildren=5872,10674,9002,12286
HASH_ROUTE token=85 layer=0 children=795,473,649,324 grandchildren=7957,4737,6497,3247
HASH_ROUTE token=85 layer=1 children=297,450,185,939 grandchildren=2973,4501,1855,9394
HASH_ROUTE token=85 layer=2 children=737,418,749,424 grandchildren=7376,4184,7496,4246
HASH_ROUTE token=85 layer=3 children=452,388,136,779 grandchildren=4523,3883,1363,7794
HASH_ROUTE token=85 layer=4 children=166,266,174,294 grandchildren=1662,2664,1749,2945
HASH_ROUTE token=85 layer=5 children=555,598,582,71 grandchildren=5559,5983,5823,714
HASH_ROUTE token=85 layer=6 children=418,352,731,422 grandchildren=4181,3521,7319,4227
HASH_ROUTE token=85 layer=7 children=884,931,821,842 grandchildren=8844,9318,8217,8425
HASH_ROUTE token=85 layer=8 children=616,133,548,62 grandchildren=6167,1339,5486,626
HASH_ROUTE token=85 layer=9 children=220,700,862,542 grandchildren=2205,7006,8629,5424
HASH_ROUTE token=85 layer=10 children=742,729,751,707 grandchildren=7422,7296,7515,7078
HASH_ROUTE token=85 layer=11 children=1135,971,174,654 grandchildren=11351,9716,1744,6543
HASH_ROUTE token=85 layer=12 children=1009,525,985,504 grandchildren=10096,5252,9856,5047
HASH_ROUTE token=85 layer=13 children=1255,1154,614,933 grandchildren=12557,11542,6146,9333
HASH_ROUTE token=85 layer=14 children=191,296,357,994 grandchildren=1916,2964,3572,9942
HASH_ROUTE token=85 layer=15 children=1179,851,535,213 grandchildren=11796,8512,5352,2137
HASH_ROUTE token=85 layer=16 children=218,533,256,376 grandchildren=2184,5338,2563,3769
HASH_ROUTE token=85 layer=17 children=587,429,1065,532 grandchildren=5874,4298,10655,5324
HASH_ROUTE token=85 layer=18 children=640,768,726,775 grandchildren=6409,7683,7265,7751
HASH_ROUTE token=85 layer=19 children=355,467,395,404 grandchildren=3555,4678,3955,4048
HASH_ROUTE token=85 layer=20 children=1180,1214,387,1229 grandchildren=11805,12146,3878,12296
HASH_ROUTE token=85 layer=21 children=80,884,145,23 grandchildren=808,8842,1454,234
HASH_ROUTE token=85 layer=22 children=301,317,269,227 grandchildren=3018,3172,2695,2279
HASH_ROUTE token=85 layer=23 children=766,606,739,281 grandchildren=7667,6065,7393,2818
HASH_ROUTE token=86 layer=0 children=150,795,471,955 grandchildren=1507,7952,4711,9551
HASH_ROUTE token=86 layer=1 children=291,177,267,456 grandchildren=2915,1779,2674,4565
HASH_ROUTE token=86 layer=2 children=1241,1139,1165,1178 grandchildren=12414,11394,11659,11786
HASH_ROUTE token=86 layer=3 children=774,1254,657,664 grandchildren=7742,12542,6579,6645
HASH_ROUTE token=86 layer=4 children=165,304,804,174 grandchildren=1659,3045,8041,1743
HASH_ROUTE token=86 layer=5 children=945,625,891,913 grandchildren=9457,6255,8913,9138
HASH_ROUTE token=86 layer=6 children=199,356,237,833 grandchildren=1995,3564,2376,8337
HASH_ROUTE token=86 layer=7 children=1048,404,80,884 grandchildren=10483,4044,803,8845
HASH_ROUTE token=86 layer=8 children=627,306,506,1101 grandchildren=6277,3066,5062,11011
HASH_ROUTE token=86 layer=9 children=710,701,877,862 grandchildren=7104,7019,8773,8623
HASH_ROUTE token=86 layer=10 children=472,155,790,634 grandchildren=4725,1552,7904,6345
HASH_ROUTE token=86 layer=11 children=572,416,1217,541 grandchildren=5727,4166,12172,5414
HASH_ROUTE token=86 layer=12 children=185,266,201,160 grandchildren=1853,2668,2016,1601
HASH_ROUTE token=86 layer=13 children=498,607,536,517 grandchildren=4983,6078,5369,5179
HASH_ROUTE token=86 layer=14 children=483,800,325,494 grandchildren=4836,8004,3258,4945
HASH_ROUTE token=86 layer=15 children=518,192,993,548 grandchildren=5183,1925,9934,5486
HASH_ROUTE token=86 layer=16 children=1172,534,374,852 grandchildren=11724,5342,3743,8521
HASH_ROUTE token=86 layer=17 children=987,507,968,484 grandchildren=9875,5076,9687,4843
HASH_ROUTE token=86 layer=18 children=343,986,669,416 grandchildren=3436,9866,6698,4165
HASH_ROUTE token=86 layer=19 children=700,780,720,380 grandchildren=7008,7809,7209,3803
HASH_ROUTE token=86 layer=20 children=174,315,225,165 grandchildren=1748,3158,2254,1656
HASH_ROUTE token=86 layer=21 children=72,27,149,1190 grandchildren=729,277,1492,11904
HASH_ROUTE token=86 layer=22 children=1110,312,635,1108 grandchildren=11102,3128,6358,11085
HASH_ROUTE token=86 layer=23 children=579,600,513,504 grandchildren=5797,6003,5133,5049
HASH_ROUTE token=87 layer=0 children=153,50,72,65 grandchildren=1535,501,721,658
HASH_ROUTE token=87 layer=1 children=175,297,333,653 grandchildren=1755,2977,3338,6537
HASH_ROUTE token=87 layer=2 children=1060,424,901,100 grandchildren=10607,4248,9017,1006
HASH_ROUTE token=87 layer=3 children=106,68,18,900 grandchildren=1065,683,182,9003
HASH_ROUTE token=87 layer=4 children=186,299,311,194 grandchildren=1869,2999,3111,1943
HASH_ROUTE token=87 layer=5 children=1210,1272,1174,1130 grandchildren=12107,12721,11747,11308
HASH_ROUTE token=87 layer=6 children=129,442,760,288 grandchildren=1292,4426,7609,2883
HASH_ROUTE token=87 layer=7 children=934,137,617,459 grandchildren=9348,1376,6179,4594
HASH_ROUTE token=87 layer=8 children=1110,953,314,1274 grandchildren=11103,9532,3144,12749
HASH_ROUTE token=87 layer=9 children=955,314,897,917 grandchildren=9551,3141,8977,9178
HASH_ROUTE token=87 layer=10 children=347,1145,180,446 grandchildren=3473,11457,1807,4465
HASH_ROUTE token=87 layer=11 children=24,1142,32,1154 grandchildren=245,11427,326,11544
HASH_ROUTE token=87 layer=12 children=374,327,478,219 grandchildren=3746,3275,4782,2196
HASH_ROUTE token=87 layer=13 children=148,786,943,463 grandchildren=1481,7864,9433,4636
HASH_ROUTE token=87 layer=14 children=777,693,616,537 grandchildren=7775,6936,6165,5373
HASH_ROUTE token=87 layer=15 children=995,1024,1040,831 grandchildren=9955,10241,10408,8311
HASH_ROUTE token=87 layer=16 children=431,365,346,1076 grandchildren=4312,3652,3466,10761
HASH_ROUTE token=87 layer=17 children=981,188,509,1144 grandchildren=9812,1883,5096,11446
HASH_ROUTE token=87 layer=18 children=320,380,364,640 grandchildren=3201,3802,3649,6407
HASH_ROUTE token=87 layer=19 children=606,446,523,120 grandchildren=6064,4463,5236,1204
HASH_ROUTE token=87 layer=20 children=766,730,642,743 grandchildren=7661,7302,6423,7437
HASH_ROUTE token=87 layer=21 children=1030,552,870,236 grandchildren=10307,5524,8706,2368
HASH_ROUTE token=87 layer=22 children=265,178,102,13 grandchildren=2657,1789,1028,139
HASH_ROUTE token=87 layer=23 children=945,811,861,620 grandchildren=9455,8115,8617,6201
HASH_ROUTE token=88 layer=0 children=755,649,779,713 grandchildren=7556,6497,7791,7132
HASH_ROUTE token=88 layer=1 children=527,689,504,663 grandchildren=5271,6893,5048,6636
HASH_ROUTE token=88 layer=2 children=352,830,36,991 grandchildren=3529,8308,369,9913
HASH_ROUTE token=88 layer=3 children=623,613,535,554 grandchildren=6236,6132,5351,5547
HASH_ROUTE token=88 layer=4 children=465,434,1260,452 grandchildren=4658,4342,12601,4527
HASH_ROUTE token=88 layer=5 children=320,809,963,168 grandchildren=3208,8092,9632,1684
HASH_ROUTE token=88 layer=6 children=461,785,620,946 grandchildren=4617,7853,6202,9464
HASH_ROUTE token=88 layer=7 children=148,99,38,621 grandchildren=1487,994,389,6214
HASH_ROUTE token=88 layer=8 children=1014,697,1100,786 grandchildren=10142,6971,11003,7869
HASH_ROUTE token=88 layer=9 children=131,55,938,156 grandchildren=1313,553,9386,1561
HASH_ROUTE token=88 layer=10 children=616,626,540,587 grandchildren=6165,6262,5407,5873
HASH_ROUTE token=88 layer=11 children=916,1077,866,753 grandchildren=9161,10778,8665,7538
HASH_ROUTE token=88 layer=12 children=359,839,1151,512 grandchildren=3599,8398,11518,5126
HASH_ROUTE token=88 layer=13 children=324,167,489,361 grandchildren=3241,1677,4896,3616
HASH_ROUTE token=88 layer=14 children=1102,1264,1096,947 grandchildren=11024,12643,10962,9474
HASH_ROUTE token=88 layer=15 children=767,127,1080,678 grandchildren=7671,1274,10801,6781
HASH_ROUTE token=88 layer=16 children=921,600,889,124 grandchildren=9213,6001,8892,1248
HASH_ROUTE token=88 layer=17 children=893,954,801,91 grandchildren=8934,9543,8012,912
HASH_ROUTE token=88 layer=18 children=740,1226,268,721 grandchildren=7405,12264,2681,7213
HASH_ROUTE token=88 layer=19 children=322,647,1121,482 grandchildren=3223,6473,11211,4824
HASH_ROUTE token=88 layer=20 children=1264,309,1223,786 grandchildren=12649,3091,12238,7863
HASH_ROUTE token=88 layer=21 children=1180,1238,700,65 grandchildren=11802,12388,7002,653
HASH_ROUTE token=88 layer=22 children=939,295,1090,772 grandchildren=9399,2954,10904,7722
HASH_ROUTE token=88 layer=23 children=109,45,71,261 grandchildren=1093,451,713,2615
HASH_ROUTE token=89 layer=0 children=49,360,1161,680 grandchildren=494,3608,11615,6803
HASH_ROUTE token=89 layer=1 children=205,297,239,841 grandchildren=2051,2974,2394,8419
HASH_ROUTE token=89 layer=2 children=895,735,810,1217 grandchildren=8959,7359,8106,12173
HASH_ROUTE token=89 layer=3 children=1095,291,133,613 grandchildren=10958,2918,1334,6134
HASH_ROUTE token=89 layer=4 children=182,190,827,160 grandchildren=1822,1901,8279,1608
HASH_ROUTE token=89 layer=5 children=467,300,370,445 grandchildren=4671,3001,3701,4452
HASH_ROUTE token=89 layer=6 children=676,761,714,35 grandchildren=6765,7617,7144,359
HASH_ROUTE token=89 layer=7 children=821,950,804,508 grandchildren=8216,9509,8049,5083
HASH_ROUTE token=89 layer=8 children=363,420,338,320 grandchildren=3634,4205,3383,3207
HASH_ROUTE token=89 layer=9 children=231,197,268,252 grandchildren=2319,1976,2686,2525
HASH_ROUTE token=89 layer=10 children=213,166,173,54 grandchildren=2138,1664,1736,543
HASH_ROUTE token=89 layer=11 children=77,875,26,156 grandchildren=772,8754,265,1561
HASH_ROUTE token=89 layer=12 children=882,868,81,61 grandchildren=8828,8689,812,613
HASH_ROUTE token=89 layer=13 children=826,26,667,987 grandchildren=8266,265,6678,9871
HASH_ROUTE token=89 layer=14 children=565,613,531,591 grandchildren=5654,6139,5319,5915
HASH_ROUTE token=89 layer=15 children=822,347,987,891 grandchildren=8221,3474,9879,8915
HASH_ROUTE token=89 layer=16 children=325,5,429,437 grandchildren=3254,58,4298,4379
HASH_ROUTE token=89 layer=17 children=983,349,1143,184 grandchildren=9834,3496,11433,1847
HASH_ROUTE token=89 layer=18 children=184,988,317,284 grandchildren=1845,9887,3178,2848
HASH_ROUTE token=89 layer=19 children=641,685,676,778 grandchildren=6417,6857,6762,7788
HASH_ROUTE token=89 layer=20 children=598,1072,279,757 grandchildren=5981,10723,2791,7571
HASH_ROUTE token=89 layer=21 children=1024,969,1058,1084 grandchildren=10249,9699,10589,10848
HASH_ROUTE token=89 layer=22 children=969,802,1123,1094 grandchildren=9696,8025,11239,10943
HASH_ROUTE token=89 layer=23 children=39,128,670,148 grandchildren=395,1288,6705,1489
HASH_ROUTE token=90 layer=0 children=641,326,4,967 grandchildren=6415,3263,46,9676
HASH_ROUTE token=90 layer=1 children=294,456,240,210 grandchildren=2945,4569,2407,2107
HASH_ROUTE token=90 layer=2 children=338,410,455,819 grandchildren=3387,4108,4554,8198
HASH_ROUTE token=90 layer=3 children=1228,108,582,428 grandchildren=12286,1081,5826,4287
HASH_ROUTE token=90 layer=4 children=204,318,196,287 grandchildren=2045,3183,1968,2875
HASH_ROUTE token=90 layer=5 children=1212,1177,1137,1265 grandchildren=12126,11773,11375,12659
HASH_ROUTE token=90 layer=6 children=246,728,1209,200 grandchildren=2461,7288,12097,2003
HASH_ROUTE token=90 layer=7 children=690,534,211,52 grandchildren=6901,5349,2114,522
HASH_ROUTE token=90 layer=8 children=954,314,794,1117 grandchildren=9543,3147,7948,11172
HASH_ROUTE token=90 layer=9 children=312,955,250,1273 grandchildren=3129,9552,2506,12738
HASH_ROUTE token=90 layer=10 children=547,506,563,387 grandchildren=5479,5067,5634,3879
HASH_ROUTE token=90 layer=11 children=40,73,59,64 grandchildren=406,734,596,642
HASH_ROUTE token=90 layer=12 children=329,807,370,857 grandchildren=3299,8076,3708,8575
HASH_ROUTE token=90 layer=13 children=91,145,81,39 grandchildren=914,1455,819,395
HASH_ROUTE token=90 layer=14 children=617,567,517,293 grandchildren=6176,5671,5176,2932
HASH_ROUTE token=90 layer=15 children=363,349,471,1166 grandchildren=3635,3494,4711,11668
HASH_ROUTE token=90 layer=16 children=191,163,222,1152 grandchildren=1913,1631,2228,11529
HASH_ROUTE token=90 layer=17 children=423,385,263,220 grandchildren=4237,3852,2635,2203
HASH_ROUTE token=90 layer=18 children=1067,266,428,909 grandchildren=10673,2664,4283,9096
HASH_ROUTE token=90 layer=19 children=100,907,262,744 grandchildren=1007,9079,2627,7447
HASH_ROUTE token=90 layer=20 children=1135,171,1227,1268 grandchildren=11352,1719,12278,12686
HASH_ROUTE token=90 layer=21 children=38,59,114,192 grandchildren=383,596,1148,1927
HASH_ROUTE token=90 layer=22 children=395,428,439,1037 grandchildren=3955,4283,4399,10374
HASH_ROUTE token=90 layer=23 children=239,872,71,242 grandchildren=2392,8721,719,2425
HASH_ROUTE token=91 layer=0 children=122,444,1089,605 grandchildren=1226,4446,10891,6054
HASH_ROUTE token=91 layer=1 children=451,342,396,339 grandchildren=4519,3426,3963,3398
HASH_ROUTE token=91 layer=2 children=207,220,304,282 grandchildren=2071,2203,3045,2829
HASH_ROUTE token=91 layer=3 children=100,119,33,585 grandchildren=1003,1199,332,5851
HASH_ROUTE token=91 layer=4 children=186,292,822,222 grandchildren=1861,2925,8227,2224
HASH_ROUTE token=91 layer=5 children=93,1217,892,410 grandchildren=932,12176,8924,4109
HASH_ROUTE token=91 layer=6 children=737,720,1219,98 grandchildren=7373,7206,12197,986
HASH_ROUTE token=91 layer=7 children=57,217,1011,855 grandchildren=571,2172,10112,8558
HASH_ROUTE token=91 layer=8 children=941,884,910,1109 grandchildren=9415,8845,9103,11099
HASH_ROUTE token=91 layer=9 children=312,1272,157,632 grandchildren=3125,12727,1571,6329
HASH_ROUTE token=91 layer=10 children=995,1063,1115,1153 grandchildren=9956,10638,11154,11534
HASH_ROUTE token=91 layer=11 children=59,113,690,159 grandchildren=599,1139,6908,1595
HASH_ROUTE token=91 layer=12 children=304,625,244,169 grandchildren=3048,6253,2444,1691
HASH_ROUTE token=91 layer=13 children=731,793,761,697 grandchildren=7316,7932,7611,6979
HASH_ROUTE token=91 layer=14 children=932,295,770,1093 grandchildren=9324,2953,7701,10939
HASH_ROUTE token=91 layer=15 children=339,971,498,472 grandchildren=3398,9719,4984,4722
HASH_ROUTE token=91 layer=16 children=437,419,349,476 grandchildren=4379,4196,3498,4765
HASH_ROUTE token=91 layer=17 children=995,1153,190,1066 grandchildren=9951,11537,1909,10667
HASH_ROUTE token=91 layer=18 children=860,942,811,909 grandchildren=8609,9429,8113,9094
HASH_ROUTE token=91 layer=19 children=833,867,355,380 grandchildren=8335,8676,3556,3806
HASH_ROUTE token=91 layer=20 children=598,1074,520,277 grandchildren=5981,10749,5204,2774
HASH_ROUTE token=91 layer=21 children=198,245,282,254 grandchildren=1989,2452,2821,2541
HASH_ROUTE token=91 layer=22 children=269,1060,428,105 grandchildren=2693,10603,4286,1055
HASH_ROUTE token=91 layer=23 children=836,883,807,856 grandchildren=8361,8834,8074,8567
HASH_ROUTE token=92 layer=0 children=449,122,764,607 grandchildren=4494,1224,7648,6073
HASH_ROUTE token=92 layer=1 children=184,664,346,203 grandchildren=1847,6649,3465,2035
HASH_ROUTE token=92 layer=2 children=442,288,404,241 grandchildren=4426,2884,4045,2416
HASH_ROUTE token=92 layer=3 children=931,452,778,1256 grandchildren=9313,4523,7789,12568
HASH_ROUTE token=92 layer=4 children=457,771,294,461 grandchildren=4571,7719,2947,4617
HASH_ROUTE token=92 layer=5 children=129,446,61,86 grandchildren=1292,4461,614,864
HASH_ROUTE token=92 layer=6 children=573,730,1052,99 grandchildren=5736,7304,10526,993
HASH_ROUTE token=92 layer=7 children=624,148,304,535 grandchildren=6247,1481,3048,5357
HASH_ROUTE token=92 layer=8 children=140,58,119,1262 grandchildren=1407,583,1193,12627
HASH_ROUTE token=92 layer=9 children=236,183,1191,301 grandchildren=2364,1839,11911,3015
HASH_ROUTE token=92 layer=10 children=753,771,795,727 grandchildren=7532,7718,7959,7274
HASH_ROUTE token=92 layer=11 children=429,747,908,1222 grandchildren=4291,7475,9085,12222
HASH_ROUTE token=92 layer=12 children=70,557,876,714 grandchildren=703,5578,8762,7143
HASH_ROUTE token=92 layer=13 children=1050,578,259,731 grandchildren=10501,5784,2599,7314
HASH_ROUTE token=92 layer=14 children=841,884,201,248 grandchildren=8412,8841,2013,2483
HASH_ROUTE token=92 layer=15 children=353,379,831,854 grandchildren=3539,3799,8316,8542
HASH_ROUTE token=92 layer=16 children=322,161,437,272 grandchildren=3223,1617,4379,2727
HASH_ROUTE token=92 layer=17 children=1143,188,1191,1160 grandchildren=11434,1881,11919,11608
HASH_ROUTE token=92 layer=18 children=178,224,810,286 grandchildren=1784,2241,8109,2864
HASH_ROUTE token=92 layer=19 children=679,789,712,748 grandchildren=6795,7895,7121,7484
HASH_ROUTE token=92 layer=20 children=538,215,494,592 grandchildren=5384,2156,4943,5929
HASH_ROUTE token=92 layer=21 children=93,70,158,126 grandchildren=933,703,1584,1264
HASH_ROUTE token=92 layer=22 children=914,926,850,861 grandchildren=9149,9265,8506,8614
HASH_ROUTE token=92 layer=23 children=282,218,170,761 grandchildren=2825,2184,1707,7613
HASH_ROUTE token=93 layer=0 children=323,441,469,413 grandchildren=3235,4415,4699,4138
HASH_ROUTE token=93 layer=1 children=935,843,295,138 grandchildren=9357,8431,2953,1389
HASH_ROUTE token=93 layer=2 children=1109,981,1018,461 grandchildren=11098,9811,10186,4617
HASH_ROUTE token=93 layer=3 children=1212,1120,1149,739 grandchildren=12124,11201,11498,7395
HASH_ROUTE token=93 layer=4 children=515,602,617,494 grandchildren=5154,6027,6171,4945
HASH_ROUTE token=93 layer=5 children=93,62,893,862 grandchildren=935,627,8932,8625
HASH_ROUTE token=93 layer=6 children=1156,675,1168,683 grandchildren=11562,6751,11689,6833
HASH_ROUTE token=93 layer=7 children=303,214,288,1266 grandchildren=3033,2145,2881,12661
HASH_ROUTE token=93 layer=8 children=1043,1012,1009,562 grandchildren=10432,10121,10096,5623
HASH_ROUTE token=93 layer=9 children=203,848,231,877 grandchildren=2038,8481,2317,8775
HASH_ROUTE token=93 layer=10 children=1262,789,1109,1134 grandchildren=12629,7894,11097,11348
HASH_ROUTE token=93 layer=11 children=705,757,65,115 grandchildren=7052,7575,653,1156
HASH_ROUTE token=93 layer=12 children=516,545,635,1158 grandchildren=5167,5452,6354,11584
HASH_ROUTE token=93 layer=13 children=1110,634,1278,793 grandchildren=11105,6348,12787,7935
HASH_ROUTE token=93 layer=14 children=920,1242,605,127 grandchildren=9209,12428,6058,1271
HASH_ROUTE token=93 layer=15 children=1013,694,1119,991 grandchildren=10137,6942,11199,9916
HASH_ROUTE token=93 layer=16 children=1233,1157,276,191 grandchildren=12339,11576,2762,1918
HASH_ROUTE token=93 layer=17 children=183,824,343,195 grandchildren=1833,8246,3432,1955
HASH_ROUTE token=93 layer=18 children=277,248,307,1072 grandchildren=2772,2481,3075,10725
HASH_ROUTE token=93 layer=19 children=338,14,391,75 grandchildren=3387,141,3915,753
HASH_ROUTE token=93 layer=20 children=185,277,213,225 grandchildren=1853,2775,2135,2254
HASH_ROUTE token=93 layer=21 children=1131,336,1165,13 grandchildren=11318,3368,11654,134
HASH_ROUTE token=93 layer=22 children=178,493,306,311 grandchildren=1785,4933,3065,3116
HASH_ROUTE token=93 layer=23 children=190,214,235,1156 grandchildren=1906,2143,2355,11569
HASH_ROUTE token=94 layer=0 children=153,50,72,65 grandchildren=1531,504,727,658
HASH_ROUTE token=94 layer=1 children=171,297,232,209 grandchildren=1717,2979,2321,2096
HASH_ROUTE token=94 layer=2 children=1225,1128,1237,1137 grandchildren=12253,11283,12373,11374
HASH_ROUTE token=94 layer=3 children=937,860,815,1095 grandchildren=9379,8607,8158,10952
HASH_ROUTE token=94 layer=4 children=230,189,221,289 grandchildren=2304,1895,2214,2897
HASH_ROUTE token=94 layer=5 children=850,867,958,378 grandchildren=8505,8673,9583,3782
HASH_ROUTE token=94 layer=6 children=244,289,409,217 grandchildren=2444,2893,4099,2179
HASH_ROUTE token=94 layer=7 children=208,306,294,244 grandchildren=2084,3061,2945,2447
HASH_ROUTE token=94 layer=8 children=1066,1077,1022,1092 grandchildren=10663,10771,10224,10926
HASH_ROUTE token=94 layer=9 children=458,428,1254,1227 grandchildren=4588,4287,12542,12271
HASH_ROUTE token=94 layer=10 children=1253,1227,1183,1160 grandchildren=12535,12277,11838,11603
HASH_ROUTE token=94 layer=11 children=865,380,67,705 grandchildren=8656,3807,675,7057
HASH_ROUTE token=94 layer=12 children=315,634,471,1271 grandchildren=3157,6349,4711,12717
HASH_ROUTE token=94 layer=13 children=1085,761,1042,604 grandchildren=10859,7611,10424,6042
HASH_ROUTE token=94 layer=14 children=240,230,219,1203 grandchildren=2402,2305,2197,12033
HASH_ROUTE token=94 layer=15 children=692,667,784,647 grandchildren=6928,6677,7848,6474
HASH_ROUTE token=94 layer=16 children=290,200,276,454 grandchildren=2909,2007,2767,4547
HASH_ROUTE token=94 layer=17 children=233,1190,188,715 grandchildren=2334,11909,1889,7159
HASH_ROUTE token=94 layer=18 children=826,344,886,407 grandchildren=8268,3448,8866,4077
HASH_ROUTE token=94 layer=19 children=353,338,391,389 grandchildren=3537,3387,3915,3894
HASH_ROUTE token=94 layer=20 children=1075,1014,273,987 grandchildren=10755,10146,2737,9876
HASH_ROUTE token=94 layer=21 children=806,899,646,731 grandchildren=8061,8998,6463,7314
HASH_ROUTE token=94 layer=22 children=857,826,861,815 grandchildren=8576,8262,8618,8152
HASH_ROUTE token=94 layer=23 children=603,530,1084,440 grandchildren=6038,5305,10847,4409
HASH_ROUTE token=95 layer=0 children=446,283,127,360 grandchildren=4462,2833,1275,3607
HASH_ROUTE token=95 layer=1 children=340,455,361,443 grandchildren=3406,4554,3615,4439
HASH_ROUTE token=95 layer=2 children=1219,577,419,1208 grandchildren=12196,5774,4193,12084
HASH_ROUTE token=95 layer=3 children=103,64,55,264 grandchildren=1031,642,557,2648
HASH_ROUTE token=95 layer=4 children=450,467,414,347 grandchildren=4509,4676,4142,3474
HASH_ROUTE token=95 layer=5 children=850,59,375,1179 grandchildren=8505,596,3756,11794
HASH_ROUTE token=95 layer=6 children=418,890,95,251 grandchildren=4187,8906,955,2517
HASH_ROUTE token=95 layer=7 children=618,541,456,380 grandchildren=6182,5416,4565,3804
HASH_ROUTE token=95 layer=8 children=932,616,1095,139 grandchildren=9324,6165,10957,1399
HASH_ROUTE token=95 layer=9 children=958,802,314,898 grandchildren=9584,8025,3143,8981
HASH_ROUTE token=95 layer=10 children=347,423,368,449 grandchildren=3473,4235,3686,4493
HASH_ROUTE token=95 layer=11 children=61,703,865,150 grandchildren=611,7031,8654,1508
HASH_ROUTE token=95 layer=12 children=1167,1192,1212,525 grandchildren=11679,11929,12125,5254
HASH_ROUTE token=95 layer=13 children=1023,981,549,1041 grandchildren=10235,9816,5492,10418
HASH_ROUTE token=95 layer=14 children=1196,231,553,874 grandchildren=11968,2311,5539,8742
HASH_ROUTE token=95 layer=15 children=444,377,336,353 grandchildren=4442,3779,3365,3538
HASH_ROUTE token=95 layer=16 children=334,176,456,299 grandchildren=3348,1768,4567,2992
HASH_ROUTE token=95 layer=17 children=188,231,267,222 grandchildren=1883,2311,2675,2223
HASH_ROUTE token=95 layer=18 children=831,886,1155,197 grandchildren=8311,8861,11553,1979
HASH_ROUTE token=95 layer=19 children=338,353,424,344 grandchildren=3384,3538,4248,3447
HASH_ROUTE token=95 layer=20 children=539,1018,215,593 grandchildren=5397,10183,2157,5937
HASH_ROUTE token=95 layer=21 children=410,336,93,350 grandchildren=4106,3368,933,3506
HASH_ROUTE token=95 layer=22 children=1182,385,220,709 grandchildren=11822,3855,2204,7096
HASH_ROUTE token=95 layer=23 children=218,539,199,56 grandchildren=2189,5398,1993,566
HASH_ROUTE token=96 layer=0 children=370,363,53,41 grandchildren=3709,3638,531,414
HASH_ROUTE token=96 layer=1 children=347,456,186,336 grandchildren=3478,4564,1866,3365
HASH_ROUTE token=96 layer=2 children=467,364,423,1101 grandchildren=4672,3643,4232,11012
HASH_ROUTE token=96 layer=3 children=107,425,1061,1229 grandchildren=1075,4254,10612,12291
HASH_ROUTE token=96 layer=4 children=890,1059,948,1101 grandchildren=8909,10594,9485,11018
HASH_ROUTE token=96 layer=5 children=116,87,64,759 grandchildren=1164,879,645,7596
HASH_ROUTE token=96 layer=6 children=793,631,150,688 grandchildren=7937,6316,1508,6883
HASH_ROUTE token=96 layer=7 children=1147,1244,662,763 grandchildren=11475,12443,6627,7632
HASH_ROUTE token=96 layer=8 children=48,529,87,560 grandchildren=481,5294,871,5604
HASH_ROUTE token=96 layer=9 children=955,946,877,844 grandchildren=9553,9461,8774,8447
HASH_ROUTE token=96 layer=10 children=1138,1140,978,815 grandchildren=11386,11409,9789,8152
HASH_ROUTE token=96 layer=11 children=914,872,904,1077 grandchildren=9142,8724,9048,10771
HASH_ROUTE token=96 layer=12 children=1176,534,213,1011 grandchildren=11766,5341,2138,10111
HASH_ROUTE token=96 layer=13 children=821,838,666,672 grandchildren=8213,8381,6666,6725
HASH_ROUTE token=96 layer=14 children=562,1203,244,559 grandchildren=5628,12031,2441,5595
HASH_ROUTE token=96 layer=15 children=243,277,405,889 grandchildren=2436,2778,4053,8896
HASH_ROUTE token=96 layer=16 children=176,334,225,382 grandchildren=1768,3341,2253,3828
HASH_ROUTE token=96 layer=17 children=184,1140,501,828 grandchildren=1849,11406,5018,8289
HASH_ROUTE token=96 layer=18 children=308,205,1107,1006 grandchildren=3082,2052,11076,10068
HASH_ROUTE token=96 layer=19 children=653,768,338,445 grandchildren=6536,7689,3388,4454
HASH_ROUTE token=96 layer=20 children=215,1015,532,204 grandchildren=2152,10153,5323,2045
HASH_ROUTE token=96 layer=21 children=410,399,98,361 grandchildren=4101,3991,986,3615
HASH_ROUTE token=96 layer=22 children=380,419,549,577 grandchildren=3804,4195,5496,5778
HASH_ROUTE token=96 layer=23 children=54,536,210,1178 grandchildren=549,5361,2109,11782
HASH_ROUTE token=97 layer=0 children=685,641,734,206 grandchildren=6856,6412,7346,2064
HASH_ROUTE token=97 layer=1 children=177,335,297,451 grandchildren=1773,3356,2974,4514
HASH_ROUTE token=97 layer=2 children=755,1237,1072,680 grandchildren=7552,12373,10723,6805
HASH_ROUTE token=97 layer=3 children=1229,584,1205,267 grandchildren=12297,5847,12056,2675
HASH_ROUTE token=97 layer=4 children=898,411,887,869 grandchildren=8983,4111,8873,8699
HASH_ROUTE token=97 layer=5 children=959,158,1114,928 grandchildren=9597,1585,11145,9289
HASH_ROUTE token=97 layer=6 children=1162,1157,525,512 grandchildren=11621,11572,5257,5129
HASH_ROUTE token=97 layer=7 children=695,1170,57,377 grandchildren=6958,11702,575,3772
HASH_ROUTE token=97 layer=8 children=1179,1126,1235,1161 grandchildren=11794,11266,12355,11612
HASH_ROUTE token=97 layer=9 children=862,874,955,1181 grandchildren=8627,8743,9558,11816
HASH_ROUTE token=97 layer=10 children=1121,963,806,1141 grandchildren=11215,9635,8065,11419
HASH_ROUTE token=97 layer=11 children=900,748,1069,931 grandchildren=9008,7489,10692,9315
HASH_ROUTE token=97 layer=12 children=262,1064,1229,197 grandchildren=2629,10649,12293,1974
HASH_ROUTE token=97 layer=13 children=604,1248,542,121 grandchildren=6043,12483,5425,1212
HASH_ROUTE token=97 layer=14 children=875,715,230,882 grandchildren=8757,7155,2303,8827
HASH_ROUTE token=97 layer=15 children=475,1119,957,315 grandchildren=4758,11196,9572,3152
HASH_ROUTE token=97 layer=16 children=176,334,252,410 grandchildren=1765,3349,2523,4109
HASH_ROUTE token=97 layer=17 children=1148,983,1193,501 grandchildren=11489,9832,11939,5012
HASH_ROUTE token=97 layer=18 children=889,1204,910,1234 grandchildren=8894,12049,9107,12348
HASH_ROUTE token=97 layer=19 children=338,351,653,12 grandchildren=3384,3512,6537,123
HASH_ROUTE token=97 layer=20 children=213,373,539,225 grandchildren=2134,3731,5397,2256
HASH_ROUTE token=97 layer=21 children=44,365,35,93 grandchildren=445,3657,351,932
HASH_ROUTE token=97 layer=22 children=863,902,832,883 grandchildren=8635,9024,8325,8837
HASH_ROUTE token=97 layer=23 children=214,530,54,1013 grandchildren=2146,5304,544,10134
HASH_ROUTE token=98 layer=0 children=153,53,72,65 grandchildren=1533,539,727,659
HASH_ROUTE token=98 layer=1 children=171,297,652,13 grandchildren=1712,2973,6521,139
HASH_ROUTE token=98 layer=2 children=747,588,424,1061 grandchildren=7475,5886,4248,10618
HASH_ROUTE token=98 layer=3 children=106,68,18,900 grandchildren=1069,687,189,9003
HASH_ROUTE token=98 layer=4 children=186,294,312,194 grandchildren=1866,2944,3125,1944
HASH_ROUTE token=98 layer=5 children=1179,1272,1210,1130 grandchildren=11793,12726,12107,11308
HASH_ROUTE token=98 layer=6 children=129,442,760,288 grandchildren=1296,4424,7606,2883
HASH_ROUTE token=98 layer=7 children=931,137,617,459 grandchildren=9313,1371,6179,4592
HASH_ROUTE token=98 layer=8 children=1112,953,314,1043 grandchildren=11121,9535,3145,10432
HASH_ROUTE token=98 layer=9 children=955,316,891,915 grandchildren=9554,3169,8917,9156
HASH_ROUTE token=98 layer=10 children=347,1145,180,446 grandchildren=3478,11458,1807,4461
HASH_ROUTE token=98 layer=11 children=24,1142,32,1154 grandchildren=244,11425,326,11542
HASH_ROUTE token=98 layer=12 children=378,327,478,219 grandchildren=3788,3271,4788,2197
HASH_ROUTE token=98 layer=13 children=786,148,943,463 grandchildren=7869,1482,9433,4635
HASH_ROUTE token=98 layer=14 children=693,777,792,537 grandchildren=6934,7772,7925,5376
HASH_ROUTE token=98 layer=15 children=995,1024,1040,831 grandchildren=9951,10247,10409,8315
HASH_ROUTE token=98 layer=16 children=365,437,346,459 grandchildren=3658,4377,3466,4594
HASH_ROUTE token=98 layer=17 children=981,188,1144,346 grandchildren=9815,1882,11444,3469
HASH_ROUTE token=98 layer=18 children=388,459,367,320 grandchildren=3885,4591,3675,3201
HASH_ROUTE token=98 layer=19 children=606,446,120,926 grandchildren=6064,4464,1209,9268
HASH_ROUTE token=98 layer=20 children=766,734,779,667 grandchildren=7663,7346,7795,6672
HASH_ROUTE token=98 layer=21 children=1030,992,236,870 grandchildren=10307,9923,2365,8705
HASH_ROUTE token=98 layer=22 children=745,424,102,656 grandchildren=7459,4248,1025,6564
HASH_ROUTE token=98 layer=23 children=879,907,861,945 grandchildren=8795,9074,8618,9452
HASH_ROUTE token=99 layer=0 children=755,649,779,713 grandchildren=7559,6497,7796,7135
HASH_ROUTE token=99 layer=1 children=527,689,504,663 grandchildren=5277,6896,5043,6635
HASH_ROUTE token=99 layer=2 children=352,830,36,991 grandchildren=3526,8308,368,9911
HASH_ROUTE token=99 layer=3 children=623,613,535,554 grandchildren=6232,6137,5351,5545
HASH_ROUTE token=99 layer=4 children=465,434,1260,452 grandchildren=4656,4349,12606,4529
HASH_ROUTE token=99 layer=5 children=320,809,963,168 grandchildren=3204,8094,9631,1688
HASH_ROUTE token=99 layer=6 children=461,785,620,946 grandchildren=4618,7856,6205,9465
HASH_ROUTE token=99 layer=7 children=148,99,38,621 grandchildren=1482,997,386,6212
HASH_ROUTE token=99 layer=8 children=1014,697,1100,786 grandchildren=10143,6976,11003,7868
HASH_ROUTE token=99 layer=9 children=131,55,938,156 grandchildren=1312,551,9388,1568
HASH_ROUTE token=99 layer=10 children=616,626,540,587 grandchildren=6165,6267,5409,5872
HASH_ROUTE token=99 layer=11 children=916,1077,866,753 grandchildren=9169,10772,8664,7536
HASH_ROUTE token=99 layer=12 children=359,839,1151,512 grandchildren=3591,8392,11515,5121
HASH_ROUTE token=99 layer=13 children=324,167,489,361 grandchildren=3243,1679,4894,3617
HASH_ROUTE token=99 layer=14 children=1102,1264,1096,947 grandchildren=11027,12645,10963,9472
HASH_ROUTE token=99 layer=15 children=767,127,1080,678 grandchildren=7676,1278,10805,6786
HASH_ROUTE token=99 layer=16 children=921,600,889,124 grandchildren=9215,6004,8899,1249
HASH_ROUTE token=99 layer=17 children=893,954,801,91 grandchildren=8935,9544,8014,916
HASH_ROUTE token=99 layer=18 children=740,1226,268,721 grandchildren=7401,12261,2687,7211
HASH_ROUTE token=99 layer=19 children=322,647,1121,482 grandchildren=3224,6472,11211,4827
HASH_ROUTE token=99 layer=20 children=1264,309,1223,786 grandchildren=12649,3092,12232,7869
HASH_ROUTE token=99 layer=21 children=1180,1238,700,65 grandchildren=11804,12384,7007,653
HASH_ROUTE token=99 layer=22 children=939,295,1090,772 grandchildren=9396,2951,10905,7728
HASH_ROUTE token=99 layer=23 children=109,45,71,261 grandchildren=1099,457,715,2619
HASH_ROUTE token=100 layer=0 children=49,360,1161,680 grandchildren=498,3602,11611,6809
HASH_ROUTE token=100 layer=1 children=205,297,239,841 grandchildren=2053,2978,2393,8411
HASH_ROUTE token=100 layer=2 children=895,735,810,1217 grandchildren=8957,7357,8105,12172
HASH_ROUTE token=100 layer=3 children=1095,291,133,613 grandchildren=10952,2915,1337,6139
HASH_ROUTE token=100 layer=4 children=182,190,827,160 grandchildren=1825,1901,8273,1601
HASH_ROUTE token=100 layer=5 children=467,300,370,445 grandchildren=4674,3007,3701,4457
HASH_ROUTE token=100 layer=6 children=676,761,714,35 grandchildren=6763,7619,7141,351
HASH_ROUTE token=100 layer=7 children=821,950,804,508 grandchildren=8219,9508,8047,5088
HASH_ROUTE token=100 layer=8 children=363,420,338,320 grandchildren=3638,4202,3384,3204
HASH_ROUTE token=100 layer=9 children=231,197,268,252 grandchildren=2312,1975,2684,2528
HASH_ROUTE token=100 layer=10 children=213,166,173,54 grandchildren=2135,1667,1731,541
HASH_ROUTE token=100 layer=11 children=77,875,26,156 grandchildren=775,8753,261,1563
HASH_ROUTE token=100 layer=12 children=882,868,81,61 grandchildren=8824,8686,815,613
HASH_ROUTE token=100 layer=13 children=826,26,667,987 grandchildren=8264,262,6678,9879
HASH_ROUTE token=100 layer=14 children=565,613,531,591 grandchildren=5658,6139,5313,5911
HASH_ROUTE token=100 layer=15 children=822,347,987,891 grandchildren=8222,3479,9872,8912
HASH_ROUTE token=100 layer=16 children=325,5,429,437 grandchildren=3258,54,4296,4378
HASH_ROUTE token=100 layer=17 children=983,349,1143,184 grandchildren=9835,3493,11433,1847
HASH_ROUTE token=100 layer=18 children=184,988,317,284 grandchildren=1845,9889,3174,2845
HASH_ROUTE token=100 layer=19 children=641,685,676,778 grandchildren=6417,6855,6762,7783
HASH_ROUTE token=100 layer=20 children=598,1072,279,757 grandchildren=5989,10722,2793,7578
HASH_ROUTE token=100 layer=21 children=1024,969,1058,1084 grandchildren=10245,9692,10584,10841
HASH_ROUTE token=100 layer=22 children=969,802,1123,1094 grandchildren=9698,8022,11231,10946
HASH_ROUTE token=100 layer=23 children=39,128,670,148 grandchildren=394,1287,6707,1486
HASH_ROUTE token=101 layer=0 children=641,326,4,967 grandchildren=6418,3261,42,9673
HASH_ROUTE token=101 layer=1 children=294,456,240,210 grandchildren=2944,4566,2402,2104
HASH_ROUTE token=101 layer=2 children=338,410,455,819 grandchildren=3388,4108,4556,8193
HASH_ROUTE token=101 layer=3 children=1228,108,582,428 grandchildren=12283,1084,5828,4282
HASH_ROUTE token=101 layer=4 children=204,318,196,287 grandchildren=2042,3185,1967,2878
HASH_ROUTE token=101 layer=5 children=1212,1177,1137,1265 grandchildren=12124,11772,11372,12652
HASH_ROUTE token=101 layer=6 children=246,728,1209,200 grandchildren=2464,7281,12092,2005
HASH_ROUTE token=101 layer=7 children=690,534,211,52 grandchildren=6903,5342,2119,524
HASH_ROUTE token=101 layer=8 children=954,314,794,1117 grandchildren=9548,3145,7943,11179
HASH_ROUTE token=101 layer=9 children=312,955,250,1273 grandchildren=3127,9551,2504,12739
HASH_ROUTE token=101 layer=10 children=547,506,563,387 grandchildren=5474,5066,5633,3879
HASH_ROUTE token=101 layer=11 children=40,73,59,64 grandchildren=402,732,599,645
HASH_ROUTE token=101 layer=12 children=329,807,370,857 grandchildren=3294,8079,3707,8578
HASH_ROUTE token=101 layer=13 children=91,145,81,39 grandchildren=918,1457,812,391
HASH_ROUTE token=101 layer=14 children=617,567,517,293 grandchildren=6175,5673,5179,2931
HASH_ROUTE token=101 layer=15 children=363,349,471,1166 grandchildren=3637,3497,4716,11666
HASH_ROUTE token=101 layer=16 children=191,163,222,1152 grandchildren=1917,1633,2229,11527
HASH_ROUTE token=101 layer=17 children=423,385,263,220 grandchildren=4232,3857,2639,2203
HASH_ROUTE token=101 layer=18 children=1067,266,428,909 grandchildren=10674,2665,4284,9099
HASH_ROUTE token=101 layer=19 children=100,907,262,744 grandchildren=1008,9073,2626,7445
HASH_ROUTE token=101 layer=20 children=1135,171,1227,1268 grandchildren=11355,1717,12273,12684
HASH_ROUTE token=101 layer=21 children=38,59,114,192 grandchildren=386,594,1144,1922
HASH_ROUTE token=101 layer=22 children=395,428,439,1037 grandchildren=3957,4284,4393,10377
HASH_ROUTE token=101 layer=23 children=239,872,71,242 grandchildren=2399,8726,719,2421
HASH_ROUTE token=102 layer=0 children=1007,1015,209,214 grandchildren=10071,10156,2092,2142
HASH_ROUTE token=102 layer=1 children=295,456,189,937 grandchildren=2953,4564,1898,9372
HASH_ROUTE token=102 layer=2 children=656,335,975,771 grandchildren=6563,3359,9757,7717
HASH_ROUTE token=102 layer=3 children=931,839,291,197 grandchildren=9313,8392,2916,1972
HASH_ROUTE token=102 layer=4 children=204,196,264,292 grandchildren=2047,1963,2646,2925
HASH_ROUTE token=102 layer=5 children=1173,1212,1229,1130 grandchildren=11733,12125,12298,11307
HASH_ROUTE token=102 layer=6 children=722,405,244,880 grandchildren=7224,4054,2446,8804
HASH_ROUTE token=102 layer=7 children=216,697,854,51 grandchildren=2166,6974,8545,516
HASH_ROUTE token=102 layer=8 children=917,947,751,783 grandchildren=9179,9476,7511,7832
HASH_ROUTE token=102 layer=9 children=312,248,308,262 grandchildren=3124,2483,3081,2622
HASH_ROUTE token=102 layer=10 children=1022,548,1064,1056 grandchildren=10229,5484,10641,10561
HASH_ROUTE token=102 layer=11 children=59,34,145,690 grandchildren=599,346,1455,6903
HASH_ROUTE token=102 layer=12 children=586,1222,261,420 grandchildren=5863,12223,2611,4209
HASH_ROUTE token=102 layer=13 children=124,91,47,149 grandchildren=1247,915,472,1498
HASH_ROUTE token=102 layer=14 children=760,922,743,799 grandchildren=7602,9228,7431,7996
HASH_ROUTE token=102 layer=15 children=340,339,472,363 grandchildren=3405,3396,4727,3632
HASH_ROUTE token=102 layer=16 children=410,98,1213,437 grandchildren=4107,988,12133,4377
HASH_ROUTE token=102 layer=17 children=426,384,264,343 grandchildren=4262,3847,2644,3435
HASH_ROUTE token=102 layer=18 children=942,867,1107,1024 grandchildren=9424,8679,11078,10245
HASH_ROUTE token=102 layer=19 children=192,179,239,355 grandchildren=1926,1799,2399,3555
HASH_ROUTE token=102 layer=20 children=1238,1148,437,1172 grandchildren=12383,11482,4374,11723
HASH_ROUTE token=102 layer=21 children=13,336,126,170 grandchildren=139,3368,1266,1708
HASH_ROUTE token=102 layer=22 children=265,174,213,314 grandchildren=2656,1749,2134,3143
HASH_ROUTE token=102 layer=23 children=235,197,263,308 grandchildren=2351,1973,2637,3087
HASH_ROUTE token=103 layer=0 children=108,40,7,744 grandchildren=1084,404,79,7445
HASH_ROUTE token=103 layer=1 children=786,301,777,748 grandchildren=7863,3016,7773,7481
HASH_ROUTE token=103 layer=2 children=1182,1239,65,1217 grandchildren=11822,12397,655,12178
HASH_ROUTE token=103 layer=3 children=848,205,687,853 grandchildren=8486,2053,6876,8533
HASH_ROUTE token=103 layer=4 children=292,457,218,237 grandchildren=2922,4575,2181,2376
HASH_ROUTE token=103 layer=5 children=856,373,861,1018 grandchildren=8562,3737,8614,10182
HASH_ROUTE token=103 layer=6 children=255,194,412,355 grandchildren=2557,1947,4128,3553
HASH_ROUTE token=103 layer=7 children=327,449,337,415 grandchildren=3278,4498,3379,4157
HASH_ROUTE token=103 layer=8 children=613,624,455,560 grandchildren=6139,6246,4555,5606
HASH_ROUTE token=103 layer=9 children=185,828,215,301 grandchildren=1855,8282,2154,3018
HASH_ROUTE token=103 layer=10 children=330,386,423,473 grandchildren=3302,3865,4239,4735
HASH_ROUTE token=103 layer=11 children=52,139,61,157 grandchildren=524,1394,613,1576
HASH_ROUTE token=103 layer=12 children=529,201,1162,635 grandchildren=5292,2013,11622,6359
HASH_ROUTE token=103 layer=13 children=895,830,887,1058 grandchildren=8955,8308,8873,10588
HASH_ROUTE token=103 layer=14 children=877,932,231,929 grandchildren=8776,9322,2311,9296
HASH_ROUTE token=103 layer=15 children=831,671,351,920 grandchildren=8318,6719,3511,9209
HASH_ROUTE token=103 layer=16 children=171,292,315,262 grandchildren=1714,2921,3157,2627
HASH_ROUTE token=103 layer=17 children=188,661,264,501 grandchildren=1887,6611,2645,5011
HASH_ROUTE token=103 layer=18 children=836,915,1155,857 grandchildren=8361,9153,11555,8578
HASH_ROUTE token=103 layer=19 children=393,358,75,39 grandchildren=3936,3581,751,399
HASH_ROUTE token=103 layer=20 children=215,242,311,225 grandchildren=2155,2423,3114,2256
HASH_ROUTE token=103 layer=21 children=52,93,16,43 grandchildren=529,936,166,433
HASH_ROUTE token=103 layer=22 children=938,863,455,389 grandchildren=9389,8632,4555,3895
HASH_ROUTE token=103 layer=23 children=306,145,621,193 grandchildren=3065,1454,6213,1932
HASH_ROUTE token=104 layer=0 children=150,50,41,477 grandchildren=1503,509,412,4775
HASH_ROUTE token=104 layer=1 children=297,456,193,779 grandchildren=2978,4568,1939,7796
HASH_ROUTE token=104 layer=2 children=737,755,696,749 grandchildren=7377,7552,6968,7499
HASH_ROUTE token=104 layer=3 children=931,298,779,1098 grandchildren=9316,2984,7794,10981
HASH_ROUTE token=104 layer=4 children=297,773,612,458 grandchildren=2973,7731,6122,4588
HASH_ROUTE token=104 layer=5 children=924,802,856,446 grandchildren=9246,8023,8569,4469
HASH_ROUTE token=104 layer=6 children=211,289,57,124 grandchildren=2111,2891,574,1249
HASH_ROUTE token=104 layer=7 children=356,679,473,330 grandchildren=3565,6796,4736,3303
HASH_ROUTE token=104 layer=8 children=950,799,887,848 grandchildren=9504,7997,8871,8486
HASH_ROUTE token=104 layer=9 children=298,1254,217,1178 grandchildren=2987,12544,2174,11782
HASH_ROUTE token=104 layer=10 children=1004,368,1065,1044 grandchildren=10049,3686,10655,10448
HASH_ROUTE token=104 layer=11 children=894,838,823,900 grandchildren=8944,8388,8237,9007
HASH_ROUTE token=104 layer=12 children=1201,403,248,723 grandchildren=12018,4033,2488,7237
HASH_ROUTE token=104 layer=13 children=781,674,629,517 grandchildren=7811,6748,6296,5172
HASH_ROUTE token=104 layer=14 children=231,267,242,212 grandchildren=2316,2676,2421,2128
HASH_ROUTE token=104 layer=15 children=831,995,352,671 grandchildren=8316,9956,3525,6719
HASH_ROUTE token=104 layer=16 children=206,171,276,248 grandchildren=2067,1718,2765,2483
HASH_ROUTE token=104 layer=17 children=509,558,1143,188 grandchildren=5093,5586,11438,1888
HASH_ROUTE token=104 layer=18 children=839,352,820,344 grandchildren=8391,3529,8208,3448
HASH_ROUTE token=104 layer=19 children=358,37,383,338 grandchildren=3588,376,3836,3389
HASH_ROUTE token=104 layer=20 children=157,633,318,1113 grandchildren=1579,6333,3188,11137
HASH_ROUTE token=104 layer=21 children=43,361,19,339 grandchildren=431,3611,194,3397
HASH_ROUTE token=104 layer=22 children=709,544,784,793 grandchildren=7097,5441,7841,7932
HASH_ROUTE token=104 layer=23 children=213,289,537,268 grandchildren=2138,2899,5377,2685
HASH_ROUTE token=105 layer=0 children=1082,446,1051,411 grandchildren=10823,4463,10519,4115
HASH_ROUTE token=105 layer=1 children=346,379,410,470 grandchildren=3469,3794,4104,4704
HASH_ROUTE token=105 layer=2 children=1007,1108,523,624 grandchildren=10071,11088,5238,6247
HASH_ROUTE token=105 layer=3 children=1272,1269,1218,1223 grandchildren=12725,12699,12183,12231
HASH_ROUTE token=105 layer=4 children=895,889,920,571 grandchildren=8956,8895,9203,5719
HASH_ROUTE token=105 layer=5 children=117,101,93,1238 grandchildren=1172,1017,932,12381
HASH_ROUTE token=105 layer=6 children=994,513,1091,356 grandchildren=9943,5137,10916,3565
HASH_ROUTE token=105 layer=7 children=510,353,1158,836 grandchildren=5104,3538,11589,8363
HASH_ROUTE token=105 layer=8 children=620,1101,1265,781 grandchildren=6206,11012,12657,7816
HASH_ROUTE token=105 layer=9 children=167,642,301,235 grandchildren=1674,6429,3014,2359
HASH_ROUTE token=105 layer=10 children=652,742,757,787 grandchildren=6529,7426,7573,7875
HASH_ROUTE token=105 layer=11 children=150,790,479,956 grandchildren=1506,7907,4799,9569
HASH_ROUTE token=105 layer=12 children=225,233,205,257 grandchildren=2259,2334,2053,2577
HASH_ROUTE token=105 layer=13 children=1019,1171,536,1112 grandchildren=10195,11711,5361,11127
HASH_ROUTE token=105 layer=14 children=235,873,298,248 grandchildren=2351,8738,2984,2482
HASH_ROUTE token=105 layer=15 children=379,1016,444,1081 grandchildren=3798,10164,4448,10816
HASH_ROUTE token=105 layer=16 children=1157,1219,350,1172 grandchildren=11573,12194,3504,11722
HASH_ROUTE token=105 layer=17 children=344,446,1143,396 grandchildren=3441,4465,11439,3968
HASH_ROUTE token=105 layer=18 children=1078,1046,911,889 grandchildren=10787,10465,9111,8898
HASH_ROUTE token=105 layer=19 children=338,654,351,679 grandchildren=3386,6546,3514,6799
HASH_ROUTE token=105 layer=20 children=1119,1016,1049,951 grandchildren=11199,10161,10491,9515
HASH_ROUTE token=105 layer=21 children=365,416,46,339 grandchildren=3657,4163,467,3392
HASH_ROUTE token=105 layer=22 children=544,590,220,580 grandchildren=5449,5902,2203,5804
HASH_ROUTE token=105 layer=23 children=214,536,199,306 grandchildren=2143,5367,1998,3064
HASH_ROUTE token=106 layer=0 children=479,955,356,839 grandchildren=4795,9554,3563,8397
HASH_ROUTE token=106 layer=1 children=424,345,456,261 grandchildren=4245,3455,4566,2617
HASH_ROUTE token=106 layer=2 children=1068,423,101,744 grandchildren=10684,4231,1011,7449
HASH_ROUTE token=106 layer=3 children=672,664,778,737 grandchildren=6726,6646,7785,7375
HASH_ROUTE token=106 layer=4 children=457,447,137,123 grandchildren=4572,4474,1373,1234
HASH_ROUTE token=106 layer=5 children=56,129,64,850 grandchildren=566,1295,644,8507
HASH_ROUTE token=106 layer=6 children=1089,285,1052,1101 grandchildren=10897,2855,10523,11011
HASH_ROUTE token=106 layer=7 children=1156,513,1144,194 grandchildren=11566,5132,11445,1947
HASH_ROUTE token=106 layer=8 children=56,535,852,112 grandchildren=563,5357,8529,1128
HASH_ROUTE token=106 layer=9 children=388,1021,402,220 grandchildren=3888,10212,4028,2207
HASH_ROUTE token=106 layer=10 children=1185,1178,1210,1244 grandchildren=11856,11787,12106,12443
HASH_ROUTE token=106 layer=11 children=787,1107,695,744 grandchildren=7877,11071,6954,7442
HASH_ROUTE token=106 layer=12 children=545,553,564,635 grandchildren=5453,5531,5641,6353
HASH_ROUTE token=106 layer=13 children=950,798,631,800 grandchildren=9504,7985,6311,8001
HASH_ROUTE token=106 layer=14 children=80,12,1202,1131 grandchildren=805,125,12028,11315
HASH_ROUTE token=106 layer=15 children=990,1081,1016,974 grandchildren=9906,10816,10164,9742
HASH_ROUTE token=106 layer=16 children=357,343,1151,1146 grandchildren=3577,3435,11516,11461
HASH_ROUTE token=106 layer=17 children=343,501,188,1143 grandchildren=3434,5012,1889,11431
HASH_ROUTE token=106 layer=18 children=452,402,935,351 grandchildren=4529,4026,9357,3514
HASH_ROUTE token=106 layer=19 children=676,719,653,36 grandchildren=6766,7192,6539,364
HASH_ROUTE token=106 layer=20 children=978,1016,813,851 grandchildren=9782,10161,8136,8514
HASH_ROUTE token=106 layer=21 children=441,332,414,320 grandchildren=4416,3321,4143,3205
HASH_ROUTE token=106 layer=22 children=542,607,1184,220 grandchildren=5423,6072,11842,2202
HASH_ROUTE token=106 layer=23 children=698,214,1174,650 grandchildren=6983,2143,11741,6502
HASH_ROUTE token=107 layer=0 children=1080,1016,768,449 grandchildren=10804,10162,7687,4496
HASH_ROUTE token=107 layer=1 children=349,405,453,361 grandchildren=3491,4059,4538,3615
HASH_ROUTE token=107 layer=2 children=1094,1057,1067,774 grandchildren=10946,10574,10678,7741
HASH_ROUTE token=107 layer=3 children=294,182,614,1258 grandchildren=2948,1822,6144,12581
HASH_ROUTE token=107 layer=4 children=895,578,97,734 grandchildren=8957,5789,971,7348
HASH_ROUTE token=107 layer=5 children=101,1229,87,1206 grandchildren=1011,12291,875,12061
HASH_ROUTE token=107 layer=6 children=776,132,293,1251 grandchildren=7765,1322,2939,12517
HASH_ROUTE token=107 layer=7 children=1215,891,1055,1123 grandchildren=12151,8913,10554,11231
HASH_ROUTE token=107 layer=8 children=1171,1230,539,592 grandchildren=11715,12308,5394,5926
HASH_ROUTE token=107 layer=9 children=188,160,821,253 grandchildren=1888,1604,8213,2531
HASH_ROUTE token=107 layer=10 children=1244,1120,1257,1138 grandchildren=12442,11201,12572,11387
HASH_ROUTE token=107 layer=11 children=865,705,1024,1188 grandchildren=8658,7057,10248,11885
HASH_ROUTE token=107 layer=12 children=587,545,513,555 grandchildren=5875,5456,5137,5557
HASH_ROUTE token=107 layer=13 children=1127,1218,1247,1136 grandchildren=11277,12181,12474,11361
HASH_ROUTE token=107 layer=14 children=261,582,206,527 grandchildren=2614,5825,2062,5277
HASH_ROUTE token=107 layer=15 children=233,182,310,871 grandchildren=2339,1829,3103,8711
HASH_ROUTE token=107 layer=16 children=191,254,350,410 grandchildren=1912,2545,3507,4104
HASH_ROUTE token=107 layer=17 children=1153,1140,1229,990 grandchildren=11536,11408,12298,9906
HASH_ROUTE token=107 layer=18 children=402,344,381,452 grandchildren=4027,3448,3813,4527
HASH_ROUTE token=107 layer=19 children=355,1151,338,1132 grandchildren=3552,11511,3386,11329
HASH_ROUTE token=107 layer=20 children=1044,975,1119,1017 grandchildren=10448,9759,11195,10177
HASH_ROUTE token=107 layer=21 children=335,363,19,441 grandchildren=3356,3636,196,4417
HASH_ROUTE token=107 layer=22 children=547,622,220,533 grandchildren=5476,6222,2202,5333
HASH_ROUTE token=107 layer=23 children=213,537,1174,190 grandchildren=2134,5379,11748,1904
HASH_ROUTE token=108 layer=0 children=1080,768,1016,449 grandchildren=10802,7683,10167,4491
HASH_ROUTE token=108 layer=1 children=180,349,241,405 grandchildren=1802,3494,2413,4051
HASH_ROUTE token=108 layer=2 children=1057,1090,1001,1108 grandchildren=10578,10904,10017,11085
HASH_ROUTE token=108 layer=3 children=1258,294,1145,1227 grandchildren=12584,2944,11457,12273
HASH_ROUTE token=108 layer=4 children=895,97,578,256 grandchildren=8951,979,5789,2563
HASH_ROUTE token=108 layer=5 children=67,1185,101,1223 grandchildren=677,11853,1012,12232
HASH_ROUTE token=108 layer=6 children=776,1251,617,132 grandchildren=7761,12514,6173,1329
HASH_ROUTE token=108 layer=7 children=58,62,98,136 grandchildren=588,629,989,1361
HASH_ROUTE token=108 layer=8 children=919,1232,856,279 grandchildren=9195,12326,8566,2798
HASH_ROUTE token=108 layer=9 children=645,804,167,668 grandchildren=6455,8049,1672,6686
HASH_ROUTE token=108 layer=10 children=763,650,447,331 grandchildren=7632,6503,4478,3317
HASH_ROUTE token=108 layer=11 children=147,10,60,34 grandchildren=1475,103,601,343
HASH_ROUTE token=108 layer=12 children=611,531,529,559 grandchildren=6113,5314,5297,5594
HASH_ROUTE token=108 layer=13 children=996,1075,673,753 grandchildren=9967,10758,6733,7531
HASH_ROUTE token=108 layer=14 children=1006,1111,1046,368 grandchildren=10061,11118,10469,3686
HASH_ROUTE token=108 layer=15 children=448,1081,920,767 grandchildren=4482,10811,9207,7674
HASH_ROUTE token=108 layer=16 children=410,358,361,334 grandchildren=4109,3583,3616,3345
HASH_ROUTE token=108 layer=17 children=343,1142,353,1157 grandchildren=3434,11425,3537,11573
HASH_ROUTE token=108 layer=18 children=858,910,839,370 grandchildren=8588,9104,8392,3701
HASH_ROUTE token=108 layer=19 children=653,679,789,1132 grandchildren=6534,6792,7893,11323
HASH_ROUTE token=108 layer=20 children=1119,1014,1049,317 grandchildren=11197,10144,10492,3175
HASH_ROUTE token=108 layer=21 children=362,416,208,358 grandchildren=3623,4164,2081,3581
HASH_ROUTE token=108 layer=22 children=227,307,271,544 grandchildren=2274,3071,2712,5444
HASH_ROUTE token=108 layer=23 children=536,517,57,31 grandchildren=5368,5174,577,317
HASH_ROUTE token=109 layer=0 children=153,53,72,65 grandchildren=1539,533,724,658
HASH_ROUTE token=109 layer=1 children=175,297,653,499 grandchildren=1755,2978,6539,4993
HASH_ROUTE token=109 layer=2 children=901,581,424,747 grandchildren=9012,5816,4242,7479
HASH_ROUTE token=109 layer=3 children=106,18,68,902 grandchildren=1065,182,685,9025
HASH_ROUTE token=109 layer=4 children=186,299,311,194 grandchildren=1861,2996,3114,1947
HASH_ROUTE token=109 layer=5 children=1210,1179,1272,1130 grandchildren=12101,11793,12726,11308
HASH_ROUTE token=109 layer=6 children=129,442,760,289 grandchildren=1296,4425,7604,2894
HASH_ROUTE token=109 layer=7 children=934,137,617,459 grandchildren=9347,1378,6175,4598
HASH_ROUTE token=109 layer=8 children=1112,953,314,1274 grandchildren=11128,9538,3141,12749
HASH_ROUTE token=109 layer=9 children=955,316,897,915 grandchildren=9554,3162,8973,9153
HASH_ROUTE token=109 layer=10 children=347,1145,180,446 grandchildren=3479,11452,1808,4469
HASH_ROUTE token=109 layer=11 children=24,1142,32,1154 grandchildren=243,11422,321,11541
HASH_ROUTE token=109 layer=12 children=378,327,219,478 grandchildren=3787,3278,2195,4789
HASH_ROUTE token=109 layer=13 children=786,145,943,463 grandchildren=7866,1459,9439,4631
HASH_ROUTE token=109 layer=14 children=777,696,616,537 grandchildren=7772,6966,6162,5371
HASH_ROUTE token=109 layer=15 children=995,1024,831,1040 grandchildren=9959,10247,8314,10408
HASH_ROUTE token=109 layer=16 children=365,437,346,459 grandchildren=3658,4375,3467,4598
HASH_ROUTE token=109 layer=17 children=981,188,1144,349 grandchildren=9818,1884,11448,3491
HASH_ROUTE token=109 layer=18 children=388,454,320,364 grandchildren=3887,4543,3204,3649
HASH_ROUTE token=109 layer=19 children=609,446,120,926 grandchildren=6099,4467,1209,9265
HASH_ROUTE token=109 layer=20 children=766,667,734,674 grandchildren=7665,6678,7343,6743
HASH_ROUTE token=109 layer=21 children=1030,993,1002,236 grandchildren=10307,9935,10023,2368
HASH_ROUTE token=109 layer=22 children=178,656,331,265 grandchildren=1781,6561,3318,2659
HASH_ROUTE token=109 layer=23 children=871,909,945,816 grandchildren=8711,9098,9453,8169
HASH_ROUTE token=110 layer=0 children=755,649,779,713 grandchildren=7555,6493,7798,7136
HASH_ROUTE token=110 layer=1 children=527,689,504,663 grandchildren=5276,6895,5041,6631
HASH_ROUTE token=110 layer=2 children=352,830,36,991 grandchildren=3529,8308,369,9912
HASH_ROUTE token=110 layer=3 children=623,613,535,554 grandchildren=6239,6139,5352,5543
HASH_ROUTE token=110 layer=4 children=465,434,1260,452 grandchildren=4653,4345,12607,4524
HASH_ROUTE token=110 layer=5 children=320,809,963,168 grandchildren=3208,8096,9633,1687
HASH_ROUTE token=110 layer=6 children=461,785,620,946 grandchildren=4616,7851,6204,9464
HASH_ROUTE token=110 layer=7 children=148,99,38,621 grandchildren=1485,996,385,6211
HASH_ROUTE token=110 layer=8 children=1014,697,1100,786 grandchildren=10143,6978,11009,7863
HASH_ROUTE token=110 layer=9 children=131,55,938,156 grandchildren=1317,558,9382,1569
HASH_ROUTE token=110 layer=10 children=616,626,540,587 grandchildren=6162,6267,5409,5875
HASH_ROUTE token=110 layer=11 children=916,1077,866,753 grandchildren=9167,10774,8669,7532
HASH_ROUTE token=110 layer=12 children=359,839,1151,512 grandchildren=3592,8399,11513,5128
HASH_ROUTE token=110 layer=13 children=324,167,489,361 grandchildren=3243,1676,4893,3617
HASH_ROUTE token=110 layer=14 children=1102,1264,1096,947 grandchildren=11027,12648,10963,9475
HASH_ROUTE token=110 layer=15 children=767,127,1080,678 grandchildren=7677,1272,10801,6787
HASH_ROUTE token=110 layer=16 children=921,600,889,124 grandchildren=9215,6002,8896,1242
HASH_ROUTE token=110 layer=17 children=893,954,801,91 grandchildren=8939,9548,8012,915
HASH_ROUTE token=110 layer=18 children=740,1226,268,721 grandchildren=7403,12262,2688,7217
HASH_ROUTE token=110 layer=19 children=322,647,1121,482 grandchildren=3224,6479,11219,4828
HASH_ROUTE token=110 layer=20 children=1264,309,1223,786 grandchildren=12643,3099,12236,7869
HASH_ROUTE token=110 layer=21 children=1180,1238,700,65 grandchildren=11806,12389,7009,657
HASH_ROUTE token=110 layer=22 children=939,295,1090,772 grandchildren=9396,2958,10908,7721
HASH_ROUTE token=110 layer=23 children=109,45,71,261 grandchildren=1094,456,715,2619
HASH_ROUTE token=111 layer=0 children=326,367,434,441 grandchildren=3269,3671,4349,4418
HASH_ROUTE token=111 layer=1 children=172,207,810,843 grandchildren=1723,2073,8104,8433
HASH_ROUTE token=111 layer=2 children=899,576,815,417 grandchildren=8991,5767,8154,4172
HASH_ROUTE token=111 layer=3 children=931,1090,130,294 grandchildren=9314,10909,1307,2946
HASH_ROUTE token=111 layer=4 children=635,317,959,475 grandchildren=6352,3179,9592,4758
HASH_ROUTE token=111 layer=5 children=1212,1130,1174,252 grandchildren=12124,11307,11749,2526
HASH_ROUTE token=111 layer=6 children=289,761,310,197 grandchildren=2893,7618,3102,1974
HASH_ROUTE token=111 layer=7 children=611,521,514,536 grandchildren=6119,5215,5147,5368
HASH_ROUTE token=111 layer=8 children=788,1105,627,944 grandchildren=7883,11056,6277,9445
HASH_ROUTE token=111 layer=9 children=838,513,191,892 grandchildren=8387,5134,1914,8928
HASH_ROUTE token=111 layer=10 children=240,275,187,727 grandchildren=2407,2751,1878,7277
HASH_ROUTE token=111 layer=11 children=10,490,6,173 grandchildren=101,4902,62,1736
HASH_ROUTE token=111 layer=12 children=684,1003,748,772 grandchildren=6848,10036,7484,7724
HASH_ROUTE token=111 layer=13 children=946,147,1260,1105 grandchildren=9469,1479,12602,11051
HASH_ROUTE token=111 layer=14 children=613,936,777,294 grandchildren=6131,9368,7779,2942
HASH_ROUTE token=111 layer=15 children=343,472,827,410 grandchildren=3433,4724,8277,4101
HASH_ROUTE token=111 layer=16 children=429,325,413,434 grandchildren=4293,3255,4137,4348
HASH_ROUTE token=111 layer=17 children=983,1060,662,1056 grandchildren=9837,10603,6627,10569
HASH_ROUTE token=111 layer=18 children=161,186,248,283 grandchildren=1617,1864,2485,2833
HASH_ROUTE token=111 layer=19 children=652,712,778,15 grandchildren=6521,7127,7787,158
HASH_ROUTE token=111 layer=20 children=318,634,178,278 grandchildren=3182,6347,1781,2783
HASH_ROUTE token=111 layer=21 children=10,40,93,335 grandchildren=104,408,931,3352
HASH_ROUTE token=111 layer=22 children=1247,1123,1084,969 grandchildren=12473,11235,10841,9693
HASH_ROUTE token=111 layer=23 children=34,124,44,86 grandchildren=348,1246,449,868
HASH_ROUTE token=112 layer=0 children=960,321,1089,1128 grandchildren=9603,3214,10894,11287
HASH_ROUTE token=112 layer=1 children=295,189,244,160 grandchildren=2953,1896,2448,1603
HASH_ROUTE token=112 layer=2 children=330,973,18,499 grandchildren=3309,9737,183,4993
HASH_ROUTE token=112 layer=3 children=107,1221,267,421 grandchildren=1077,12212,2678,4218
HASH_ROUTE token=112 layer=4 children=200,364,287,449 grandchildren=2008,3644,2873,4499
HASH_ROUTE token=112 layer=5 children=1213,1173,1134,252 grandchildren=12139,11732,11344,2527
HASH_ROUTE token=112 layer=6 children=246,725,1209,88 grandchildren=2464,7252,12097,884
HASH_ROUTE token=112 layer=7 children=697,52,219,534 grandchildren=6975,522,2197,5341
HASH_ROUTE token=112 layer=8 children=311,950,792,1117 grandchildren=3112,9507,7921,11176
HASH_ROUTE token=112 layer=9 children=312,257,957,795 grandchildren=3121,2579,9573,7953
HASH_ROUTE token=112 layer=10 children=545,591,707,1181 grandchildren=5453,5917,7071,11818
HASH_ROUTE token=112 layer=11 children=43,77,61,24 grandchildren=433,773,619,247
HASH_ROUTE token=112 layer=12 children=378,696,850,217 grandchildren=3786,6963,8508,2177
HASH_ROUTE token=112 layer=13 children=86,147,91,50 grandchildren=869,1473,914,508
HASH_ROUTE token=112 layer=14 children=293,196,248,282 grandchildren=2933,1967,2481,2827
HASH_ROUTE token=112 layer=15 children=1003,363,997,351 grandchildren=10036,3636,9975,3513
HASH_ROUTE token=112 layer=16 children=452,418,434,1253 grandchildren=4524,4186,4343,12535
HASH_ROUTE token=112 layer=17 children=180,215,238,1144 grandchildren=1806,2154,2388,11444
HASH_ROUTE token=112 layer=18 children=100,909,429,261 grandchildren=1005,9096,4295,2611
HASH_ROUTE token=112 layer=19 children=676,744,705,1152 grandchildren=6768,7448,7055,11528
HASH_ROUTE token=112 layer=20 children=213,319,244,198 grandchildren=2133,3191,2447,1988
HASH_ROUTE token=112 layer=21 children=33,46,70,831 grandchildren=333,463,704,8311
HASH_ROUTE token=112 layer=22 children=269,428,742,179 grandchildren=2693,4289,7426,1794
HASH_ROUTE token=112 layer=23 children=1037,235,1017,1064 grandchildren=10372,2355,10172,10643
HASH_ROUTE token=113 layer=0 children=846,920,361,41 grandchildren=8464,9203,3619,417
HASH_ROUTE token=113 layer=1 children=901,889,844,875 grandchildren=9015,8895,8448,8753
HASH_ROUTE token=113 layer=2 children=785,700,684,142 grandchildren=7857,7001,6843,1425
HASH_ROUTE token=113 layer=3 children=1142,1229,1152,27 grandchildren=11421,12299,11521,274
HASH_ROUTE token=113 layer=4 children=407,246,882,365 grandchildren=4076,2467,8829,3656
HASH_ROUTE token=113 layer=5 children=959,860,928,853 grandchildren=9598,8603,9284,8539
HASH_ROUTE token=113 layer=6 children=723,644,735,680 grandchildren=7237,6449,7354,6802
HASH_ROUTE token=113 layer=7 children=855,57,884,89 grandchildren=8554,573,8842,895
HASH_ROUTE token=113 layer=8 children=914,948,823,844 grandchildren=9144,9483,8231,8449
HASH_ROUTE token=113 layer=9 children=310,188,227,271 grandchildren=3108,1882,2274,2714
HASH_ROUTE token=113 layer=10 children=1101,1045,1056,1002 grandchildren=11012,10453,10565,10026
HASH_ROUTE token=113 layer=11 children=56,150,130,88 grandchildren=567,1509,1307,883
HASH_ROUTE token=113 layer=12 children=486,1127,169,804 grandchildren=4866,11273,1698,8048
HASH_ROUTE token=113 layer=13 children=97,738,49,681 grandchildren=973,7388,499,6817
HASH_ROUTE token=113 layer=14 children=937,850,891,879 grandchildren=9377,8509,8916,8798
HASH_ROUTE token=113 layer=15 children=324,346,339,965 grandchildren=3245,3465,3392,9657
HASH_ROUTE token=113 layer=16 children=702,387,738,413 grandchildren=7025,3879,7386,4132
HASH_ROUTE token=113 layer=17 children=188,983,1144,348 grandchildren=1886,9834,11447,3489
HASH_ROUTE token=113 layer=18 children=335,436,970,1077 grandchildren=3355,4362,9701,10777
HASH_ROUTE token=113 layer=19 children=423,355,261,391 grandchildren=4232,3552,2615,3918
HASH_ROUTE token=113 layer=20 children=270,219,438,185 grandchildren=2707,2199,4381,1856
HASH_ROUTE token=113 layer=21 children=254,1051,1216,179 grandchildren=2545,10513,12161,1791
HASH_ROUTE token=113 layer=22 children=269,902,1224,281 grandchildren=2692,9026,12246,2817
HASH_ROUTE token=113 layer=23 children=1152,190,830,1174 grandchildren=11521,1908,8307,11742
HASH_ROUTE token=114 layer=0 children=441,120,329,360 grandchildren=4416,1204,3295,3604
HASH_ROUTE token=114 layer=1 children=405,354,342,433 grandchildren=4051,3542,3421,4333
HASH_ROUTE token=114 layer=2 children=737,575,419,1217 grandchildren=7371,5754,4197,12173
HASH_ROUTE token=114 layer=3 children=140,304,783,1104 grandchildren=1408,3041,7836,11045
HASH_ROUTE token=114 layer=4 children=454,461,439,1257 grandchildren=4543,4619,4393,12571
HASH_ROUTE token=114 layer=5 children=1239,1240,1184,914 grandchildren=12399,12409,11843,9142
HASH_ROUTE token=114 layer=6 children=200,244,253,225 grandchildren=2007,2441,2533,2259
HASH_ROUTE token=114 layer=7 children=368,845,201,44 grandchildren=3685,8456,2017,442
HASH_ROUTE token=114 layer=8 children=149,624,463,66 grandchildren=1495,6241,4637,664
HASH_ROUTE token=114 layer=9 children=828,184,876,233 grandchildren=8284,1842,8762,2338
HASH_ROUTE token=114 layer=10 children=418,362,898,456 grandchildren=4182,3622,8988,4561
HASH_ROUTE token=114 layer=11 children=860,935,857,706 grandchildren=8601,9351,8575,7063
HASH_ROUTE token=114 layer=12 children=1165,848,1178,1242 grandchildren=11651,8481,11789,12422
HASH_ROUTE token=114 layer=13 children=838,891,994,800 grandchildren=8386,8915,9949,8008
HASH_ROUTE token=114 layer=14 children=931,1097,298,820 grandchildren=9315,10976,2988,8201
HASH_ROUTE token=114 layer=15 children=918,1071,751,823 grandchildren=9188,10717,7516,8239
HASH_ROUTE token=114 layer=16 children=164,232,217,254 grandchildren=1647,2326,2174,2541
HASH_ROUTE token=114 layer=17 children=983,188,824,1144 grandchildren=9834,1889,8247,11447
HASH_ROUTE token=114 layer=18 children=836,510,195,994 grandchildren=8366,5109,1958,9947
HASH_ROUTE token=114 layer=19 children=355,440,338,199 grandchildren=3552,4408,3383,1999
HASH_ROUTE token=114 layer=20 children=244,213,197,294 grandchildren=2449,2132,1975,2948
HASH_ROUTE token=114 layer=21 children=416,362,254,897 grandchildren=4165,3622,2543,8979
HASH_ROUTE token=114 layer=22 children=1179,1257,1216,1184 grandchildren=11791,12575,12168,11841
HASH_ROUTE token=114 layer=23 children=538,690,610,59 grandchildren=5387,6904,6108,591
HASH_ROUTE token=115 layer=0 children=153,65,955,41 grandchildren=1538,653,9551,411
HASH_ROUTE token=115 layer=1 children=749,721,659,765 grandchildren=7493,7219,6591,7657
HASH_ROUTE token=115 layer=2 children=1200,1224,1241,1164 grandchildren=12005,12241,12413,11642
HASH_ROUTE token=115 layer=3 children=100,428,1229,907 grandchildren=1008,4287,12296,9075
HASH_ROUTE token=115 layer=4 children=457,322,349,294 grandchildren=4574,3223,3497,2946
HASH_ROUTE token=115 layer=5 children=928,896,1241,856 grandchildren=9286,8968,12412,8567
HASH_ROUTE token=115 layer=6 children=727,765,683,244 grandchildren=7279,7651,6836,2444
HASH_ROUTE token=115 layer=7 children=404,729,84,362 grandchildren=4041,7295,846,3622
HASH_ROUTE token=115 layer=8 children=946,822,932,850 grandchildren=9468,8228,9328,8508
HASH_ROUTE token=115 layer=9 children=877,959,897,921 grandchildren=8776,9594,8976,9219
HASH_ROUTE token=115 layer=10 children=1086,1244,446,975 grandchildren=10867,12448,4465,9756
HASH_ROUTE token=115 layer=11 children=931,136,1256,1096 grandchildren=9319,1367,12566,10961
HASH_ROUTE token=115 layer=12 children=315,1274,474,635 grandchildren=3154,12746,4748,6354
HASH_ROUTE token=115 layer=13 children=634,1118,517,530 grandchildren=6341,11189,5179,5308
HASH_ROUTE token=115 layer=14 children=246,264,884,199 grandchildren=2466,2647,8843,1998
HASH_ROUTE token=115 layer=15 children=443,1083,283,920 grandchildren=4437,10835,2832,9204
HASH_ROUTE token=115 layer=16 children=178,276,334,247 grandchildren=1785,2764,3342,2473
HASH_ROUTE token=115 layer=17 children=983,180,998,195 grandchildren=9839,1804,9983,1952
HASH_ROUTE token=115 layer=18 children=910,830,954,116 grandchildren=9109,8308,9549,1167
HASH_ROUTE token=115 layer=19 children=353,338,422,321 grandchildren=3537,3382,4227,3211
HASH_ROUTE token=115 layer=20 children=214,374,1011,273 grandchildren=2149,3748,10116,2734
HASH_ROUTE token=115 layer=21 children=11,33,43,492 grandchildren=117,339,434,4923
HASH_ROUTE token=115 layer=22 children=730,719,684,656 grandchildren=7303,7193,6842,6562
HASH_ROUTE token=115 layer=23 children=46,208,522,127 grandchildren=467,2085,5226,1275
HASH_ROUTE token=116 layer=0 children=153,66,479,122 grandchildren=1538,668,4798,1223
HASH_ROUTE token=116 layer=1 children=688,772,209,297 grandchildren=6886,7726,2098,2972
HASH_ROUTE token=116 layer=2 children=1122,169,1206,1239 grandchildren=11224,1694,12067,12399
HASH_ROUTE token=116 layer=3 children=746,662,904,778 grandchildren=7462,6623,9047,7785
HASH_ROUTE token=116 layer=4 children=344,457,182,988 grandchildren=3447,4571,1828,9885
HASH_ROUTE token=116 layer=5 children=768,928,283,1080 grandchildren=7686,9281,2839,10803
HASH_ROUTE token=116 layer=6 children=725,400,566,735 grandchildren=7259,4007,5662,7355
HASH_ROUTE token=116 layer=7 children=1011,1173,539,374 grandchildren=10112,11734,5398,3748
HASH_ROUTE token=116 layer=8 children=474,457,953,388 grandchildren=4748,4571,9533,3889
HASH_ROUTE token=116 layer=9 children=890,256,413,955 grandchildren=8907,2566,4132,9559
HASH_ROUTE token=116 layer=10 children=655,640,686,762 grandchildren=6551,6402,6869,7628
HASH_ROUTE token=116 layer=11 children=1097,777,1013,1004 grandchildren=10972,7775,10137,10045
HASH_ROUTE token=116 layer=12 children=198,1150,315,1278 grandchildren=1987,11503,3157,12788
HASH_ROUTE token=116 layer=13 children=695,673,739,652 grandchildren=6955,6738,7393,6527
HASH_ROUTE token=116 layer=14 children=243,275,299,226 grandchildren=2433,2751,2996,2264
HASH_ROUTE token=116 layer=15 children=919,439,956,882 grandchildren=9193,4392,9561,8828
HASH_ROUTE token=116 layer=16 children=386,359,429,405 grandchildren=3869,3594,4298,4056
HASH_ROUTE token=116 layer=17 children=983,967,500,1143 grandchildren=9834,9674,5005,11435
HASH_ROUTE token=116 layer=18 children=956,929,832,820 grandchildren=9566,9297,8326,8206
HASH_ROUTE token=116 layer=19 children=353,338,422,517 grandchildren=3536,3382,4222,5172
HASH_ROUTE token=116 layer=20 children=1075,595,272,1018 grandchildren=10753,5955,2722,10188
HASH_ROUTE token=116 layer=21 children=410,423,94,104 grandchildren=4102,4231,943,1047
HASH_ROUTE token=116 layer=22 children=719,793,646,764 grandchildren=7196,7936,6465,7647
HASH_ROUTE token=116 layer=23 children=128,46,54,111 grandchildren=1287,466,545,1112
HASH_ROUTE token=117 layer=0 children=399,445,438,382 grandchildren=3996,4456,4382,3828
HASH_ROUTE token=117 layer=1 children=456,936,339,394 grandchildren=4568,9361,3394,3945
HASH_ROUTE token=117 layer=2 children=1003,525,841,1079 grandchildren=10038,5251,8418,10799
HASH_ROUTE token=117 layer=3 children=745,794,725,100 grandchildren=7457,7943,7254,1003
HASH_ROUTE token=117 layer=4 children=1247,449,925,1125 grandchildren=12472,4494,9254,11252
HASH_ROUTE token=117 layer=5 children=1179,56,1137,1239 grandchildren=11798,568,11378,12394
HASH_ROUTE token=117 layer=6 children=1169,1004,1214,200 grandchildren=11694,10041,12149,2009
HASH_ROUTE token=117 layer=7 children=125,51,762,697 grandchildren=1253,519,7625,6979
HASH_ROUTE token=117 layer=8 children=51,146,116,152 grandchildren=519,1464,1163,1526
HASH_ROUTE token=117 layer=9 children=639,310,613,600 grandchildren=6397,3103,6138,6003
HASH_ROUTE token=117 layer=10 children=462,447,1262,337 grandchildren=4624,4471,12626,3374
HASH_ROUTE token=117 layer=11 children=157,65,11,790 grandchildren=1577,653,118,7909
HASH_ROUTE token=117 layer=12 children=181,313,205,213 grandchildren=1818,3132,2053,2134
HASH_ROUTE token=117 layer=13 children=797,153,1118,1277 grandchildren=7973,1538,11186,12773
HASH_ROUTE token=117 layer=14 children=877,236,715,1039 grandchildren=8771,2365,7155,10396
HASH_ROUTE token=117 layer=15 children=472,794,1119,956 grandchildren=4725,7943,11199,9564
HASH_ROUTE token=117 layer=16 children=225,191,171,1187 grandchildren=2259,1915,1712,11873
HASH_ROUTE token=117 layer=17 children=824,983,343,661 grandchildren=8245,9837,3433,6618
HASH_ROUTE token=117 layer=18 children=516,997,592,836 grandchildren=5167,9978,5924,8367
HASH_ROUTE token=117 layer=19 children=338,353,15,346 grandchildren=3383,3535,156,3468
HASH_ROUTE token=117 layer=20 children=341,373,185,213 grandchildren=3412,3737,1856,2134
HASH_ROUTE token=117 layer=21 children=13,62,38,43 grandchildren=138,624,387,431
HASH_ROUTE token=117 layer=22 children=863,945,819,936 grandchildren=8633,9459,8198,9369
HASH_ROUTE token=117 layer=23 children=261,309,199,214 grandchildren=2613,3099,1991,2144
HASH_ROUTE token=118 layer=0 children=1121,166,1162,1218 grandchildren=11214,1669,11625,12186
HASH_ROUTE token=118 layer=1 children=164,201,287,297 grandchildren=1645,2011,2871,2979
HASH_ROUTE token=118 layer=2 children=1074,1054,753,436 grandchildren=10747,10547,7537,4365
HASH_ROUTE token=118 layer=3 children=939,619,771,839 grandchildren=9395,6196,7714,8396
HASH_ROUTE token=118 layer=4 children=414,442,461,372 grandchildren=4149,4421,4616,3728
HASH_ROUTE token=118 layer=5 children=1223,1184,1173,1217 grandchildren=12235,11844,11735,12179
HASH_ROUTE token=118 layer=6 children=685,735,795,726 grandchildren=6851,7359,7955,7265
HASH_ROUTE token=118 layer=7 children=125,1083,113,80 grandchildren=1259,10837,1135,806
HASH_ROUTE token=118 layer=8 children=915,848,1078,1009 grandchildren=9153,8481,10784,10092
HASH_ROUTE token=118 layer=9 children=207,844,180,828 grandchildren=2079,8441,1804,8286
HASH_ROUTE token=118 layer=10 children=707,784,1022,753 grandchildren=7076,7846,10222,7531
HASH_ROUTE token=118 layer=11 children=690,705,794,1013 grandchildren=6909,7059,7947,10132
HASH_ROUTE token=118 layer=12 children=212,1175,198,171 grandchildren=2121,11756,1983,1713
HASH_ROUTE token=118 layer=13 children=1243,1194,1122,1086 grandchildren=12438,11948,11221,10863
HASH_ROUTE token=118 layer=14 children=276,230,317,918 grandchildren=2761,2305,3179,9181
HASH_ROUTE token=118 layer=15 children=379,472,462,440 grandchildren=3792,4721,4628,4405
HASH_ROUTE token=118 layer=16 children=252,410,899,572 grandchildren=2523,4102,8997,5729
HASH_ROUTE token=118 layer=17 children=861,220,1180,827 grandchildren=8614,2208,11801,8277
HASH_ROUTE token=118 layer=18 children=949,921,956,304 grandchildren=9493,9213,9562,3048
HASH_ROUTE token=118 layer=19 children=355,338,419,349 grandchildren=3551,3387,4195,3498
HASH_ROUTE token=118 layer=20 children=1016,532,213,1075 grandchildren=10162,5322,2139,10753
HASH_ROUTE token=118 layer=21 children=367,346,44,414 grandchildren=3674,3464,449,4142
HASH_ROUTE token=118 layer=22 children=892,419,952,832 grandchildren=8923,4192,9521,8322
HASH_ROUTE token=118 layer=23 children=248,217,274,307 grandchildren=2488,2175,2742,3072
HASH_ROUTE token=119 layer=0 children=441,120,361,327 grandchildren=4416,1204,3612,3275
HASH_ROUTE token=119 layer=1 children=663,746,739,342 grandchildren=6633,7461,7391,3421
HASH_ROUTE token=119 layer=2 children=418,335,466,340 grandchildren=4185,3358,4667,3403
HASH_ROUTE token=119 layer=3 children=677,753,775,786 grandchildren=6773,7538,7757,7866
HASH_ROUTE token=119 layer=4 children=444,348,450,388 grandchildren=4446,3481,4506,3887
HASH_ROUTE token=119 layer=5 children=891,411,928,1210 grandchildren=8914,4117,9289,12109
HASH_ROUTE token=119 layer=6 children=960,1122,486,1063 grandchildren=9605,11226,4869,10636
HASH_ROUTE token=119 layer=7 children=400,411,345,444 grandchildren=4004,4119,3452,4441
HASH_ROUTE token=119 layer=8 children=462,944,471,955 grandchildren=4622,9445,4713,9554
HASH_ROUTE token=119 layer=9 children=1034,985,1082,232 grandchildren=10347,9855,10821,2323
HASH_ROUTE token=119 layer=10 children=868,69,895,93 grandchildren=8686,693,8957,938
HASH_ROUTE token=119 layer=11 children=869,914,700,387 grandchildren=8697,9144,7009,3876
HASH_ROUTE token=119 layer=12 children=855,213,848,943 grandchildren=8555,2136,8481,9431
HASH_ROUTE token=119 layer=13 children=37,99,996,1051 grandchildren=378,991,9963,10514
HASH_ROUTE token=119 layer=14 children=188,820,316,294 grandchildren=1883,8206,3167,2943
HASH_ROUTE token=119 layer=15 children=831,955,920,819 grandchildren=8315,9553,9209,8195
HASH_ROUTE token=119 layer=16 children=262,252,232,225 grandchildren=2624,2528,2329,2252
HASH_ROUTE token=119 layer=17 children=983,828,995,1144 grandchildren=9833,8284,9951,11446
HASH_ROUTE token=119 layer=18 children=997,1094,972,352 grandchildren=9973,10947,9723,3521
HASH_ROUTE token=119 layer=19 children=141,13,39,942 grandchildren=1415,133,399,9426
HASH_ROUTE token=119 layer=20 children=213,208,246,532 grandchildren=2139,2088,2464,5323
HASH_ROUTE token=119 layer=21 children=332,454,443,381 grandchildren=3324,4546,4438,3812
HASH_ROUTE token=119 layer=22 children=962,1017,1113,1124 grandchildren=9621,10172,11139,11242
HASH_ROUTE token=119 layer=23 children=530,54,696,517 grandchildren=5308,547,6963,5173
HASH_ROUTE token=120 layer=0 children=153,53,72,65 grandchildren=1533,533,724,656
HASH_ROUTE token=120 layer=1 children=175,297,652,499 grandchildren=1754,2971,6524,4997
HASH_ROUTE token=120 layer=2 children=747,1060,100,588 grandchildren=7473,10606,1003,5884
HASH_ROUTE token=120 layer=3 children=106,68,18,900 grandchildren=1067,687,184,9009
HASH_ROUTE token=120 layer=4 children=186,294,312,194 grandchildren=1863,2949,3127,1943
HASH_ROUTE token=120 layer=5 children=1272,1179,1210,1130 grandchildren=12721,11796,12101,11305
HASH_ROUTE token=120 layer=6 children=129,760,442,288 grandchildren=1298,7605,4422,2884
HASH_ROUTE token=120 layer=7 children=931,137,617,459 grandchildren=9312,1378,6177,4592
HASH_ROUTE token=120 layer=8 children=1112,953,314,1043 grandchildren=11124,9532,3148,10438
HASH_ROUTE token=120 layer=9 children=955,314,897,917 grandchildren=9554,3148,8977,9178
HASH_ROUTE token=120 layer=10 children=347,1145,180,446 grandchildren=3476,11451,1803,4465
HASH_ROUTE token=120 layer=11 children=24,1142,32,1156 grandchildren=242,11426,327,11564
HASH_ROUTE token=120 layer=12 children=378,327,478,219 grandchildren=3783,3279,4784,2191
HASH_ROUTE token=120 layer=13 children=148,786,948,463 grandchildren=1481,7864,9486,4639
HASH_ROUTE token=120 layer=14 children=777,696,616,791 grandchildren=7776,6967,6164,7911
HASH_ROUTE token=120 layer=15 children=995,1024,1040,831 grandchildren=9955,10242,10401,8316
HASH_ROUTE token=120 layer=16 children=365,437,346,418 grandchildren=3651,4371,3464,4188
HASH_ROUTE token=120 layer=17 children=981,188,1144,346 grandchildren=9819,1887,11446,3466
HASH_ROUTE token=120 layer=18 children=388,364,459,1023 grandchildren=3885,3648,4591,10236
HASH_ROUTE token=120 layer=19 children=606,446,120,523 grandchildren=6061,4468,1207,5239
HASH_ROUTE token=120 layer=20 children=766,667,677,730 grandchildren=7669,6674,6771,7304
HASH_ROUTE token=120 layer=21 children=1030,559,871,230 grandchildren=10302,5599,8716,2309
HASH_ROUTE token=120 layer=22 children=656,742,13,101 grandchildren=6562,7427,139,1016
HASH_ROUTE token=120 layer=23 children=940,906,879,1268 grandchildren=9402,9065,8796,12687
HASH_ROUTE token=121 layer=0 children=755,649,779,713 grandchildren=7552,6492,7799,7133
HASH_ROUTE token=121 layer=1 children=527,689,504,663 grandchildren=5276,6893,5042,6639
HASH_ROUTE token=121 layer=2 children=352,830,36,991 grandchildren=3524,8309,367,9912
HASH_ROUTE token=121 layer=3 children=623,613,535,554 grandchildren=6232,6139,5354,5543
HASH_ROUTE token=121 layer=4 children=465,434,1260,452 grandchildren=4653,4349,12607,4522
HASH_ROUTE token=121 layer=5 children=320,809,963,168 grandchildren=3201,8098,9635,1689
HASH_ROUTE token=121 layer=6 children=461,785,620,946 grandchildren=4615,7851,6202,9465
HASH_ROUTE token=121 layer=7 children=148,99,38,621 grandchildren=1481,992,384,6215
HASH_ROUTE token=121 layer=8 children=1014,697,1100,786 grandchildren=10142,6973,11003,7867
HASH_ROUTE token=121 layer=9 children=131,55,938,156 grandchildren=1313,552,9383,1564
HASH_ROUTE token=121 layer=10 children=616,626,540,587 grandchildren=6161,6261,5402,5873
HASH_ROUTE token=121 layer=11 children=916,1077,866,753 grandchildren=9161,10776,8666,7538
HASH_ROUTE token=121 layer=12 children=359,839,1151,512 grandchildren=3598,8397,11513,5124
HASH_ROUTE token=121 layer=13 children=324,167,489,361 grandchildren=3243,1671,4893,3612
HASH_ROUTE token=121 layer=14 children=1102,1264,1096,947 grandchildren=11023,12649,10966,9479
HASH_ROUTE token=121 layer=15 children=767,127,1080,678 grandchildren=7677,1271,10804,6785
HASH_ROUTE token=121 layer=16 children=921,600,889,124 grandchildren=9212,6001,8894,1242
HASH_ROUTE token=121 layer=17 children=893,954,801,91 grandchildren=8936,9544,8019,919
HASH_ROUTE token=121 layer=18 children=740,1226,268,721 grandchildren=7405,12269,2682,7212
HASH_ROUTE token=121 layer=19 children=322,647,1121,482 grandchildren=3221,6473,11215,4822
HASH_ROUTE token=121 layer=20 children=1264,309,1223,786 grandchildren=12648,3098,12237,7868
HASH_ROUTE token=121 layer=21 children=1180,1238,700,65 grandchildren=11805,12385,7002,659
HASH_ROUTE token=121 layer=22 children=939,295,1090,772 grandchildren=9392,2959,10901,7725
HASH_ROUTE token=121 layer=23 children=109,45,71,261 grandchildren=1093,458,715,2616
HASH_ROUTE token=122 layer=0 children=326,367,434,441 grandchildren=3264,3671,4344,4417
HASH_ROUTE token=122 layer=1 children=172,207,810,843 grandchildren=1721,2074,8105,8437
HASH_ROUTE token=122 layer=2 children=899,576,815,417 grandchildren=8998,5763,8159,4175
HASH_ROUTE token=122 layer=3 children=931,1090,130,294 grandchildren=9318,10909,1305,2946
HASH_ROUTE token=122 layer=4 children=635,317,959,475 grandchildren=6355,3177,9597,4756
HASH_ROUTE token=122 layer=5 children=1212,1130,1174,252 grandchildren=12129,11309,11748,2528
HASH_ROUTE token=122 layer=6 children=289,761,310,197 grandchildren=2898,7611,3102,1976
HASH_ROUTE token=122 layer=7 children=611,521,514,536 grandchildren=6111,5213,5145,5364
HASH_ROUTE token=122 layer=8 children=788,1105,627,944 grandchildren=7888,11058,6278,9447
HASH_ROUTE token=122 layer=9 children=838,513,191,892 grandchildren=8388,5135,1914,8923
HASH_ROUTE token=122 layer=10 children=240,275,187,727 grandchildren=2408,2759,1875,7272
HASH_ROUTE token=122 layer=11 children=10,490,6,173 grandchildren=102,4905,65,1735
HASH_ROUTE token=122 layer=12 children=684,1003,748,772 grandchildren=6845,10035,7482,7728
HASH_ROUTE token=122 layer=13 children=946,147,1260,1105 grandchildren=9469,1471,12601,11051
HASH_ROUTE token=122 layer=14 children=613,936,777,294 grandchildren=6138,9364,7778,2941
HASH_ROUTE token=122 layer=15 children=343,472,827,410 grandchildren=3431,4727,8274,4101
HASH_ROUTE token=122 layer=16 children=429,325,413,434 grandchildren=4295,3253,4132,4349
HASH_ROUTE token=122 layer=17 children=983,1060,662,1056 grandchildren=9831,10602,6625,10566
HASH_ROUTE token=122 layer=18 children=161,186,248,283 grandchildren=1617,1867,2487,2832
HASH_ROUTE token=122 layer=19 children=652,712,778,15 grandchildren=6525,7127,7787,154
HASH_ROUTE token=122 layer=20 children=318,634,178,278 grandchildren=3185,6343,1785,2783
HASH_ROUTE token=122 layer=21 children=10,40,93,335 grandchildren=105,406,936,3359
HASH_ROUTE token=122 layer=22 children=1247,1123,1084,969 grandchildren=12472,11235,10841,9699
HASH_ROUTE token=122 layer=23 children=34,124,44,86 grandchildren=341,1247,443,868
HASH_ROUTE token=123 layer=0 children=960,321,1089,1128 grandchildren=9608,3213,10897,11283
HASH_ROUTE token=123 layer=1 children=295,189,244,160 grandchildren=2953,1894,2444,1603
HASH_ROUTE token=123 layer=2 children=330,973,18,499 grandchildren=3303,9734,185,4995
HASH_ROUTE token=123 layer=3 children=107,1221,267,421 grandchildren=1072,12219,2675,4215
HASH_ROUTE token=123 layer=4 children=200,364,287,449 grandchildren=2009,3648,2875,4497
HASH_ROUTE token=123 layer=5 children=1213,1173,1134,252 grandchildren=12133,11735,11341,2529
HASH_ROUTE token=123 layer=6 children=246,725,1209,88 grandchildren=2461,7252,12092,883
HASH_ROUTE token=123 layer=7 children=697,52,219,534 grandchildren=6975,528,2199,5341
HASH_ROUTE token=123 layer=8 children=311,950,792,1117 grandchildren=3118,9506,7923,11172
HASH_ROUTE token=123 layer=9 children=312,257,957,795 grandchildren=3123,2572,9578,7958
HASH_ROUTE token=123 layer=10 children=545,591,707,1181 grandchildren=5455,5917,7071,11817
HASH_ROUTE token=123 layer=11 children=43,77,61,24 grandchildren=437,778,618,245
HASH_ROUTE token=123 layer=12 children=378,696,850,217 grandchildren=3787,6961,8507,2179
HASH_ROUTE token=123 layer=13 children=86,147,91,50 grandchildren=866,1476,919,506
HASH_ROUTE token=123 layer=14 children=293,196,248,282 grandchildren=2935,1969,2487,2828
HASH_ROUTE token=123 layer=15 children=1003,363,997,351 grandchildren=10036,3639,9979,3516
HASH_ROUTE token=123 layer=16 children=452,418,434,1253 grandchildren=4529,4189,4341,12539
HASH_ROUTE token=123 layer=17 children=180,215,238,1144 grandchildren=1806,2155,2385,11447
HASH_ROUTE token=123 layer=18 children=100,909,429,261 grandchildren=1006,9099,4292,2614
HASH_ROUTE token=123 layer=19 children=676,744,705,1152 grandchildren=6761,7446,7052,11529
HASH_ROUTE token=123 layer=20 children=213,319,244,198 grandchildren=2139,3195,2445,1987
HASH_ROUTE token=123 layer=21 children=33,46,70,831 grandchildren=335,461,709,8314
HASH_ROUTE token=123 layer=22 children=269,428,742,179 grandchildren=2697,4289,7421,1793
HASH_ROUTE token=123 layer=23 children=1037,235,1017,1064 grandchildren=10371,2351,10176,10645
HASH_ROUTE token=124 layer=0 children=846,920,361,41 grandchildren=8464,9202,3616,419
HASH_ROUTE token=124 layer=1 children=901,889,844,875 grandchildren=9012,8894,8448,8753
HASH_ROUTE token=124 layer=2 children=785,700,684,142 grandchildren=7856,7006,6848,1425
HASH_ROUTE token=124 layer=3 children=1142,1229,1152,27 grandchildren=11427,12298,11523,274
HASH_ROUTE token=124 layer=4 children=407,246,882,365 grandchildren=4075,2466,8825,3659
HASH_ROUTE token=124 layer=5 children=959,860,928,853 grandchildren=9595,8603,9286,8538
HASH_ROUTE token=124 layer=6 children=723,644,735,680 grandchildren=7239,6442,7357,6802
HASH_ROUTE token=124 layer=7 children=855,57,884,89 grandchildren=8552,577,8848,899
HASH_ROUTE token=124 layer=8 children=914,948,823,844 grandchildren=9145,9486,8234,8442
HASH_ROUTE token=124 layer=9 children=310,188,227,271 grandchildren=3103,1885,2274,2715
HASH_ROUTE token=124 layer=10 children=1101,1045,1056,1002 grandchildren=11016,10456,10562,10023
HASH_ROUTE token=124 layer=11 children=56,150,130,88 grandchildren=561,1508,1305,881
HASH_ROUTE token=124 layer=12 children=486,1127,169,804 grandchildren=4863,11275,1691,8043
HASH_ROUTE token=124 layer=13 children=97,738,49,681 grandchildren=973,7382,495,6817
HASH_ROUTE token=124 layer=14 children=937,850,891,879 grandchildren=9375,8501,8915,8796
HASH_ROUTE token=124 layer=15 children=324,346,339,965 grandchildren=3247,3465,3397,9653
HASH_ROUTE token=124 layer=16 children=702,387,738,413 grandchildren=7022,3871,7387,4131
HASH_ROUTE token=124 layer=17 children=188,983,1144,348 grandchildren=1888,9834,11444,3488
HASH_ROUTE token=124 layer=18 children=335,436,970,1077 grandchildren=3351,4361,9704,10772
HASH_ROUTE token=124 layer=19 children=423,355,261,391 grandchildren=4234,3554,2612,3911
HASH_ROUTE token=124 layer=20 children=270,219,438,185 grandchildren=2702,2197,4381,1858
HASH_ROUTE token=124 layer=21 children=254,1051,1216,179 grandchildren=2548,10518,12165,1796
HASH_ROUTE token=124 layer=22 children=269,902,1224,281 grandchildren=2693,9025,12247,2817
HASH_ROUTE token=124 layer=23 children=1152,190,830,1174 grandchildren=11527,1902,8302,11746
HASH_ROUTE token=125 layer=0 children=1001,362,683,203 grandchildren=10018,3627,6831,2034
HASH_ROUTE token=125 layer=1 children=408,242,362,201 grandchildren=4085,2426,3626,2019
HASH_ROUTE token=125 layer=2 children=732,705,749,755 grandchildren=7321,7056,7498,7555
HASH_ROUTE token=125 layer=3 children=933,771,291,1250 grandchildren=9331,7711,2912,12506
HASH_ROUTE token=125 layer=4 children=290,282,459,311 grandchildren=2905,2825,4597,3111
HASH_ROUTE token=125 layer=5 children=862,892,67,93 grandchildren=8628,8926,679,936
HASH_ROUTE token=125 layer=6 children=617,776,1097,291 grandchildren=6177,7765,10975,2912
HASH_ROUTE token=125 layer=7 children=121,7,57,1083 grandchildren=1214,73,576,10834
HASH_ROUTE token=125 layer=8 children=940,910,1100,1077 grandchildren=9405,9101,11001,10778
HASH_ROUTE token=125 layer=9 children=864,228,899,252 grandchildren=8645,2287,8991,2521
HASH_ROUTE token=125 layer=10 children=641,773,748,681 grandchildren=6413,7736,7487,6811
HASH_ROUTE token=125 layer=11 children=682,704,695,747 grandchildren=6821,7048,6956,7478
HASH_ROUTE token=125 layer=12 children=529,41,559,79 grandchildren=5293,418,5597,798
HASH_ROUTE token=125 layer=13 children=1058,895,735,1216 grandchildren=10585,8954,7355,12168
HASH_ROUTE token=125 layer=14 children=880,242,877,235 grandchildren=8804,2425,8771,2357
HASH_ROUTE token=125 layer=15 children=757,915,1230,767 grandchildren=7573,9154,12308,7672
HASH_ROUTE token=125 layer=16 children=350,191,437,273 grandchildren=3508,1912,4371,2731
HASH_ROUTE token=125 layer=17 children=239,281,188,396 grandchildren=2394,2813,1887,3964
HASH_ROUTE token=125 layer=18 children=997,1047,1067,837 grandchildren=9972,10473,10674,8374
HASH_ROUTE token=125 layer=19 children=355,338,679,1159 grandchildren=3554,3388,6793,11599
HASH_ROUTE token=125 layer=20 children=374,215,532,1011 grandchildren=3747,2152,5322,10113
HASH_ROUTE token=125 layer=21 children=355,417,403,336 grandchildren=3555,4176,4032,3363
HASH_ROUTE token=125 layer=22 children=389,225,439,278 grandchildren=3895,2258,4391,2785
HASH_ROUTE token=125 layer=23 children=537,213,1174,56 grandchildren=5379,2137,11746,565
HASH_ROUTE token=126 layer=0 children=449,924,365,434 grandchildren=4491,9247,3658,4347
HASH_ROUTE token=126 layer=1 children=184,291,826,930 grandchildren=1841,2911,8267,9303
HASH_ROUTE token=126 layer=2 children=94,42,133,110 grandchildren=949,423,1335,1107
HASH_ROUTE token=126 layer=3 children=805,856,328,903 grandchildren=8052,8564,3287,9036
HASH_ROUTE token=126 layer=4 children=450,474,299,380 grandchildren=4506,4747,2993,3802
HASH_ROUTE token=126 layer=5 children=858,952,893,802 grandchildren=8582,9523,8938,8026
HASH_ROUTE token=126 layer=6 children=280,213,124,56 grandchildren=2803,2138,1241,567
HASH_ROUTE token=126 layer=7 children=37,49,93,83 grandchildren=374,498,932,833
HASH_ROUTE token=126 layer=8 children=379,474,322,388 grandchildren=3792,4741,3221,3883
HASH_ROUTE token=126 layer=9 children=209,316,274,236 grandchildren=2096,3165,2749,2366
HASH_ROUTE token=126 layer=10 children=528,584,549,564 grandchildren=5285,5849,5493,5647
HASH_ROUTE token=126 layer=11 children=386,357,411,461 grandchildren=3863,3572,4119,4612
HASH_ROUTE token=126 layer=12 children=1200,88,1120,1184 grandchildren=12004,888,11202,11848
HASH_ROUTE token=126 layer=13 children=674,696,739,663 grandchildren=6741,6967,7394,6631
HASH_ROUTE token=126 layer=14 children=873,235,554,884 grandchildren=8732,2356,5547,8849
HASH_ROUTE token=126 layer=15 children=444,768,351,404 grandchildren=4441,7683,3519,4043
HASH_ROUTE token=126 layer=16 children=208,185,245,213 grandchildren=2088,1855,2458,2131
HASH_ROUTE token=126 layer=17 children=982,506,340,181 grandchildren=9825,5061,3404,1815
HASH_ROUTE token=126 layer=18 children=829,910,836,880 grandchildren=8296,9107,8365,8809
HASH_ROUTE token=126 layer=19 children=68,35,100,114 grandchildren=688,357,1004,1148
HASH_ROUTE token=126 layer=20 children=317,210,158,52 grandchildren=3172,2109,1583,528
HASH_ROUTE token=126 layer=21 children=355,198,362,208 grandchildren=3553,1986,3621,2089
HASH_ROUTE token=126 layer=22 children=696,784,1178,653 grandchildren=6965,7842,11781,6536
HASH_ROUTE token=126 layer=23 children=537,582,638,599 grandchildren=5372,5821,6383,5992
HASH_ROUTE token=127 layer=0 children=52,851,371,1012 grandchildren=525,8519,3715,10127
HASH_ROUTE token=127 layer=1 children=185,509,267,170 grandchildren=1855,5095,2673,1701
HASH_ROUTE token=127 layer=2 children=420,408,448,327 grandchildren=4205,4082,4485,3276
HASH_ROUTE token=127 layer=3 children=621,597,582,638 grandchildren=6212,5976,5828,6384
HASH_ROUTE token=127 layer=4 children=467,344,371,339 grandchildren=4677,3449,3715,3397
HASH_ROUTE token=127 layer=5 children=61,59,94,1185 grandchildren=613,595,943,11858
HASH_ROUTE token=127 layer=6 children=1053,1022,1104,251 grandchildren=10531,10224,11048,2519
HASH_ROUTE token=127 layer=7 children=1048,247,1202,1053 grandchildren=10487,2475,12029,10539
HASH_ROUTE token=127 layer=8 children=1183,1178,380,709 grandchildren=11833,11784,3809,7092
HASH_ROUTE token=127 layer=9 children=349,987,381,1024 grandchildren=3495,9877,3811,10247
HASH_ROUTE token=127 layer=10 children=653,499,334,978 grandchildren=6534,4991,3347,9785
HASH_ROUTE token=127 layer=11 children=1185,1020,1233,1277 grandchildren=11858,10205,12333,12777
HASH_ROUTE token=127 layer=12 children=547,559,528,514 grandchildren=5471,5593,5289,5149
HASH_ROUTE token=127 layer=13 children=973,1137,1041,1083 grandchildren=9738,11371,10414,10837
HASH_ROUTE token=127 layer=14 children=1039,714,236,72 grandchildren=10394,7143,2368,728
HASH_ROUTE token=127 layer=15 children=750,915,439,777 grandchildren=7501,9151,4392,7778
HASH_ROUTE token=127 layer=16 children=417,252,731,1219 grandchildren=4178,2524,7319,12196
HASH_ROUTE token=127 layer=17 children=1193,874,73,1037 grandchildren=11939,8743,736,10371
HASH_ROUTE token=127 layer=18 children=910,836,939,891 grandchildren=9105,8363,9393,8913
HASH_ROUTE token=127 layer=19 children=415,94,353,389 grandchildren=4153,945,3534,3898
HASH_ROUTE token=127 layer=20 children=216,371,1011,208 grandchildren=2162,3713,10116,2089
HASH_ROUTE token=127 layer=21 children=419,454,361,399 grandchildren=4196,4548,3617,3992
HASH_ROUTE token=127 layer=22 children=490,810,1137,335 grandchildren=4903,8106,11374,3352
HASH_ROUTE token=127 layer=23 children=1014,1102,54,530 grandchildren=10148,11024,548,5304
HASH_ROUTE token=128 layer=0 children=363,441,200,428 grandchildren=3635,4418,2008,4289
HASH_ROUTE token=128 layer=1 children=180,255,340,197 grandchildren=1801,2557,3403,1974
HASH_ROUTE token=128 layer=2 children=260,1068,301,109 grandchildren=2602,10686,3013,1097
HASH_ROUTE token=128 layer=3 children=906,841,740,826 grandchildren=9062,8418,7401,8265
HASH_ROUTE token=128 layer=4 children=318,473,636,290 grandchildren=3185,4739,6366,2906
HASH_ROUTE token=128 layer=5 children=862,67,834,950 grandchildren=8622,671,8346,9507
HASH_ROUTE token=128 layer=6 children=617,1255,774,626 grandchildren=6178,12559,7741,6264
HASH_ROUTE token=128 layer=7 children=618,457,572,411 grandchildren=6185,4571,5725,4113
HASH_ROUTE token=128 layer=8 children=1012,1106,1070,1175 grandchildren=10124,11069,10705,11759
HASH_ROUTE token=128 layer=9 children=317,185,475,1270 grandchildren=3178,1851,4756,12705
HASH_ROUTE token=128 layer=10 children=1074,758,1236,1058 grandchildren=10746,7583,12367,10584
HASH_ROUTE token=128 layer=11 children=355,191,332,678 grandchildren=3553,1918,3323,6787
HASH_ROUTE token=128 layer=12 children=687,205,725,529 grandchildren=6872,2058,7254,5299
HASH_ROUTE token=128 layer=13 children=1012,215,976,173 grandchildren=10121,2155,9767,1734
HASH_ROUTE token=128 layer=14 children=858,214,870,230 grandchildren=8588,2145,8708,2301
HASH_ROUTE token=128 layer=15 children=767,795,1081,1119 grandchildren=7671,7951,10815,11196
HASH_ROUTE token=128 layer=16 children=1184,706,387,1126 grandchildren=11842,7067,3873,11261
HASH_ROUTE token=128 layer=17 children=1193,1143,1156,1030 grandchildren=11932,11433,11563,10302
HASH_ROUTE token=128 layer=18 children=837,880,910,820 grandchildren=8375,8808,9108,8203
HASH_ROUTE token=128 layer=19 children=355,678,1159,338 grandchildren=3551,6783,11598,3384
HASH_ROUTE token=128 layer=20 children=1049,403,1074,1200 grandchildren=10496,4031,10741,12002
HASH_ROUTE token=128 layer=21 children=414,438,368,378 grandchildren=4148,4384,3686,3781
HASH_ROUTE token=128 layer=22 children=653,705,178,1134 grandchildren=6534,7059,1783,11341
HASH_ROUTE token=128 layer=23 children=213,537,306,170 grandchildren=2138,5374,3063,1709
HASH_ROUTE token=129 layer=0 children=320,444,402,430 grandchildren=3202,4446,4021,4304
HASH_ROUTE token=129 layer=1 children=298,183,773,669 grandchildren=2981,1835,7737,6691
HASH_ROUTE token=129 layer=2 children=48,89,21,149 grandchildren=487,897,214,1493
HASH_ROUTE token=129 layer=3 children=1229,100,1209,87 grandchildren=12293,1006,12092,874
HASH_ROUTE token=129 layer=4 children=184,318,291,225 grandchildren=1849,3184,2916,2253
HASH_ROUTE token=129 layer=5 children=1217,1173,93,1166 grandchildren=12174,11734,934,11662
HASH_ROUTE token=129 layer=6 children=721,685,779,648 grandchildren=7217,6858,7798,6489
HASH_ROUTE token=129 layer=7 children=58,1011,77,1038 grandchildren=585,10114,778,10385
HASH_ROUTE token=129 layer=8 children=162,215,1128,1177 grandchildren=1625,2153,11284,11778
HASH_ROUTE token=129 layer=9 children=879,236,956,856 grandchildren=8799,2365,9568,8562
HASH_ROUTE token=129 layer=10 children=789,774,654,759 grandchildren=7895,7742,6543,7594
HASH_ROUTE token=129 layer=11 children=1050,1071,894,912 grandchildren=10506,10715,8946,9123
HASH_ROUTE token=129 layer=12 children=267,234,749,221 grandchildren=2674,2343,7499,2211
HASH_ROUTE token=129 layer=13 children=739,1210,91,256 grandchildren=7393,12109,914,2564
HASH_ROUTE token=129 layer=14 children=283,294,188,235 grandchildren=2837,2944,1885,2354
HASH_ROUTE token=129 layer=15 children=449,459,472,920 grandchildren=4499,4594,4726,9201
HASH_ROUTE token=129 layer=16 children=253,292,167,317 grandchildren=2533,2921,1678,3177
HASH_ROUTE token=129 layer=17 children=1223,1143,1160,901 grandchildren=12238,11435,11606,9017
HASH_ROUTE token=129 layer=18 children=352,347,405,451 grandchildren=3526,3477,4056,4516
HASH_ROUTE token=129 layer=19 children=831,35,812,673 grandchildren=8315,356,8122,6736
HASH_ROUTE token=129 layer=20 children=1017,375,213,1049 grandchildren=10179,3753,2132,10491
HASH_ROUTE token=129 layer=21 children=365,336,350,407 grandchildren=3657,3366,3505,4076
HASH_ROUTE token=129 layer=22 children=389,473,1185,863 grandchildren=3896,4736,11853,8635
HASH_ROUTE token=129 layer=23 children=212,537,1017,170 grandchildren=2128,5372,10172,1707
HASH_ROUTE token=130 layer=0 children=122,444,605,49 grandchildren=1223,4449,6051,491
HASH_ROUTE token=130 layer=1 children=790,659,667,729 grandchildren=7909,6597,6678,7293
HASH_ROUTE token=130 layer=2 children=418,447,93,124 grandchildren=4183,4478,931,1242
HASH_ROUTE token=130 layer=3 children=758,789,798,668 grandchildren=7586,7895,7981,6681
HASH_ROUTE token=130 layer=4 children=446,348,125,22 grandchildren=4467,3484,1255,229
HASH_ROUTE token=130 layer=5 children=862,959,1187,1029 grandchildren=8624,9593,11876,10296
HASH_ROUTE token=130 layer=6 children=1255,1097,617,1154 grandchildren=12554,10976,6177,11543
HASH_ROUTE token=130 layer=7 children=1083,1243,981,121 grandchildren=10835,12433,9814,1219
HASH_ROUTE token=130 layer=8 children=917,845,941,433 grandchildren=9177,8459,9412,4336
HASH_ROUTE token=130 layer=9 children=783,1262,308,771 grandchildren=7831,12625,3085,7711
HASH_ROUTE token=130 layer=10 children=650,776,702,13 grandchildren=6506,7763,7028,131
HASH_ROUTE token=130 layer=11 children=642,792,688,720 grandchildren=6425,7925,6884,7205
HASH_ROUTE token=130 layer=12 children=538,542,213,227 grandchildren=5386,5424,2136,2272
HASH_ROUTE token=130 layer=13 children=968,1,166,976 grandchildren=9686,13,1665,9762
HASH_ROUTE token=130 layer=14 children=160,640,326,966 grandchildren=1606,6408,3268,9661
HASH_ROUTE token=130 layer=15 children=795,669,1118,472 grandchildren=7958,6697,11188,4729
HASH_ROUTE token=130 layer=16 children=222,389,256,262 grandchildren=2221,3891,2563,2625
HASH_ROUTE token=130 layer=17 children=839,517,356,1157 grandchildren=8399,5177,3561,11575
HASH_ROUTE token=130 layer=18 children=836,910,991,1072 grandchildren=8365,9101,9917,10727
HASH_ROUTE token=130 layer=19 children=833,676,904,744 grandchildren=8334,6769,9042,7447
HASH_ROUTE token=130 layer=20 children=213,851,539,1014 grandchildren=2137,8518,5398,10143
HASH_ROUTE token=130 layer=21 children=407,419,438,249 grandchildren=4079,4192,4383,2492
HASH_ROUTE token=130 layer=22 children=1024,978,546,1187 grandchildren=10243,9788,5469,11873
HASH_ROUTE token=130 layer=23 children=52,697,536,1171 grandchildren=528,6977,5365,11719
HASH_ROUTE token=131 layer=0 children=153,50,72,65 grandchildren=1538,509,725,657
HASH_ROUTE token=131 layer=1 children=175,297,652,13 grandchildren=1754,2979,6529,131
HASH_ROUTE token=131 layer=2 children=747,100,1060,901 grandchildren=7476,1006,10602,9018
HASH_ROUTE token=131 layer=3 children=106,68,12,900 grandchildren=1062,682,121,9003
HASH_ROUTE token=131 layer=4 children=186,294,311,194 grandchildren=1865,2942,3117,1943
HASH_ROUTE token=131 layer=5 children=1210,1174,1272,1130 grandchildren=12108,11747,12722,11306
HASH_ROUTE token=131 layer=6 children=129,442,760,289 grandchildren=1298,4429,7605,2895
HASH_ROUTE token=131 layer=7 children=931,137,617,459 grandchildren=9317,1373,6175,4597
HASH_ROUTE token=131 layer=8 children=1112,953,314,1043 grandchildren=11122,9535,3146,10436
HASH_ROUTE token=131 layer=9 children=955,316,897,915 grandchildren=9559,3166,8972,9158
HASH_ROUTE token=131 layer=10 children=347,1145,180,827 grandchildren=3476,11457,1806,8275
HASH_ROUTE token=131 layer=11 children=24,1142,32,1154 grandchildren=244,11429,329,11543
HASH_ROUTE token=131 layer=12 children=378,327,478,219 grandchildren=3782,3271,4789,2193
HASH_ROUTE token=131 layer=13 children=148,786,948,463 grandchildren=1487,7864,9481,4633
HASH_ROUTE token=131 layer=14 children=777,696,616,537 grandchildren=7775,6967,6165,5373
HASH_ROUTE token=131 layer=15 children=995,1024,831,1040 grandchildren=9952,10245,8313,10401
HASH_ROUTE token=131 layer=16 children=365,437,346,459 grandchildren=3659,4373,3468,4597
HASH_ROUTE token=131 layer=17 children=981,188,1144,346 grandchildren=9812,1889,11445,3467
HASH_ROUTE token=131 layer=18 children=388,459,1028,320 grandchildren=3881,4594,10284,3209
HASH_ROUTE token=131 layer=19 children=607,446,120,926 grandchildren=6078,4465,1208,9269
HASH_ROUTE token=131 layer=20 children=766,667,648,779 grandchildren=7664,6677,6483,7796
HASH_ROUTE token=131 layer=21 children=1030,995,871,1072 grandchildren=10301,9959,8712,10729
HASH_ROUTE token=131 layer=22 children=333,652,19,178 grandchildren=3337,6523,191,1789
HASH_ROUTE token=131 layer=23 children=583,1224,909,501 grandchildren=5834,12241,9095,5018
HASH_ROUTE token=132 layer=0 children=755,649,779,713 grandchildren=7553,6494,7797,7138
HASH_ROUTE token=132 layer=1 children=527,689,504,663 grandchildren=5273,6895,5042,6637
HASH_ROUTE token=132 layer=2 children=352,830,36,991 grandchildren=3521,8305,369,9919
HASH_ROUTE token=132 layer=3 children=623,613,535,554 grandchildren=6231,6133,5352,5544
HASH_ROUTE token=132 layer=4 children=465,434,1260,452 grandchildren=4655,4349,12609,4523
HASH_ROUTE token=132 layer=5 children=320,809,963,168 grandchildren=3202,8099,9631,1683
HASH_ROUTE token=132 layer=6 children=461,785,620,946 grandchildren=4614,7857,6208,9463
HASH_ROUTE token=132 layer=7 children=148,99,38,621 grandchildren=1483,993,385,6216
HASH_ROUTE token=132 layer=8 children=1014,697,1100,786 grandchildren=10148,6972,11006,7863
HASH_ROUTE token=132 layer=9 children=131,55,938,156 grandchildren=1317,559,9385,1565
HASH_ROUTE token=132 layer=10 children=616,626,540,587 grandchildren=6161,6261,5408,5879
HASH_ROUTE token=132 layer=11 children=916,1077,866,753 grandchildren=9168,10772,8666,7538
HASH_ROUTE token=132 layer=12 children=359,839,1151,512 grandchildren=3597,8396,11513,5123
HASH_ROUTE token=132 layer=13 children=324,167,489,361 grandchildren=3247,1676,4892,3611
HASH_ROUTE token=132 layer=14 children=1102,1264,1096,947 grandchildren=11022,12646,10961,9474
HASH_ROUTE token=132 layer=15 children=767,127,1080,678 grandchildren=7676,1276,10804,6787
HASH_ROUTE token=132 layer=16 children=921,600,889,124 grandchildren=9212,6003,8893,1244
HASH_ROUTE token=132 layer=17 children=893,954,801,91 grandchildren=8939,9542,8018,916
HASH_ROUTE token=132 layer=18 children=740,1226,268,721 grandchildren=7404,12266,2685,7213
HASH_ROUTE token=132 layer=19 children=322,647,1121,482 grandchildren=3228,6477,11213,4826
HASH_ROUTE token=132 layer=20 children=1264,309,1223,786 grandchildren=12646,3099,12235,7868
HASH_ROUTE token=132 layer=21 children=1180,1238,700,65 grandchildren=11801,12383,7008,656
HASH_ROUTE token=132 layer=22 children=939,295,1090,772 grandchildren=9393,2959,10906,7726
HASH_ROUTE token=132 layer=23 children=109,45,71,261 grandchildren=1096,454,719,2613
HASH_ROUTE token=133 layer=0 children=49,360,1161,680 grandchildren=493,3609,11619,6801
HASH_ROUTE token=133 layer=1 children=205,297,239,841 grandchildren=2056,2973,2391,8417
HASH_ROUTE token=133 layer=2 children=895,735,810,1217 grandchildren=8959,7355,8104,12177
HASH_ROUTE token=133 layer=3 children=1095,291,133,613 grandchildren=10953,2915,1335,6138
HASH_ROUTE token=133 layer=4 children=182,190,827,160 grandchildren=1828,1904,8278,1605
HASH_ROUTE token=133 layer=5 children=467,300,370,445 grandchildren=4673,3004,3705,4459
HASH_ROUTE token=133 layer=6 children=676,761,714,35 grandchildren=6766,7618,7142,358
HASH_ROUTE token=133 layer=7 children=821,950,804,508 grandchildren=8214,9507,8046,5081
HASH_ROUTE token=133 layer=8 children=363,420,338,320 grandchildren=3633,4204,3384,3202
HASH_ROUTE token=133 layer=9 children=231,197,268,252 grandchildren=2317,1973,2683,2525
HASH_ROUTE token=133 layer=10 children=213,166,173,54 grandchildren=2136,1665,1736,546
HASH_ROUTE token=133 layer=11 children=77,875,26,156 grandchildren=779,8757,263,1564
HASH_ROUTE token=133 layer=12 children=882,868,81,61 grandchildren=8827,8685,815,614
HASH_ROUTE token=133 layer=13 children=826,26,667,987 grandchildren=8262,266,6674,9871
HASH_ROUTE token=133 layer=14 children=565,613,531,591 grandchildren=5651,6133,5314,5911
HASH_ROUTE token=133 layer=15 children=822,347,987,891 grandchildren=8222,3478,9873,8913
HASH_ROUTE token=133 layer=16 children=325,5,429,437 grandchildren=3252,54,4294,4376
HASH_ROUTE token=133 layer=17 children=983,349,1143,184 grandchildren=9836,3498,11435,1843
HASH_ROUTE token=133 layer=18 children=184,988,317,284 grandchildren=1842,9888,3175,2848
HASH_ROUTE token=133 layer=19 children=641,685,676,778 grandchildren=6412,6858,6764,7781
HASH_ROUTE token=133 layer=20 children=598,1072,279,757 grandchildren=5987,10727,2793,7577
HASH_ROUTE token=133 layer=21 children=1024,969,1058,1084 grandchildren=10241,9692,10586,10845
HASH_ROUTE token=133 layer=22 children=969,802,1123,1094 grandchildren=9696,8021,11239,10941
HASH_ROUTE token=133 layer=23 children=39,128,670,148 grandchildren=398,1285,6704,1488
HASH_ROUTE token=134 layer=0 children=320,9,805,415 grandchildren=3203,91,8053,4155
HASH_ROUTE token=134 layer=1 children=184,200,242,262 grandchildren=1849,2009,2425,2622
HASH_ROUTE token=134 layer=2 children=330,411,379,13 grandchildren=3306,4111,3798,133
HASH_ROUTE token=134 layer=3 children=106,110,11,6 grandchildren=1062,1101,115,66
HASH_ROUTE token=134 layer=4 children=446,362,451,372 grandchildren=4463,3621,4516,3726
HASH_ROUTE token=134 layer=5 children=1212,1174,893,1134 grandchildren=12124,11746,8931,11342
HASH_ROUTE token=134 layer=6 children=725,1209,682,246 grandchildren=7253,12097,6826,2468
HASH_ROUTE token=134 layer=7 children=215,531,55,855 grandchildren=2155,5315,556,8556
HASH_ROUTE token=134 layer=8 children=1117,795,317,479 grandchildren=11173,7952,3178,4794
HASH_ROUTE token=134 layer=9 children=312,958,1273,1111 grandchildren=3124,9588,12736,11115
HASH_ROUTE token=134 layer=10 children=662,505,985,189 grandchildren=6629,5058,9858,1899
HASH_ROUTE token=134 layer=11 children=58,73,1010,853 grandchildren=581,736,10108,8538
HASH_ROUTE token=134 layer=12 children=857,806,887,909 grandchildren=8579,8065,8879,9097
HASH_ROUTE token=134 layer=13 children=148,782,106,81 grandchildren=1488,7825,1064,813
HASH_ROUTE token=134 layer=14 children=293,197,200,261 grandchildren=2937,1979,2005,2615
HASH_ROUTE token=134 layer=15 children=343,433,459,351 grandchildren=3434,4333,4596,3517
HASH_ROUTE token=134 layer=16 children=704,649,684,738 grandchildren=7046,6492,6841,7386
HASH_ROUTE token=134 layer=17 children=218,532,379,220 grandchildren=2184,5321,3792,2202
HASH_ROUTE token=134 layer=18 children=477,428,468,313 grandchildren=4772,4289,4688,3139
HASH_ROUTE token=134 layer=19 children=737,676,740,251 grandchildren=7377,6769,7406,2511
HASH_ROUTE token=134 layer=20 children=257,1214,263,201 grandchildren=2573,12144,2635,2013
HASH_ROUTE token=134 layer=21 children=31,53,355,43 grandchildren=319,535,3551,439
HASH_ROUTE token=134 layer=22 children=974,1037,1078,338 grandchildren=9746,10377,10785,3386
HASH_ROUTE token=134 layer=23 children=872,717,77,239 grandchildren=8729,7175,772,2391
HASH_ROUTE token=135 layer=0 children=145,464,1109,123 grandchildren=1452,4647,11096,1236
HASH_ROUTE token=135 layer=1 children=189,244,293,346 grandchildren=1891,2445,2933,3464
HASH_ROUTE token=135 layer=2 children=1213,1148,252,1246 grandchildren=12132,11488,2525,12465
HASH_ROUTE token=135 layer=3 children=33,106,53,24 grandchildren=337,1063,533,242
HASH_ROUTE token=135 layer=4 children=292,227,163,185 grandchildren=2922,2278,1634,1851
HASH_ROUTE token=135 layer=5 children=1219,93,1174,897 grandchildren=12194,936,11744,8977
HASH_ROUTE token=135 layer=6 children=720,761,713,737 grandchildren=7202,7611,7138,7378
HASH_ROUTE token=135 layer=7 children=692,215,57,855 grandchildren=6924,2151,579,8557
HASH_ROUTE token=135 layer=8 children=940,953,864,914 grandchildren=9407,9538,8649,9148
HASH_ROUTE token=135 layer=9 children=310,254,1110,950 grandchildren=3109,2544,11109,9508
HASH_ROUTE token=135 layer=10 children=1263,1109,787,1276 grandchildren=12637,11098,7875,12762
HASH_ROUTE token=135 layer=11 children=52,88,154,115 grandchildren=528,883,1543,1155
HASH_ROUTE token=135 layer=12 children=728,699,643,682 grandchildren=7283,6999,6437,6829
HASH_ROUTE token=135 layer=13 children=895,731,845,91 grandchildren=8952,7314,8451,917
HASH_ROUTE token=135 layer=14 children=567,523,619,552 grandchildren=5679,5232,6195,5526
HASH_ROUTE token=135 layer=15 children=971,1041,999,1111 grandchildren=9711,10411,9996,11119
HASH_ROUTE token=135 layer=16 children=418,342,380,434 grandchildren=4181,3428,3807,4345
HASH_ROUTE token=135 layer=17 children=264,190,1221,1157 grandchildren=2647,1907,12218,11579
HASH_ROUTE token=135 layer=18 children=174,306,11,295 grandchildren=1746,3064,112,2955
HASH_ROUTE token=135 layer=19 children=100,423,39,355 grandchildren=1003,4232,392,3556
HASH_ROUTE token=135 layer=20 children=347,435,663,758 grandchildren=3477,4353,6639,7586
HASH_ROUTE token=135 layer=21 children=1136,1158,1247,1186 grandchildren=11364,11584,12471,11863
HASH_ROUTE token=135 layer=22 children=935,293,900,263 grandchildren=9352,2932,9001,2638
HASH_ROUTE token=135 layer=23 children=811,174,977,1133 grandchildren=8116,1746,9776,11338
HASH_ROUTE token=136 layer=0 children=153,955,67,48 grandchildren=1535,9556,674,486
HASH_ROUTE token=136 layer=1 children=749,665,261,184 grandchildren=7492,6652,2612,1849
HASH_ROUTE token=136 layer=2 children=1228,1206,1187,1142 grandchildren=12289,12068,11879,11427
HASH_ROUTE token=136 layer=3 children=903,748,108,427 grandchildren=9039,7482,1087,4274
HASH_ROUTE token=136 layer=4 children=295,233,457,391 grandchildren=2953,2339,4575,3919
HASH_ROUTE token=136 layer=5 children=434,380,377,913 grandchildren=4345,3806,3772,9136
HASH_ROUTE token=136 layer=6 children=285,244,312,171 grandchildren=2859,2446,3125,1719
HASH_ROUTE token=136 layer=7 children=357,425,404,387 grandchildren=3573,4255,4049,3876
HASH_ROUTE token=136 layer=8 children=855,864,941,1011 grandchildren=8557,8644,9417,10114
HASH_ROUTE token=136 layer=9 children=844,208,864,220 grandchildren=8445,2087,8641,2203
HASH_ROUTE token=136 layer=10 children=798,752,742,689 grandchildren=7988,7527,7426,6894
HASH_ROUTE token=136 layer=11 children=705,1187,383,688 grandchildren=7053,11873,3831,6883
HASH_ROUTE token=136 layer=12 children=685,1162,206,674 grandchildren=6851,11629,2067,6743
HASH_ROUTE token=136 layer=13 children=895,1059,731,838 grandchildren=8959,10592,7317,8389
HASH_ROUTE token=136 layer=14 children=884,850,242,877 grandchildren=8849,8509,2426,8777
HASH_ROUTE token=136 layer=15 children=920,444,831,762 grandchildren=9208,4447,8317,7624
HASH_ROUTE token=136 layer=16 children=176,334,276,245 grandchildren=1763,3345,2768,2453
HASH_ROUTE token=136 layer=17 children=184,190,263,238 grandchildren=1842,1903,2637,2388
HASH_ROUTE token=136 layer=18 children=837,910,959,843 grandchildren=8378,9106,9592,8435
HASH_ROUTE token=136 layer=19 children=783,679,465,654 grandchildren=7834,6799,4653,6544
HASH_ROUTE token=136 layer=20 children=532,632,215,311 grandchildren=5322,6327,2155,3116
HASH_ROUTE token=136 layer=21 children=410,320,390,254 grandchildren=4108,3206,3905,2546
HASH_ROUTE token=136 layer=22 children=656,795,789,173 grandchildren=6564,7955,7892,1735
HASH_ROUTE token=136 layer=23 children=621,556,512,535 grandchildren=6217,5562,5128,5359
HASH_ROUTE token=137 layer=0 children=446,762,1082,601 grandchildren=4467,7623,10823,6014
HASH_ROUTE token=137 layer=1 children=340,418,462,472 grandchildren=3406,4185,4621,4724
HASH_ROUTE token=137 layer=2 children=682,773,711,1007 grandchildren=6827,7731,7115,10075
HASH_ROUTE token=137 layer=3 children=669,1142,678,20 grandchildren=6693,11423,6788,204
HASH_ROUTE token=137 layer=4 children=296,611,279,1093 grandchildren=2969,6118,2792,10939
HASH_ROUTE token=137 layer=5 children=928,881,850,802 grandchildren=9281,8817,8503,8023
HASH_ROUTE token=137 layer=6 children=995,1004,1092,1114 grandchildren=9956,10045,10928,11146
HASH_ROUTE token=137 layer=7 children=345,27,379,661 grandchildren=3451,273,3796,6614
HASH_ROUTE token=137 layer=8 children=148,941,84,1267 grandchildren=1488,9419,846,12678
HASH_ROUTE token=137 layer=9 children=215,183,295,207 grandchildren=2151,1832,2959,2077
HASH_ROUTE token=137 layer=10 children=528,586,592,680 grandchildren=5286,5866,5929,6807
HASH_ROUTE token=137 layer=11 children=904,948,748,913 grandchildren=9042,9481,7482,9133
HASH_ROUTE token=137 layer=12 children=1154,1138,1196,32 grandchildren=11548,11381,11967,324
HASH_ROUTE token=137 layer=13 children=506,664,631,187 grandchildren=5067,6647,6317,1874
HASH_ROUTE token=137 layer=14 children=562,618,248,298 grandchildren=5625,6181,2483,2989
HASH_ROUTE token=137 layer=15 children=920,916,832,956 grandchildren=9209,9161,8325,9564
HASH_ROUTE token=137 layer=16 children=272,213,190,245 grandchildren=2727,2134,1908,2454
HASH_ROUTE token=137 layer=17 children=546,384,604,599 grandchildren=5462,3843,6041,5999
HASH_ROUTE token=137 layer=18 children=819,949,908,838 grandchildren=8197,9493,9084,8381
HASH_ROUTE token=137 layer=19 children=355,670,338,991 grandchildren=3553,6702,3388,9919
HASH_ROUTE token=137 layer=20 children=215,317,373,1011 grandchildren=2158,3177,3733,10114
HASH_ROUTE token=137 layer=21 children=731,412,891,254 grandchildren=7315,4128,8915,2543
HASH_ROUTE token=137 layer=22 children=439,420,1236,1070 grandchildren=4399,4201,12368,10708
HASH_ROUTE token=137 layer=23 children=214,56,537,1171 grandchildren=2144,568,5374,11715
HASH_ROUTE token=138 layer=0 children=76,120,398,441 grandchildren=762,1208,3987,4415
HASH_ROUTE token=138 layer=1 children=184,343,665,29 grandchildren=1841,3431,6654,292
HASH_ROUTE token=138 layer=2 children=1217,1188,1225,1239 grandchildren=12174,11886,12251,12397
HASH_ROUTE token=138 layer=3 children=932,298,851,1093 grandchildren=9321,2982,8515,10937
HASH_ROUTE token=138 layer=4 children=232,1190,71,295 grandchildren=2329,11907,712,2953
HASH_ROUTE token=138 layer=5 children=881,924,953,807 grandchildren=8816,9249,9539,8076
HASH_ROUTE token=138 layer=6 children=456,1092,443,429 grandchildren=4565,10929,4436,4293
HASH_ROUTE token=138 layer=7 children=692,671,1011,998 grandchildren=6921,6715,10115,9983
HASH_ROUTE token=138 layer=8 children=852,954,919,829 grandchildren=8523,9546,9192,8294
HASH_ROUTE token=138 layer=9 children=290,211,1252,934 grandchildren=2901,2117,12529,9345
HASH_ROUTE token=138 layer=10 children=915,1079,849,1003 grandchildren=9156,10799,8498,10034
HASH_ROUTE token=138 layer=11 children=831,908,815,944 grandchildren=8319,9086,8153,9448
HASH_ROUTE token=138 layer=12 children=1175,1218,1164,1197 grandchildren=11756,12182,11645,11978
HASH_ROUTE token=138 layer=13 children=923,289,887,953 grandchildren=9237,2892,8873,9536
HASH_ROUTE token=138 layer=14 children=316,187,204,298 grandchildren=3163,1871,2041,2989
HASH_ROUTE token=138 layer=15 children=920,916,810,882 grandchildren=9204,9168,8109,8829
HASH_ROUTE token=138 layer=16 children=192,272,205,239 grandchildren=1921,2722,2051,2393
HASH_ROUTE token=138 layer=17 children=981,1087,1030,1066 grandchildren=9817,10874,10306,10666
HASH_ROUTE token=138 layer=18 children=837,910,932,857 grandchildren=8377,9103,9324,8571
HASH_ROUTE token=138 layer=19 children=701,866,383,1186 grandchildren=7016,8666,3838,11862
HASH_ROUTE token=138 layer=20 children=373,214,539,476 grandchildren=3731,2149,5396,4768
HASH_ROUTE token=138 layer=21 children=170,303,254,192 grandchildren=1705,3036,2547,1922
HASH_ROUTE token=138 layer=22 children=473,385,420,1270 grandchildren=4731,3851,4208,12708
HASH_ROUTE token=138 layer=23 children=214,537,855,695 grandchildren=2145,5375,8559,6954
HASH_ROUTE token=139 layer=0 children=41,122,360,449 grandchildren=419,1221,3602,4495
HASH_ROUTE token=139 layer=1 children=267,294,242,283 grandchildren=2678,2946,2424,2834
HASH_ROUTE token=139 layer=2 children=742,1061,262,109 grandchildren=7425,10613,2622,1099
HASH_ROUTE token=139 layer=3 children=904,740,866,100 grandchildren=9042,7403,8664,1008
HASH_ROUTE token=139 layer=4 children=346,184,457,294 grandchildren=3467,1841,4574,2949
HASH_ROUTE token=139 layer=5 children=861,1029,925,958 grandchildren=8614,10295,9256,9585
HASH_ROUTE token=139 layer=6 children=566,518,612,88 grandchildren=5662,5185,6121,883
HASH_ROUTE token=139 layer=7 children=105,112,148,83 grandchildren=1056,1128,1489,832
HASH_ROUTE token=139 layer=8 children=930,1090,774,1256 grandchildren=9307,10908,7748,12569
HASH_ROUTE token=139 layer=9 children=223,241,869,176 grandchildren=2238,2417,8696,1762
HASH_ROUTE token=139 layer=10 children=774,652,688,759 grandchildren=7743,6522,6884,7599
HASH_ROUTE token=139 layer=11 children=865,908,1189,1223 grandchildren=8656,9089,11891,12238
HASH_ROUTE token=139 layer=12 children=539,559,529,213 grandchildren=5394,5598,5298,2131
HASH_ROUTE token=139 layer=13 children=1058,971,1085,1098 grandchildren=10584,9717,10851,10986
HASH_ROUTE token=139 layer=14 children=939,299,888,246 grandchildren=9399,2993,8888,2464
HASH_ROUTE token=139 layer=15 children=338,812,497,651 grandchildren=3384,8128,4972,6512
HASH_ROUTE token=139 layer=16 children=262,217,586,534 grandchildren=2627,2177,5869,5343
HASH_ROUTE token=139 layer=17 children=594,501,438,542 grandchildren=5947,5019,4382,5425
HASH_ROUTE token=139 layer=18 children=830,910,1154,959 grandchildren=8305,9101,11544,9593
HASH_ROUTE token=139 layer=19 children=844,685,819,907 grandchildren=8449,6859,8191,9074
HASH_ROUTE token=139 layer=20 children=213,854,273,1019 grandchildren=2138,8544,2732,10191
HASH_ROUTE token=139 layer=21 children=231,203,177,879 grandchildren=2316,2039,1771,8792
HASH_ROUTE token=139 layer=22 children=310,1119,1277,635 grandchildren=3102,11194,12779,6355
HASH_ROUTE token=139 layer=23 children=537,695,56,216 grandchildren=5376,6959,569,2161
HASH_ROUTE token=140 layer=0 children=122,441,1089,43 grandchildren=1226,4413,10894,439
HASH_ROUTE token=140 layer=1 children=341,453,360,184 grandchildren=3417,4537,3602,1849
HASH_ROUTE token=140 layer=2 children=432,364,596,384 grandchildren=4326,3646,5966,3841
HASH_ROUTE token=140 layer=3 children=984,503,1030,1065 grandchildren=9846,5034,10301,10653
HASH_ROUTE token=140 layer=4 children=573,414,548,380 grandchildren=5738,4144,5486,3801
HASH_ROUTE token=140 layer=5 children=400,478,888,440 grandchildren=4004,4789,8881,4404
HASH_ROUTE token=140 layer=6 children=1208,726,1047,566 grandchildren=12085,7264,10479,5668
HASH_ROUTE token=140 layer=7 children=411,400,433,441 grandchildren=4117,4006,4338,4419
HASH_ROUTE token=140 layer=8 children=1126,489,1188,548 grandchildren=11263,4892,11882,5487
HASH_ROUTE token=140 layer=9 children=348,185,385,464 grandchildren=3483,1855,3859,4642
HASH_ROUTE token=140 layer=10 children=649,802,771,652 grandchildren=6495,8021,7716,6521
HASH_ROUTE token=140 layer=11 children=792,153,956,748 grandchildren=7925,1535,9565,7485
HASH_ROUTE token=140 layer=12 children=685,1162,729,738 grandchildren=6854,11623,7299,7389
HASH_ROUTE token=140 layer=13 children=816,933,891,1134 grandchildren=8163,9335,8911,11342
HASH_ROUTE token=140 layer=14 children=230,718,284,767 grandchildren=2306,7182,2842,7679
HASH_ROUTE token=140 layer=15 children=344,472,336,439 grandchildren=3443,4727,3366,4392
HASH_ROUTE token=140 layer=16 children=91,1057,250,412 grandchildren=915,10577,2507,4124
HASH_ROUTE token=140 layer=17 children=1148,188,983,502 grandchildren=11482,1881,9839,5021
HASH_ROUTE token=140 layer=18 children=273,910,436,1073 grandchildren=2736,9103,4366,10735
HASH_ROUTE token=140 layer=19 children=355,338,996,391 grandchildren=3555,3389,9963,3919
HASH_ROUTE token=140 layer=20 children=272,208,213,225 grandchildren=2721,2085,2131,2258
HASH_ROUTE token=140 layer=21 children=336,13,416,93 grandchildren=3363,136,4169,933
HASH_ROUTE token=140 layer=22 children=632,310,546,227 grandchildren=6329,3103,5468,2272
HASH_ROUTE token=140 layer=23 children=214,537,1017,50 grandchildren=2146,5378,10172,502
HASH_ROUTE token=141 layer=0 children=846,361,920,41 grandchildren=8464,3619,9208,419
HASH_ROUTE token=141 layer=1 children=824,901,342,428 grandchildren=8246,9011,3423,4282
HASH_ROUTE token=141 layer=2 children=734,682,705,92 grandchildren=7347,6828,7052,929
HASH_ROUTE token=141 layer=3 children=989,973,826,1055 grandchildren=9891,9736,8268,10558
HASH_ROUTE token=141 layer=4 children=450,439,403,296 grandchildren=4507,4396,4031,2964
HASH_ROUTE token=141 layer=5 children=928,880,765,446 grandchildren=9283,8807,7654,4468
HASH_ROUTE token=141 layer=6 children=943,844,876,302 grandchildren=9431,8446,8761,3022
HASH_ROUTE token=141 layer=7 children=58,538,84,373 grandchildren=587,5385,845,3736
HASH_ROUTE token=141 layer=8 children=953,940,631,150 grandchildren=9538,9401,6318,1502
HASH_ROUTE token=141 layer=9 children=1173,856,372,214 grandchildren=11739,8569,3726,2143
HASH_ROUTE token=141 layer=10 children=1075,1097,987,1022 grandchildren=10756,10975,9877,10228
HASH_ROUTE token=141 layer=11 children=1077,1020,1050,1049 grandchildren=10774,10204,10507,10497
HASH_ROUTE token=141 layer=12 children=522,205,513,192 grandchildren=5229,2051,5138,1923
HASH_ROUTE token=141 layer=13 children=1242,1128,1084,968 grandchildren=12422,11285,10842,9685
HASH_ROUTE token=141 layer=14 children=565,244,532,885 grandchildren=5657,2449,5328,8855
HASH_ROUTE token=141 layer=15 children=344,404,440,336 grandchildren=3448,4044,4406,3365
HASH_ROUTE token=141 layer=16 children=770,646,292,162 grandchildren=7703,6461,2921,1626
HASH_ROUTE token=141 layer=17 children=983,1144,501,188 grandchildren=9837,11446,5019,1881
HASH_ROUTE token=141 layer=18 children=343,503,988,335 grandchildren=3435,5037,9885,3357
HASH_ROUTE token=141 layer=19 children=338,355,391,387 grandchildren=3387,3557,3919,3871
HASH_ROUTE token=141 layer=20 children=277,185,210,1075 grandchildren=2775,1854,2102,10753
HASH_ROUTE token=141 layer=21 children=419,254,899,97 grandchildren=4198,2544,8997,974
HASH_ROUTE token=141 layer=22 children=1064,581,1054,1022 grandchildren=10643,5815,10548,10229
HASH_ROUTE token=141 layer=23 children=214,190,537,517 grandchildren=2145,1904,5377,5178
HASH_ROUTE token=142 layer=0 children=153,50,72,65 grandchildren=1534,506,725,655
HASH_ROUTE token=142 layer=1 children=175,297,652,499 grandchildren=1759,2976,6528,4994
HASH_ROUTE token=142 layer=2 children=100,424,747,588 grandchildren=1007,4247,7474,5883
HASH_ROUTE token=142 layer=3 children=106,68,18,900 grandchildren=1067,681,188,9007
HASH_ROUTE token=142 layer=4 children=186,294,311,194 grandchildren=1868,2949,3116,1943
HASH_ROUTE token=142 layer=5 children=1179,1210,1272,1130 grandchildren=11798,12102,12728,11309
HASH_ROUTE token=142 layer=6 children=129,442,760,288 grandchildren=1292,4425,7604,2885
HASH_ROUTE token=142 layer=7 children=137,934,617,459 grandchildren=1376,9349,6171,4596
HASH_ROUTE token=142 layer=8 children=1112,953,314,1040 grandchildren=11129,9539,3145,10401
HASH_ROUTE token=142 layer=9 children=955,316,897,915 grandchildren=9554,3164,8973,9152
HASH_ROUTE token=142 layer=10 children=347,1145,180,446 grandchildren=3473,11459,1803,4466
HASH_ROUTE token=142 layer=11 children=24,1142,32,1154 grandchildren=247,11429,324,11543
HASH_ROUTE token=142 layer=12 children=378,327,478,219 grandchildren=3785,3276,4781,2193
HASH_ROUTE token=142 layer=13 children=148,786,948,463 grandchildren=1489,7868,9489,4632
HASH_ROUTE token=142 layer=14 children=693,777,537,792 grandchildren=6937,7777,5374,7922
HASH_ROUTE token=142 layer=15 children=995,831,1040,1024 grandchildren=9957,8319,10407,10247
HASH_ROUTE token=142 layer=16 children=437,365,346,418 grandchildren=4376,3654,3462,4189
HASH_ROUTE token=142 layer=17 children=981,188,1144,346 grandchildren=9819,1885,11445,3469
HASH_ROUTE token=142 layer=18 children=380,320,364,459 grandchildren=3803,3203,3644,4599
HASH_ROUTE token=142 layer=19 children=606,440,120,926 grandchildren=6067,4404,1208,9266
HASH_ROUTE token=142 layer=20 children=766,734,667,648 grandchildren=7669,7341,6671,6488
HASH_ROUTE token=142 layer=21 children=1030,552,236,870 grandchildren=10304,5521,2369,8703
HASH_ROUTE token=142 layer=22 children=331,178,656,13 grandchildren=3318,1786,6561,134
HASH_ROUTE token=142 layer=23 children=945,879,816,909 grandchildren=9457,8798,8161,9093
HASH_ROUTE token=143 layer=0 children=755,649,779,713 grandchildren=7552,6492,7794,7139
HASH_ROUTE token=143 layer=1 children=527,689,504,663 grandchildren=5279,6896,5042,6636
HASH_ROUTE token=143 layer=2 children=352,830,36,991 grandchildren=3524,8303,369,9915
HASH_ROUTE token=143 layer=3 children=623,613,535,554 grandchildren=6239,6133,5359,5549
HASH_ROUTE token=143 layer=4 children=465,434,1260,452 grandchildren=4658,4345,12603,4528
HASH_ROUTE token=143 layer=5 children=320,809,963,168 grandchildren=3205,8099,9638,1685
HASH_ROUTE token=143 layer=6 children=461,785,620,946 grandchildren=4613,7851,6205,9469
HASH_ROUTE token=143 layer=7 children=148,99,38,621 grandchildren=1486,999,385,6213
HASH_ROUTE token=143 layer=8 children=1014,697,1100,786 grandchildren=10145,6971,11007,7861
HASH_ROUTE token=143 layer=9 children=131,55,938,156 grandchildren=1317,558,9384,1563
HASH_ROUTE token=143 layer=10 children=616,626,540,587 grandchildren=6164,6261,5406,5876
HASH_ROUTE token=143 layer=11 children=916,1077,866,753 grandchildren=9161,10776,8664,7532
HASH_ROUTE token=143 layer=12 children=359,839,1151,512 grandchildren=3596,8393,11512,5126
HASH_ROUTE token=143 layer=13 children=324,167,489,361 grandchildren=3242,1677,4892,3615
HASH_ROUTE token=143 layer=14 children=1102,1264,1096,947 grandchildren=11027,12647,10968,9476
HASH_ROUTE token=143 layer=15 children=767,127,1080,678 grandchildren=7677,1279,10804,6789
HASH_ROUTE token=143 layer=16 children=921,600,889,124 grandchildren=9211,6003,8899,1245
HASH_ROUTE token=143 layer=17 children=893,954,801,91 grandchildren=8937,9542,8017,912
HASH_ROUTE token=143 layer=18 children=740,1226,268,721 grandchildren=7403,12264,2686,7213
HASH_ROUTE token=143 layer=19 children=322,647,1121,482 grandchildren=3226,6477,11211,4825
HASH_ROUTE token=143 layer=20 children=1264,309,1223,786 grandchildren=12642,3097,12233,7868
HASH_ROUTE token=143 layer=21 children=1180,1238,700,65 grandchildren=11806,12382,7002,658
HASH_ROUTE token=143 layer=22 children=939,295,1090,772 grandchildren=9398,2954,10901,7724
HASH_ROUTE token=143 layer=23 children=109,45,71,261 grandchildren=1092,455,711,2619
HASH_ROUTE token=144 layer=0 children=326,367,434,441 grandchildren=3266,3674,4341,4419
HASH_ROUTE token=144 layer=1 children=172,207,810,843 grandchildren=1722,2078,8105,8439
HASH_ROUTE token=144 layer=2 children=899,576,815,417 grandchildren=8991,5761,8155,4177
HASH_ROUTE token=144 layer=3 children=931,1090,130,294 grandchildren=9313,10905,1308,2947
HASH_ROUTE token=144 layer=4 children=635,317,959,475 grandchildren=6354,3177,9598,4753
HASH_ROUTE token=144 layer=5 children=1212,1130,1174,252 grandchildren=12127,11304,11748,2528
HASH_ROUTE token=144 layer=6 children=289,761,310,197 grandchildren=2895,7615,3102,1973
HASH_ROUTE token=144 layer=7 children=611,521,514,536 grandchildren=6118,5217,5144,5362
HASH_ROUTE token=144 layer=8 children=788,1105,627,944 grandchildren=7887,11057,6279,9441
HASH_ROUTE token=144 layer=9 children=838,513,191,892 grandchildren=8383,5137,1918,8926
HASH_ROUTE token=144 layer=10 children=240,275,187,727 grandchildren=2407,2753,1878,7278
HASH_ROUTE token=144 layer=11 children=10,490,6,173 grandchildren=107,4901,68,1739
HASH_ROUTE token=144 layer=12 children=684,1003,748,772 grandchildren=6844,10036,7482,7728
HASH_ROUTE token=144 layer=13 children=946,147,1260,1105 grandchildren=9463,1475,12606,11053
HASH_ROUTE token=144 layer=14 children=613,936,777,294 grandchildren=6135,9367,7777,2942
HASH_ROUTE token=144 layer=15 children=343,472,827,410 grandchildren=3438,4726,8279,4108
HASH_ROUTE token=144 layer=16 children=429,325,413,434 grandchildren=4297,3254,4137,4346
HASH_ROUTE token=144 layer=17 children=983,1060,662,1056 grandchildren=9832,10603,6623,10562
HASH_ROUTE token=144 layer=18 children=161,186,248,283 grandchildren=1618,1864,2486,2836
HASH_ROUTE token=144 layer=19 children=652,712,778,15 grandchildren=6523,7123,7789,155
HASH_ROUTE token=144 layer=20 children=318,634,178,278 grandchildren=3187,6343,1787,2782
HASH_ROUTE token=144 layer=21 children=10,40,93,335 grandchildren=103,402,936,3351
HASH_ROUTE token=144 layer=22 children=1247,1123,1084,969 grandchildren=12472,11234,10849,9696
HASH_ROUTE token=144 layer=23 children=34,124,44,86 grandchildren=341,1244,449,868
HASH_ROUTE token=145 layer=0 children=960,321,1089,1128 grandchildren=9604,3211,10897,11284
HASH_ROUTE token=145 layer=1 children=295,189,244,160 grandchildren=2953,1897,2446,1608
HASH_ROUTE token=145 layer=2 children=330,973,18,499 grandchildren=3307,9732,184,4994
HASH_ROUTE token=145 layer=3 children=107,1221,267,421 grandchildren=1073,12216,2678,4213
HASH_ROUTE token=145 layer=4 children=200,364,287,449 grandchildren=2001,3641,2877,4496
HASH_ROUTE token=145 layer=5 children=1213,1173,1134,252 grandchildren=12131,11731,11345,2529
HASH_ROUTE token=145 layer=6 children=246,725,1209,88 grandchildren=2468,7255,12092,883
HASH_ROUTE token=145 layer=7 children=697,52,219,534 grandchildren=6977,524,2199,5344
HASH_ROUTE token=145 layer=8 children=311,950,792,1117 grandchildren=3119,9505,7927,11172
HASH_ROUTE token=145 layer=9 children=312,257,957,795 grandchildren=3122,2572,9571,7958
HASH_ROUTE token=145 layer=10 children=545,591,707,1181 grandchildren=5456,5911,7072,11811
HASH_ROUTE token=145 layer=11 children=43,77,61,24 grandchildren=435,774,617,241
HASH_ROUTE token=145 layer=12 children=378,696,850,217 grandchildren=3784,6967,8502,2175
HASH_ROUTE token=145 layer=13 children=86,147,91,50 grandchildren=864,1477,913,506
HASH_ROUTE token=145 layer=14 children=293,196,248,282 grandchildren=2933,1962,2487,2824
HASH_ROUTE token=145 layer=15 children=1003,363,997,351 grandchildren=10032,3634,9974,3517
HASH_ROUTE token=145 layer=16 children=452,418,434,1253 grandchildren=4526,4185,4346,12539
HASH_ROUTE token=145 layer=17 children=180,215,238,1144 grandchildren=1804,2158,2388,11444
HASH_ROUTE token=145 layer=18 children=100,909,429,261 grandchildren=1007,9096,4292,2619
HASH_ROUTE token=145 layer=19 children=676,744,705,1152 grandchildren=6768,7446,7057,11524
HASH_ROUTE token=145 layer=20 children=213,319,244,198 grandchildren=2136,3197,2448,1983
HASH_ROUTE token=145 layer=21 children=33,46,70,831 grandchildren=331,466,703,8317
HASH_ROUTE token=145 layer=22 children=269,428,742,179 grandchildren=2696,4283,7421,1793
HASH_ROUTE token=145 layer=23 children=1037,235,1017,1064 grandchildren=10376,2355,10179,10643
HASH_ROUTE token=146 layer=0 children=901,100,422,951 grandchildren=9016,1001,4226,9513
HASH_ROUTE token=146 layer=1 children=259,189,203,242 grandchildren=2597,1897,2034,2424
HASH_ROUTE token=146 layer=2 children=867,382,891,1024 grandchildren=8679,3829,8911,10245
HASH_ROUTE token=146 layer=3 children=1229,107,740,1154 grandchildren=12293,1072,7408,11541
HASH_ROUTE token=146 layer=4 children=444,382,281,365 grandchildren=4447,3829,2819,3651
HASH_ROUTE token=146 layer=5 children=389,410,865,891 grandchildren=3895,4102,8651,8915
HASH_ROUTE token=146 layer=6 children=728,1203,676,243 grandchildren=7283,12034,6768,2432
HASH_ROUTE token=146 layer=7 children=219,1018,854,294 grandchildren=2199,10181,8542,2941
HASH_ROUTE token=146 layer=8 children=102,58,149,583 grandchildren=1022,586,1495,5839
HASH_ROUTE token=146 layer=9 children=246,314,182,251 grandchildren=2469,3142,1822,2518
HASH_ROUTE token=146 layer=10 children=884,1045,1203,932 grandchildren=8844,10457,12034,9325
HASH_ROUTE token=146 layer=11 children=159,56,956,853 grandchildren=1598,565,9565,8532
HASH_ROUTE token=146 layer=12 children=169,247,213,223 grandchildren=1693,2479,2139,2231
HASH_ROUTE token=146 layer=13 children=729,779,737,787 grandchildren=7293,7798,7372,7872
HASH_ROUTE token=146 layer=14 children=936,855,777,920 grandchildren=9368,8556,7771,9201
HASH_ROUTE token=146 layer=15 children=474,363,371,345 grandchildren=4747,3636,3717,3453
HASH_ROUTE token=146 layer=16 children=251,418,223,381 grandchildren=2513,4181,2236,3815
HASH_ROUTE token=146 layer=17 children=1144,1179,1153,1222 grandchildren=11445,11799,11539,12221
HASH_ROUTE token=146 layer=18 children=151,1114,477,100 grandchildren=1511,11146,4772,1002
HASH_ROUTE token=146 layer=19 children=1208,242,724,1151 grandchildren=12081,2428,7245,11512
HASH_ROUTE token=146 layer=20 children=347,185,362,375 grandchildren=3472,1853,3623,3756
HASH_ROUTE token=146 layer=21 children=143,1262,464,71 grandchildren=1432,12621,4646,719
HASH_ROUTE token=146 layer=22 children=281,238,243,161 grandchildren=2815,2383,2434,1614
HASH_ROUTE token=146 layer=23 children=199,309,213,261 grandchildren=1997,3098,2136,2613
HASH_ROUTE token=147 layer=0 children=153,50,41,471 grandchildren=1536,504,412,4712
HASH_ROUTE token=147 layer=1 children=294,261,174,779 grandchildren=2946,2615,1743,7793
HASH_ROUTE token=147 layer=2 children=1122,1228,1137,1162 grandchildren=11221,12287,11376,11621
HASH_ROUTE token=147 layer=3 children=740,669,901,798 grandchildren=7401,6693,9014,7982
HASH_ROUTE token=147 layer=4 children=292,454,236,182 grandchildren=2922,4542,2365,1821
HASH_ROUTE token=147 layer=5 children=751,911,434,703 grandchildren=7519,9115,4342,7039
HASH_ROUTE token=147 layer=6 children=243,285,1047,173 grandchildren=2431,2853,10474,1733
HASH_ROUTE token=147 layer=7 children=1068,587,1109,749 grandchildren=10681,5879,11094,7497
HASH_ROUTE token=147 layer=8 children=328,802,488,8 grandchildren=3288,8021,4883,84
HASH_ROUTE token=147 layer=9 children=309,203,185,941 grandchildren=3095,2038,1859,9418
HASH_ROUTE token=147 layer=10 children=649,160,323,7 grandchildren=6493,1605,3237,71
HASH_ROUTE token=147 layer=11 children=936,868,909,858 grandchildren=9365,8687,9098,8587
HASH_ROUTE token=147 layer=12 children=529,203,559,48 grandchildren=5294,2039,5598,484
HASH_ROUTE token=147 layer=13 children=1059,1011,893,571 grandchildren=10594,10112,8936,5714
HASH_ROUTE token=147 layer=14 children=242,212,295,884 grandchildren=2429,2127,2951,8844
HASH_ROUTE token=147 layer=15 children=998,1115,1089,1074 grandchildren=9985,11154,10896,10746
HASH_ROUTE token=147 layer=16 children=427,358,266,196 grandchildren=4276,3583,2663,1966
HASH_ROUTE token=147 layer=17 children=263,1225,230,188 grandchildren=2636,12256,2301,1886
HASH_ROUTE token=147 layer=18 children=831,847,910,997 grandchildren=8315,8472,9108,9975
HASH_ROUTE token=147 layer=19 children=704,863,383,545 grandchildren=7044,8639,3831,5459
HASH_ROUTE token=147 layer=20 children=213,532,198,298 grandchildren=2133,5321,1984,2982
HASH_ROUTE token=147 layer=21 children=332,11,818,350 grandchildren=3324,113,8182,3509
HASH_ROUTE token=147 layer=22 children=1184,1270,1124,1131 grandchildren=11849,12709,11249,11312
HASH_ROUTE token=147 layer=23 children=218,1171,537,693 grandchildren=2187,11715,5376,6933
HASH_ROUTE token=148 layer=0 children=320,446,4,965 grandchildren=3204,4469,48,9658
HASH_ROUTE token=148 layer=1 children=248,405,184,210 grandchildren=2482,4051,1849,2105
HASH_ROUTE token=148 layer=2 children=757,272,655,642 grandchildren=7579,2724,6556,6426
HASH_ROUTE token=148 layer=3 children=1229,1189,1269,587 grandchildren=12291,11893,12692,5875
HASH_ROUTE token=148 layer=4 children=449,123,1247,289 grandchildren=4497,1232,12475,2894
HASH_ROUTE token=148 layer=5 children=370,400,464,858 grandchildren=3704,4004,4649,8589
HASH_ROUTE token=148 layer=6 children=1042,1035,1091,1114 grandchildren=10428,10353,10917,11148
HASH_ROUTE token=148 layer=7 children=695,859,770,665 grandchildren=6959,8594,7704,6655
HASH_ROUTE token=148 layer=8 children=1187,864,1027,542 grandchildren=11875,8649,10278,5427
HASH_ROUTE token=148 layer=9 children=318,959,232,212 grandchildren=3188,9597,2327,2125
HASH_ROUTE token=148 layer=10 children=959,795,1276,895 grandchildren=9596,7955,12765,8959
HASH_ROUTE token=148 layer=11 children=1182,1211,1254,1201 grandchildren=11828,12116,12549,12017
HASH_ROUTE token=148 layer=12 children=220,542,198,519 grandchildren=2205,5426,1984,5194
HASH_ROUTE token=148 layer=13 children=153,952,40,1118 grandchildren=1536,9521,403,11185
HASH_ROUTE token=148 layer=14 children=236,246,188,268 grandchildren=2366,2463,1881,2684
HASH_ROUTE token=148 layer=15 children=1089,444,1016,924 grandchildren=10892,4449,10169,9249
HASH_ROUTE token=148 layer=16 children=276,250,192,281 grandchildren=2764,2509,1927,2815
HASH_ROUTE token=148 layer=17 children=188,1143,284,983 grandchildren=1888,11434,2846,9839
HASH_ROUTE token=148 layer=18 children=830,909,940,510 grandchildren=8309,9097,9405,5107
HASH_ROUTE token=148 layer=19 children=679,1157,355,36 grandchildren=6795,11572,3552,367
HASH_ROUTE token=148 layer=20 children=1017,1073,995,975 grandchildren=10173,10734,9951,9754
HASH_ROUTE token=148 layer=21 children=339,356,362,320 grandchildren=3396,3569,3629,3205
HASH_ROUTE token=148 layer=22 children=389,325,866,419 grandchildren=3898,3255,8661,4191
HASH_ROUTE token=148 layer=23 children=698,218,50,684 grandchildren=6983,2185,501,6844
HASH_ROUTE token=149 layer=0 children=469,1101,337,400 grandchildren=4692,11012,3373,4002
HASH_ROUTE token=149 layer=1 children=133,99,1,128 grandchildren=1339,998,14,1286
HASH_ROUTE token=149 layer=2 children=989,1054,1074,1095 grandchildren=9893,10543,10744,10951
HASH_ROUTE token=149 layer=3 children=1236,1188,113,597 grandchildren=12364,11885,1137,5976
HASH_ROUTE token=149 layer=4 children=527,365,1009,621 grandchildren=5278,3652,10093,6218
HASH_ROUTE token=149 layer=5 children=39,49,151,77 grandchildren=394,492,1512,775
HASH_ROUTE token=149 layer=6 children=249,298,1043,1093 grandchildren=2499,2981,10434,10939
HASH_ROUTE token=149 layer=7 children=255,281,279,292 grandchildren=2556,2816,2796,2926
HASH_ROUTE token=149 layer=8 children=1267,1142,1231,1160 grandchildren=12676,11427,12312,11608
HASH_ROUTE token=149 layer=9 children=308,1266,233,316 grandchildren=3088,12663,2339,3166
HASH_ROUTE token=149 layer=10 children=756,704,689,776 grandchildren=7568,7049,6894,7762
HASH_ROUTE token=149 layer=11 children=866,704,904,933 grandchildren=8665,7042,9045,9335
HASH_ROUTE token=149 layer=12 children=695,213,531,1011 grandchildren=6954,2131,5318,10119
HASH_ROUTE token=149 layer=13 children=732,653,694,1210 grandchildren=7327,6535,6947,12102
HASH_ROUTE token=149 layer=14 children=295,1095,203,1001 grandchildren=2955,10953,2036,10013
HASH_ROUTE token=149 layer=15 children=1084,920,969,767 grandchildren=10848,9204,9691,7674
HASH_ROUTE token=149 layer=16 children=196,217,232,254 grandchildren=1969,2178,2321,2542
HASH_ROUTE token=149 layer=17 children=188,230,343,983 grandchildren=1882,2304,3433,9832
HASH_ROUTE token=149 layer=18 children=1072,1019,910,1047 grandchildren=10726,10194,9108,10477
HASH_ROUTE token=149 layer=19 children=380,225,346,180 grandchildren=3808,2256,3463,1808
HASH_ROUTE token=149 layer=20 children=213,532,1179,242 grandchildren=2137,5326,11797,2422
HASH_ROUTE token=149 layer=21 children=365,849,48,355 grandchildren=3655,8499,489,3555
HASH_ROUTE token=149 layer=22 children=227,175,544,389 grandchildren=2275,1751,5442,3891
HASH_ROUTE token=149 layer=23 children=199,214,306,260 grandchildren=1991,2149,3065,2609
HASH_ROUTE token=150 layer=0 children=477,361,449,411 grandchildren=4771,3616,4492,4116
HASH_ROUTE token=150 layer=1 children=411,342,330,362 grandchildren=4117,3421,3301,3622
HASH_ROUTE token=150 layer=2 children=1108,785,469,301 grandchildren=11083,7853,4696,3018
HASH_ROUTE token=150 layer=3 children=794,688,1272,658 grandchildren=7944,6885,12721,6586
HASH_ROUTE token=150 layer=4 children=939,452,1090,869 grandchildren=9394,4521,10907,8695
HASH_ROUTE token=150 layer=5 children=17,67,30,159 grandchildren=171,677,305,1597
HASH_ROUTE token=150 layer=6 children=687,1169,48,525 grandchildren=6878,11698,487,5258
HASH_ROUTE token=150 layer=7 children=57,535,121,75 grandchildren=577,5351,1214,756
HASH_ROUTE token=150 layer=8 children=1108,1077,1018,940 grandchildren=11086,10779,10186,9408
HASH_ROUTE token=150 layer=9 children=301,1263,241,220 grandchildren=3012,12636,2414,2207
HASH_ROUTE token=150 layer=10 children=776,752,640,1096 grandchildren=7768,7525,6408,10962
HASH_ROUTE token=150 layer=11 children=752,113,1078,688 grandchildren=7529,1133,10783,6886
HASH_ROUTE token=150 layer=12 children=59,697,72,139 grandchildren=592,6973,723,1391
HASH_ROUTE token=150 layer=13 children=234,259,179,557 grandchildren=2345,2595,1793,5574
HASH_ROUTE token=150 layer=14 children=311,155,235,261 grandchildren=3119,1559,2355,2615
HASH_ROUTE token=150 layer=15 children=1081,969,440,990 grandchildren=10817,9691,4407,9908
HASH_ROUTE token=150 layer=16 children=437,352,342,419 grandchildren=4376,3529,3427,4191
HASH_ROUTE token=150 layer=17 children=1064,1223,264,1088 grandchildren=10643,12236,2641,10882
HASH_ROUTE token=150 layer=18 children=459,407,1094,352 grandchildren=4597,4079,10947,3525
HASH_ROUTE token=150 layer=19 children=36,13,158,100 grandchildren=369,136,1585,1005
HASH_ROUTE token=150 layer=20 children=213,535,691,185 grandchildren=2135,5357,6914,1851
HASH_ROUTE token=150 layer=21 children=426,365,414,372 grandchildren=4267,3654,4146,3727
HASH_ROUTE token=150 layer=22 children=971,496,1110,969 grandchildren=9711,4966,11104,9695
HASH_ROUTE token=150 layer=23 children=195,177,30,18 grandchildren=1953,1778,303,187
HASH_ROUTE token=151 layer=0 children=441,325,412,339 grandchildren=4415,3252,4125,3394
HASH_ROUTE token=151 layer=1 children=138,101,4,933 grandchildren=1382,1015,41,9337
HASH_ROUTE token=151 layer=2 children=456,431,937,917 grandchildren=4561,4316,9373,9171
HASH_ROUTE token=151 layer=3 children=327,412,425,452 grandchildren=3275,4126,4257,4525
HASH_ROUTE token=151 layer=4 children=1098,138,290,613 grandchildren=10986,1384,2902,6131
HASH_ROUTE token=151 layer=5 children=434,113,1232,388 grandchildren=4347,1131,12322,3888
HASH_ROUTE token=151 layer=6 children=720,677,795,776 grandchildren=7201,6772,7954,7762
HASH_ROUTE token=151 layer=7 children=193,35,216,58 grandchildren=1936,353,2164,582
HASH_ROUTE token=151 layer=8 children=1061,961,1073,1022 grandchildren=10617,9619,10737,10226
HASH_ROUTE token=151 layer=9 children=956,947,471,1116 grandchildren=9567,9476,4716,11163
HASH_ROUTE token=151 layer=10 children=735,1210,776,751 grandchildren=7358,12106,7768,7512
HASH_ROUTE token=151 layer=11 children=145,103,61,18 grandchildren=1458,1033,615,186
HASH_ROUTE token=151 layer=12 children=529,587,635,1161 grandchildren=5291,5876,6353,11612
HASH_ROUTE token=151 layer=13 children=139,779,1255,291 grandchildren=1392,7791,12557,2912
HASH_ROUTE token=151 layer=14 children=877,821,710,660 grandchildren=8775,8215,7103,6606
HASH_ROUTE token=151 layer=15 children=475,323,341,379 grandchildren=4755,3233,3419,3794
HASH_ROUTE token=151 layer=16 children=252,276,413,437 grandchildren=2521,2766,4138,4375
HASH_ROUTE token=151 layer=17 children=1148,1193,180,231 grandchildren=11481,11932,1803,2315
HASH_ROUTE token=151 layer=18 children=910,830,860,1074 grandchildren=9108,8301,8601,10744
HASH_ROUTE token=151 layer=19 children=355,31,1151,995 grandchildren=3556,316,11513,9956
HASH_ROUTE token=151 layer=20 children=213,244,273,264 grandchildren=2137,2446,2738,2649
HASH_ROUTE token=151 layer=21 children=336,10,365,373 grandchildren=3367,101,3653,3734
HASH_ROUTE token=151 layer=22 children=385,417,541,374 grandchildren=3856,4172,5414,3744
HASH_ROUTE token=151 layer=23 children=261,309,199,179 grandchildren=2615,3092,1994,1794
HASH_ROUTE token=152 layer=0 children=57,378,138,127 grandchildren=572,3789,1388,1271
HASH_ROUTE token=152 layer=1 children=348,184,411,252 grandchildren=3484,1849,4114,2528
HASH_ROUTE token=152 layer=2 children=1008,45,1071,204 grandchildren=10089,453,10714,2046
HASH_ROUTE token=152 layer=3 children=758,702,788,795 grandchildren=7587,7027,7883,7952
HASH_ROUTE token=152 layer=4 children=1204,1266,249,304 grandchildren=12042,12663,2493,3044
HASH_ROUTE token=152 layer=5 children=1023,861,385,1112 grandchildren=10235,8619,3853,11126
HASH_ROUTE token=152 layer=6 children=1102,996,1094,1073 grandchildren=11026,9962,10942,10736
HASH_ROUTE token=152 layer=7 children=508,601,1141,20 grandchildren=5086,6013,11412,208
HASH_ROUTE token=152 layer=8 children=598,627,616,437 grandchildren=5988,6274,6169,4374
HASH_ROUTE token=152 layer=9 children=973,987,1011,1116 grandchildren=9731,9879,10113,11165
HASH_ROUTE token=152 layer=10 children=1230,1244,1139,1271 grandchildren=12301,12445,11394,12714
HASH_ROUTE token=152 layer=11 children=730,704,91,61 grandchildren=7304,7041,914,614
HASH_ROUTE token=152 layer=12 children=533,525,559,629 grandchildren=5339,5251,5593,6292
HASH_ROUTE token=152 layer=13 children=953,152,820,27 grandchildren=9534,1524,8206,277
HASH_ROUTE token=152 layer=14 children=236,79,715,877 grandchildren=2368,798,7153,8771
HASH_ROUTE token=152 layer=15 children=353,832,994,673 grandchildren=3533,8322,9944,6732
HASH_ROUTE token=152 layer=16 children=196,167,228,359 grandchildren=1969,1672,2282,3598
HASH_ROUTE token=152 layer=17 children=184,983,1140,500 grandchildren=1841,9839,11408,5005
HASH_ROUTE token=152 layer=18 children=911,836,854,1072 grandchildren=9117,8369,8549,10723
HASH_ROUTE token=152 layer=19 children=355,31,387,191 grandchildren=3557,316,3878,1918
HASH_ROUTE token=152 layer=20 children=215,1011,853,373 grandchildren=2159,10115,8532,3738
HASH_ROUTE token=152 layer=21 children=320,358,336,441 grandchildren=3201,3583,3364,4416
HASH_ROUTE token=152 layer=22 children=337,1134,386,1186 grandchildren=3377,11347,3862,11868
HASH_ROUTE token=152 layer=23 children=199,230,34,1151 grandchildren=1992,2306,349,11517
HASH_ROUTE token=153 layer=0 children=153,53,72,65 grandchildren=1533,537,729,656
HASH_ROUTE token=153 layer=1 children=171,297,652,17 grandchildren=1712,2973,6523,176
HASH_ROUTE token=153 layer=2 children=747,588,424,100 grandchildren=7471,5882,4246,1006
HASH_ROUTE token=153 layer=3 children=106,68,18,900 grandchildren=1061,684,189,9009
HASH_ROUTE token=153 layer=4 children=186,294,312,194 grandchildren=1865,2948,3126,1948
HASH_ROUTE token=153 layer=5 children=1179,1272,1210,1144 grandchildren=11797,12729,12105,11448
HASH_ROUTE token=153 layer=6 children=129,442,760,289 grandchildren=1293,4422,7609,2899
HASH_ROUTE token=153 layer=7 children=934,137,617,459 grandchildren=9349,1378,6175,4599
HASH_ROUTE token=153 layer=8 children=1110,953,314,1274 grandchildren=11104,9531,3144,12741
HASH_ROUTE token=153 layer=9 children=955,316,897,915 grandchildren=9559,3162,8978,9159
HASH_ROUTE token=153 layer=10 children=347,1145,180,446 grandchildren=3479,11452,1805,4467
HASH_ROUTE token=153 layer=11 children=24,1142,32,1156 grandchildren=242,11429,327,11568
HASH_ROUTE token=153 layer=12 children=374,327,478,388 grandchildren=3748,3276,4782,3885
HASH_ROUTE token=153 layer=13 children=148,786,948,463 grandchildren=1483,7864,9484,4636
HASH_ROUTE token=153 layer=14 children=777,693,616,530 grandchildren=7777,6939,6169,5308
HASH_ROUTE token=153 layer=15 children=995,1024,831,1040 grandchildren=9951,10241,8315,10407
HASH_ROUTE token=153 layer=16 children=365,437,346,1004 grandchildren=3651,4372,3463,10044
HASH_ROUTE token=153 layer=17 children=981,186,1144,662 grandchildren=9812,1869,11449,6628
HASH_ROUTE token=153 layer=18 children=388,459,364,352 grandchildren=3887,4591,3648,3528
HASH_ROUTE token=153 layer=19 children=607,440,120,926 grandchildren=6074,4402,1209,9267
HASH_ROUTE token=153 layer=20 children=766,667,648,677 grandchildren=7667,6671,6482,6778
HASH_ROUTE token=153 layer=21 children=1030,992,1078,968 grandchildren=10302,9924,10782,9689
HASH_ROUTE token=153 layer=22 children=331,1136,178,659 grandchildren=3311,11364,1781,6597
HASH_ROUTE token=153 layer=23 children=874,945,816,909 grandchildren=8741,9454,8162,9097
HASH_ROUTE token=154 layer=0 children=755,649,779,713 grandchildren=7553,6493,7793,7133
HASH_ROUTE token=154 layer=1 children=527,689,504,663 grandchildren=5272,6898,5043,6631
HASH_ROUTE token=154 layer=2 children=352,830,36,991 grandchildren=3524,8301,369,9917
HASH_ROUTE token=154 layer=3 children=623,613,535,554 grandchildren=6232,6133,5357,5547
HASH_ROUTE token=154 layer=4 children=465,434,1260,452 grandchildren=4654,4349,12609,4529
HASH_ROUTE token=154 layer=5 children=320,809,963,168 grandchildren=3201,8093,9632,1686
HASH_ROUTE token=154 layer=6 children=461,785,620,946 grandchildren=4611,7853,6205,9464
HASH_ROUTE token=154 layer=7 children=148,99,38,621 grandchildren=1481,998,388,6215
HASH_ROUTE token=154 layer=8 children=1014,697,1100,786 grandchildren=10147,6975,11004,7861
HASH_ROUTE token=154 layer=9 children=131,55,938,156 grandchildren=1315,558,9383,1566
HASH_ROUTE token=154 layer=10 children=616,626,540,587 grandchildren=6161,6266,5402,5878
HASH_ROUTE token=154 layer=11 children=916,1077,866,753 grandchildren=9167,10775,8665,7531
HASH_ROUTE token=154 layer=12 children=359,839,1151,512 grandchildren=3591,8391,11512,5124
HASH_ROUTE token=154 layer=13 children=324,167,489,361 grandchildren=3242,1674,4891,3611
HASH_ROUTE token=154 layer=14 children=1102,1264,1096,947 grandchildren=11027,12648,10961,9478
HASH_ROUTE token=154 layer=15 children=767,127,1080,678 grandchildren=7673,1275,10807,6787
HASH_ROUTE token=154 layer=16 children=921,600,889,124 grandchildren=9211,6002,8893,1246
HASH_ROUTE token=154 layer=17 children=893,954,801,91 grandchildren=8936,9547,8016,917
HASH_ROUTE token=154 layer=18 children=740,1226,268,721 grandchildren=7409,12268,2688,7212
HASH_ROUTE token=154 layer=19 children=322,647,1121,482 grandchildren=3227,6472,11214,4828
HASH_ROUTE token=154 layer=20 children=1264,309,1223,786 grandchildren=12641,3094,12235,7862
HASH_ROUTE token=154 layer=21 children=1180,1238,700,65 grandchildren=11808,12386,7008,657
HASH_ROUTE token=154 layer=22 children=939,295,1090,772 grandchildren=9392,2953,10908,7721
HASH_ROUTE token=154 layer=23 children=109,45,71,261 grandchildren=1098,458,711,2615
HASH_ROUTE token=155 layer=0 children=49,360,1161,680 grandchildren=497,3606,11619,6802
HASH_ROUTE token=155 layer=1 children=205,297,239,841 grandchildren=2052,2971,2397,8414
HASH_ROUTE token=155 layer=2 children=895,735,810,1217 grandchildren=8958,7357,8105,12177
HASH_ROUTE token=155 layer=3 children=1095,291,133,613 grandchildren=10954,2919,1332,6134
HASH_ROUTE token=155 layer=4 children=182,190,827,160 grandchildren=1822,1907,8277,1609
HASH_ROUTE token=155 layer=5 children=467,300,370,445 grandchildren=4675,3008,3709,4459
HASH_ROUTE token=155 layer=6 children=676,761,714,35 grandchildren=6768,7615,7146,352
HASH_ROUTE token=155 layer=7 children=821,950,804,508 grandchildren=8215,9507,8045,5088
HASH_ROUTE token=155 layer=8 children=363,420,338,320 grandchildren=3635,4206,3384,3204
HASH_ROUTE token=155 layer=9 children=231,197,268,252 grandchildren=2316,1974,2683,2523
HASH_ROUTE token=155 layer=10 children=213,166,173,54 grandchildren=2131,1668,1733,546
HASH_ROUTE token=155 layer=11 children=77,875,26,156 grandchildren=777,8755,268,1566
HASH_ROUTE token=155 layer=12 children=882,868,81,61 grandchildren=8823,8686,814,613
HASH_ROUTE token=155 layer=13 children=826,26,667,987 grandchildren=8266,265,6673,9879
HASH_ROUTE token=155 layer=14 children=565,613,531,591 grandchildren=5657,6137,5314,5912
HASH_ROUTE token=155 layer=15 children=822,347,987,891 grandchildren=8226,3472,9872,8915
HASH_ROUTE token=155 layer=16 children=325,5,429,437 grandchildren=3256,58,4299,4376
HASH_ROUTE token=155 layer=17 children=983,349,1143,184 grandchildren=9834,3494,11433,1844
HASH_ROUTE token=155 layer=18 children=184,988,317,284 grandchildren=1844,9884,3178,2847
HASH_ROUTE token=155 layer=19 children=641,685,676,778 grandchildren=6415,6859,6761,7781
HASH_ROUTE token=155 layer=20 children=598,1072,279,757 grandchildren=5986,10725,2791,7574
HASH_ROUTE token=155 layer=21 children=1024,969,1058,1084 grandchildren=10249,9699,10586,10845
HASH_ROUTE token=155 layer=22 children=969,802,1123,1094 grandchildren=9691,8029,11235,10945
HASH_ROUTE token=155 layer=23 children=39,128,670,148 grandchildren=396,1287,6708,1489
HASH_ROUTE token=156 layer=0 children=641,326,4,967 grandchildren=6415,3265,49,9672
HASH_ROUTE token=156 layer=1 children=294,456,240,210 grandchildren=2947,4563,2405,2105
HASH_ROUTE token=156 layer=2 children=338,410,455,819 grandchildren=3381,4108,4553,8192
HASH_ROUTE token=156 layer=3 children=1228,108,582,428 grandchildren=12286,1084,5822,4283
HASH_ROUTE token=156 layer=4 children=204,318,196,287 grandchildren=2046,3181,1961,2879
HASH_ROUTE token=156 layer=5 children=1212,1177,1137,1265 grandchildren=12126,11772,11372,12656
HASH_ROUTE token=156 layer=6 children=246,728,1209,200 grandchildren=2466,7288,12098,2007
HASH_ROUTE token=156 layer=7 children=690,534,211,52 grandchildren=6905,5344,2119,525
HASH_ROUTE token=156 layer=8 children=954,314,794,1117 grandchildren=9542,3142,7941,11179
HASH_ROUTE token=156 layer=9 children=312,955,250,1273 grandchildren=3123,9551,2502,12737
HASH_ROUTE token=156 layer=10 children=547,506,563,387 grandchildren=5479,5069,5638,3872
HASH_ROUTE token=156 layer=11 children=40,73,59,64 grandchildren=405,739,593,644
HASH_ROUTE token=156 layer=12 children=329,807,370,857 grandchildren=3296,8078,3709,8579
HASH_ROUTE token=156 layer=13 children=91,145,81,39 grandchildren=918,1458,814,394
HASH_ROUTE token=156 layer=14 children=617,567,517,293 grandchildren=6173,5675,5177,2934
HASH_ROUTE token=156 layer=15 children=363,349,471,1166 grandchildren=3638,3494,4719,11663
HASH_ROUTE token=156 layer=16 children=191,163,222,1152 grandchildren=1917,1632,2223,11524
HASH_ROUTE token=156 layer=17 children=423,385,263,220 grandchildren=4239,3851,2639,2204
HASH_ROUTE token=156 layer=18 children=1067,266,428,909 grandchildren=10676,2662,4285,9093
HASH_ROUTE token=156 layer=19 children=100,907,262,744 grandchildren=1004,9074,2626,7444
HASH_ROUTE token=156 layer=20 children=1135,171,1227,1268 grandchildren=11357,1711,12275,12689
HASH_ROUTE token=156 layer=21 children=38,59,114,192 grandchildren=382,597,1142,1924
HASH_ROUTE token=156 layer=22 children=395,428,439,1037 grandchildren=3956,4281,4398,10371
HASH_ROUTE token=156 layer=23 children=239,872,71,242 grandchildren=2392,8728,717,2427
HASH_ROUTE token=157 layer=0 children=122,444,1089,605 grandchildren=1223,4444,10899,6055
HASH_ROUTE token=157 layer=1 children=451,342,396,339 grandchildren=4516,3426,3965,3396
HASH_ROUTE token=157 layer=2 children=207,220,304,282 grandchildren=2075,2201,3049,2828
HASH_ROUTE token=157 layer=3 children=100,119,33,585 grandchildren=1001,1198,334,5854
HASH_ROUTE token=157 layer=4 children=186,292,822,222 grandchildren=1866,2921,8224,2228
HASH_ROUTE token=157 layer=5 children=93,1217,892,410 grandchildren=937,12177,8922,4106
HASH_ROUTE token=157 layer=6 children=737,720,1219,98 grandchildren=7374,7203,12193,988
HASH_ROUTE token=157 layer=7 children=57,217,1011,855 grandchildren=572,2177,10111,8557
HASH_ROUTE token=157 layer=8 children=941,884,910,1109 grandchildren=9411,8844,9104,11093
HASH_ROUTE token=157 layer=9 children=312,1272,157,632 grandchildren=3126,12729,1572,6328
HASH_ROUTE token=157 layer=10 children=995,1063,1115,1153 grandchildren=9953,10631,11151,11531
HASH_ROUTE token=157 layer=11 children=59,113,690,159 grandchildren=591,1133,6909,1596
HASH_ROUTE token=157 layer=12 children=304,625,244,169 grandchildren=3043,6256,2441,1699
HASH_ROUTE token=157 layer=13 children=731,793,761,697 grandchildren=7318,7933,7612,6974
HASH_ROUTE token=157 layer=14 children=932,295,770,1093 grandchildren=9328,2955,7708,10937
HASH_ROUTE token=157 layer=15 children=339,971,498,472 grandchildren=3393,9717,4989,4722
HASH_ROUTE token=157 layer=16 children=437,419,349,476 grandchildren=4375,4197,3496,4761
HASH_ROUTE token=157 layer=17 children=995,1153,190,1066 grandchildren=9953,11539,1908,10668
HASH_ROUTE token=157 layer=18 children=860,942,811,909 grandchildren=8604,9429,8117,9095
HASH_ROUTE token=157 layer=19 children=833,867,355,380 grandchildren=8339,8675,3553,3807
HASH_ROUTE token=157 layer=20 children=598,1074,520,277 grandchildren=5983,10749,5208,2773
HASH_ROUTE token=157 layer=21 children=198,245,282,254 grandchildren=1989,2452,2828,2547
HASH_ROUTE token=157 layer=22 children=269,1060,428,105 grandchildren=2699,10605,4282,1058
HASH_ROUTE token=157 layer=23 children=836,883,807,856 grandchildren=8366,8836,8072,8568
HASH_ROUTE token=158 layer=0 children=122,41,50,105 grandchildren=1227,419,504,1052
HASH_ROUTE token=158 layer=1 children=174,652,330,184 grandchildren=1743,6525,3303,1848
HASH_ROUTE token=158 layer=2 children=1225,1137,1171,1205 grandchildren=12259,11372,11711,12055
HASH_ROUTE token=158 layer=3 children=860,802,903,815 grandchildren=8605,8027,9032,8158
HASH_ROUTE token=158 layer=4 children=295,230,457,180 grandchildren=2955,2304,4575,1803
HASH_ROUTE token=158 layer=5 children=377,850,435,911 grandchildren=3778,8505,4357,9115
HASH_ROUTE token=158 layer=6 children=247,285,88,170 grandchildren=2473,2855,882,1708
HASH_ROUTE token=158 layer=7 children=720,404,708,657 grandchildren=7209,4046,7087,6573
HASH_ROUTE token=158 layer=8 children=1016,1027,376,383 grandchildren=10161,10277,3761,3835
HASH_ROUTE token=158 layer=9 children=897,845,941,252 grandchildren=8977,8451,9416,2523
HASH_ROUTE token=158 layer=10 children=367,687,522,421 grandchildren=3676,6872,5228,4213
HASH_ROUTE token=158 layer=11 children=386,357,376,67 grandchildren=3862,3573,3763,679
HASH_ROUTE token=158 layer=12 children=687,798,206,315 grandchildren=6874,7989,2063,3156
HASH_ROUTE token=158 layer=13 children=895,830,887,731 grandchildren=8954,8303,8871,7319
HASH_ROUTE token=158 layer=14 children=267,586,901,212 grandchildren=2673,5864,9011,2123
HASH_ROUTE token=158 layer=15 children=831,352,671,995 grandchildren=8311,3526,6718,9953
HASH_ROUTE token=158 layer=16 children=436,366,336,276 grandchildren=4369,3661,3365,2762
HASH_ROUTE token=158 layer=17 children=186,509,314,238 grandchildren=1866,5099,3145,2381
HASH_ROUTE token=158 layer=18 children=997,961,1076,1094 grandchildren=9972,9614,10764,10946
HASH_ROUTE token=158 layer=19 children=783,764,744,654 grandchildren=7839,7646,7445,6545
HASH_ROUTE token=158 layer=20 children=633,532,615,593 grandchildren=6339,5328,6154,5931
HASH_ROUTE token=158 layer=21 children=242,888,1046,232 grandchildren=2422,8889,10461,2326
HASH_ROUTE token=158 layer=22 children=334,178,652,495 grandchildren=3347,1788,6521,4958
HASH_ROUTE token=158 layer=23 children=621,582,556,530 grandchildren=6218,5826,5566,5308
HASH_ROUTE token=159 layer=0 children=122,49,444,3 grandchildren=1222,494,4446,31
HASH_ROUTE token=159 layer=1 children=310,175,241,239 grandchildren=3108,1757,2414,2393
HASH_ROUTE token=159 layer=2 children=124,447,921,1241 grandchildren=1243,4471,9218,12418
HASH_ROUTE token=159 layer=3 children=771,669,758,794 grandchildren=7711,6694,7584,7941
HASH_ROUTE token=159 layer=4 children=289,122,446,609 grandchildren=2898,1223,4465,6093
HASH_ROUTE token=159 layer=5 children=950,471,153,1273 grandchildren=9505,4714,1535,12731
HASH_ROUTE token=159 layer=6 children=251,1052,194,894 grandchildren=2519,10526,1949,8944
HASH_ROUTE token=159 layer=7 children=406,1202,461,1261 grandchildren=4064,12022,4615,12611
HASH_ROUTE token=159 layer=8 children=1009,1077,844,1109 grandchildren=10096,10776,8443,11096
HASH_ROUTE token=159 layer=9 children=1010,1034,1096,373 grandchildren=10101,10344,10961,3734
HASH_ROUTE token=159 layer=10 children=650,1132,334,16 grandchildren=6504,11326,3346,162
HASH_ROUTE token=159 layer=11 children=159,790,1275,4 grandchildren=1591,7909,12756,43
HASH_ROUTE token=159 layer=12 children=1219,1240,1176,1155 grandchildren=12198,12403,11765,11554
HASH_ROUTE token=159 layer=13 children=1226,1205,1172,1141 grandchildren=12267,12059,11726,11415
HASH_ROUTE token=159 layer=14 children=765,284,793,311 grandchildren=7655,2847,7934,3117
HASH_ROUTE token=159 layer=15 children=920,956,891,444 grandchildren=9201,9568,8912,4446
HASH_ROUTE token=159 layer=16 children=232,161,397,262 grandchildren=2325,1614,3975,2625
HASH_ROUTE token=159 layer=17 children=1230,1159,278,195 grandchildren=12306,11596,2783,1952
HASH_ROUTE token=159 layer=18 children=868,834,925,911 grandchildren=8683,8344,9259,9119
HASH_ROUTE token=159 layer=19 children=770,676,719,665 grandchildren=7707,6763,7191,6659
HASH_ROUTE token=159 layer=20 children=1112,633,1072,1017 grandchildren=11122,6335,10725,10174
HASH_ROUTE token=159 layer=21 children=417,258,361,381 grandchildren=4175,2585,3618,3817
HASH_ROUTE token=159 layer=22 children=630,1119,798,544 grandchildren=6307,11199,7984,5447
HASH_ROUTE token=159 layer=23 children=530,610,859,54 grandchildren=5301,6109,8593,544
HASH_ROUTE token=160 layer=0 children=153,471,66,50 grandchildren=1536,4718,667,507
HASH_ROUTE token=160 layer=1 children=294,772,178,203 grandchildren=2947,7729,1785,2031
HASH_ROUTE token=160 layer=2 children=168,800,241,966 grandchildren=1681,8008,2411,9663
HASH_ROUTE token=160 layer=3 children=107,1066,903,746 grandchildren=1073,10665,9035,7463
HASH_ROUTE token=160 layer=4 children=344,182,446,507 grandchildren=3446,1822,4466,5074
HASH_ROUTE token=160 layer=5 children=768,928,703,867 grandchildren=7685,9286,7031,8675
HASH_ROUTE token=160 layer=6 children=529,494,680,566 grandchildren=5293,4943,6801,5668
HASH_ROUTE token=160 layer=7 children=464,357,627,513 grandchildren=4643,3573,6272,5135
HASH_ROUTE token=160 layer=8 children=322,1126,379,478 grandchildren=3226,11265,3799,4782
HASH_ROUTE token=160 layer=9 children=237,312,876,1033 grandchildren=2374,3124,8766,10332
HASH_ROUTE token=160 layer=10 children=967,806,978,649 grandchildren=9671,8064,9789,6498
HASH_ROUTE token=160 layer=11 children=1033,553,1191,710 grandchildren=10337,5536,11919,7106
HASH_ROUTE token=160 layer=12 children=215,181,54,201 grandchildren=2155,1816,543,2013
HASH_ROUTE token=160 layer=13 children=1085,971,604,1016 grandchildren=10852,9718,6045,10169
HASH_ROUTE token=160 layer=14 children=212,248,230,1018 grandchildren=2122,2481,2307,10189
HASH_ROUTE token=160 layer=15 children=440,472,1081,924 grandchildren=4408,4725,10819,9244
HASH_ROUTE token=160 layer=16 children=339,1134,473,410 grandchildren=3398,11343,4732,4103
HASH_ROUTE token=160 layer=17 children=1148,1122,501,1226 grandchildren=11482,11225,5015,12269
HASH_ROUTE token=160 layer=18 children=820,910,26,959 grandchildren=8203,9107,266,9599
HASH_ROUTE token=160 layer=19 children=679,353,653,338 grandchildren=6791,3533,6532,3384
HASH_ROUTE token=160 layer=20 children=273,317,210,595 grandchildren=2736,3172,2107,5957
HASH_ROUTE token=160 layer=21 children=336,417,451,444 grandchildren=3363,4175,4518,4441
HASH_ROUTE token=160 layer=22 children=791,635,1113,642 grandchildren=7912,6351,11139,6423
HASH_ROUTE token=160 layer=23 children=530,53,210,1177 grandchildren=5307,539,2107,11771
HASH_ROUTE token=161 layer=0 children=41,50,360,153 grandchildren=417,508,3604,1536
HASH_ROUTE token=161 layer=1 children=297,779,183,453 grandchildren=2974,7796,1832,4534
HASH_ROUTE token=161 layer=2 children=694,735,754,747 grandchildren=6942,7354,7544,7477
HASH_ROUTE token=161 layer=3 children=1090,932,135,459 grandchildren=10907,9322,1358,4596
HASH_ROUTE token=161 layer=4 children=348,29,450,180 grandchildren=3483,299,4506,1804
HASH_ROUTE token=161 layer=5 children=928,958,855,842 grandchildren=9286,9586,8554,8422
HASH_ROUTE token=161 layer=6 children=82,53,129,32 grandchildren=827,532,1298,326
HASH_ROUTE token=161 layer=7 children=275,188,316,294 grandchildren=2754,1887,3163,2947
HASH_ROUTE token=161 layer=8 children=900,917,869,935 grandchildren=9008,9174,8692,9354
HASH_ROUTE token=161 layer=9 children=470,413,420,458 grandchildren=4708,4132,4201,4587
HASH_ROUTE token=161 layer=10 children=1160,1147,363,1003 grandchildren=11609,11474,3634,10038
HASH_ROUTE token=161 layer=11 children=826,894,665,730 grandchildren=8266,8945,6652,7301
HASH_ROUTE token=161 layer=12 children=245,184,564,313 grandchildren=2453,1849,5646,3133
HASH_ROUTE token=161 layer=13 children=629,566,1104,613 grandchildren=6298,5662,11045,6132
HASH_ROUTE token=161 layer=14 children=236,1191,559,216 grandchildren=2362,11915,5599,2161
HASH_ROUTE token=161 layer=15 children=444,325,461,472 grandchildren=4449,3255,4617,4725
HASH_ROUTE token=161 layer=16 children=321,350,418,161 grandchildren=3218,3506,4183,1613
HASH_ROUTE token=161 layer=17 children=500,662,1148,188 grandchildren=5008,6625,11487,1888
HASH_ROUTE token=161 layer=18 children=986,1077,997,26 grandchildren=9861,10778,9975,268
HASH_ROUTE token=161 layer=19 children=653,679,16,39 grandchildren=6534,6794,168,397
HASH_ROUTE token=161 layer=20 children=438,910,1238,277 grandchildren=4381,9106,12386,2777
HASH_ROUTE token=161 layer=21 children=336,381,429,1132 grandchildren=3361,3816,4296,11328
HASH_ROUTE token=161 layer=22 children=480,641,536,544 grandchildren=4807,6415,5366,5449
HASH_ROUTE token=161 layer=23 children=208,260,234,218 grandchildren=2086,2609,2349,2182
HASH_ROUTE token=162 layer=0 children=123,52,445,371 grandchildren=1232,526,4456,3715
HASH_ROUTE token=162 layer=1 children=402,349,244,183 grandchildren=4026,3492,2447,1839
HASH_ROUTE token=162 layer=2 children=525,844,46,1007 grandchildren=5259,8449,461,10079
HASH_ROUTE token=162 layer=3 children=797,952,761,316 grandchildren=7971,9521,7615,3161
HASH_ROUTE token=162 layer=4 children=291,227,937,860 grandchildren=2919,2277,9374,8607
HASH_ROUTE token=162 layer=5 children=1058,1040,1082,1115 grandchildren=10585,10409,10829,11152
HASH_ROUTE token=162 layer=6 children=303,257,244,198 grandchildren=3039,2572,2446,1984
HASH_ROUTE token=162 layer=7 children=535,626,52,562 grandchildren=5351,6263,521,5626
HASH_ROUTE token=162 layer=8 children=1033,964,1009,1101 grandchildren=10332,9643,10098,11019
HASH_ROUTE token=162 layer=9 children=844,823,932,956 grandchildren=8441,8238,9328,9569
HASH_ROUTE token=162 layer=10 children=662,640,677,720 grandchildren=6621,6405,6772,7201
HASH_ROUTE token=162 layer=11 children=384,379,359,463 grandchildren=3846,3794,3593,4631
HASH_ROUTE token=162 layer=12 children=571,1217,553,527 grandchildren=5715,12171,5535,5273
HASH_ROUTE token=162 layer=13 children=572,94,733,565 grandchildren=5725,949,7333,5659
HASH_ROUTE token=162 layer=14 children=80,727,23,663 grandchildren=809,7273,235,6634
HASH_ROUTE token=162 layer=15 children=632,492,609,502 grandchildren=6324,4922,6091,5025
HASH_ROUTE token=162 layer=16 children=161,235,277,310 grandchildren=1615,2356,2772,3104
HASH_ROUTE token=162 layer=17 children=1245,1084,1155,1186 grandchildren=12458,10847,11552,11865
HASH_ROUTE token=162 layer=18 children=925,956,1081,1116 grandchildren=9255,9568,10817,11168
HASH_ROUTE token=162 layer=19 children=383,356,223,1181 grandchildren=3833,3561,2239,11812
HASH_ROUTE token=162 layer=20 children=352,451,401,349 grandchildren=3527,4517,4015,3491
HASH_ROUTE token=162 layer=21 children=683,49,714,76 grandchildren=6832,496,7141,769
HASH_ROUTE token=162 layer=22 children=393,1197,550,711 grandchildren=3939,11973,5504,7113
HASH_ROUTE token=162 layer=23 children=1004,687,360,49 grandchildren=10047,6877,3608,497
HASH_ROUTE token=163 layer=0 children=435,375,404,322 grandchildren=4358,3757,4047,3227
HASH_ROUTE token=163 layer=1 children=578,515,527,613 grandchildren=5787,5159,5279,6135
HASH_ROUTE token=163 layer=2 children=304,248,145,88 grandchildren=3046,2485,1451,887
HASH_ROUTE token=163 layer=3 children=742,663,423,750 grandchildren=7429,6637,4238,7501
HASH_ROUTE token=163 layer=4 children=666,504,349,771 grandchildren=6664,5045,3498,7718
HASH_ROUTE token=163 layer=5 children=926,804,901,917 grandchildren=9264,8043,9019,9177
HASH_ROUTE token=163 layer=6 children=847,887,904,936 grandchildren=8476,8876,9047,9365
HASH_ROUTE token=163 layer=7 children=169,287,252,306 grandchildren=1692,2874,2524,3067
HASH_ROUTE token=163 layer=8 children=963,1126,321,1015 grandchildren=9631,11269,3216,10157
HASH_ROUTE token=163 layer=9 children=827,848,806,873 grandchildren=8279,8484,8064,8737
HASH_ROUTE token=163 layer=10 children=410,468,334,447 grandchildren=4104,4683,3342,4472
HASH_ROUTE token=163 layer=11 children=1126,0,323,1172 grandchildren=11267,8,3236,11721
HASH_ROUTE token=163 layer=12 children=534,1170,512,215 grandchildren=5343,11705,5122,2154
HASH_ROUTE token=163 layer=13 children=1179,1255,1235,1140 grandchildren=11799,12555,12357,11401
HASH_ROUTE token=163 layer=14 children=127,763,289,929 grandchildren=1279,7638,2899,9291
HASH_ROUTE token=163 layer=15 children=472,379,448,432 grandchildren=4723,3791,4489,4327
HASH_ROUTE token=163 layer=16 children=226,250,167,276 grandchildren=2266,2507,1673,2769
HASH_ROUTE token=163 layer=17 children=1140,1189,180,1193 grandchildren=11408,11898,1807,11934
HASH_ROUTE token=163 layer=18 children=997,196,1116,317 grandchildren=9975,1964,11166,3177
HASH_ROUTE token=163 layer=19 children=395,419,346,438 grandchildren=3954,4197,3469,4386
HASH_ROUTE token=163 layer=20 children=374,1018,215,363 grandchildren=3747,10186,2158,3639
HASH_ROUTE token=163 layer=21 children=414,458,403,257 grandchildren=4145,4585,4037,2579
HASH_ROUTE token=163 layer=22 children=226,385,1184,863 grandchildren=2269,3851,11844,8633
HASH_ROUTE token=163 layer=23 children=213,537,238,56 grandchildren=2136,5373,2382,566
HASH_ROUTE token=164 layer=0 children=153,50,65,72 grandchildren=1537,509,656,726
HASH_ROUTE token=164 layer=1 children=175,297,652,499 grandchildren=1755,2979,6529,4999
HASH_ROUTE token=164 layer=2 children=424,581,1061,901 grandchildren=4243,5812,10611,9011
HASH_ROUTE token=164 layer=3 children=106,68,18,902 grandchildren=1064,681,184,9025
HASH_ROUTE token=164 layer=4 children=186,294,311,194 grandchildren=1867,2944,3116,1948
HASH_ROUTE token=164 layer=5 children=1210,1272,1179,1130 grandchildren=12105,12723,11799,11302
HASH_ROUTE token=164 layer=6 children=129,442,760,289 grandchildren=1293,4422,7608,2899
HASH_ROUTE token=164 layer=7 children=934,137,617,459 grandchildren=9349,1376,6171,4598
HASH_ROUTE token=164 layer=8 children=1112,953,314,1040 grandchildren=11122,9534,3146,10407
HASH_ROUTE token=164 layer=9 children=955,316,897,915 grandchildren=9552,3166,8978,9155
HASH_ROUTE token=164 layer=10 children=347,1145,187,446 grandchildren=3474,11458,1874,4465
HASH_ROUTE token=164 layer=11 children=1142,24,1156,31 grandchildren=11424,243,11567,317
HASH_ROUTE token=164 layer=12 children=378,327,478,219 grandchildren=3789,3278,4787,2194
HASH_ROUTE token=164 layer=13 children=148,786,948,463 grandchildren=1484,7864,9482,4633
HASH_ROUTE token=164 layer=14 children=693,777,537,792 grandchildren=6931,7773,5371,7928
HASH_ROUTE token=164 layer=15 children=995,1040,1024,831 grandchildren=9953,10405,10245,8315
HASH_ROUTE token=164 layer=16 children=365,437,346,418 grandchildren=3659,4373,3465,4185
HASH_ROUTE token=164 layer=17 children=981,188,1144,346 grandchildren=9819,1882,11445,3461
HASH_ROUTE token=164 layer=18 children=380,459,364,320 grandchildren=3804,4594,3647,3203
HASH_ROUTE token=164 layer=19 children=606,440,523,120 grandchildren=6067,4409,5232,1203
HASH_ROUTE token=164 layer=20 children=766,734,667,779 grandchildren=7663,7342,6674,7796
HASH_ROUTE token=164 layer=21 children=1030,552,236,870 grandchildren=10305,5526,2361,8703
HASH_ROUTE token=164 layer=22 children=13,333,178,656 grandchildren=135,3335,1789,6563
HASH_ROUTE token=164 layer=23 children=945,1107,907,879 grandchildren=9453,11077,9075,8795
HASH_ROUTE token=165 layer=0 children=755,649,779,713 grandchildren=7557,6496,7798,7136
HASH_ROUTE token=165 layer=1 children=527,689,504,663 grandchildren=5272,6898,5046,6636
HASH_ROUTE token=165 layer=2 children=352,830,36,991 grandchildren=3527,8306,369,9912
HASH_ROUTE token=165 layer=3 children=623,613,535,554 grandchildren=6233,6139,5352,5544
HASH_ROUTE token=165 layer=4 children=465,434,1260,452 grandchildren=4657,4349,12603,4524
HASH_ROUTE token=165 layer=5 children=320,809,963,168 grandchildren=3207,8098,9631,1687
HASH_ROUTE token=165 layer=6 children=461,785,620,946 grandchildren=4615,7858,6207,9466
HASH_ROUTE token=165 layer=7 children=148,99,38,621 grandchildren=1488,997,388,6213
HASH_ROUTE token=165 layer=8 children=1014,697,1100,786 grandchildren=10146,6976,11001,7868
HASH_ROUTE token=165 layer=9 children=131,55,938,156 grandchildren=1312,557,9386,1566
HASH_ROUTE token=165 layer=10 children=616,626,540,587 grandchildren=6164,6268,5402,5874
HASH_ROUTE token=165 layer=11 children=916,1077,866,753 grandchildren=9168,10779,8663,7539
HASH_ROUTE token=165 layer=12 children=359,839,1151,512 grandchildren=3596,8391,11511,5128
HASH_ROUTE token=165 layer=13 children=324,167,489,361 grandchildren=3244,1676,4895,3612
HASH_ROUTE token=165 layer=14 children=1102,1264,1096,947 grandchildren=11021,12649,10965,9476
HASH_ROUTE token=165 layer=15 children=767,127,1080,678 grandchildren=7676,1271,10802,6782
HASH_ROUTE token=165 layer=16 children=921,600,889,124 grandchildren=9215,6002,8898,1245
HASH_ROUTE token=165 layer=17 children=893,954,801,91 grandchildren=8931,9547,8014,915
HASH_ROUTE token=165 layer=18 children=740,1226,268,721 grandchildren=7408,12264,2681,7212
HASH_ROUTE token=165 layer=19 children=322,647,1121,482 grandchildren=3227,6474,11212,4822
HASH_ROUTE token=165 layer=20 children=1264,309,1223,786 grandchildren=12649,3096,12233,7862
HASH_ROUTE token=165 layer=21 children=1180,1238,700,65 grandchildren=11809,12382,7002,659
HASH_ROUTE token=165 layer=22 children=939,295,1090,772 grandchildren=9398,2951,10907,7726
HASH_ROUTE token=165 layer=23 children=109,45,71,261 grandchildren=1095,451,713,2615
HASH_ROUTE token=166 layer=0 children=447,376,327,418 grandchildren=4479,3763,3274,4188
HASH_ROUTE token=166 layer=1 children=201,241,841,49 grandchildren=2019,2418,8413,493
HASH_ROUTE token=166 layer=2 children=753,596,276,657 grandchildren=7536,5965,2766,6572
HASH_ROUTE token=166 layer=3 children=27,106,984,133 grandchildren=278,1065,9843,1338
HASH_ROUTE token=166 layer=4 children=168,186,236,3 grandchildren=1686,1866,2366,35
HASH_ROUTE token=166 layer=5 children=301,256,940,1103 grandchildren=3017,2569,9406,11038
HASH_ROUTE token=166 layer=6 children=794,720,730,676 grandchildren=7944,7203,7306,6769
HASH_ROUTE token=166 layer=7 children=926,766,950,821 grandchildren=9268,7661,9501,8213
HASH_ROUTE token=166 layer=8 children=369,1009,420,456 grandchildren=3691,10094,4203,4566
HASH_ROUTE token=166 layer=9 children=897,830,906,954 grandchildren=8978,8301,9069,9547
HASH_ROUTE token=166 layer=10 children=242,215,1040,166 grandchildren=2423,2158,10405,1663
HASH_ROUTE token=166 layer=11 children=954,874,790,154 grandchildren=9543,8748,7901,1545
HASH_ROUTE token=166 layer=12 children=805,884,6,321 grandchildren=8057,8847,69,3218
HASH_ROUTE token=166 layer=13 children=70,712,89,728 grandchildren=701,7125,895,7288
HASH_ROUTE token=166 layer=14 children=552,230,871,571 grandchildren=5523,2303,8712,5714
HASH_ROUTE token=166 layer=15 children=345,455,828,939 grandchildren=3453,4555,8287,9394
HASH_ROUTE token=166 layer=16 children=325,437,5,114 grandchildren=3256,4378,59,1144
HASH_ROUTE token=166 layer=17 children=1081,605,1248,980 grandchildren=10817,6052,12483,9808
HASH_ROUTE token=166 layer=18 children=172,335,970,818 grandchildren=1726,3355,9705,8187
HASH_ROUTE token=166 layer=19 children=677,648,653,712 grandchildren=6775,6483,6538,7129
HASH_ROUTE token=166 layer=20 children=1073,599,758,1117 grandchildren=10738,5994,7581,11174
HASH_ROUTE token=166 layer=21 children=1058,1022,967,731 grandchildren=10587,10222,9679,7318
HASH_ROUTE token=166 layer=22 children=162,961,809,265 grandchildren=1628,9611,8092,2654
HASH_ROUTE token=166 layer=23 children=671,39,1152,764 grandchildren=6719,394,11521,7647
HASH_ROUTE token=167 layer=0 children=125,153,41,449 grandchildren=1252,1537,418,4499
HASH_ROUTE token=167 layer=1 children=189,171,297,261 grandchildren=1895,1711,2973,2618
HASH_ROUTE token=167 layer=2 children=818,945,822,863 grandchildren=8183,9451,8224,8633
HASH_ROUTE token=167 layer=3 children=106,4,26,741 grandchildren=1067,43,267,7418
HASH_ROUTE token=167 layer=4 children=299,167,180,213 grandchildren=2994,1679,1809,2133
HASH_ROUTE token=167 layer=5 children=897,1210,252,576 grandchildren=8978,12102,2524,5769
HASH_ROUTE token=167 layer=6 children=1160,682,200,1209 grandchildren=11609,6826,2009,12093
HASH_ROUTE token=167 layer=7 children=948,937,622,825 grandchildren=9484,9374,6227,8253
HASH_ROUTE token=167 layer=8 children=953,942,882,1276 grandchildren=9531,9426,8821,12765
HASH_ROUTE token=167 layer=9 children=257,314,1217,897 grandchildren=2575,3148,12173,8979
HASH_ROUTE token=167 layer=10 children=724,752,641,666 grandchildren=7247,7528,6417,6666
HASH_ROUTE token=167 layer=11 children=56,134,78,67 grandchildren=567,1346,786,676
HASH_ROUTE token=167 layer=12 children=634,955,504,820 grandchildren=6349,9551,5049,8201
HASH_ROUTE token=167 layer=13 children=760,731,127,91 grandchildren=7604,7317,1278,911
HASH_ROUTE token=167 layer=14 children=631,314,525,512 grandchildren=6314,3143,5258,5121
HASH_ROUTE token=167 layer=15 children=380,345,439,371 grandchildren=3802,3459,4394,3714
HASH_ROUTE token=167 layer=16 children=419,328,437,474 grandchildren=4191,3288,4375,4744
HASH_ROUTE token=167 layer=17 children=184,343,190,223 grandchildren=1849,3433,1909,2234
HASH_ROUTE token=167 layer=18 children=308,210,261,196 grandchildren=3087,2108,2617,1961
HASH_ROUTE token=167 layer=19 children=744,266,900,705 grandchildren=7444,2664,9001,7057
HASH_ROUTE token=167 layer=20 children=1163,529,201,1002 grandchildren=11633,5294,2012,10029
HASH_ROUTE token=167 layer=21 children=126,38,18,6 grandchildren=1262,385,186,68
HASH_ROUTE token=167 layer=22 children=281,929,178,1247 grandchildren=2816,9294,1784,12475
HASH_ROUTE token=167 layer=23 children=235,717,289,71 grandchildren=2351,7176,2894,718
HASH_ROUTE token=168 layer=0 children=427,386,441,108 grandchildren=4275,3864,4413,1083
HASH_ROUTE token=168 layer=1 children=189,295,209,247 grandchildren=1898,2951,2097,2473
HASH_ROUTE token=168 layer=2 children=418,455,738,1051 grandchildren=4181,4559,7387,10511
HASH_ROUTE token=168 layer=3 children=432,119,758,359 grandchildren=4322,1192,7589,3592
HASH_ROUTE token=168 layer=4 children=365,448,457,372 grandchildren=3651,4483,4571,3721
HASH_ROUTE token=168 layer=5 children=1212,1130,1173,1278 grandchildren=12127,11308,11736,12787
HASH_ROUTE token=168 layer=6 children=243,1209,288,727 grandchildren=2436,12096,2885,7276
HASH_ROUTE token=168 layer=7 children=57,219,695,129 grandchildren=572,2195,6953,1291
HASH_ROUTE token=168 layer=8 children=844,888,959,913 grandchildren=8448,8886,9596,9138
HASH_ROUTE token=168 layer=9 children=312,257,956,182 grandchildren=3129,2572,9563,1825
HASH_ROUTE token=168 layer=10 children=1251,1230,1181,1138 grandchildren=12514,12303,11813,11381
HASH_ROUTE token=168 layer=11 children=148,78,157,51 grandchildren=1489,781,1578,519
HASH_ROUTE token=168 layer=12 children=320,371,162,213 grandchildren=3208,3711,1626,2138
HASH_ROUTE token=168 layer=13 children=86,46,50,139 grandchildren=863,464,501,1392
HASH_ROUTE token=168 layer=14 children=834,937,675,775 grandchildren=8345,9372,6752,7754
HASH_ROUTE token=168 layer=15 children=969,1013,1072,1119 grandchildren=9694,10139,10726,11192
HASH_ROUTE token=168 layer=16 children=270,251,198,225 grandchildren=2703,2513,1984,2257
HASH_ROUTE token=168 layer=17 children=188,1143,269,219 grandchildren=1885,11438,2697,2194
HASH_ROUTE token=168 layer=18 children=1,147,100,167 grandchildren=15,1478,1005,1674
HASH_ROUTE token=168 layer=19 children=419,344,422,338 grandchildren=4198,3442,4228,3384
HASH_ROUTE token=168 layer=20 children=214,373,697,180 grandchildren=2144,3738,6973,1807
HASH_ROUTE token=168 layer=21 children=38,6,46,1152 grandchildren=381,68,465,11523
HASH_ROUTE token=168 layer=22 children=257,419,269,428 grandchildren=2577,4197,2694,4288
HASH_ROUTE token=168 layer=23 children=213,307,50,279 grandchildren=2134,3072,501,2795
HASH_ROUTE token=169 layer=0 children=680,205,41,795 grandchildren=6807,2058,419,7952
HASH_ROUTE token=169 layer=1 children=349,184,26,456 grandchildren=3498,1842,269,4565
HASH_ROUTE token=169 layer=2 children=495,19,975,584 grandchildren=4954,194,9758,5849
HASH_ROUTE token=169 layer=3 children=775,754,130,1095 grandchildren=7754,7543,1305,10958
HASH_ROUTE token=169 layer=4 children=175,187,337,341 grandchildren=1755,1879,3371,3412
HASH_ROUTE token=169 layer=5 children=856,951,871,945 grandchildren=8563,9515,8711,9454
HASH_ROUTE token=169 layer=6 children=277,251,431,243 grandchildren=2773,2514,4317,2432
HASH_ROUTE token=169 layer=7 children=951,901,919,892 grandchildren=9517,9018,9194,8921
HASH_ROUTE token=169 layer=8 children=1101,995,941,984 grandchildren=11016,9954,9417,9849
HASH_ROUTE token=169 layer=9 children=183,1147,821,252 grandchildren=1834,11473,8213,2528
HASH_ROUTE token=169 layer=10 children=1271,1160,1259,1159 grandchildren=12719,11606,12599,11598
HASH_ROUTE token=169 layer=11 children=732,691,670,703 grandchildren=7326,6915,6701,7038
HASH_ROUTE token=169 layer=12 children=848,831,820,48 grandchildren=8489,8317,8207,481
HASH_ROUTE token=169 layer=13 children=895,735,869,578 grandchildren=8956,7352,8694,5785
HASH_ROUTE token=169 layer=14 children=195,837,298,236 grandchildren=1956,8376,2985,2362
HASH_ROUTE token=169 layer=15 children=673,356,199,762 grandchildren=6739,3565,1996,7629
HASH_ROUTE token=169 layer=16 children=218,312,378,472 grandchildren=2189,3124,3788,4725
HASH_ROUTE token=169 layer=17 children=1143,1223,983,1153 grandchildren=11436,12234,9833,11531
HASH_ROUTE token=169 layer=18 children=356,517,197,993 grandchildren=3565,5174,1973,9934
HASH_ROUTE token=169 layer=19 children=768,122,1245,654 grandchildren=7684,1228,12456,6544
HASH_ROUTE token=169 layer=20 children=296,276,452,314 grandchildren=2969,2764,4527,3143
HASH_ROUTE token=169 layer=21 children=84,156,106,403 grandchildren=846,1568,1069,4035
HASH_ROUTE token=169 layer=22 children=333,171,813,459 grandchildren=3331,1713,8138,4595
HASH_ROUTE token=169 layer=23 children=595,550,620,584 grandchildren=5953,5504,6207,5849
HASH_ROUTE token=170 layer=0 children=125,444,49,65 grandchildren=1258,4447,493,652
HASH_ROUTE token=170 layer=1 children=342,339,184,396 grandchildren=3421,3399,1842,3969
HASH_ROUTE token=170 layer=2 children=418,252,736,894 grandchildren=4184,2526,7364,8941
HASH_ROUTE token=170 layer=3 children=839,957,919,848 grandchildren=8398,9576,9194,8488
HASH_ROUTE token=170 layer=4 children=140,307,133,467 grandchildren=1407,3071,1332,4675
HASH_ROUTE token=170 layer=5 children=803,891,2,858 grandchildren=8038,8912,29,8586
HASH_ROUTE token=170 layer=6 children=192,251,998,518 grandchildren=1928,2517,9986,5183
HASH_ROUTE token=170 layer=7 children=109,425,84,122 grandchildren=1093,4253,842,1224
HASH_ROUTE token=170 layer=8 children=591,1071,548,438 grandchildren=5916,10711,5487,4387
HASH_ROUTE token=170 layer=9 children=314,208,303,293 grandchildren=3141,2087,3036,2932
HASH_ROUTE token=170 layer=10 children=749,1224,103,1065 grandchildren=7499,12243,1034,10652
HASH_ROUTE token=170 layer=11 children=705,679,686,66 grandchildren=7057,6791,6864,666
HASH_ROUTE token=170 layer=12 children=559,510,541,591 grandchildren=5593,5106,5413,5913
HASH_ROUTE token=170 layer=13 children=1205,724,1196,711 grandchildren=12056,7249,11964,7112
HASH_ROUTE token=170 layer=14 children=242,80,884,1047 grandchildren=2429,806,8848,10471
HASH_ROUTE token=170 layer=15 children=34,518,18,498 grandchildren=347,5185,181,4988
HASH_ROUTE token=170 layer=16 children=221,161,262,1187 grandchildren=2214,1614,2628,11872
HASH_ROUTE token=170 layer=17 children=1153,1143,995,983 grandchildren=11532,11432,9953,9836
HASH_ROUTE token=170 layer=18 children=260,1064,304,277 grandchildren=2607,10642,3048,2778
HASH_ROUTE token=170 layer=19 children=676,657,705,740 grandchildren=6765,6578,7053,7402
HASH_ROUTE token=170 layer=20 children=273,591,213,532 grandchildren=2738,5918,2134,5323
HASH_ROUTE token=170 layer=21 children=257,414,232,161 grandchildren=2572,4143,2326,1611
HASH_ROUTE token=170 layer=22 children=812,494,335,856 grandchildren=8129,4948,3353,8567
HASH_ROUTE token=170 layer=23 children=1156,1174,1212,1269 grandchildren=11566,11744,12125,12692
HASH_ROUTE token=171 layer=0 children=153,479,41,125 grandchildren=1535,4794,415,1259
HASH_ROUTE token=171 layer=1 children=184,663,297,349 grandchildren=1846,6636,2978,3499
HASH_ROUTE token=171 layer=2 children=63,21,381,41 grandchildren=633,212,3818,417
HASH_ROUTE token=171 layer=3 children=662,646,349,691 grandchildren=6622,6469,3494,6919
HASH_ROUTE token=171 layer=4 children=280,233,251,296 grandchildren=2806,2334,2513,2962
HASH_ROUTE token=171 layer=5 children=897,901,1059,928 grandchildren=8975,9011,10592,9287
HASH_ROUTE token=171 layer=6 children=1052,1032,1092,1212 grandchildren=10529,10325,10927,12121
HASH_ROUTE token=171 layer=7 children=353,448,344,415 grandchildren=3535,4488,3449,4153
HASH_ROUTE token=171 layer=8 children=639,622,548,610 grandchildren=6396,6226,5488,6102
HASH_ROUTE token=171 layer=9 children=964,1019,327,372 grandchildren=9642,10192,3275,3724
HASH_ROUTE token=171 layer=10 children=1074,1092,998,910 grandchildren=10746,10921,9984,9107
HASH_ROUTE token=171 layer=11 children=650,676,799,734 grandchildren=6506,6768,7993,7345
HASH_ROUTE token=171 layer=12 children=232,213,173,1197 grandchildren=2328,2133,1738,11975
HASH_ROUTE token=171 layer=13 children=1119,983,953,823 grandchildren=11195,9837,9531,8237
HASH_ROUTE token=171 layer=14 children=242,725,275,888 grandchildren=2426,7254,2751,8887
HASH_ROUTE token=171 layer=15 children=991,1081,351,673 grandchildren=9915,10818,3518,6733
HASH_ROUTE token=171 layer=16 children=321,359,437,1128 grandchildren=3219,3594,4378,11288
HASH_ROUTE token=171 layer=17 children=184,983,1140,224 grandchildren=1841,9837,11403,2246
HASH_ROUTE token=171 layer=18 children=241,184,880,165 grandchildren=2414,1844,8804,1657
HASH_ROUTE token=171 layer=19 children=905,264,744,427 grandchildren=9058,2646,7441,4272
HASH_ROUTE token=171 layer=20 children=215,272,1018,539 grandchildren=2159,2727,10184,5392
HASH_ROUTE token=171 layer=21 children=441,410,323,408 grandchildren=4411,4102,3234,4084
HASH_ROUTE token=171 layer=22 children=855,1172,531,929 grandchildren=8556,11728,5317,9292
HASH_ROUTE token=171 layer=23 children=539,599,616,214 grandchildren=5396,5999,6164,2143
HASH_ROUTE token=172 layer=0 children=449,455,414,322 grandchildren=4496,4554,4142,3221
HASH_ROUTE token=172 layer=1 children=426,261,362,467 grandchildren=4269,2612,3621,4679
HASH_ROUTE token=172 layer=2 children=931,891,916,830 grandchildren=9313,8914,9168,8306
HASH_ROUTE token=172 layer=3 children=216,534,181,500 grandchildren=2166,5344,1812,5008
HASH_ROUTE token=172 layer=4 children=235,390,1038,558 grandchildren=2358,3901,10385,5584
HASH_ROUTE token=172 layer=5 children=861,1027,925,1080 grandchildren=8613,10274,9251,10807
HASH_ROUTE token=172 layer=6 children=1097,1003,999,1067 grandchildren=10975,10031,9997,10673
HASH_ROUTE token=172 layer=7 children=338,454,460,404 grandchildren=3383,4548,4605,4043
HASH_ROUTE token=172 layer=8 children=452,137,405,84 grandchildren=4529,1379,4056,845
HASH_ROUTE token=172 layer=9 children=660,184,768,1147 grandchildren=6606,1847,7686,11479
HASH_ROUTE token=172 layer=10 children=914,1078,117,753 grandchildren=9148,10785,1171,7532
HASH_ROUTE token=172 layer=11 children=868,1022,812,974 grandchildren=8688,10225,8126,9749
HASH_ROUTE token=172 layer=12 children=213,1175,533,238 grandchildren=2134,11752,5338,2387
HASH_ROUTE token=172 layer=13 children=921,853,895,840 grandchildren=9211,8536,8956,8406
HASH_ROUTE token=172 layer=14 children=959,888,796,800 grandchildren=9593,8888,7961,8007
HASH_ROUTE token=172 layer=15 children=1072,975,113,1111 grandchildren=10723,9757,1138,11117
HASH_ROUTE token=172 layer=16 children=1128,161,1224,321 grandchildren=11286,1616,12247,3214
HASH_ROUTE token=172 layer=17 children=181,982,1140,501 grandchildren=1818,9822,11408,5015
HASH_ROUTE token=172 layer=18 children=174,817,1134,277 grandchildren=1742,8176,11347,2775
HASH_ROUTE token=172 layer=19 children=355,192,833,420 grandchildren=3555,1926,8339,4206
HASH_ROUTE token=172 layer=20 children=276,219,438,208 grandchildren=2766,2196,4382,2086
HASH_ROUTE token=172 layer=21 children=336,351,414,441 grandchildren=3361,3511,4148,4411
HASH_ROUTE token=172 layer=22 children=481,608,533,631 grandchildren=4815,6086,5336,6314
HASH_ROUTE token=172 layer=23 children=214,191,537,1174 grandchildren=2145,1918,5372,11749
HASH_ROUTE token=173 layer=0 children=122,41,449,360 grandchildren=1226,412,4491,3602
HASH_ROUTE token=173 layer=1 children=244,290,281,267 grandchildren=2443,2908,2814,2677
HASH_ROUTE token=173 layer=2 children=720,1206,686,84 grandchildren=7209,12069,6864,844
HASH_ROUTE token=173 layer=3 children=652,668,177,741 grandchildren=6524,6682,1772,7415
HASH_ROUTE token=173 layer=4 children=458,408,380,419 grandchildren=4587,4084,3806,4195
HASH_ROUTE token=173 layer=5 children=861,958,1029,1118 grandchildren=8612,9582,10296,11185
HASH_ROUTE token=173 layer=6 children=1094,1102,1054,1047 grandchildren=10947,11022,10549,10473
HASH_ROUTE token=173 layer=7 children=102,424,116,433 grandchildren=1028,4249,1163,4333
HASH_ROUTE token=173 layer=8 children=49,137,528,686 grandchildren=494,1374,5288,6866
HASH_ROUTE token=173 layer=9 children=256,892,730,249 grandchildren=2563,8924,7304,2498
HASH_ROUTE token=173 layer=10 children=753,649,655,1074 grandchildren=7536,6491,6555,10745
HASH_ROUTE token=173 layer=11 children=904,891,838,912 grandchildren=9048,8917,8381,9122
HASH_ROUTE token=173 layer=12 children=213,539,1175,54 grandchildren=2133,5394,11751,547
HASH_ROUTE token=173 layer=13 children=491,529,1133,605 grandchildren=4914,5296,11335,6057
HASH_ROUTE token=173 layer=14 children=210,696,531,855 grandchildren=2109,6967,5318,8559
HASH_ROUTE token=173 layer=15 children=979,490,987,337 grandchildren=9796,4901,9879,3373
HASH_ROUTE token=173 layer=16 children=268,205,299,427 grandchildren=2684,2053,2993,4272
HASH_ROUTE token=173 layer=17 children=181,223,500,346 grandchildren=1817,2231,5001,3469
HASH_ROUTE token=173 layer=18 children=277,165,282,189 grandchildren=2774,1651,2826,1896
HASH_ROUTE token=173 layer=19 children=355,389,833,862 grandchildren=3558,3895,8332,8622
HASH_ROUTE token=173 layer=20 children=213,276,202,226 grandchildren=2138,2766,2026,2264
HASH_ROUTE token=173 layer=21 children=257,242,312,419 grandchildren=2573,2426,3121,4198
HASH_ROUTE token=173 layer=22 children=517,639,542,537 grandchildren=5177,6391,5421,5374
HASH_ROUTE token=173 layer=23 children=190,1157,217,517 grandchildren=1908,11572,2173,5179
HASH_ROUTE token=174 layer=0 children=421,371,479,360 grandchildren=4217,3716,4793,3608
HASH_ROUTE token=174 layer=1 children=291,451,184,341 grandchildren=2911,4515,1843,3417
HASH_ROUTE token=174 layer=2 children=1001,43,975,1163 grandchildren=10014,436,9751,11637
HASH_ROUTE token=174 layer=3 children=109,66,54,20 grandchildren=1096,666,545,205
HASH_ROUTE token=174 layer=4 children=234,257,228,311 grandchildren=2342,2572,2288,3113
HASH_ROUTE token=174 layer=5 children=535,56,379,544 grandchildren=5353,561,3794,5449
HASH_ROUTE token=174 layer=6 children=843,368,929,899 grandchildren=8433,3687,9299,8994
HASH_ROUTE token=174 layer=7 children=457,933,357,777 grandchildren=4572,9338,3571,7775
HASH_ROUTE token=174 layer=8 children=1040,1099,1116,1009 grandchildren=10406,10993,11165,10099
HASH_ROUTE token=174 layer=9 children=864,828,897,878 grandchildren=8643,8289,8972,8783
HASH_ROUTE token=174 layer=10 children=1248,1143,1127,1154 grandchildren=12488,11432,11276,11546
HASH_ROUTE token=174 layer=11 children=1152,1218,1182,355 grandchildren=11529,12185,11824,3553
HASH_ROUTE token=174 layer=12 children=160,485,235,559 grandchildren=1602,4857,2352,5593
HASH_ROUTE token=174 layer=13 children=860,941,887,707 grandchildren=8602,9412,8877,7077
HASH_ROUTE token=174 layer=14 children=585,535,492,261 grandchildren=5858,5357,4928,2618
HASH_ROUTE token=174 layer=15 children=565,729,497,404 grandchildren=5651,7297,4978,4047
HASH_ROUTE token=174 layer=16 children=347,366,500,437 grandchildren=3471,3664,5005,4378
HASH_ROUTE token=174 layer=17 children=1141,188,661,982 grandchildren=11419,1887,6617,9826
HASH_ROUTE token=174 layer=18 children=826,910,853,24 grandchildren=8267,9103,8532,247
HASH_ROUTE token=174 layer=19 children=428,338,744,653 grandchildren=4283,3382,7444,6531
HASH_ROUTE token=174 layer=20 children=1090,290,779,619 grandchildren=10902,2908,7793,6199
HASH_ROUTE token=174 layer=21 children=1043,242,1064,967 grandchildren=10436,2427,10641,9673
HASH_ROUTE token=174 layer=22 children=509,664,579,739 grandchildren=5095,6645,5793,7396
HASH_ROUTE token=174 layer=23 children=538,481,508,622 grandchildren=5389,4813,5087,6221
HASH_ROUTE token=175 layer=0 children=153,53,72,65 grandchildren=1534,539,726,658
HASH_ROUTE token=175 layer=1 children=171,297,652,499 grandchildren=1714,2979,6527,4998
HASH_ROUTE token=175 layer=2 children=424,747,588,1060 grandchildren=4248,7474,5886,10604
HASH_ROUTE token=175 layer=3 children=106,68,18,900 grandchildren=1069,687,183,9005
HASH_ROUTE token=175 layer=4 children=186,294,312,194 grandchildren=1864,2944,3128,1946
HASH_ROUTE token=175 layer=5 children=1272,1179,1210,1144 grandchildren=12728,11792,12106,11447
HASH_ROUTE token=175 layer=6 children=442,129,760,288 grandchildren=4429,1293,7609,2888
HASH_ROUTE token=175 layer=7 children=934,137,617,298 grandchildren=9346,1372,6173,2982
HASH_ROUTE token=175 layer=8 children=1110,953,1043,314 grandchildren=11101,9532,10431,3147
HASH_ROUTE token=175 layer=9 children=955,314,891,913 grandchildren=9558,3146,8919,9139
HASH_ROUTE token=175 layer=10 children=347,1144,187,446 grandchildren=3477,11449,1876,4465
HASH_ROUTE token=175 layer=11 children=24,1142,32,1156 grandchildren=245,11429,322,11564
HASH_ROUTE token=175 layer=12 children=374,327,478,219 grandchildren=3744,3276,4783,2191
HASH_ROUTE token=175 layer=13 children=782,145,943,463 grandchildren=7822,1455,9435,4638
HASH_ROUTE token=175 layer=14 children=693,777,537,610 grandchildren=6933,7775,5376,6102
HASH_ROUTE token=175 layer=15 children=995,1024,831,1040 grandchildren=9955,10242,8313,10406
HASH_ROUTE token=175 layer=16 children=437,365,346,471 grandchildren=4371,3657,3461,4717
HASH_ROUTE token=175 layer=17 children=981,186,1144,1045 grandchildren=9815,1866,11443,10458
HASH_ROUTE token=175 layer=18 children=380,325,454,364 grandchildren=3804,3253,4549,3644
HASH_ROUTE token=175 layer=19 children=603,440,120,523 grandchildren=6035,4407,1209,5239
HASH_ROUTE token=175 layer=20 children=766,734,779,667 grandchildren=7667,7347,7794,6674
HASH_ROUTE token=175 layer=21 children=1030,552,236,870 grandchildren=10303,5528,2368,8709
HASH_ROUTE token=175 layer=22 children=178,13,265,331 grandchildren=1782,135,2654,3312
HASH_ROUTE token=175 layer=23 children=945,1109,626,816 grandchildren=9456,11095,6265,8167
HASH_ROUTE token=176 layer=0 children=755,649,779,713 grandchildren=7559,6496,7791,7132
HASH_ROUTE token=176 layer=1 children=527,689,504,663 grandchildren=5271,6896,5046,6638
HASH_ROUTE token=176 layer=2 children=352,830,36,991 grandchildren=3522,8303,367,9919
HASH_ROUTE token=176 layer=3 children=623,613,535,554 grandchildren=6237,6136,5354,5544
HASH_ROUTE token=176 layer=4 children=465,434,1260,452 grandchildren=4656,4342,12605,4526
HASH_ROUTE token=176 layer=5 children=320,809,963,168 grandchildren=3204,8095,9633,1683
HASH_ROUTE token=176 layer=6 children=461,785,620,946 grandchildren=4612,7853,6202,9464
HASH_ROUTE token=176 layer=7 children=148,99,38,621 grandchildren=1483,991,384,6218
HASH_ROUTE token=176 layer=8 children=1014,697,1100,786 grandchildren=10141,6976,11009,7868
HASH_ROUTE token=176 layer=9 children=131,55,938,156 grandchildren=1318,555,9386,1561
HASH_ROUTE token=176 layer=10 children=616,626,540,587 grandchildren=6163,6268,5407,5879
HASH_ROUTE token=176 layer=11 children=916,1077,866,753 grandchildren=9166,10776,8665,7539
HASH_ROUTE token=176 layer=12 children=359,839,1151,512 grandchildren=3599,8396,11515,5125
HASH_ROUTE token=176 layer=13 children=324,167,489,361 grandchildren=3245,1679,4893,3617
HASH_ROUTE token=176 layer=14 children=1102,1264,1096,947 grandchildren=11022,12645,10961,9478
HASH_ROUTE token=176 layer=15 children=767,127,1080,678 grandchildren=7671,1277,10805,6782
HASH_ROUTE token=176 layer=16 children=921,600,889,124 grandchildren=9217,6009,8894,1244
HASH_ROUTE token=176 layer=17 children=893,954,801,91 grandchildren=8933,9549,8019,911
HASH_ROUTE token=176 layer=18 children=740,1226,268,721 grandchildren=7402,12267,2684,7212
HASH_ROUTE token=176 layer=19 children=322,647,1121,482 grandchildren=3224,6475,11212,4827
HASH_ROUTE token=176 layer=20 children=1264,309,1223,786 grandchildren=12649,3098,12237,7861
HASH_ROUTE token=176 layer=21 children=1180,1238,700,65 grandchildren=11809,12381,7003,658
HASH_ROUTE token=176 layer=22 children=939,295,1090,772 grandchildren=9398,2954,10909,7723
HASH_ROUTE token=176 layer=23 children=109,45,71,261 grandchildren=1091,457,716,2614
HASH_ROUTE token=177 layer=0 children=204,217,167,1162 grandchildren=2047,2179,1674,11625
HASH_ROUTE token=177 layer=1 children=175,297,810,207 grandchildren=1756,2975,8108,2072
HASH_ROUTE token=177 layer=2 children=330,410,461,400 grandchildren=3306,4105,4611,4005
HASH_ROUTE token=177 layer=3 children=1090,132,1114,931 grandchildren=10903,1324,11146,9313
HASH_ROUTE token=177 layer=4 children=315,193,635,511 grandchildren=3156,1931,6352,5115
HASH_ROUTE token=177 layer=5 children=1134,1261,1212,1174 grandchildren=11345,12616,12124,11743
HASH_ROUTE token=177 layer=6 children=686,761,205,676 grandchildren=6869,7611,2059,6769
HASH_ROUTE token=177 layer=7 children=297,189,770,218 grandchildren=2971,1894,7703,2188
HASH_ROUTE token=177 layer=8 children=1262,1225,1175,1257 grandchildren=12628,12259,11752,12578
HASH_ROUTE token=177 layer=9 children=826,830,186,191 grandchildren=8265,8307,1868,1917
HASH_ROUTE token=177 layer=10 children=271,756,259,733 grandchildren=2711,7569,2596,7333
HASH_ROUTE token=177 layer=11 children=51,693,531,853 grandchildren=511,6938,5319,8534
HASH_ROUTE token=177 layer=12 children=649,1121,802,5 grandchildren=6494,11215,8021,53
HASH_ROUTE token=177 layer=13 children=947,884,1105,1042 grandchildren=9473,8849,11055,10428
HASH_ROUTE token=177 layer=14 children=929,445,936,604 grandchildren=9296,4456,9364,6042
HASH_ROUTE token=177 layer=15 children=454,377,475,342 grandchildren=4546,3776,4757,3425
HASH_ROUTE token=177 layer=16 children=434,411,345,321 grandchildren=4348,4116,3454,3212
HASH_ROUTE token=177 layer=17 children=571,1050,732,1218 grandchildren=5719,10503,7327,12188
HASH_ROUTE token=177 layer=18 children=173,244,313,289 grandchildren=1731,2441,3135,2892
HASH_ROUTE token=177 layer=19 children=652,338,1133,660 grandchildren=6526,3381,11336,6606
HASH_ROUTE token=177 layer=20 children=314,472,208,273 grandchildren=3147,4722,2085,2733
HASH_ROUTE token=177 layer=21 children=10,490,651,1138 grandchildren=108,4901,6512,11383
HASH_ROUTE token=177 layer=22 children=168,199,966,220 grandchildren=1688,1997,9664,2202
HASH_ROUTE token=177 layer=23 children=49,57,681,527 grandchildren=496,575,6818,5274
HASH_ROUTE token=178 layer=0 children=49,126,152,2 grandchildren=493,1265,1523,23
HASH_ROUTE token=178 layer=1 children=342,456,350,396 grandchildren=3428,4569,3502,3965
HASH_ROUTE token=178 layer=2 children=1167,1127,1225,1003 grandchildren=11679,11275,12257,10031
HASH_ROUTE token=178 layer=3 children=106,1229,85,141 grandchildren=1069,12293,851,1419
HASH_ROUTE token=178 layer=4 children=319,162,266,246 grandchildren=3193,1627,2661,2468
HASH_ROUTE token=178 layer=5 children=1212,1173,1131,1227 grandchildren=12125,11737,11317,12271
HASH_ROUTE token=178 layer=6 children=246,1207,727,200 grandchildren=2461,12075,7272,2005
HASH_ROUTE token=178 layer=7 children=697,215,52,855 grandchildren=6972,2156,521,8558
HASH_ROUTE token=178 layer=8 children=917,941,844,881 grandchildren=9174,9416,8442,8817
HASH_ROUTE token=178 layer=9 children=310,955,792,635 grandchildren=3103,9551,7921,6351
HASH_ROUTE token=178 layer=10 children=1140,1216,1228,1167 grandchildren=11403,12163,12286,11678
HASH_ROUTE token=178 layer=11 children=130,777,52,690 grandchildren=1305,7779,525,6904
HASH_ROUTE token=178 layer=12 children=635,566,541,535 grandchildren=6359,5668,5412,5359
HASH_ROUTE token=178 layer=13 children=81,720,91,731 grandchildren=811,7202,911,7313
HASH_ROUTE token=178 layer=14 children=617,937,594,917 grandchildren=6171,9373,5947,9172
HASH_ROUTE token=178 layer=15 children=439,1078,456,1098 grandchildren=4396,10782,4566,10981
HASH_ROUTE token=178 layer=16 children=386,359,437,346 grandchildren=3867,3591,4378,3461
HASH_ROUTE token=178 layer=17 children=181,1143,231,263 grandchildren=1812,11432,2312,2633
HASH_ROUTE token=178 layer=18 children=337,970,352,325 grandchildren=3373,9707,3523,3253
HASH_ROUTE token=178 layer=19 children=740,679,783,653 grandchildren=7407,6799,7833,6538
HASH_ROUTE token=178 layer=20 children=1214,1238,735,571 grandchildren=12143,12386,7355,5715
HASH_ROUTE token=178 layer=21 children=1216,1125,410,257 grandchildren=12167,11253,4103,2579
HASH_ROUTE token=178 layer=22 children=455,331,1259,932 grandchildren=4555,3314,12594,9326
HASH_ROUTE token=178 layer=23 children=830,945,352,466 grandchildren=8304,9455,3521,4663
HASH_ROUTE token=179 layer=0 children=50,218,371,107 grandchildren=502,2187,3716,1075
HASH_ROUTE token=179 layer=1 children=297,174,184,242 grandchildren=2979,1747,1842,2422
HASH_ROUTE token=179 layer=2 children=424,338,1229,1069 grandchildren=4249,3383,12293,10691
HASH_ROUTE token=179 layer=3 children=63,107,15,51 grandchildren=635,1078,158,513
HASH_ROUTE token=179 layer=4 children=294,180,311,455 grandchildren=2949,1805,3119,4551
HASH_ROUTE token=179 layer=5 children=1179,1219,1243,1278 grandchildren=11796,12191,12431,12789
HASH_ROUTE token=179 layer=6 children=768,128,448,683 grandchildren=7689,1281,4484,6838
HASH_ROUTE token=179 layer=7 children=777,937,132,1096 grandchildren=7772,9378,1323,10962
HASH_ROUTE token=179 layer=8 children=1112,953,631,157 grandchildren=11123,9535,6317,1574
HASH_ROUTE token=179 layer=9 children=253,316,891,955 grandchildren=2533,3163,8912,9559
HASH_ROUTE token=179 layer=10 children=1144,1205,1185,1210 grandchildren=11446,12051,11851,12101
HASH_ROUTE token=179 layer=11 children=56,36,855,117 grandchildren=567,364,8551,1175
HASH_ROUTE token=179 layer=12 children=643,162,324,485 grandchildren=6431,1622,3245,4851
HASH_ROUTE token=179 layer=13 children=783,720,944,882 grandchildren=7838,7205,9441,8824
HASH_ROUTE token=179 layer=14 children=531,850,567,586 grandchildren=5319,8505,5674,5869
HASH_ROUTE token=179 layer=15 children=998,671,191,516 grandchildren=9988,6712,1914,5166
HASH_ROUTE token=179 layer=16 children=437,321,365,428 grandchildren=4378,3213,3653,4284
HASH_ROUTE token=179 layer=17 children=509,188,981,638 grandchildren=5099,1882,9811,6388
HASH_ROUTE token=179 layer=18 children=804,832,848,879 grandchildren=8042,8326,8489,8799
HASH_ROUTE token=179 layer=19 children=768,1248,607,120 grandchildren=7684,12484,6073,1204
HASH_ROUTE token=179 layer=20 children=764,727,604,779 grandchildren=7645,7276,6041,7796
HASH_ROUTE token=179 layer=21 children=1031,992,968,1080 grandchildren=10319,9928,9685,10806
HASH_ROUTE token=179 layer=22 children=178,334,305,265 grandchildren=1786,3345,3056,2651
HASH_ROUTE token=179 layer=23 children=582,909,620,945 grandchildren=5822,9095,6206,9455
HASH_ROUTE token=180 layer=0 children=848,803,851,917 grandchildren=8482,8039,8514,9177
HASH_ROUTE token=180 layer=1 children=267,209,427,361 grandchildren=2671,2091,4276,3611
HASH_ROUTE token=180 layer=2 children=429,354,382,320 grandchildren=4295,3547,3821,3206
HASH_ROUTE token=180 layer=3 children=700,652,386,337 grandchildren=7008,6527,3867,3373
HASH_ROUTE token=180 layer=4 children=251,299,184,891 grandchildren=2511,2994,1849,8914
HASH_ROUTE token=180 layer=5 children=1165,1191,842,1130 grandchildren=11659,11918,8428,11304
HASH_ROUTE token=180 layer=6 children=720,691,759,732 grandchildren=7209,6919,7597,7325
HASH_ROUTE token=180 layer=7 children=1168,360,1156,1187 grandchildren=11681,3604,11569,11879
HASH_ROUTE token=180 layer=8 children=620,1269,524,1104 grandchildren=6202,12692,5243,11049
HASH_ROUTE token=180 layer=9 children=27,348,147,133 grandchildren=272,3482,1476,1334
HASH_ROUTE token=180 layer=10 children=790,477,649,1272 grandchildren=7904,4771,6493,12722
HASH_ROUTE token=180 layer=11 children=354,323,475,422 grandchildren=3545,3238,4752,4228
HASH_ROUTE token=180 layer=12 children=553,639,527,586 grandchildren=5535,6394,5276,5867
HASH_ROUTE token=180 layer=13 children=787,626,144,720 grandchildren=7871,6263,1445,7202
HASH_ROUTE token=180 layer=14 children=330,178,19,819 grandchildren=3309,1783,192,8198
HASH_ROUTE token=180 layer=15 children=670,518,709,1159 grandchildren=6707,5185,7091,11598
HASH_ROUTE token=180 layer=16 children=1119,634,1051,570 grandchildren=11197,6348,10518,5701
HASH_ROUTE token=180 layer=17 children=591,535,633,545 grandchildren=5914,5355,6332,5451
HASH_ROUTE token=180 layer=18 children=802,914,1128,959 grandchildren=8027,9142,11287,9596
HASH_ROUTE token=180 layer=19 children=783,678,464,654 grandchildren=7835,6782,4642,6541
HASH_ROUTE token=180 layer=20 children=458,299,448,416 grandchildren=4583,2995,4481,4168
HASH_ROUTE token=180 layer=21 children=79,558,718,872 grandchildren=797,5584,7186,8729
HASH_ROUTE token=180 layer=22 children=983,1105,189,303 grandchildren=9838,11051,1898,3037
HASH_ROUTE token=180 layer=23 children=23,100,125,74 grandchildren=232,1004,1257,742
HASH_ROUTE token=181 layer=0 children=1108,965,464,306 grandchildren=11086,9656,4646,3065
HASH_ROUTE token=181 layer=1 children=421,744,904,585 grandchildren=4215,7443,9047,5854
HASH_ROUTE token=181 layer=2 children=1061,427,1003,366 grandchildren=10618,4273,10032,3665
HASH_ROUTE token=181 layer=3 children=597,539,611,117 grandchildren=5971,5399,6113,1171
HASH_ROUTE token=181 layer=4 children=1093,617,939,979 grandchildren=10933,6175,9398,9799
HASH_ROUTE token=181 layer=5 children=588,623,538,579 grandchildren=5884,6231,5383,5791
HASH_ROUTE token=181 layer=6 children=680,676,41,1162 grandchildren=6802,6763,416,11622
HASH_ROUTE token=181 layer=7 children=295,285,133,127 grandchildren=2952,2859,1338,1272
HASH_ROUTE token=181 layer=8 children=1101,1012,1268,982 grandchildren=11013,10126,12688,9821
HASH_ROUTE token=181 layer=9 children=828,860,809,903 grandchildren=8285,8609,8098,9037
HASH_ROUTE token=181 layer=10 children=1089,1242,991,1158 grandchildren=10894,12429,9918,11581
HASH_ROUTE token=181 layer=11 children=701,654,677,759 grandchildren=7011,6546,6773,7599
HASH_ROUTE token=181 layer=12 children=1162,681,204,1003 grandchildren=11625,6816,2046,10032
HASH_ROUTE token=181 layer=13 children=1070,1237,1042,1207 grandchildren=10709,12371,10426,12079
HASH_ROUTE token=181 layer=14 children=52,123,698,850 grandchildren=524,1237,6981,8504
HASH_ROUTE token=181 layer=15 children=1235,1186,1258,1247 grandchildren=12356,11867,12582,12471
HASH_ROUTE token=181 layer=16 children=1063,421,969,1051 grandchildren=10634,4219,9695,10517
HASH_ROUTE token=181 layer=17 children=584,542,598,1066 grandchildren=5847,5428,5984,10668
HASH_ROUTE token=181 layer=18 children=260,245,165,184 grandchildren=2604,2451,1658,1843
HASH_ROUTE token=181 layer=19 children=903,868,814,744 grandchildren=9031,8684,8146,7448
HASH_ROUTE token=181 layer=20 children=349,438,362,28 grandchildren=3498,4389,3627,289
HASH_ROUTE token=181 layer=21 children=76,65,718,45 grandchildren=764,659,7187,455
HASH_ROUTE token=181 layer=22 children=299,264,934,1091 grandchildren=2999,2644,9348,10916
HASH_ROUTE token=181 layer=23 children=841,46,825,528 grandchildren=8418,467,8257,5287
HASH_ROUTE token=182 layer=0 children=50,157,72,3 grandchildren=505,1576,728,37
HASH_ROUTE token=182 layer=1 children=23,80,17,340 grandchildren=238,802,173,3405
HASH_ROUTE token=182 layer=2 children=578,898,419,95 grandchildren=5783,8985,4196,952
HASH_ROUTE token=182 layer=3 children=730,771,651,411 grandchildren=7307,7717,6517,4113
HASH_ROUTE token=182 layer=4 children=572,251,491,172 grandchildren=5725,2513,4917,1727
HASH_ROUTE token=182 layer=5 children=901,891,844,1223 grandchildren=9015,8919,8443,12231
HASH_ROUTE token=182 layer=6 children=690,371,758,219 grandchildren=6907,3713,7589,2198
HASH_ROUTE token=182 layer=7 children=347,23,368,43 grandchildren=3476,234,3685,431
HASH_ROUTE token=182 layer=8 children=1266,941,1272,950 grandchildren=12662,9419,12729,9505
HASH_ROUTE token=182 layer=9 children=666,28,792,828 grandchildren=6663,284,7925,8288
HASH_ROUTE token=182 layer=10 children=383,433,402,325 grandchildren=3835,4334,4021,3251
HASH_ROUTE token=182 layer=11 children=1159,34,354,995 grandchildren=11592,347,3541,9954
HASH_ROUTE token=182 layer=12 children=513,592,564,570 grandchildren=5137,5922,5647,5703
HASH_ROUTE token=182 layer=13 children=1210,1206,1136,1255 grandchildren=12104,12066,11364,12554
HASH_ROUTE token=182 layer=14 children=14,335,494,139 grandchildren=143,3351,4943,1394
HASH_ROUTE token=182 layer=15 children=1235,1273,1179,1251 grandchildren=12352,12738,11797,12512
HASH_ROUTE token=182 layer=16 children=100,5,262,165 grandchildren=1001,51,2626,1655
HASH_ROUTE token=182 layer=17 children=1003,1066,1017,1080 grandchildren=10037,10667,10172,10809
HASH_ROUTE token=182 layer=18 children=48,121,102,159 grandchildren=481,1219,1026,1593
HASH_ROUTE token=182 layer=19 children=343,331,186,410 grandchildren=3436,3319,1862,4108
HASH_ROUTE token=182 layer=20 children=179,1130,160,206 grandchildren=1793,11304,1606,2061
HASH_ROUTE token=182 layer=21 children=899,878,810,846 grandchildren=8997,8785,8102,8461
HASH_ROUTE token=182 layer=22 children=500,486,593,492 grandchildren=5002,4868,5939,4923
HASH_ROUTE token=182 layer=23 children=89,1203,144,248 grandchildren=894,12031,1449,2487
HASH_ROUTE token=183 layer=0 children=965,649,1090,1020 grandchildren=9652,6492,10908,10205
HASH_ROUTE token=183 layer=1 children=340,981,410,180 grandchildren=3406,9812,4101,1803
HASH_ROUTE token=183 layer=2 children=580,1220,264,420 grandchildren=5803,12206,2643,4203
HASH_ROUTE token=183 layer=3 children=619,933,512,131 grandchildren=6193,9338,5125,1318
HASH_ROUTE token=183 layer=4 children=262,290,246,105 grandchildren=2629,2903,2463,1053
HASH_ROUTE token=183 layer=5 children=901,822,891,959 grandchildren=9013,8225,8911,9593
HASH_ROUTE token=183 layer=6 children=466,301,413,369 grandchildren=4664,3014,4132,3693
HASH_ROUTE token=183 layer=7 children=218,297,57,277 grandchildren=2183,2972,573,2778
HASH_ROUTE token=183 layer=8 children=754,661,722,919 grandchildren=7546,6617,7221,9198
HASH_ROUTE token=183 layer=9 children=950,804,791,890 grandchildren=9503,8048,7918,8908
HASH_ROUTE token=183 layer=10 children=747,711,646,789 grandchildren=7473,7114,6465,7893
HASH_ROUTE token=183 layer=11 children=641,688,968,1004 grandchildren=6419,6889,9688,10048
HASH_ROUTE token=183 layer=12 children=531,519,218,553 grandchildren=5319,5196,2189,5539
HASH_ROUTE token=183 layer=13 children=284,1248,187,1147 grandchildren=2844,12483,1876,11479
HASH_ROUTE token=183 layer=14 children=456,139,619,299 grandchildren=4565,1399,6194,2994
HASH_ROUTE token=183 layer=15 children=1279,793,311,477 grandchildren=12791,7931,3112,4776
HASH_ROUTE token=183 layer=16 children=221,212,250,1020 grandchildren=2213,2122,2509,10205
HASH_ROUTE token=183 layer=17 children=618,457,604,620 grandchildren=6185,4571,6041,6201
HASH_ROUTE token=183 layer=18 children=1200,1222,241,1257 grandchildren=12006,12221,2411,12574
HASH_ROUTE token=183 layer=19 children=13,39,94,25 grandchildren=139,398,947,252
HASH_ROUTE token=183 layer=20 children=197,256,185,208 grandchildren=1972,2561,1854,2088
HASH_ROUTE token=183 layer=21 children=940,467,142,814 grandchildren=9404,4675,1425,8147
HASH_ROUTE token=183 layer=22 children=626,145,1108,633 grandchildren=6266,1452,11081,6336
HASH_ROUTE token=183 layer=23 children=513,33,194,996 grandchildren=5131,334,1941,9968
HASH_ROUTE token=184 layer=0 children=153,471,41,50 grandchildren=1539,4713,414,501
HASH_ROUTE token=184 layer=1 children=184,160,262,200 grandchildren=1848,1602,2627,2001
HASH_ROUTE token=184 layer=2 children=1221,1138,1163,1206 grandchildren=12217,11384,11633,12062
HASH_ROUTE token=184 layer=3 children=136,778,1095,293 grandchildren=1365,7784,10953,2937
HASH_ROUTE token=184 layer=4 children=296,182,160,282 grandchildren=2964,1825,1609,2826
HASH_ROUTE token=184 layer=5 children=40,93,1165,1212 grandchildren=407,938,11651,12121
HASH_ROUTE token=184 layer=6 children=362,209,452,291 grandchildren=3622,2092,4528,2916
HASH_ROUTE token=184 layer=7 children=926,767,1087,606 grandchildren=9268,7675,10877,6066
HASH_ROUTE token=184 layer=8 children=634,1112,624,312 grandchildren=6347,11129,6247,3126
HASH_ROUTE token=184 layer=9 children=296,314,934,221 grandchildren=2966,3148,9343,2211
HASH_ROUTE token=184 layer=10 children=1274,1165,319,1183 grandchildren=12745,11654,3199,11838
HASH_ROUTE token=184 layer=11 children=359,415,331,383 grandchildren=3597,4158,3317,3835
HASH_ROUTE token=184 layer=12 children=559,568,237,240 grandchildren=5594,5684,2373,2406
HASH_ROUTE token=184 layer=13 children=773,731,1090,139 grandchildren=7731,7319,10904,1393
HASH_ROUTE token=184 layer=14 children=858,212,371,884 grandchildren=8589,2128,3715,8849
HASH_ROUTE token=184 layer=15 children=1150,1185,839,518 grandchildren=11505,11855,8395,5189
HASH_ROUTE token=184 layer=16 children=277,232,256,596 grandchildren=2774,2324,2563,5965
HASH_ROUTE token=184 layer=17 children=462,343,357,329 grandchildren=4625,3433,3576,3297
HASH_ROUTE token=184 layer=18 children=642,801,1128,751 grandchildren=6429,8018,11285,7514
HASH_ROUTE token=184 layer=19 children=792,783,770,768 grandchildren=7922,7834,7703,7684
HASH_ROUTE token=184 layer=20 children=650,730,647,669 grandchildren=6506,7308,6479,6693
HASH_ROUTE token=184 layer=21 children=884,872,953,899 grandchildren=8845,8725,9538,8999
HASH_ROUTE token=184 layer=22 children=971,337,1136,813 grandchildren=9715,3379,11365,8133
HASH_ROUTE token=184 layer=23 children=530,574,638,1019 grandchildren=5309,5749,6385,10196
HASH_ROUTE token=185 layer=0 children=153,50,72,65 grandchildren=1538,509,728,654
HASH_ROUTE token=185 layer=1 children=175,297,652,333 grandchildren=1756,2971,6528,3334
HASH_ROUTE token=185 layer=2 children=905,424,100,588 grandchildren=9051,4246,1004,5884
HASH_ROUTE token=185 layer=3 children=106,68,18,260 grandchildren=1062,687,186,2609
HASH_ROUTE token=185 layer=4 children=186,294,312,229 grandchildren=1861,2945,3127,2299
HASH_ROUTE token=185 layer=5 children=1272,1179,1210,1166 grandchildren=12729,11796,12106,11663
HASH_ROUTE token=185 layer=6 children=129,442,760,289 grandchildren=1291,4428,7604,2896
HASH_ROUTE token=185 layer=7 children=137,934,617,459 grandchildren=1376,9346,6176,4591
HASH_ROUTE token=185 layer=8 children=1110,953,314,1274 grandchildren=11106,9538,3149,12746
HASH_ROUTE token=185 layer=9 children=955,314,917,897 grandchildren=9558,3143,9178,8974
HASH_ROUTE token=185 layer=10 children=1144,347,180,1244 grandchildren=11442,3471,1802,12444
HASH_ROUTE token=185 layer=11 children=24,1142,31,1151 grandchildren=242,11427,312,11517
HASH_ROUTE token=185 layer=12 children=378,327,478,219 grandchildren=3784,3279,4786,2197
HASH_ROUTE token=185 layer=13 children=148,782,943,463 grandchildren=1482,7825,9436,4633
HASH_ROUTE token=185 layer=14 children=777,696,618,537 grandchildren=7779,6963,6181,5376
HASH_ROUTE token=185 layer=15 children=999,1024,1040,831 grandchildren=9995,10241,10408,8311
HASH_ROUTE token=185 layer=16 children=431,365,346,418 grandchildren=4311,3652,3462,4183
HASH_ROUTE token=185 layer=17 children=981,186,349,1144 grandchildren=9819,1865,3493,11442
HASH_ROUTE token=185 layer=18 children=325,964,364,380 grandchildren=3254,9649,3644,3804
HASH_ROUTE token=185 layer=19 children=606,440,120,523 grandchildren=6066,4405,1209,5235
HASH_ROUTE token=185 layer=20 children=766,642,743,779 grandchildren=7661,6424,7436,7793
HASH_ROUTE token=185 layer=21 children=1030,559,230,870 grandchildren=10304,5598,2309,8702
HASH_ROUTE token=185 layer=22 children=265,102,426,178 grandchildren=2651,1023,4267,1783
HASH_ROUTE token=185 layer=23 children=620,945,549,497 grandchildren=6209,9459,5498,4977
HASH_ROUTE token=186 layer=0 children=755,649,779,713 grandchildren=7556,6499,7799,7134
HASH_ROUTE token=186 layer=1 children=527,689,504,663 grandchildren=5272,6891,5045,6632
HASH_ROUTE token=186 layer=2 children=352,830,36,991 grandchildren=3526,8302,365,9914
HASH_ROUTE token=186 layer=3 children=623,613,535,554 grandchildren=6231,6138,5355,5543
HASH_ROUTE token=186 layer=4 children=465,434,1260,452 grandchildren=4657,4346,12601,4521
HASH_ROUTE token=186 layer=5 children=320,809,963,168 grandchildren=3206,8093,9634,1686
HASH_ROUTE token=186 layer=6 children=461,785,620,946 grandchildren=4614,7858,6202,9467
HASH_ROUTE token=186 layer=7 children=148,99,38,621 grandchildren=1481,992,389,6219
HASH_ROUTE token=186 layer=8 children=1014,697,1100,786 grandchildren=10143,6971,11001,7865
HASH_ROUTE token=186 layer=9 children=131,55,938,156 grandchildren=1316,551,9385,1568
HASH_ROUTE token=186 layer=10 children=616,626,540,587 grandchildren=6161,6268,5406,5877
HASH_ROUTE token=186 layer=11 children=916,1077,866,753 grandchildren=9169,10771,8664,7531
HASH_ROUTE token=186 layer=12 children=359,839,1151,512 grandchildren=3599,8391,11516,5124
HASH_ROUTE token=186 layer=13 children=324,167,489,361 grandchildren=3246,1675,4893,3615
HASH_ROUTE token=186 layer=14 children=1102,1264,1096,947 grandchildren=11022,12647,10968,9472
HASH_ROUTE token=186 layer=15 children=767,127,1080,678 grandchildren=7679,1275,10805,6788
HASH_ROUTE token=186 layer=16 children=921,600,889,124 grandchildren=9212,6006,8899,1248
HASH_ROUTE token=186 layer=17 children=893,954,801,91 grandchildren=8931,9545,8013,919
HASH_ROUTE token=186 layer=18 children=740,1226,268,721 grandchildren=7409,12262,2682,7216
HASH_ROUTE token=186 layer=19 children=322,647,1121,482 grandchildren=3227,6475,11217,4828
HASH_ROUTE token=186 layer=20 children=1264,309,1223,786 grandchildren=12641,3093,12232,7863
HASH_ROUTE token=186 layer=21 children=1180,1238,700,65 grandchildren=11808,12389,7004,657
HASH_ROUTE token=186 layer=22 children=939,295,1090,772 grandchildren=9392,2956,10903,7722
HASH_ROUTE token=186 layer=23 children=109,45,71,261 grandchildren=1092,453,718,2612
HASH_ROUTE token=187 layer=0 children=204,217,167,1162 grandchildren=2043,2176,1673,11621
HASH_ROUTE token=187 layer=1 children=175,297,810,207 grandchildren=1751,2978,8109,2076
HASH_ROUTE token=187 layer=2 children=330,410,461,400 grandchildren=3302,4106,4612,4003
HASH_ROUTE token=187 layer=3 children=1090,132,1114,931 grandchildren=10904,1323,11142,9319
HASH_ROUTE token=187 layer=4 children=315,193,635,511 grandchildren=3151,1932,6351,5115
HASH_ROUTE token=187 layer=5 children=1134,1261,1212,1174 grandchildren=11347,12611,12126,11741
HASH_ROUTE token=187 layer=6 children=686,761,205,676 grandchildren=6862,7611,2054,6762
HASH_ROUTE token=187 layer=7 children=297,189,770,218 grandchildren=2978,1894,7709,2184
HASH_ROUTE token=187 layer=8 children=1262,1225,1175,1257 grandchildren=12621,12253,11752,12577
HASH_ROUTE token=187 layer=9 children=826,830,186,191 grandchildren=8265,8306,1865,1914
HASH_ROUTE token=187 layer=10 children=271,756,259,733 grandchildren=2715,7567,2596,7332
HASH_ROUTE token=187 layer=11 children=51,693,531,853 grandchildren=514,6937,5319,8535
HASH_ROUTE token=187 layer=12 children=649,1121,802,5 grandchildren=6498,11218,8024,59
HASH_ROUTE token=187 layer=13 children=947,884,1105,1042 grandchildren=9476,8849,11056,10422
HASH_ROUTE token=187 layer=14 children=929,445,936,604 grandchildren=9297,4458,9368,6042
HASH_ROUTE token=187 layer=15 children=454,377,475,342 grandchildren=4544,3779,4752,3428
HASH_ROUTE token=187 layer=16 children=434,411,345,321 grandchildren=4341,4116,3454,3217
HASH_ROUTE token=187 layer=17 children=571,1050,732,1218 grandchildren=5719,10507,7321,12186
HASH_ROUTE token=187 layer=18 children=173,244,313,289 grandchildren=1737,2441,3133,2899
HASH_ROUTE token=187 layer=19 children=652,338,1133,660 grandchildren=6525,3389,11339,6604
HASH_ROUTE token=187 layer=20 children=314,472,208,273 grandchildren=3145,4722,2081,2731
HASH_ROUTE token=187 layer=21 children=10,490,651,1138 grandchildren=106,4904,6517,11384
HASH_ROUTE token=187 layer=22 children=168,199,966,220 grandchildren=1688,1998,9665,2202
HASH_ROUTE token=187 layer=23 children=49,57,681,527 grandchildren=494,573,6814,5279
HASH_ROUTE token=188 layer=0 children=49,126,152,2 grandchildren=494,1268,1525,27
HASH_ROUTE token=188 layer=1 children=342,456,350,396 grandchildren=3425,4565,3501,3966
HASH_ROUTE token=188 layer=2 children=1167,1127,1225,1003 grandchildren=11671,11272,12255,10036
HASH_ROUTE token=188 layer=3 children=106,1229,85,141 grandchildren=1068,12291,856,1417
HASH_ROUTE token=188 layer=4 children=319,162,266,246 grandchildren=3194,1629,2667,2466
HASH_ROUTE token=188 layer=5 children=1212,1173,1131,1227 grandchildren=12122,11731,11317,12278
HASH_ROUTE token=188 layer=6 children=246,1207,727,200 grandchildren=2468,12071,7273,2006
HASH_ROUTE token=188 layer=7 children=697,215,52,855 grandchildren=6974,2153,527,8554
HASH_ROUTE token=188 layer=8 children=917,941,844,881 grandchildren=9175,9417,8442,8818
HASH_ROUTE token=188 layer=9 children=310,955,792,635 grandchildren=3101,9558,7921,6353
HASH_ROUTE token=188 layer=10 children=1140,1216,1228,1167 grandchildren=11404,12167,12287,11672
HASH_ROUTE token=188 layer=11 children=130,777,52,690 grandchildren=1303,7772,528,6904
HASH_ROUTE token=188 layer=12 children=635,566,541,535 grandchildren=6359,5661,5419,5356
HASH_ROUTE token=188 layer=13 children=81,720,91,731 grandchildren=812,7209,913,7313
HASH_ROUTE token=188 layer=14 children=617,937,594,917 grandchildren=6175,9374,5945,9177
HASH_ROUTE token=188 layer=15 children=439,1078,456,1098 grandchildren=4391,10781,4562,10983
HASH_ROUTE token=188 layer=16 children=386,359,437,346 grandchildren=3865,3596,4375,3464
HASH_ROUTE token=188 layer=17 children=181,1143,231,263 grandchildren=1817,11439,2313,2633
HASH_ROUTE token=188 layer=18 children=337,970,352,325 grandchildren=3371,9706,3529,3255
HASH_ROUTE token=188 layer=19 children=740,679,783,653 grandchildren=7403,6797,7835,6531
HASH_ROUTE token=188 layer=20 children=1214,1238,735,571 grandchildren=12144,12382,7358,5717
HASH_ROUTE token=188 layer=21 children=1216,1125,410,257 grandchildren=12161,11253,4102,2571
HASH_ROUTE token=188 layer=22 children=455,331,1259,932 grandchildren=4554,3317,12593,9326
HASH_ROUTE token=188 layer=23 children=830,945,352,466 grandchildren=8304,9456,3525,4666
HASH_ROUTE token=189 layer=0 children=1001,1018,967,1066 grandchildren=10013,10186,9673,10661
HASH_ROUTE token=189 layer=1 children=250,411,181,342 grandchildren=2501,4114,1819,3424
HASH_ROUTE token=189 layer=2 children=335,975,651,1138 grandchildren=3359,9754,6515,11384
HASH_ROUTE token=189 layer=3 children=294,132,228,1251 grandchildren=2947,1326,2287,12511
HASH_ROUTE token=189 layer=4 children=196,178,228,204 grandchildren=1963,1785,2282,2046
HASH_ROUTE token=189 layer=5 children=1173,1223,1212,1240 grandchildren=11733,12235,12126,12403
HASH_ROUTE token=189 layer=6 children=200,365,843,247 grandchildren=2002,3655,8432,2476
HASH_ROUTE token=189 layer=7 children=859,697,933,777 grandchildren=8592,6975,9334,7771
HASH_ROUTE token=189 layer=8 children=953,791,937,941 grandchildren=9536,7912,9376,9413
HASH_ROUTE token=189 layer=9 children=314,180,251,221 grandchildren=3145,1806,2515,2218
HASH_ROUTE token=189 layer=10 children=986,1002,992,1049 grandchildren=9867,10025,9923,10496
HASH_ROUTE token=189 layer=11 children=56,34,854,1019 grandchildren=563,347,8549,10199
HASH_ROUTE token=189 layer=12 children=487,643,1125,166 grandchildren=4877,6437,11251,1669
HASH_ROUTE token=189 layer=13 children=140,81,106,124 grandchildren=1401,816,1062,1248
HASH_ROUTE token=189 layer=14 children=588,903,492,745 grandchildren=5882,9038,4928,7452
HASH_ROUTE token=189 layer=15 children=1009,991,1031,1112 grandchildren=10098,9912,10311,11121
HASH_ROUTE token=189 layer=16 children=437,325,419,470 grandchildren=4376,3255,4199,4703
HASH_ROUTE token=189 layer=17 children=586,505,544,426 grandchildren=5863,5058,5444,4264
HASH_ROUTE token=189 layer=18 children=1024,867,1013,381 grandchildren=10249,8676,10138,3814
HASH_ROUTE token=189 layer=19 children=1125,1196,1208,162 grandchildren=11255,11967,12087,1622
HASH_ROUTE token=189 layer=20 children=437,400,347,410 grandchildren=4377,4009,3478,4107
HASH_ROUTE token=189 layer=21 children=70,559,41,235 grandchildren=701,5599,416,2354
HASH_ROUTE token=189 layer=22 children=265,428,742,100 grandchildren=2659,4289,7422,1001
HASH_ROUTE token=189 layer=23 children=872,234,78,820 grandchildren=8723,2344,787,8204
HASH_ROUTE token=190 layer=0 children=680,361,209,41 grandchildren=6807,3616,2097,413
HASH_ROUTE token=190 layer=1 children=184,342,502,23 grandchildren=1845,3422,5024,231
HASH_ROUTE token=190 layer=2 children=330,499,659,975 grandchildren=3305,4997,6599,9752
HASH_ROUTE token=190 layer=3 children=682,739,205,669 grandchildren=6825,7397,2059,6692
HASH_ROUTE token=190 layer=4 children=314,261,171,295 grandchildren=3141,2612,1715,2955
HASH_ROUTE token=190 layer=5 children=856,373,1018,862 grandchildren=8568,3737,10182,8629
HASH_ROUTE token=190 layer=6 children=444,353,439,413 grandchildren=4446,3533,4397,4132
HASH_ROUTE token=190 layer=7 children=617,137,563,513 grandchildren=6171,1372,5633,5136
HASH_ROUTE token=190 layer=8 children=1022,548,864,1077 grandchildren=10223,5485,8648,10774
HASH_ROUTE token=190 layer=9 children=547,385,862,1020 grandchildren=5476,3857,8622,10201
HASH_ROUTE token=190 layer=10 children=798,752,707,742 grandchildren=7984,7525,7078,7429
HASH_ROUTE token=190 layer=11 children=157,40,795,688 grandchildren=1572,404,7951,6885
HASH_ROUTE token=190 layer=12 children=185,982,1141,26 grandchildren=1859,9827,11417,261
HASH_ROUTE token=190 layer=13 children=731,774,675,572 grandchildren=7318,7748,6751,5721
HASH_ROUTE token=190 layer=14 children=249,402,175,330 grandchildren=2492,4029,1759,3303
HASH_ROUTE token=190 layer=15 children=518,357,609,499 grandchildren=5186,3578,6094,4993
HASH_ROUTE token=190 layer=16 children=387,330,1027,464 grandchildren=3876,3306,10275,4644
HASH_ROUTE token=190 layer=17 children=501,531,584,484 grandchildren=5014,5317,5844,4841
HASH_ROUTE token=190 layer=18 children=1237,275,1252,1123 grandchildren=12378,2754,12528,11238
HASH_ROUTE token=190 layer=19 children=787,1100,941,749 grandchildren=7875,11008,9413,7493
HASH_ROUTE token=190 layer=20 children=166,215,317,800 grandchildren=1666,2159,3172,8004
HASH_ROUTE token=190 layer=21 children=713,878,744,1194 grandchildren=7139,8789,7449,11945
HASH_ROUTE token=190 layer=22 children=312,179,269,1110 grandchildren=3126,1792,2697,11109
HASH_ROUTE token=190 layer=23 children=513,31,672,584 grandchildren=5134,312,6721,5846
HASH_ROUTE token=191 layer=0 children=441,458,322,361 grandchildren=4412,4581,3227,3617
HASH_ROUTE token=191 layer=1 children=180,340,828,256 grandchildren=1805,3404,8289,2566
HASH_ROUTE token=191 layer=2 children=971,962,1064,1048 grandchildren=9717,9628,10641,10486
HASH_ROUTE token=191 layer=3 children=1172,533,691,51 grandchildren=11727,5338,6918,512
HASH_ROUTE token=191 layer=4 children=93,136,251,105 grandchildren=934,1362,2518,1053
HASH_ROUTE token=191 layer=5 children=34,62,991,1029 grandchildren=346,628,9914,10294
HASH_ROUTE token=191 layer=6 children=573,418,738,1051 grandchildren=5731,4181,7382,10519
HASH_ROUTE token=191 layer=7 children=448,409,123,84 grandchildren=4489,4094,1237,843
HASH_ROUTE token=191 layer=8 children=1208,248,888,408 grandchildren=12084,2489,8884,4083
HASH_ROUTE token=191 layer=9 children=955,821,803,314 grandchildren=9555,8217,8039,3141
HASH_ROUTE token=191 layer=10 children=905,959,742,1227 grandchildren=9055,9591,7427,12279
HASH_ROUTE token=191 layer=11 children=703,381,224,738 grandchildren=7033,3818,2248,7385
HASH_ROUTE token=191 layer=12 children=193,223,238,258 grandchildren=1931,2235,2389,2589
HASH_ROUTE token=191 layer=13 children=1036,711,1058,1196 grandchildren=10368,7114,10584,11962
HASH_ROUTE token=191 layer=14 children=451,933,130,407 grandchildren=4516,9338,1307,4071
HASH_ROUTE token=191 layer=15 children=1273,1150,1238,1132 grandchildren=12731,11506,12384,11328
HASH_ROUTE token=191 layer=16 children=251,270,221,315 grandchildren=2515,2702,2218,3153
HASH_ROUTE token=191 layer=17 children=456,437,462,385 grandchildren=4568,4376,4624,3857
HASH_ROUTE token=191 layer=18 children=167,295,261,964 grandchildren=1675,2956,2615,9647
HASH_ROUTE token=191 layer=19 children=783,653,467,716 grandchildren=7837,6539,4674,7166
HASH_ROUTE token=191 layer=20 children=185,315,245,502 grandchildren=1857,3154,2459,5025
HASH_ROUTE token=191 layer=21 children=142,467,93,410 grandchildren=1423,4676,939,4108
HASH_ROUTE token=191 layer=22 children=156,1274,16,1136 grandchildren=1567,12749,165,11365
HASH_ROUTE token=191 layer=23 children=32,108,194,261 grandchildren=328,1081,1948,2612
HASH_ROUTE token=192 layer=0 children=805,9,962,1126 grandchildren=8052,95,9627,11267
HASH_ROUTE token=192 layer=1 children=456,291,339,475 grandchildren=4564,2916,3399,4755
HASH_ROUTE token=192 layer=2 children=895,939,843,97 grandchildren=8958,9393,8431,971
HASH_ROUTE token=192 layer=3 children=670,758,778,739 grandchildren=6708,7584,7781,7398
HASH_ROUTE token=192 layer=4 children=181,299,504,254 grandchildren=1812,2998,5044,2541
HASH_ROUTE token=192 layer=5 children=405,419,378,384 grandchildren=4059,4192,3786,3844
HASH_ROUTE token=192 layer=6 children=679,732,716,779 grandchildren=6795,7329,7166,7796
HASH_ROUTE token=192 layer=7 children=544,587,65,514 grandchildren=5442,5877,653,5144
HASH_ROUTE token=192 layer=8 children=393,231,366,202 grandchildren=3939,2319,3665,2022
HASH_ROUTE token=192 layer=9 children=868,703,547,1184 grandchildren=8683,7038,5475,11846
HASH_ROUTE token=192 layer=10 children=32,510,196,357 grandchildren=325,5104,1963,3572
HASH_ROUTE token=192 layer=11 children=750,1075,591,111 grandchildren=7508,10752,5917,1118
HASH_ROUTE token=192 layer=12 children=506,984,527,1145 grandchildren=5064,9842,5278,11453
HASH_ROUTE token=192 layer=13 children=509,1142,572,496 grandchildren=5091,11425,5726,4962
HASH_ROUTE token=192 layer=14 children=177,306,253,261 grandchildren=1774,3061,2536,2614
HASH_ROUTE token=192 layer=15 children=1159,1243,1179,678 grandchildren=11595,12436,11798,6783
HASH_ROUTE token=192 layer=16 children=256,277,218,310 grandchildren=2563,2774,2184,3106
HASH_ROUTE token=192 layer=17 children=594,530,544,484 grandchildren=5948,5308,5446,4844
HASH_ROUTE token=192 layer=18 children=352,440,197,284 grandchildren=3527,4408,1974,2845
HASH_ROUTE token=192 layer=19 children=787,464,797,760 grandchildren=7878,4641,7974,7609
HASH_ROUTE token=192 layer=20 children=208,239,254,296 grandchildren=2089,2391,2545,2963
HASH_ROUTE token=192 layer=21 children=714,781,76,141 grandchildren=7142,7819,762,1419
HASH_ROUTE token=192 layer=22 children=628,502,483,1265 grandchildren=6286,5021,4834,12655
HASH_ROUTE token=192 layer=23 children=23,988,100,114 grandchildren=233,9887,1003,1142
HASH_ROUTE token=193 layer=0 children=934,861,131,803 grandchildren=9347,8614,1317,8031
HASH_ROUTE token=193 layer=1 children=189,349,297,25 grandchildren=1893,3498,2979,253
HASH_ROUTE token=193 layer=2 children=1229,1237,1215,1205 grandchildren=12298,12378,12155,12051
HASH_ROUTE token=193 layer=3 children=933,775,1095,614 grandchildren=9335,7755,10952,6147
HASH_ROUTE token=193 layer=4 children=237,308,278,186 grandchildren=2372,3083,2782,1868
HASH_ROUTE token=193 layer=5 children=861,384,811,913 grandchildren=8614,3848,8119,9139
HASH_ROUTE token=193 layer=6 children=200,253,280,246 grandchildren=2003,2533,2803,2469
HASH_ROUTE token=193 layer=7 children=692,373,1011,708 grandchildren=6927,3735,10113,7088
HASH_ROUTE token=193 layer=8 children=205,682,48,296 grandchildren=2057,6824,483,2962
HASH_ROUTE token=193 layer=9 children=951,639,840,315 grandchildren=9511,6394,8409,3158
HASH_ROUTE token=193 layer=10 children=1159,1227,1237,1160 grandchildren=11597,12275,12373,11603
HASH_ROUTE token=193 layer=11 children=687,752,783,795 grandchildren=6877,7526,7833,7954
HASH_ROUTE token=193 layer=12 children=559,587,527,516 grandchildren=5592,5875,5272,5165
HASH_ROUTE token=193 layer=13 children=737,664,704,696 grandchildren=7373,6649,7044,6969
HASH_ROUTE token=193 layer=14 children=937,941,919,618 grandchildren=9374,9411,9191,6184
HASH_ROUTE token=193 layer=15 children=432,357,402,337 grandchildren=4321,3573,4021,3371
HASH_ROUTE token=193 layer=16 children=251,182,315,166 grandchildren=2517,1826,3154,1662
HASH_ROUTE token=193 layer=17 children=982,1025,1091,503 grandchildren=9824,10257,10916,5033
HASH_ROUTE token=193 layer=18 children=1234,1243,277,432 grandchildren=12348,12431,2779,4327
HASH_ROUTE token=193 layer=19 children=338,13,658,467 grandchildren=3386,139,6587,4674
HASH_ROUTE token=193 layer=20 children=220,185,277,201 grandchildren=2207,1857,2779,2017
HASH_ROUTE token=193 layer=21 children=893,845,254,942 grandchildren=8937,8458,2543,9421
HASH_ROUTE token=193 layer=22 children=143,307,621,783 grandchildren=1439,3077,6213,7831
HASH_ROUTE token=193 layer=23 children=995,194,831,1069 grandchildren=9957,1948,8317,10692
HASH_ROUTE token=194 layer=0 children=441,360,127,49 grandchildren=4415,3602,1278,493
HASH_ROUTE token=194 layer=1 children=341,184,29,405 grandchildren=3411,1845,295,4054
HASH_ROUTE token=194 layer=2 children=739,641,686,1212 grandchildren=7395,6412,6865,12128
HASH_ROUTE token=194 layer=3 children=1052,970,1092,739 grandchildren=10528,9706,10923,7396
HASH_ROUTE token=194 layer=4 children=181,295,662,1148 grandchildren=1816,2951,6622,11489
HASH_ROUTE token=194 layer=5 children=1065,902,996,837 grandchildren=10654,9026,9964,8372
HASH_ROUTE token=194 layer=6 children=251,303,194,246 grandchildren=2513,3031,1946,2463
HASH_ROUTE token=194 layer=7 children=425,411,267,104 grandchildren=4251,4119,2676,1041
HASH_ROUTE token=194 layer=8 children=1040,1109,881,1073 grandchildren=10409,11096,8811,10739
HASH_ROUTE token=194 layer=9 children=861,848,802,929 grandchildren=8619,8489,8025,9293
HASH_ROUTE token=194 layer=10 children=1072,966,1098,1056 grandchildren=10724,9664,10985,10566
HASH_ROUTE token=194 layer=11 children=919,949,865,1078 grandchildren=9197,9494,8654,10784
HASH_ROUTE token=194 layer=12 children=541,584,551,227 grandchildren=5414,5842,5516,2278
HASH_ROUTE token=194 layer=13 children=139,1095,1255,124 grandchildren=1396,10955,12553,1248
HASH_ROUTE token=194 layer=14 children=937,878,299,615 grandchildren=9373,8787,2992,6151
HASH_ROUTE token=194 layer=15 children=338,650,472,978 grandchildren=3389,6508,4728,9784
HASH_ROUTE token=194 layer=16 children=227,250,272,192 grandchildren=2271,2504,2723,1924
HASH_ROUTE token=194 layer=17 children=188,983,504,1144 grandchildren=1887,9831,5046,11445
HASH_ROUTE token=194 layer=18 children=278,1234,173,113 grandchildren=2783,12341,1734,1131
HASH_ROUTE token=194 layer=19 children=190,671,179,39 grandchildren=1909,6719,1797,396
HASH_ROUTE token=194 layer=20 children=225,185,215,278 grandchildren=2259,1854,2157,2789
HASH_ROUTE token=194 layer=21 children=893,93,731,949 grandchildren=8934,933,7314,9495
HASH_ROUTE token=194 layer=22 children=465,333,621,943 grandchildren=4654,3338,6214,9439
HASH_ROUTE token=194 layer=23 children=831,898,999,942 grandchildren=8318,8988,9997,9427
HASH_ROUTE token=195 layer=0 children=153,50,72,65 grandchildren=1535,508,725,655
HASH_ROUTE token=195 layer=1 children=175,297,652,333 grandchildren=1759,2979,6528,3333
HASH_ROUTE token=195 layer=2 children=905,1060,747,424 grandchildren=9052,10602,7471,4249
HASH_ROUTE token=195 layer=3 children=106,68,18,900 grandchildren=1064,685,189,9004
HASH_ROUTE token=195 layer=4 children=186,294,312,194 grandchildren=1862,2943,3126,1949
HASH_ROUTE token=195 layer=5 children=1210,1272,1179,1130 grandchildren=12102,12724,11796,11305
HASH_ROUTE token=195 layer=6 children=129,442,760,288 grandchildren=1293,4421,7608,2881
HASH_ROUTE token=195 layer=7 children=931,137,617,459 grandchildren=9319,1374,6174,4591
HASH_ROUTE token=195 layer=8 children=1110,953,314,1274 grandchildren=11109,9534,3144,12741
HASH_ROUTE token=195 layer=9 children=955,316,897,631 grandchildren=9559,3165,8971,6317
HASH_ROUTE token=195 layer=10 children=347,1145,180,446 grandchildren=3476,11456,1802,4465
HASH_ROUTE token=195 layer=11 children=24,1149,32,1154 grandchildren=246,11495,322,11545
HASH_ROUTE token=195 layer=12 children=374,327,478,219 grandchildren=3741,3279,4785,2192
HASH_ROUTE token=195 layer=13 children=786,148,948,463 grandchildren=7868,1483,9483,4634
HASH_ROUTE token=195 layer=14 children=696,777,537,616 grandchildren=6963,7774,5371,6162
HASH_ROUTE token=195 layer=15 children=995,831,1024,1040 grandchildren=9957,8316,10243,10403
HASH_ROUTE token=195 layer=16 children=431,365,1076,346 grandchildren=4319,3651,10761,3464
HASH_ROUTE token=195 layer=17 children=981,188,346,1144 grandchildren=9813,1884,3461,11449
HASH_ROUTE token=195 layer=18 children=320,380,459,364 grandchildren=3205,3809,4598,3647
HASH_ROUTE token=195 layer=19 children=606,440,120,926 grandchildren=6068,4406,1208,9261
HASH_ROUTE token=195 layer=20 children=766,730,648,667 grandchildren=7664,7301,6488,6679
HASH_ROUTE token=195 layer=21 children=1030,552,870,236 grandchildren=10306,5527,8702,2362
HASH_ROUTE token=195 layer=22 children=178,331,13,265 grandchildren=1785,3311,137,2652
HASH_ROUTE token=195 layer=23 children=945,620,1267,906 grandchildren=9459,6209,12672,9065
HASH_ROUTE token=196 layer=0 children=755,649,779,713 grandchildren=7551,6492,7791,7138
HASH_ROUTE token=196 layer=1 children=527,689,504,663 grandchildren=5278,6896,5048,6635
HASH_ROUTE token=196 layer=2 children=352,830,36,418 grandchildren=3528,8303,364,4188
HASH_ROUTE token=196 layer=3 children=623,613,535,554 grandchildren=6239,6131,5354,5544
HASH_ROUTE token=196 layer=4 children=465,434,1260,452 grandchildren=4654,4347,12604,4525
HASH_ROUTE token=196 layer=5 children=320,809,963,168 grandchildren=3204,8099,9636,1685
HASH_ROUTE token=196 layer=6 children=461,785,620,946 grandchildren=4618,7856,6201,9466
HASH_ROUTE token=196 layer=7 children=148,99,38,621 grandchildren=1481,995,387,6213
HASH_ROUTE token=196 layer=8 children=1014,697,1100,786 grandchildren=10142,6973,11006,7861
HASH_ROUTE token=196 layer=9 children=131,55,938,156 grandchildren=1317,557,9388,1566
HASH_ROUTE token=196 layer=10 children=616,626,540,587 grandchildren=6164,6268,5403,5874
HASH_ROUTE token=196 layer=11 children=916,1077,866,753 grandchildren=9166,10778,8669,7534
HASH_ROUTE token=196 layer=12 children=359,839,1151,512 grandchildren=3597,8393,11518,5129
HASH_ROUTE token=196 layer=13 children=324,167,489,361 grandchildren=3241,1672,4895,3614
HASH_ROUTE token=196 layer=14 children=1102,1264,1096,947 grandchildren=11028,12644,10964,9474
HASH_ROUTE token=196 layer=15 children=767,127,1080,678 grandchildren=7671,1273,10804,6784
HASH_ROUTE token=196 layer=16 children=921,600,889,124 grandchildren=9211,6003,8896,1245
HASH_ROUTE token=196 layer=17 children=893,954,801,91 grandchildren=8937,9544,8016,913
HASH_ROUTE token=196 layer=18 children=740,1226,268,721 grandchildren=7409,12267,2687,7213
HASH_ROUTE token=196 layer=19 children=322,647,1121,482 grandchildren=3226,6471,11214,4825
HASH_ROUTE token=196 layer=20 children=1264,309,1223,786 grandchildren=12643,3094,12238,7869
HASH_ROUTE token=196 layer=21 children=1180,1238,700,65 grandchildren=11803,12388,7007,655
HASH_ROUTE token=196 layer=22 children=939,295,1090,772 grandchildren=9394,2952,10904,7727
HASH_ROUTE token=196 layer=23 children=109,45,71,261 grandchildren=1096,452,717,2611
HASH_ROUTE token=197 layer=0 children=219,202,377,362 grandchildren=2196,2024,3776,3625
HASH_ROUTE token=197 layer=1 children=290,137,770,458 grandchildren=2909,1378,7709,4581
HASH_ROUTE token=197 layer=2 children=577,499,891,418 grandchildren=5778,4995,8915,4188
HASH_ROUTE token=197 layer=3 children=771,135,452,618 grandchildren=7717,1357,4527,6189
HASH_ROUTE token=197 layer=4 children=180,162,292,193 grandchildren=1804,1625,2928,1937
HASH_ROUTE token=197 layer=5 children=892,1219,858,1171 grandchildren=8923,12192,8584,11716
HASH_ROUTE token=197 layer=6 children=126,927,444,288 grandchildren=1266,9274,4449,2888
HASH_ROUTE token=197 layer=7 children=774,617,290,1096 grandchildren=7745,6178,2901,10965
HASH_ROUTE token=197 layer=8 children=847,366,1009,527 grandchildren=8477,3661,10095,5271
HASH_ROUTE token=197 layer=9 children=830,825,897,936 grandchildren=8307,8256,8976,9365
HASH_ROUTE token=197 layer=10 children=249,181,318,286 grandchildren=2498,1812,3185,2861
HASH_ROUTE token=197 layer=11 children=56,699,853,1177 grandchildren=562,6999,8537,11775
HASH_ROUTE token=197 layer=12 children=0,1127,155,324 grandchildren=5,11276,1555,3242
HASH_ROUTE token=197 layer=13 children=783,714,720,461 grandchildren=7834,7149,7209,4618
HASH_ROUTE token=197 layer=14 children=588,636,617,565 grandchildren=5882,6361,6174,5658
HASH_ROUTE token=197 layer=15 children=992,839,352,1040 grandchildren=9929,8396,3523,10401
HASH_ROUTE token=197 layer=16 children=918,277,432,119 grandchildren=9188,2779,4321,1197
HASH_ROUTE token=197 layer=17 children=1111,637,983,1278 grandchildren=11118,6378,9834,12785
HASH_ROUTE token=197 layer=18 children=965,1093,160,5 grandchildren=9653,10935,1602,59
HASH_ROUTE token=197 layer=19 children=1162,1274,1196,520 grandchildren=11623,12743,11961,5208
HASH_ROUTE token=197 layer=20 children=352,38,512,400 grandchildren=3526,381,5122,4005
HASH_ROUTE token=197 layer=21 children=510,994,497,970 grandchildren=5105,9945,4973,9703
HASH_ROUTE token=197 layer=22 children=178,305,226,292 grandchildren=1788,3051,2261,2921
HASH_ROUTE token=197 layer=23 children=1037,78,1064,1001 grandchildren=10376,786,10641,10013
HASH_ROUTE token=198 layer=0 children=145,464,1109,123 grandchildren=1459,4648,11098,1237
HASH_ROUTE token=198 layer=1 children=189,244,293,346 grandchildren=1895,2449,2937,3466
HASH_ROUTE token=198 layer=2 children=1213,1148,252,1246 grandchildren=12137,11484,2529,12464
HASH_ROUTE token=198 layer=3 children=33,106,53,24 grandchildren=337,1069,534,248
HASH_ROUTE token=198 layer=4 children=292,227,163,185 grandchildren=2922,2274,1637,1854
HASH_ROUTE token=198 layer=5 children=1219,93,1174,897 grandchildren=12197,932,11743,8979
HASH_ROUTE token=198 layer=6 children=720,761,713,737 grandchildren=7201,7611,7133,7376
HASH_ROUTE token=198 layer=7 children=692,215,57,855 grandchildren=6929,2155,576,8551
HASH_ROUTE token=198 layer=8 children=940,953,864,914 grandchildren=9401,9532,8647,9145
HASH_ROUTE token=198 layer=9 children=310,254,1110,950 grandchildren=3101,2549,11107,9501
HASH_ROUTE token=198 layer=10 children=1263,1109,787,1276 grandchildren=12634,11093,7878,12763
HASH_ROUTE token=198 layer=11 children=52,88,154,690 grandchildren=527,883,1546,6902
HASH_ROUTE token=198 layer=12 children=728,699,643,682 grandchildren=7285,6997,6432,6828
HASH_ROUTE token=198 layer=13 children=895,731,845,91 grandchildren=8955,7315,8458,915
HASH_ROUTE token=198 layer=14 children=567,523,619,552 grandchildren=5679,5237,6193,5522
HASH_ROUTE token=198 layer=15 children=971,1041,999,1111 grandchildren=9718,10416,9995,11111
HASH_ROUTE token=198 layer=16 children=418,342,380,434 grandchildren=4189,3421,3802,4344
HASH_ROUTE token=198 layer=17 children=264,190,1221,1157 grandchildren=2641,1909,12217,11571
HASH_ROUTE token=198 layer=18 children=174,306,11,295 grandchildren=1744,3068,116,2955
HASH_ROUTE token=198 layer=19 children=100,423,39,355 grandchildren=1005,4232,391,3553
HASH_ROUTE token=198 layer=20 children=347,435,663,758 grandchildren=3471,4359,6635,7587
HASH_ROUTE token=198 layer=21 children=1136,1158,1247,1186 grandchildren=11361,11583,12475,11869
HASH_ROUTE token=198 layer=22 children=935,293,900,926 grandchildren=9356,2934,9002,9264
HASH_ROUTE token=198 layer=23 children=811,174,977,1133 grandchildren=8114,1745,9778,11336
HASH_ROUTE token=199 layer=0 children=1270,1115,1126,1176 grandchildren=12708,11154,11262,11762
HASH_ROUTE token=199 layer=1 children=298,456,184,340 grandchildren=2982,4569,1847,3409
HASH_ROUTE token=199 layer=2 children=88,405,17,332 grandchildren=884,4054,172,3326
HASH_ROUTE token=199 layer=3 children=679,359,760,746 grandchildren=6799,3597,7609,7466
HASH_ROUTE token=199 layer=4 children=189,503,294,243 grandchildren=1899,5034,2944,2433
HASH_ROUTE token=199 layer=5 children=1173,535,850,1195 grandchildren=11737,5359,8507,11954
HASH_ROUTE token=199 layer=6 children=793,714,657,765 grandchildren=7938,7144,6571,7653
HASH_ROUTE token=199 layer=7 children=300,240,310,224 grandchildren=3009,2402,3109,2245
HASH_ROUTE token=199 layer=8 children=1166,1267,1138,1209 grandchildren=11668,12673,11381,12091
HASH_ROUTE token=199 layer=9 children=821,188,836,886 grandchildren=8214,1882,8363,8869
HASH_ROUTE token=199 layer=10 children=477,349,452,952 grandchildren=4773,3497,4527,9526
HASH_ROUTE token=199 layer=11 children=703,690,738,672 grandchildren=7035,6902,7385,6721
HASH_ROUTE token=199 layer=12 children=1140,1193,1153,1209 grandchildren=11405,11936,11536,12094
HASH_ROUTE token=199 layer=13 children=1219,1058,739,895 grandchildren=12195,10581,7397,8955
HASH_ROUTE token=199 layer=14 children=130,30,14,618 grandchildren=1302,307,145,6188
HASH_ROUTE token=199 layer=15 children=676,1151,357,514 grandchildren=6768,11513,3576,5141
HASH_ROUTE token=199 layer=16 children=472,637,794,439 grandchildren=4721,6379,7946,4393
HASH_ROUTE token=199 layer=17 children=594,624,535,549 grandchildren=5942,6246,5356,5496
HASH_ROUTE token=199 layer=18 children=178,241,232,256 grandchildren=1785,2415,2326,2566
HASH_ROUTE token=199 layer=19 children=303,283,467,148 grandchildren=3034,2837,4679,1484
HASH_ROUTE token=199 layer=20 children=731,704,1058,258 grandchildren=7312,7046,10581,2583
HASH_ROUTE token=199 layer=21 children=889,240,727,870 grandchildren=8891,2404,7276,8702
HASH_ROUTE token=199 layer=22 children=187,1141,346,23 grandchildren=1874,11415,3461,231
HASH_ROUTE token=199 layer=23 children=20,157,125,44 grandchildren=206,1576,1254,445
HASH_ROUTE token=200 layer=0 children=1126,1276,4,1161 grandchildren=11264,12767,47,11615
HASH_ROUTE token=200 layer=1 children=770,610,459,652 grandchildren=7704,6105,4591,6523
HASH_ROUTE token=200 layer=2 children=428,748,400,358 grandchildren=4289,7486,4004,3583
HASH_ROUTE token=200 layer=3 children=1256,130,1178,54 grandchildren=12567,1307,11788,543
HASH_ROUTE token=200 layer=4 children=187,21,500,294 grandchildren=1878,215,5004,2941
HASH_ROUTE token=200 layer=5 children=368,844,433,527 grandchildren=3681,8443,4336,5271
HASH_ROUTE token=200 layer=6 children=1115,1102,475,795 grandchildren=11155,11025,4754,7951
HASH_ROUTE token=200 layer=7 children=360,479,202,357 grandchildren=3606,4791,2023,3578
HASH_ROUTE token=200 layer=8 children=520,41,489,365 grandchildren=5202,418,4895,3652
HASH_ROUTE token=200 layer=9 children=922,846,286,1245 grandchildren=9225,8461,2862,12455
HASH_ROUTE token=200 layer=10 children=171,240,304,180 grandchildren=1714,2406,3041,1809
HASH_ROUTE token=200 layer=11 children=1013,858,690,1075 grandchildren=10139,8581,6904,10756
HASH_ROUTE token=200 layer=12 children=1241,1151,1178,1181 grandchildren=12413,11517,11789,11819
HASH_ROUTE token=200 layer=13 children=608,283,1240,625 grandchildren=6082,2838,12402,6253
HASH_ROUTE token=200 layer=14 children=836,930,880,510 grandchildren=8368,9303,8802,5105
HASH_ROUTE token=200 layer=15 children=440,920,764,1087 grandchildren=4405,9204,7645,10878
HASH_ROUTE token=200 layer=16 children=387,428,324,1029 grandchildren=3876,4281,3246,10298
HASH_ROUTE token=200 layer=17 children=591,553,507,545 grandchildren=5919,5537,5075,5451
HASH_ROUTE token=200 layer=18 children=280,304,241,174 grandchildren=2809,3048,2415,1748
HASH_ROUTE token=200 layer=19 children=192,223,833,300 grandchildren=1921,2239,8332,3001
HASH_ROUTE token=200 layer=20 children=288,448,254,417 grandchildren=2887,4484,2547,4178
HASH_ROUTE token=200 layer=21 children=882,903,834,1044 grandchildren=8828,9039,8347,10446
HASH_ROUTE token=200 layer=22 children=187,502,23,660 grandchildren=1872,5025,231,6609
HASH_ROUTE token=200 layer=23 children=25,508,44,520 grandchildren=251,5086,449,5201
HASH_ROUTE token=201 layer=0 children=805,937,955,852 grandchildren=8059,9372,9558,8521
HASH_ROUTE token=201 layer=1 children=291,175,459,772 grandchildren=2914,1753,4599,7725
HASH_ROUTE token=201 layer=2 children=1158,357,1221,428 grandchildren=11586,3573,12218,4282
HASH_ROUTE token=201 layer=3 children=132,1099,291,452 grandchildren=1326,10996,2914,4529
HASH_ROUTE token=201 layer=4 children=828,934,21,134 grandchildren=8284,9343,211,1342
HASH_ROUTE token=201 layer=5 children=844,520,369,44 grandchildren=8447,5203,3692,446
HASH_ROUTE token=201 layer=6 children=475,460,331,432 grandchildren=4752,4607,3315,4329
HASH_ROUTE token=201 layer=7 children=471,360,430,357 grandchildren=4712,3601,4305,3575
HASH_ROUTE token=201 layer=8 children=840,520,805,42 grandchildren=8408,5204,8052,425
HASH_ROUTE token=201 layer=9 children=959,846,882,915 grandchildren=9594,8461,8825,9157
HASH_ROUTE token=201 layer=10 children=1044,1202,240,962 grandchildren=10449,12028,2401,9626
HASH_ROUTE token=201 layer=11 children=946,897,143,955 grandchildren=9466,8972,1434,9558
HASH_ROUTE token=201 layer=12 children=545,228,582,1181 grandchildren=5453,2284,5821,11818
HASH_ROUTE token=201 layer=13 children=624,552,1269,568 grandchildren=6242,5524,12695,5685
HASH_ROUTE token=201 layer=14 children=568,616,880,939 grandchildren=5688,6162,8804,9392
HASH_ROUTE token=201 layer=15 children=1248,920,1087,444 grandchildren=12485,9205,10871,4445
HASH_ROUTE token=201 layer=16 children=321,387,428,419 grandchildren=3218,3877,4288,4199
HASH_ROUTE token=201 layer=17 children=591,535,527,549 grandchildren=5919,5353,5279,5499
HASH_ROUTE token=201 layer=18 children=280,763,928,1088 grandchildren=2805,7636,9283,10882
HASH_ROUTE token=201 layer=19 children=944,833,300,878 grandchildren=9445,8338,3009,8781
HASH_ROUTE token=201 layer=20 children=288,254,224,269 grandchildren=2886,2542,2245,2697
HASH_ROUTE token=201 layer=21 children=81,35,728,880 grandchildren=817,357,7282,8809
HASH_ROUTE token=201 layer=22 children=639,499,607,150 grandchildren=6398,4996,6077,1503
HASH_ROUTE token=201 layer=23 children=579,1055,606,1084 grandchildren=5794,10559,6068,10845
HASH_ROUTE token=202 layer=0 children=154,477,1113,108 grandchildren=1549,4772,11138,1081
HASH_ROUTE token=202 layer=1 children=349,185,368,206 grandchildren=3491,1854,3683,2062
HASH_ROUTE token=202 layer=2 children=686,641,756,653 grandchildren=6868,6418,7565,6534
HASH_ROUTE token=202 layer=3 children=775,657,1258,1130 grandchildren=7755,6575,12585,11306
HASH_ROUTE token=202 layer=4 children=937,923,139,834 grandchildren=9379,9233,1392,8342
HASH_ROUTE token=202 layer=5 children=945,464,621,925 grandchildren=9451,4648,6211,9255
HASH_ROUTE token=202 layer=6 children=302,290,241,283 grandchildren=3027,2904,2416,2834
HASH_ROUTE token=202 layer=7 children=26,129,821,507 grandchildren=265,1296,8218,5071
HASH_ROUTE token=202 layer=8 children=1099,776,933,137 grandchildren=10994,7763,9338,1372
HASH_ROUTE token=202 layer=9 children=1116,955,314,154 grandchildren=11163,9553,3145,1548
HASH_ROUTE token=202 layer=10 children=787,750,795,655 grandchildren=7878,7504,7955,6558
HASH_ROUTE token=202 layer=11 children=757,119,1073,1233 grandchildren=7571,1197,10739,12337
HASH_ROUTE token=202 layer=12 children=590,527,507,541 grandchildren=5902,5271,5071,5412
HASH_ROUTE token=202 layer=13 children=673,652,660,777 grandchildren=6737,6522,6602,7773
HASH_ROUTE token=202 layer=14 children=450,939,372,295 grandchildren=4503,9391,3727,2954
HASH_ROUTE token=202 layer=15 children=1233,1179,1072,1013 grandchildren=12338,11793,10722,10133
HASH_ROUTE token=202 layer=16 children=216,379,1178,1017 grandchildren=2166,3799,11788,10173
HASH_ROUTE token=202 layer=17 children=586,624,429,505 grandchildren=5861,6241,4298,5056
HASH_ROUTE token=202 layer=18 children=964,1094,1049,1084 grandchildren=9646,10946,10495,10842
HASH_ROUTE token=202 layer=19 children=147,944,16,814 grandchildren=1473,9441,166,8143
HASH_ROUTE token=202 layer=20 children=201,274,213,315 grandchildren=2011,2747,2137,3158
HASH_ROUTE token=202 layer=21 children=76,87,103,140 grandchildren=765,876,1037,1408
HASH_ROUTE token=202 layer=22 children=585,109,1062,269 grandchildren=5857,1097,10624,2692
HASH_ROUTE token=202 layer=23 children=513,533,194,31 grandchildren=5138,5333,1946,315
HASH_ROUTE token=203 layer=0 children=375,472,362,418 grandchildren=3753,4725,3629,4188
HASH_ROUTE token=203 layer=1 children=349,453,411,397 grandchildren=3492,4534,4116,3972
HASH_ROUTE token=203 layer=2 children=41,844,125,683 grandchildren=417,8443,1259,6837
HASH_ROUTE token=203 layer=3 children=811,977,915,1079 grandchildren=8118,9779,9158,10794
HASH_ROUTE token=203 layer=4 children=297,245,939,881 grandchildren=2979,2457,9393,8818
HASH_ROUTE token=203 layer=5 children=926,607,880,958 grandchildren=9267,6075,8805,9584
HASH_ROUTE token=203 layer=6 children=410,98,1052,577 grandchildren=4103,981,10527,5779
HASH_ROUTE token=203 layer=7 children=508,827,347,29 grandchildren=5089,8279,3473,293
HASH_ROUTE token=203 layer=8 children=66,119,548,148 grandchildren=668,1191,5485,1483
HASH_ROUTE token=203 layer=9 children=950,634,801,312 grandchildren=9504,6344,8015,3129
HASH_ROUTE token=203 layer=10 children=907,1223,429,1060 grandchildren=9076,12233,4295,10601
HASH_ROUTE token=203 layer=11 children=678,654,37,191 grandchildren=6783,6544,375,1911
HASH_ROUTE token=203 layer=12 children=236,226,557,181 grandchildren=2365,2262,5572,1815
HASH_ROUTE token=203 layer=13 children=1216,1136,571,493 grandchildren=12165,11362,5719,4931
HASH_ROUTE token=203 layer=14 children=298,230,195,242 grandchildren=2983,2302,1957,2421
HASH_ROUTE token=203 layer=15 children=650,678,175,334 grandchildren=6505,6783,1751,3343
HASH_ROUTE token=203 layer=16 children=253,213,275,222 grandchildren=2532,2134,2756,2226
HASH_ROUTE token=203 layer=17 children=343,188,501,353 grandchildren=3432,1887,5012,3535
HASH_ROUTE token=203 layer=18 children=1266,306,1134,147 grandchildren=12668,3066,11344,1471
HASH_ROUTE token=203 layer=19 children=357,340,467,400 grandchildren=3576,3404,4676,4008
HASH_ROUTE token=203 layer=20 children=212,277,160,178 grandchildren=2122,2778,1607,1789
HASH_ROUTE token=203 layer=21 children=145,93,1262,1210 grandchildren=1453,937,12628,12102
HASH_ROUTE token=203 layer=22 children=623,301,566,585 grandchildren=6236,3013,5668,5859
HASH_ROUTE token=203 layer=23 children=254,579,1054,194 grandchildren=2546,5793,10541,1947
HASH_ROUTE token=204 layer=0 children=856,1172,373,1019 grandchildren=8566,11723,3737,10194
HASH_ROUTE token=204 layer=1 children=184,665,821,209 grandchildren=1849,6653,8218,2091
HASH_ROUTE token=204 layer=2 children=814,841,1137,1162 grandchildren=8148,8417,11374,11627
HASH_ROUTE token=204 layer=3 children=831,853,826,926 grandchildren=8318,8533,8264,9266
HASH_ROUTE token=204 layer=4 children=234,186,294,266 grandchildren=2345,1865,2942,2665
HASH_ROUTE token=204 layer=5 children=439,378,354,114 grandchildren=4393,3788,3541,1149
HASH_ROUTE token=204 layer=6 children=448,289,123,1243 grandchildren=4481,2891,1235,12439
HASH_ROUTE token=204 layer=7 children=928,910,883,903 grandchildren=9285,9107,8832,9033
HASH_ROUTE token=204 layer=8 children=887,895,241,250 grandchildren=8875,8959,2415,2503
HASH_ROUTE token=204 layer=9 children=958,898,871,314 grandchildren=9589,8987,8718,3149
HASH_ROUTE token=204 layer=10 children=361,380,1003,42 grandchildren=3615,3807,10037,426
HASH_ROUTE token=204 layer=11 children=357,1150,672,37 grandchildren=3571,11506,6722,379
HASH_ROUTE token=204 layer=12 children=523,1168,206,1005 grandchildren=5234,11682,2068,10052
HASH_ROUTE token=204 layer=13 children=606,628,517,505 grandchildren=6066,6281,5179,5051
HASH_ROUTE token=204 layer=14 children=582,101,267,425 grandchildren=5824,1016,2675,4252
HASH_ROUTE token=204 layer=15 children=175,191,497,224 grandchildren=1756,1911,4972,2248
HASH_ROUTE token=204 layer=16 children=842,368,1003,522 grandchildren=8421,3683,10032,5222
HASH_ROUTE token=204 layer=17 children=620,594,507,308 grandchildren=6206,5949,5073,3082
HASH_ROUTE token=204 layer=18 children=207,1001,313,841 grandchildren=2074,10019,3131,8415
HASH_ROUTE token=204 layer=19 children=789,792,949,764 grandchildren=7896,7928,9493,7643
HASH_ROUTE token=204 layer=20 children=314,167,955,174 grandchildren=3141,1671,9556,1746
HASH_ROUTE token=204 layer=21 children=76,557,875,93 grandchildren=769,5575,8754,938
HASH_ROUTE token=204 layer=22 children=265,424,171,301 grandchildren=2653,4242,1715,3017
HASH_ROUTE token=204 layer=23 children=513,672,606,579 grandchildren=5139,6722,6063,5792
HASH_ROUTE token=205 layer=0 children=153,50,72,65 grandchildren=1539,507,726,657
HASH_ROUTE token=205 layer=1 children=175,297,653,333 grandchildren=1752,2978,6537,3339
HASH_ROUTE token=205 layer=2 children=905,1060,100,581 grandchildren=9059,10605,1004,5818
HASH_ROUTE token=205 layer=3 children=106,68,18,900 grandchildren=1062,687,186,9007
HASH_ROUTE token=205 layer=4 children=186,299,312,194 grandchildren=1868,2994,3121,1941
HASH_ROUTE token=205 layer=5 children=1274,1210,1179,1130 grandchildren=12749,12105,11791,11305
HASH_ROUTE token=205 layer=6 children=129,442,760,289 grandchildren=1292,4427,7609,2893
HASH_ROUTE token=205 layer=7 children=934,137,617,459 grandchildren=9342,1372,6176,4593
HASH_ROUTE token=205 layer=8 children=1110,953,314,1274 grandchildren=11106,9531,3144,12745
HASH_ROUTE token=205 layer=9 children=955,314,897,915 grandchildren=9558,3146,8979,9158
HASH_ROUTE token=205 layer=10 children=347,1147,180,446 grandchildren=3478,11477,1805,4469
HASH_ROUTE token=205 layer=11 children=24,1142,30,1154 grandchildren=243,11422,307,11545
HASH_ROUTE token=205 layer=12 children=374,327,219,478 grandchildren=3749,3277,2198,4786
HASH_ROUTE token=205 layer=13 children=148,786,948,463 grandchildren=1483,7868,9484,4638
HASH_ROUTE token=205 layer=14 children=693,777,537,616 grandchildren=6933,7779,5377,6166
HASH_ROUTE token=205 layer=15 children=995,1024,831,1040 grandchildren=9957,10241,8315,10401
HASH_ROUTE token=205 layer=16 children=431,365,346,1076 grandchildren=4314,3659,3461,10769
HASH_ROUTE token=205 layer=17 children=981,188,349,509 grandchildren=9811,1886,3492,5099
HASH_ROUTE token=205 layer=18 children=382,320,454,364 grandchildren=3824,3206,4542,3645
HASH_ROUTE token=205 layer=19 children=606,446,522,926 grandchildren=6068,4461,5221,9261
HASH_ROUTE token=205 layer=20 children=766,730,642,677 grandchildren=7666,7305,6423,6775
HASH_ROUTE token=205 layer=21 children=1030,552,870,236 grandchildren=10307,5521,8708,2369
HASH_ROUTE token=205 layer=22 children=178,13,265,331 grandchildren=1786,138,2659,3319
HASH_ROUTE token=205 layer=23 children=945,620,861,1265 grandchildren=9457,6201,8615,12656
HASH_ROUTE token=206 layer=0 children=755,649,779,713 grandchildren=7558,6496,7798,7131
HASH_ROUTE token=206 layer=1 children=527,689,504,663 grandchildren=5279,6893,5041,6635
HASH_ROUTE token=206 layer=2 children=352,830,36,991 grandchildren=3524,8305,361,9913
HASH_ROUTE token=206 layer=3 children=623,613,535,554 grandchildren=6234,6131,5358,5542
HASH_ROUTE token=206 layer=4 children=465,434,1260,452 grandchildren=4657,4341,12609,4524
HASH_ROUTE token=206 layer=5 children=320,809,963,168 grandchildren=3206,8098,9633,1687
HASH_ROUTE token=206 layer=6 children=461,785,620,946 grandchildren=4616,7854,6206,9469
HASH_ROUTE token=206 layer=7 children=148,99,38,621 grandchildren=1482,994,387,6219
HASH_ROUTE token=206 layer=8 children=1014,697,1100,786 grandchildren=10142,6971,11007,7869
HASH_ROUTE token=206 layer=9 children=131,55,938,156 grandchildren=1316,551,9389,1568
HASH_ROUTE token=206 layer=10 children=616,626,540,587 grandchildren=6164,6264,5408,5872
HASH_ROUTE token=206 layer=11 children=916,1077,866,753 grandchildren=9164,10778,8662,7535
HASH_ROUTE token=206 layer=12 children=359,839,1151,512 grandchildren=3598,8398,11512,5127
HASH_ROUTE token=206 layer=13 children=324,167,489,361 grandchildren=3247,1671,4893,3611
HASH_ROUTE token=206 layer=14 children=1102,1264,1096,947 grandchildren=11024,12645,10964,9476
HASH_ROUTE token=206 layer=15 children=767,127,1080,678 grandchildren=7678,1274,10803,6783
HASH_ROUTE token=206 layer=16 children=921,600,889,124 grandchildren=9219,6009,8897,1249
HASH_ROUTE token=206 layer=17 children=893,954,801,91 grandchildren=8937,9548,8013,915
HASH_ROUTE token=206 layer=18 children=740,1226,268,721 grandchildren=7407,12266,2681,7214
HASH_ROUTE token=206 layer=19 children=322,647,1121,482 grandchildren=3223,6475,11212,4825
HASH_ROUTE token=206 layer=20 children=1264,309,1223,786 grandchildren=12649,3094,12234,7867
HASH_ROUTE token=206 layer=21 children=1180,1238,700,65 grandchildren=11802,12385,7005,654
HASH_ROUTE token=206 layer=22 children=939,295,1090,772 grandchildren=9391,2956,10901,7723
HASH_ROUTE token=206 layer=23 children=109,45,71,261 grandchildren=1097,459,718,2613
HASH_ROUTE token=207 layer=0 children=153,55,72,65 grandchildren=1535,557,722,655
HASH_ROUTE token=207 layer=1 children=295,174,238,205 grandchildren=2954,1745,2385,2051
HASH_ROUTE token=207 layer=2 children=422,330,403,329 grandchildren=4225,3308,4039,3297
HASH_ROUTE token=207 layer=3 children=65,135,100,158 grandchildren=657,1357,1003,1586
HASH_ROUTE token=207 layer=4 children=186,292,504,193 grandchildren=1864,2925,5043,1933
HASH_ROUTE token=207 layer=5 children=289,302,921,945 grandchildren=2896,3028,9214,9455
HASH_ROUTE token=207 layer=6 children=444,289,127,414 grandchildren=4441,2893,1273,4145
HASH_ROUTE token=207 layer=7 children=777,935,795,134 grandchildren=7772,9354,7954,1348
HASH_ROUTE token=207 layer=8 children=1112,1012,1043,1109 grandchildren=11126,10123,10435,11094
HASH_ROUTE token=207 layer=9 children=897,837,1219,1152 grandchildren=8975,8379,12198,11526
HASH_ROUTE token=207 layer=10 children=187,249,172,289 grandchildren=1879,2497,1726,2898
HASH_ROUTE token=207 layer=11 children=52,1178,530,853 grandchildren=528,11788,5305,8538
HASH_ROUTE token=207 layer=12 children=322,1125,161,6 grandchildren=3222,11258,1611,65
HASH_ROUTE token=207 layer=13 children=782,720,712,693 grandchildren=7828,7206,7128,6938
HASH_ROUTE token=207 layer=14 children=580,632,266,313 grandchildren=5803,6322,2666,3132
HASH_ROUTE token=207 layer=15 children=999,987,839,1041 grandchildren=9996,9878,8398,10413
HASH_ROUTE token=207 layer=16 children=439,366,471,457 grandchildren=4398,3661,4717,4572
HASH_ROUTE token=207 layer=17 children=981,504,188,667 grandchildren=9816,5047,1885,6676
HASH_ROUTE token=207 layer=18 children=1064,428,1057,1033 grandchildren=10643,4289,10573,10334
HASH_ROUTE token=207 layer=19 children=762,685,446,796 grandchildren=7622,6854,4468,7961
HASH_ROUTE token=207 layer=20 children=652,790,16,779 grandchildren=6522,7905,163,7797
HASH_ROUTE token=207 layer=21 children=874,1035,714,71 grandchildren=8745,10355,7149,717
HASH_ROUTE token=207 layer=22 children=176,210,298,334 grandchildren=1762,2103,2981,3349
HASH_ROUTE token=207 layer=23 children=583,909,552,871 grandchildren=5837,9096,5523,8717
HASH_ROUTE token=208 layer=0 children=449,327,361,411 grandchildren=4491,3272,3615,4119
HASH_ROUTE token=208 layer=1 children=348,453,362,411 grandchildren=3484,4534,3625,4112
HASH_ROUTE token=208 layer=2 children=1054,1003,991,1103 grandchildren=10545,10031,9911,11031
HASH_ROUTE token=208 layer=3 children=100,119,11,72 grandchildren=1006,1198,117,726
HASH_ROUTE token=208 layer=4 children=466,305,451,448 grandchildren=4664,3054,4516,4487
HASH_ROUTE token=208 layer=5 children=1212,1171,893,1134 grandchildren=12126,11715,8931,11341
HASH_ROUTE token=208 layer=6 children=247,725,169,1209 grandchildren=2474,7256,1694,12096
HASH_ROUTE token=208 layer=7 children=618,137,603,121 grandchildren=6187,1373,6034,1218
HASH_ROUTE token=208 layer=8 children=313,1277,247,1208 grandchildren=3138,12776,2477,12084
HASH_ROUTE token=208 layer=9 children=312,795,631,257 grandchildren=3125,7954,6316,2572
HASH_ROUTE token=208 layer=10 children=1140,1181,825,505 grandchildren=11407,11811,8253,5058
HASH_ROUTE token=208 layer=11 children=51,1010,117,1073 grandchildren=515,10108,1175,10739
HASH_ROUTE token=208 layer=12 children=636,472,484,544 grandchildren=6364,4727,4841,5449
HASH_ROUTE token=208 layer=13 children=734,665,728,91 grandchildren=7346,6654,7281,911
HASH_ROUTE token=208 layer=14 children=351,832,453,197 grandchildren=3513,8324,4532,1974
HASH_ROUTE token=208 layer=15 children=371,472,1013,1117 grandchildren=3713,4729,10131,11175
HASH_ROUTE token=208 layer=16 children=222,251,209,386 grandchildren=2224,2519,2097,3869
HASH_ROUTE token=208 layer=17 children=187,341,263,827 grandchildren=1873,3412,2635,8271
HASH_ROUTE token=208 layer=18 children=104,1,1067,14 grandchildren=1046,19,10674,144
HASH_ROUTE token=208 layer=19 children=679,660,700,353 grandchildren=6792,6601,7005,3535
HASH_ROUTE token=208 layer=20 children=730,798,749,750 grandchildren=7305,7981,7492,7505
HASH_ROUTE token=208 layer=21 children=208,1005,227,162 grandchildren=2087,10054,2271,1629
HASH_ROUTE token=208 layer=22 children=1091,1009,973,969 grandchildren=10918,10095,9733,9698
HASH_ROUTE token=208 layer=23 children=836,945,861,671 grandchildren=8369,9455,8611,6717
HASH_ROUTE token=209 layer=0 children=166,205,649,805 grandchildren=1668,2057,6494,8051
HASH_ROUTE token=209 layer=1 children=297,200,262,180 grandchildren=2975,2001,2624,1803
HASH_ROUTE token=209 layer=2 children=421,330,418,440 grandchildren=4213,3302,4187,4406
HASH_ROUTE token=209 layer=3 children=958,926,871,892 grandchildren=9582,9264,8712,8928
HASH_ROUTE token=209 layer=4 children=181,295,313,826 grandchildren=1819,2958,3137,8265
HASH_ROUTE token=209 layer=5 children=853,890,1172,814 grandchildren=8532,8902,11725,8141
HASH_ROUTE token=209 layer=6 children=204,297,255,249 grandchildren=2047,2973,2554,2491
HASH_ROUTE token=209 layer=7 children=308,624,145,1109 grandchildren=3088,6248,1451,11091
HASH_ROUTE token=209 layer=8 children=1107,948,465,1266 grandchildren=11074,9482,4657,12666
HASH_ROUTE token=209 layer=9 children=476,452,373,388 grandchildren=4769,4527,3733,3887
HASH_ROUTE token=209 layer=10 children=672,722,747,707 grandchildren=6723,7227,7474,7079
HASH_ROUTE token=209 layer=11 children=703,1182,1026,674 grandchildren=7037,11823,10264,6741
HASH_ROUTE token=209 layer=12 children=850,1011,844,1170 grandchildren=8506,10115,8446,11708
HASH_ROUTE token=209 layer=13 children=642,967,735,1058 grandchildren=6427,9674,7356,10586
HASH_ROUTE token=209 layer=14 children=452,440,407,425 grandchildren=4522,4407,4077,4256
HASH_ROUTE token=209 layer=15 children=1188,1235,1270,1258 grandchildren=11882,12358,12706,12585
HASH_ROUTE token=209 layer=16 children=323,165,967,428 grandchildren=3237,1654,9674,4282
HASH_ROUTE token=209 layer=17 children=263,587,184,509 grandchildren=2633,5878,1849,5094
HASH_ROUTE token=209 layer=18 children=997,1107,1061,196 grandchildren=9978,11073,10613,1967
HASH_ROUTE token=209 layer=19 children=239,714,397,172 grandchildren=2396,7146,3978,1726
HASH_ROUTE token=209 layer=20 children=197,164,298,215 grandchildren=1975,1649,2983,2155
HASH_ROUTE token=209 layer=21 children=76,126,106,874 grandchildren=761,1267,1069,8748
HASH_ROUTE token=209 layer=22 children=1093,1112,931,1060 grandchildren=10933,11129,9317,10606
HASH_ROUTE token=209 layer=23 children=270,263,193,289 grandchildren=2702,2638,1938,2899
HASH_ROUTE token=210 layer=0 children=153,50,72,65 grandchildren=1534,502,726,658
HASH_ROUTE token=210 layer=1 children=171,297,652,238 grandchildren=1711,2972,6529,2385
HASH_ROUTE token=210 layer=2 children=1225,1128,740,1262 grandchildren=12256,11288,7402,12623
HASH_ROUTE token=210 layer=3 children=931,138,1099,292 grandchildren=9313,1383,10996,2922
HASH_ROUTE token=210 layer=4 children=234,189,228,191 grandchildren=2348,1898,2281,1914
HASH_ROUTE token=210 layer=5 children=842,851,369,378 grandchildren=8422,8514,3691,3781
HASH_ROUTE token=210 layer=6 children=448,409,280,461 grandchildren=4483,4092,2803,4615
HASH_ROUTE token=210 layer=7 children=294,777,181,208 grandchildren=2945,7779,1819,2088
HASH_ROUTE token=210 layer=8 children=1015,1040,1021,536 grandchildren=10154,10407,10217,5364
HASH_ROUTE token=210 layer=9 children=296,459,934,1254 grandchildren=2965,4592,9344,12547
HASH_ROUTE token=210 layer=10 children=368,1169,849,1008 grandchildren=3688,11699,8495,10081
HASH_ROUTE token=210 layer=11 children=353,670,380,331 grandchildren=3533,6703,3808,3317
HASH_ROUTE token=210 layer=12 children=568,559,527,244 grandchildren=5681,5594,5276,2446
HASH_ROUTE token=210 layer=13 children=678,735,704,784 grandchildren=6781,7357,7043,7843
HASH_ROUTE token=210 layer=14 children=452,438,395,618 grandchildren=4524,4384,3951,6184
HASH_ROUTE token=210 layer=15 children=670,832,1150,357 grandchildren=6706,8324,11505,3571
HASH_ROUTE token=210 layer=16 children=439,279,349,594 grandchildren=4396,2797,3499,5946
HASH_ROUTE token=210 layer=17 children=594,515,584,574 grandchildren=5941,5158,5843,5746
HASH_ROUTE token=210 layer=18 children=732,1211,781,640 grandchildren=7322,12115,7815,6404
HASH_ROUTE token=210 layer=19 children=783,792,744,467 grandchildren=7837,7922,7443,4677
HASH_ROUTE token=210 layer=20 children=165,315,220,194 grandchildren=1659,3151,2203,1947
HASH_ROUTE token=210 layer=21 children=877,239,1194,718 grandchildren=8778,2396,11944,7186
HASH_ROUTE token=210 layer=22 children=428,269,335,179 grandchildren=4281,2696,3357,1796
HASH_ROUTE token=210 layer=23 children=579,514,530,566 grandchildren=5791,5143,5301,5664
HASH_ROUTE token=211 layer=0 children=955,478,798,854 grandchildren=9554,4788,7981,8548
HASH_ROUTE token=211 layer=1 children=410,737,424,252 grandchildren=4103,7376,4243,2529
HASH_ROUTE token=211 layer=2 children=656,767,774,726 grandchildren=6563,7671,7744,7265
HASH_ROUTE token=211 layer=3 children=774,694,619,657 grandchildren=7741,6949,6196,6579
HASH_ROUTE token=211 layer=4 children=245,881,1041,256 grandchildren=2456,8818,10416,2567
HASH_ROUTE token=211 layer=5 children=918,891,112,901 grandchildren=9187,8917,1129,9014
HASH_ROUTE token=211 layer=6 children=1054,1032,416,1105 grandchildren=10547,10323,4162,11056
HASH_ROUTE token=211 layer=7 children=284,169,199,187 grandchildren=2847,1691,1995,1876
HASH_ROUTE token=211 layer=8 children=914,591,941,628 grandchildren=9144,5917,9413,6288
HASH_ROUTE token=211 layer=9 children=180,664,311,792 grandchildren=1809,6642,3119,7929
HASH_ROUTE token=211 layer=10 children=907,1063,952,107 grandchildren=9078,10635,9522,1073
HASH_ROUTE token=211 layer=11 children=7,1123,323,965 grandchildren=72,11237,3234,9651
HASH_ROUTE token=211 layer=12 children=506,531,542,514 grandchildren=5068,5317,5425,5149
HASH_ROUTE token=211 layer=13 children=1210,1138,739,1278 grandchildren=12107,11389,7394,12781
HASH_ROUTE token=211 layer=14 children=455,939,447,139 grandchildren=4552,9394,4471,1397
HASH_ROUTE token=211 layer=15 children=1270,793,1238,1244 grandchildren=12702,7935,12384,12449
HASH_ROUTE token=211 layer=16 children=213,256,1172,222 grandchildren=2136,2561,11729,2223
HASH_ROUTE token=211 layer=17 children=587,426,1066,264 grandchildren=5874,4263,10662,2644
HASH_ROUTE token=211 layer=18 children=1211,1236,1208,1255 grandchildren=12114,12365,12082,12556
HASH_ROUTE token=211 layer=19 children=220,389,242,62 grandchildren=2205,3895,2421,621
HASH_ROUTE token=211 layer=20 children=315,208,263,254 grandchildren=3157,2089,2632,2542
HASH_ROUTE token=211 layer=21 children=1267,1226,1219,140 grandchildren=12679,12268,12196,1403
HASH_ROUTE token=211 layer=22 children=156,638,311,89 grandchildren=1566,6383,3116,898
HASH_ROUTE token=211 layer=23 children=996,1058,672,1071 grandchildren=9967,10585,6727,10717
HASH_ROUTE token=212 layer=0 children=449,1089,765,397 grandchildren=4492,10899,7658,3972
HASH_ROUTE token=212 layer=1 children=130,126,31,5 grandchildren=1302,1266,317,55
HASH_ROUTE token=212 layer=2 children=1216,411,94,730 grandchildren=12165,4111,948,7301
HASH_ROUTE token=212 layer=3 children=611,778,452,530 grandchildren=6118,7781,4522,5309
HASH_ROUTE token=212 layer=4 children=185,245,318,820 grandchildren=1857,2456,3183,8208
HASH_ROUTE token=212 layer=5 children=494,586,636,556 grandchildren=4946,5863,6369,5567
HASH_ROUTE token=212 layer=6 children=416,92,253,895 grandchildren=4169,923,2535,8956
HASH_ROUTE token=212 layer=7 children=48,368,83,30 grandchildren=485,3683,837,301
HASH_ROUTE token=212 layer=8 children=51,1170,535,210 grandchildren=517,11707,5354,2101
HASH_ROUTE token=212 layer=9 children=934,868,823,299 grandchildren=9341,8683,8234,2998
HASH_ROUTE token=212 layer=10 children=932,1259,619,458 grandchildren=9325,12596,6197,4581
HASH_ROUTE token=212 layer=11 children=381,61,419,704 grandchildren=3818,612,4198,7047
HASH_ROUTE token=212 layer=12 children=238,559,206,1192 grandchildren=2383,5594,2068,11925
HASH_ROUTE token=212 layer=13 children=735,756,779,652 grandchildren=7355,7561,7794,6529
HASH_ROUTE token=212 layer=14 children=447,330,467,397 grandchildren=4473,3304,4679,3972
HASH_ROUTE token=212 layer=15 children=379,1179,352,339 grandchildren=3791,11795,3521,3395
HASH_ROUTE token=212 layer=16 children=255,277,170,264 grandchildren=2551,2774,1709,2642
HASH_ROUTE token=212 layer=17 children=576,542,593,587 grandchildren=5765,5426,5934,5878
HASH_ROUTE token=212 layer=18 children=485,800,593,918 grandchildren=4859,8004,5931,9188
HASH_ROUTE token=212 layer=19 children=314,293,638,617 grandchildren=3141,2938,6385,6174
HASH_ROUTE token=212 layer=20 children=270,596,206,524 grandchildren=2702,5961,2064,5249
HASH_ROUTE token=212 layer=21 children=875,956,828,893 grandchildren=8752,9562,8285,8934
HASH_ROUTE token=212 layer=22 children=184,988,282,348 grandchildren=1847,9887,2827,3485
HASH_ROUTE token=212 layer=23 children=144,100,37,113 grandchildren=1448,1009,378,1138
HASH_ROUTE token=213 layer=0 children=363,1163,320,1126 grandchildren=3638,11634,3207,11263
HASH_ROUTE token=213 layer=1 children=349,186,450,352 grandchildren=3493,1863,4504,3527
HASH_ROUTE token=213 layer=2 children=45,128,95,1161 grandchildren=459,1287,954,11617
HASH_ROUTE token=213 layer=3 children=779,1256,452,135 grandchildren=7793,12565,4523,1354
HASH_ROUTE token=213 layer=4 children=294,189,179,312 grandchildren=2943,1896,1799,3122
HASH_ROUTE token=213 layer=5 children=891,1212,901,850 grandchildren=8915,12128,9012,8507
HASH_ROUTE token=213 layer=6 children=668,671,716,770 grandchildren=6687,6712,7162,7708
HASH_ROUTE token=213 layer=7 children=61,540,26,48 grandchildren=612,5406,268,487
HASH_ROUTE token=213 layer=8 children=1201,1161,243,408 grandchildren=12015,11613,2431,4082
HASH_ROUTE token=213 layer=9 children=700,867,664,226 grandchildren=7009,8672,6641,2265
HASH_ROUTE token=213 layer=10 children=959,477,837,907 grandchildren=9591,4779,8378,9074
HASH_ROUTE token=213 layer=11 children=750,1075,435,1230 grandchildren=7509,10754,4357,12309
HASH_ROUTE token=213 layer=12 children=183,506,203,198 grandchildren=1831,5066,2039,1989
HASH_ROUTE token=213 layer=13 children=1212,1255,739,1058 grandchildren=12126,12552,7395,10586
HASH_ROUTE token=213 layer=14 children=455,139,618,295 grandchildren=4552,1395,6186,2951
HASH_ROUTE token=213 layer=15 children=1238,1246,1177,1150 grandchildren=12385,12469,11776,11503
HASH_ROUTE token=213 layer=16 children=213,256,172,265 grandchildren=2139,2564,1728,2655
HASH_ROUTE token=213 layer=17 children=507,609,535,484 grandchildren=5071,6091,5358,4842
HASH_ROUTE token=213 layer=18 children=1194,237,1033,399 grandchildren=11947,2373,10337,3998
HASH_ROUTE token=213 layer=19 children=340,357,466,403 grandchildren=3404,3573,4667,4032
HASH_ROUTE token=213 layer=20 children=254,313,227,208 grandchildren=2541,3136,2275,2082
HASH_ROUTE token=213 layer=21 children=872,555,230,718 grandchildren=8727,5557,2301,7186
HASH_ROUTE token=213 layer=22 children=20,149,502,623 grandchildren=209,1498,5028,6235
HASH_ROUTE token=213 layer=23 children=504,981,585,188 grandchildren=5045,9815,5853,1889
HASH_ROUTE token=214 layer=0 children=482,163,962,805 grandchildren=4826,1639,9627,8058
HASH_ROUTE token=214 layer=1 children=826,860,932,833 grandchildren=8261,8601,9325,8331
HASH_ROUTE token=214 layer=2 children=1003,1051,1061,1092 grandchildren=10035,10511,10611,10921
HASH_ROUTE token=214 layer=3 children=932,610,953,1259 grandchildren=9321,6107,9531,12593
HASH_ROUTE token=214 layer=4 children=909,938,261,812 grandchildren=9096,9384,2613,8129
HASH_ROUTE token=214 layer=5 children=1223,905,582,1179 grandchildren=12236,9055,5824,11793
HASH_ROUTE token=214 layer=6 children=251,738,243,892 grandchildren=2513,7388,2431,8925
HASH_ROUTE token=214 layer=7 children=150,310,9,1272 grandchildren=1508,3108,98,12723
HASH_ROUTE token=214 layer=8 children=1229,1258,1208,1177 grandchildren=12291,12584,12086,11776
HASH_ROUTE token=214 layer=9 children=864,828,387,346 grandchildren=8649,8283,3877,3462
HASH_ROUTE token=214 layer=10 children=752,707,798,642 grandchildren=7523,7076,7985,6425
HASH_ROUTE token=214 layer=11 children=757,115,1074,435 grandchildren=7577,1152,10748,4359
HASH_ROUTE token=214 layer=12 children=1011,213,697,51 grandchildren=10116,2138,6971,512
HASH_ROUTE token=214 layer=13 children=1255,1232,1122,1248 grandchildren=12551,12323,11225,12487
HASH_ROUTE token=214 layer=14 children=939,777,816,456 grandchildren=9396,7777,8168,4561
HASH_ROUTE token=214 layer=15 children=853,378,1175,538 grandchildren=8533,3787,11752,5388
HASH_ROUTE token=214 layer=16 children=253,417,1215,1056 grandchildren=2535,4172,12152,10566
HASH_ROUTE token=214 layer=17 children=564,542,532,587 grandchildren=5643,5424,5321,5878
HASH_ROUTE token=214 layer=18 children=159,1275,141,1266 grandchildren=1592,12758,1412,12668
HASH_ROUTE token=214 layer=19 children=346,338,460,409 grandchildren=3467,3389,4604,4092
HASH_ROUTE token=214 layer=20 children=215,208,185,197 grandchildren=2157,2089,1853,1974
HASH_ROUTE token=214 layer=21 children=819,893,839,878 grandchildren=8198,8937,8397,8789
HASH_ROUTE token=214 layer=22 children=636,509,624,533 grandchildren=6369,5099,6247,5333
HASH_ROUTE token=214 layer=23 children=513,194,995,1151 grandchildren=5131,1942,9958,11517
HASH_ROUTE token=215 layer=0 children=153,50,72,65 grandchildren=1538,505,726,654
HASH_ROUTE token=215 layer=1 children=175,297,653,333 grandchildren=1753,2971,6536,3332
HASH_ROUTE token=215 layer=2 children=905,424,1060,100 grandchildren=9051,4241,10605,1003
HASH_ROUTE token=215 layer=3 children=106,68,18,900 grandchildren=1067,689,187,9004
HASH_ROUTE token=215 layer=4 children=186,294,312,229 grandchildren=1862,2943,3128,2297
HASH_ROUTE token=215 layer=5 children=1272,1210,1179,1130 grandchildren=12724,12109,11793,11308
HASH_ROUTE token=215 layer=6 children=129,442,760,289 grandchildren=1297,4426,7602,2892
HASH_ROUTE token=215 layer=7 children=934,137,617,459 grandchildren=9344,1377,6174,4597
HASH_ROUTE token=215 layer=8 children=1110,953,319,1047 grandchildren=11105,9532,3191,10474
HASH_ROUTE token=215 layer=9 children=955,897,314,913 grandchildren=9558,8978,3142,9139
HASH_ROUTE token=215 layer=10 children=1147,347,180,1244 grandchildren=11472,3479,1805,12448
HASH_ROUTE token=215 layer=11 children=24,1142,30,1151 grandchildren=242,11425,309,11512
HASH_ROUTE token=215 layer=12 children=378,327,478,216 grandchildren=3786,3275,4788,2169
HASH_ROUTE token=215 layer=13 children=148,786,943,463 grandchildren=1483,7864,9438,4634
HASH_ROUTE token=215 layer=14 children=777,693,610,537 grandchildren=7774,6937,6101,5379
HASH_ROUTE token=215 layer=15 children=995,1024,831,1040 grandchildren=9953,10242,8318,10407
HASH_ROUTE token=215 layer=16 children=431,365,346,1076 grandchildren=4315,3653,3465,10762
HASH_ROUTE token=215 layer=17 children=981,186,1144,1045 grandchildren=9818,1866,11445,10451
HASH_ROUTE token=215 layer=18 children=320,380,364,456 grandchildren=3209,3805,3645,4562
HASH_ROUTE token=215 layer=19 children=606,446,120,523 grandchildren=6064,4469,1208,5234
HASH_ROUTE token=215 layer=20 children=766,647,730,744 grandchildren=7661,6479,7304,7446
HASH_ROUTE token=215 layer=21 children=1030,554,870,236 grandchildren=10302,5545,8709,2368
HASH_ROUTE token=215 layer=22 children=178,265,13,331 grandchildren=1789,2651,135,3316
HASH_ROUTE token=215 layer=23 children=624,945,607,927 grandchildren=6242,9451,6079,9275
HASH_ROUTE token=216 layer=0 children=755,649,779,713 grandchildren=7559,6497,7797,7131
HASH_ROUTE token=216 layer=1 children=527,689,504,663 grandchildren=5274,6892,5042,6637
HASH_ROUTE token=216 layer=2 children=352,830,36,991 grandchildren=3526,8303,363,9912
HASH_ROUTE token=216 layer=3 children=623,613,535,554 grandchildren=6237,6139,5358,5548
HASH_ROUTE token=216 layer=4 children=465,434,1260,452 grandchildren=4658,4342,12605,4521
HASH_ROUTE token=216 layer=5 children=320,809,963,168 grandchildren=3204,8099,9634,1685
HASH_ROUTE token=216 layer=6 children=461,785,620,946 grandchildren=4615,7852,6201,9468
HASH_ROUTE token=216 layer=7 children=148,99,38,621 grandchildren=1485,994,384,6216
HASH_ROUTE token=216 layer=8 children=1014,697,1100,786 grandchildren=10145,6971,11004,7867
HASH_ROUTE token=216 layer=9 children=131,55,938,156 grandchildren=1315,557,9384,1568
HASH_ROUTE token=216 layer=10 children=616,626,540,587 grandchildren=6167,6263,5402,5872
HASH_ROUTE token=216 layer=11 children=916,1077,866,753 grandchildren=9162,10779,8667,7539
HASH_ROUTE token=216 layer=12 children=359,839,1151,512 grandchildren=3593,8397,11511,5121
HASH_ROUTE token=216 layer=13 children=324,167,489,361 grandchildren=3247,1677,4898,3618
HASH_ROUTE token=216 layer=14 children=1102,1264,1096,947 grandchildren=11026,12646,10966,9473
HASH_ROUTE token=216 layer=15 children=767,127,1080,678 grandchildren=7674,1276,10807,6783
HASH_ROUTE token=216 layer=16 children=921,600,889,124 grandchildren=9211,6005,8899,1245
HASH_ROUTE token=216 layer=17 children=893,954,801,91 grandchildren=8938,9544,8014,917
HASH_ROUTE token=216 layer=18 children=740,1226,268,721 grandchildren=7401,12268,2684,7216
HASH_ROUTE token=216 layer=19 children=322,647,1121,482 grandchildren=3226,6476,11217,4822
HASH_ROUTE token=216 layer=20 children=1264,309,1223,786 grandchildren=12643,3096,12235,7865
HASH_ROUTE token=216 layer=21 children=1180,1238,700,65 grandchildren=11803,12388,7004,656
HASH_ROUTE token=216 layer=22 children=939,295,1090,772 grandchildren=9393,2956,10901,7728
HASH_ROUTE token=216 layer=23 children=109,45,71,261 grandchildren=1093,459,713,2619
HASH_ROUTE token=217 layer=0 children=441,322,414,927 grandchildren=4412,3221,4143,9271
HASH_ROUTE token=217 layer=1 children=879,909,233,937 grandchildren=8793,9093,2335,9378
HASH_ROUTE token=217 layer=2 children=48,117,144,842 grandchildren=485,1175,1441,8424
HASH_ROUTE token=217 layer=3 children=618,554,525,497 grandchildren=6185,5549,5251,4973
HASH_ROUTE token=217 layer=4 children=261,312,164,194 grandchildren=2615,3126,1646,1942
HASH_ROUTE token=217 layer=5 children=1212,1174,252,892 grandchildren=12126,11749,2524,8921
HASH_ROUTE token=217 layer=6 children=725,681,1204,761 grandchildren=7256,6818,12041,7616
HASH_ROUTE token=217 layer=7 children=137,52,773,692 grandchildren=1371,525,7737,6924
HASH_ROUTE token=217 layer=8 children=950,1117,794,823 grandchildren=9502,11176,7942,8236
HASH_ROUTE token=217 layer=9 children=257,314,1219,1277 grandchildren=2579,3146,12191,12779
HASH_ROUTE token=217 layer=10 children=662,1140,676,722 grandchildren=6622,11408,6761,7227
HASH_ROUTE token=217 layer=11 children=61,1,52,40 grandchildren=616,18,528,407
HASH_ROUTE token=217 layer=12 children=803,322,1124,480 grandchildren=8032,3223,11244,4802
HASH_ROUTE token=217 layer=13 children=143,84,98,782 grandchildren=1431,842,986,7823
HASH_ROUTE token=217 layer=14 children=520,200,840,614 grandchildren=5207,2008,8406,6146
HASH_ROUTE token=217 layer=15 children=357,415,338,398 grandchildren=3572,4154,3383,3982
HASH_ROUTE token=217 layer=16 children=1092,456,1083,771 grandchildren=10929,4569,10834,7715
HASH_ROUTE token=217 layer=17 children=1204,1127,1230,1189 grandchildren=12043,11273,12306,11897
HASH_ROUTE token=217 layer=18 children=203,44,364,1006 grandchildren=2036,449,3644,10066
HASH_ROUTE token=217 layer=19 children=305,941,267,903 grandchildren=3054,9414,2678,9033
HASH_ROUTE token=217 layer=20 children=357,1155,349,1147 grandchildren=3571,11552,3491,11471
HASH_ROUTE token=217 layer=21 children=70,130,60,101 grandchildren=704,1308,601,1013
HASH_ROUTE token=217 layer=22 children=178,254,282,495 grandchildren=1788,2545,2821,4956
HASH_ROUTE token=217 layer=23 children=179,245,972,1042 grandchildren=1799,2452,9723,10425
HASH_ROUTE token=218 layer=0 children=449,122,1082,925 grandchildren=4492,1228,10823,9256
HASH_ROUTE token=218 layer=1 children=184,297,663,774 grandchildren=1842,2974,6633,7748
HASH_ROUTE token=218 layer=2 children=1225,424,1069,1205 grandchildren=12252,4242,10693,12052
HASH_ROUTE token=218 layer=3 children=63,15,100,7 grandchildren=635,155,1001,74
HASH_ROUTE token=218 layer=4 children=292,193,313,213 grandchildren=2925,1938,3135,2136
HASH_ROUTE token=218 layer=5 children=1212,1174,418,1276 grandchildren=12127,11748,4189,12764
HASH_ROUTE token=218 layer=6 children=683,768,727,49 grandchildren=6832,7688,7271,494
HASH_ROUTE token=218 layer=7 children=777,937,139,617 grandchildren=7779,9374,1392,6179
HASH_ROUTE token=218 layer=8 children=1112,953,1040,1015 grandchildren=11124,9538,10403,10151
HASH_ROUTE token=218 layer=9 children=254,316,897,955 grandchildren=2547,3162,8975,9558
HASH_ROUTE token=218 layer=10 children=1147,1277,1160,1135 grandchildren=11479,12775,11607,11353
HASH_ROUTE token=218 layer=11 children=53,853,64,43 grandchildren=535,8535,646,437
HASH_ROUTE token=218 layer=12 children=329,378,166,217 grandchildren=3298,3781,1669,2179
HASH_ROUTE token=218 layer=13 children=720,783,735,689 grandchildren=7207,7837,7351,6899
HASH_ROUTE token=218 layer=14 children=580,567,536,636 grandchildren=5806,5677,5365,6366
HASH_ROUTE token=218 layer=15 children=831,995,192,883 grandchildren=8313,9955,1928,8832
HASH_ROUTE token=218 layer=16 children=432,365,342,471 grandchildren=4321,3655,3425,4716
HASH_ROUTE token=218 layer=17 children=509,634,983,601 grandchildren=5094,6349,9837,6011
HASH_ROUTE token=218 layer=18 children=1001,1033,842,1051 grandchildren=10012,10338,8429,10513
HASH_ROUTE token=218 layer=19 children=768,446,601,1241 grandchildren=7686,4466,6012,12415
HASH_ROUTE token=218 layer=20 children=764,779,667,647 grandchildren=7645,7797,6672,6473
HASH_ROUTE token=218 layer=21 children=1030,558,230,871 grandchildren=10309,5584,2302,8717
HASH_ROUTE token=218 layer=22 children=265,178,422,102 grandchildren=2657,1783,4223,1024
HASH_ROUTE token=218 layer=23 children=945,903,829,620 grandchildren=9456,9038,8295,6201
HASH_ROUTE token=219 layer=0 children=932,955,131,158 grandchildren=9326,9559,1312,1585
HASH_ROUTE token=219 layer=1 children=843,43,209,522 grandchildren=8437,439,2092,5221
HASH_ROUTE token=219 layer=2 children=366,356,431,48 grandchildren=3663,3561,4316,488
HASH_ROUTE token=219 layer=3 children=799,1278,319,472 grandchildren=7999,12787,3191,4721
HASH_ROUTE token=219 layer=4 children=186,163,1146,295 grandchildren=1864,1634,11464,2954
HASH_ROUTE token=219 layer=5 children=94,35,106,411 grandchildren=947,357,1061,4119
HASH_ROUTE token=219 layer=6 children=672,765,198,286 grandchildren=6723,7659,1982,2861
HASH_ROUTE token=219 layer=7 children=1168,528,1189,544 grandchildren=11687,5284,11897,5446
HASH_ROUTE token=219 layer=8 children=1102,941,1094,1266 grandchildren=11021,9414,10945,12666
HASH_ROUTE token=219 layer=9 children=1146,828,349,987 grandchildren=11469,8282,3497,9879
HASH_ROUTE token=219 layer=10 children=724,677,786,86 grandchildren=7242,6774,7869,862
HASH_ROUTE token=219 layer=11 children=1278,1254,1191,795 grandchildren=12782,12542,11917,7956
HASH_ROUTE token=219 layer=12 children=1063,982,1221,1050 grandchildren=10636,9827,12217,10508
HASH_ROUTE token=219 layer=13 children=784,735,657,626 grandchildren=7848,7358,6577,6265
HASH_ROUTE token=219 layer=14 children=492,16,657,815 grandchildren=4923,167,6573,8151
HASH_ROUTE token=219 layer=15 children=1188,1241,1235,1251 grandchildren=11889,12416,12352,12518
HASH_ROUTE token=219 layer=16 children=251,234,570,263 grandchildren=2513,2344,5706,2635
HASH_ROUTE token=219 layer=17 children=1003,525,40,682 grandchildren=10034,5255,401,6821
HASH_ROUTE token=219 layer=18 children=721,1203,781,645 grandchildren=7218,12032,7818,6451
HASH_ROUTE token=219 layer=19 children=340,467,355,452 grandchildren=3408,4677,3552,4529
HASH_ROUTE token=219 layer=20 children=1194,1223,1272,1258 grandchildren=11943,12237,12724,12581
HASH_ROUTE token=219 layer=21 children=884,569,400,83 grandchildren=8843,5696,4002,831
HASH_ROUTE token=219 layer=22 children=627,504,560,301 grandchildren=6275,5047,5604,3012
HASH_ROUTE token=219 layer=23 children=1065,266,905,1075 grandchildren=10658,2669,9056,10754
HASH_ROUTE token=220 layer=0 children=937,861,955,805 grandchildren=9378,8611,9551,8052
HASH_ROUTE token=220 layer=1 children=685,207,846,46 grandchildren=6859,2079,8467,461
HASH_ROUTE token=220 layer=2 children=354,378,341,387 grandchildren=3546,3787,3418,3876
HASH_ROUTE token=220 layer=3 children=1011,694,1029,52 grandchildren=10119,6941,10293,522
HASH_ROUTE token=220 layer=4 children=181,163,294,266 grandchildren=1814,1633,2949,2666
HASH_ROUTE token=220 layer=5 children=47,528,365,842 grandchildren=477,5285,3655,8427
HASH_ROUTE token=220 layer=6 children=996,352,1035,198 grandchildren=9961,3529,10358,1986
HASH_ROUTE token=220 layer=7 children=606,496,563,1089 grandchildren=6063,4969,5632,10897
HASH_ROUTE token=220 layer=8 children=1165,522,203,365 grandchildren=11654,5226,2031,3657
HASH_ROUTE token=220 layer=9 children=244,888,229,867 grandchildren=2442,8889,2292,8671
HASH_ROUTE token=220 layer=10 children=355,346,471,365 grandchildren=3559,3469,4717,3652
HASH_ROUTE token=220 layer=11 children=686,779,738,1006 grandchildren=6865,7799,7389,10061
HASH_ROUTE token=220 layer=12 children=1049,245,1088,1018 grandchildren=10499,2458,10883,10189
HASH_ROUTE token=220 layer=13 children=135,617,127,41 grandchildren=1355,6179,1278,411
HASH_ROUTE token=220 layer=14 children=230,286,165,254 grandchildren=2305,2861,1657,2547
HASH_ROUTE token=220 layer=15 children=1186,1159,1028,1227 grandchildren=11866,11598,10283,12275
HASH_ROUTE token=220 layer=16 children=219,690,376,258 grandchildren=2191,6906,3765,2582
HASH_ROUTE token=220 layer=17 children=535,545,507,609 grandchildren=5355,5452,5071,6099
HASH_ROUTE token=220 layer=18 children=1270,1265,1155,957 grandchildren=12706,12653,11553,9579
HASH_ROUTE token=220 layer=19 children=445,467,435,423 grandchildren=4451,4679,4351,4235
HASH_ROUTE token=220 layer=20 children=243,254,282,406 grandchildren=2437,2541,2824,4068
HASH_ROUTE token=220 layer=21 children=74,143,558,623 grandchildren=743,1436,5583,6236
HASH_ROUTE token=220 layer=22 children=150,127,1274,1117 grandchildren=1509,1275,12749,11177
HASH_ROUTE token=220 layer=23 children=37,125,513,81 grandchildren=377,1254,5134,817
HASH_ROUTE token=221 layer=0 children=153,50,471,41 grandchildren=1532,509,4718,419
HASH_ROUTE token=221 layer=1 children=297,451,209,260 grandchildren=2979,4516,2094,2609
HASH_ROUTE token=221 layer=2 children=332,432,420,178 grandchildren=3322,4322,4206,1788
HASH_ROUTE token=221 layer=3 children=183,661,27,221 grandchildren=1836,6617,278,2212
HASH_ROUTE token=221 layer=4 children=299,186,209,252 grandchildren=2995,1865,2093,2529
HASH_ROUTE token=221 layer=5 children=844,687,867,700 grandchildren=8449,6878,8677,7009
HASH_ROUTE token=221 layer=6 children=413,448,93,363 grandchildren=4137,4488,933,3637
HASH_ROUTE token=221 layer=7 children=528,848,597,915 grandchildren=5288,8486,5975,9153
HASH_ROUTE token=221 layer=8 children=1001,843,1049,883 grandchildren=10015,8431,10498,8839
HASH_ROUTE token=221 layer=9 children=938,866,457,911 grandchildren=9384,8662,4579,9116
HASH_ROUTE token=221 layer=10 children=790,732,691,472 grandchildren=7904,7327,6915,4721
HASH_ROUTE token=221 layer=11 children=738,794,679,703 grandchildren=7382,7942,6797,7039
HASH_ROUTE token=221 layer=12 children=1189,1148,1120,1273 grandchildren=11896,11486,11207,12732
HASH_ROUTE token=221 layer=13 children=608,1084,765,628 grandchildren=6082,10842,7657,6281
HASH_ROUTE token=221 layer=14 children=858,887,214,247 grandchildren=8586,8873,2147,2474
HASH_ROUTE token=221 layer=15 children=1081,991,1028,969 grandchildren=10819,9919,10287,9699
HASH_ROUTE token=221 layer=16 children=1058,1026,986,1063 grandchildren=10582,10263,9867,10637
HASH_ROUTE token=221 layer=17 children=601,530,515,484 grandchildren=6017,5307,5152,4841
HASH_ROUTE token=221 layer=18 children=794,769,742,660 grandchildren=7941,7694,7424,6605
HASH_ROUTE token=221 layer=19 children=761,783,447,747 grandchildren=7617,7839,4474,7473
HASH_ROUTE token=221 layer=20 children=279,313,214,594 grandchildren=2798,3133,2146,5941
HASH_ROUTE token=221 layer=21 children=231,74,552,879 grandchildren=2315,744,5527,8793
HASH_ROUTE token=221 layer=22 children=799,1110,719,657 grandchildren=7992,11102,7191,6574
HASH_ROUTE token=221 layer=23 children=33,995,672,513 grandchildren=332,9958,6728,5133
HASH_ROUTE token=222 layer=0 children=958,847,917,944 grandchildren=9585,8475,9176,9444
HASH_ROUTE token=222 layer=1 children=349,450,184,660 grandchildren=3499,4503,1846,6604
HASH_ROUTE token=222 layer=2 children=691,659,378,677 grandchildren=6918,6592,3788,6773
HASH_ROUTE token=222 layer=3 children=610,576,1099,778 grandchildren=6107,5761,10999,7782
HASH_ROUTE token=222 layer=4 children=299,185,279,232 grandchildren=2996,1855,2799,2329
HASH_ROUTE token=222 layer=5 children=844,41,893,681 grandchildren=8442,416,8935,6816
HASH_ROUTE token=222 layer=6 children=351,336,363,472 grandchildren=3517,3363,3635,4727
HASH_ROUTE token=222 layer=7 children=495,597,639,543 grandchildren=4954,5979,6398,5436
HASH_ROUTE token=222 layer=8 children=524,612,45,132 grandchildren=5249,6124,456,1324
HASH_ROUTE token=222 layer=9 children=937,956,911,868 grandchildren=9375,9565,9117,8687
HASH_ROUTE token=222 layer=10 children=477,959,153,795 grandchildren=4774,9593,1538,7955
HASH_ROUTE token=222 layer=11 children=671,193,999,735 grandchildren=6718,1934,9997,7357
HASH_ROUTE token=222 layer=12 children=1030,981,1027,1190 grandchildren=10305,9814,10271,11909
HASH_ROUTE token=222 layer=13 children=308,142,626,784 grandchildren=3085,1421,6268,7848
HASH_ROUTE token=222 layer=14 children=887,858,832,911 grandchildren=8873,8588,8325,9115
HASH_ROUTE token=222 layer=15 children=1150,993,677,1249 grandchildren=11508,9931,6774,12498
HASH_ROUTE token=222 layer=16 children=1020,541,1065,387 grandchildren=10208,5413,10658,3879
HASH_ROUTE token=222 layer=17 children=533,622,598,507 grandchildren=5334,6229,5981,5075
HASH_ROUTE token=222 layer=18 children=762,285,928,440 grandchildren=7628,2858,9286,4403
HASH_ROUTE token=222 layer=19 children=759,783,919,767 grandchildren=7596,7839,9199,7677
HASH_ROUTE token=222 layer=20 children=246,1207,224,1188 grandchildren=2464,12077,2241,11889
HASH_ROUTE token=222 layer=21 children=15,33,102,70 grandchildren=157,333,1022,705
HASH_ROUTE token=222 layer=22 children=799,150,1111,651 grandchildren=7995,1504,11117,6514
HASH_ROUTE token=222 layer=23 children=125,928,31,1084 grandchildren=1252,9285,313,10846
HASH_ROUTE token=223 layer=0 children=932,955,805,864 grandchildren=9326,9552,8059,8644
HASH_ROUTE token=223 layer=1 children=746,261,428,900 grandchildren=7467,2618,4289,9001
HASH_ROUTE token=223 layer=2 children=410,377,454,357 grandchildren=4109,3773,4547,3572
HASH_ROUTE token=223 layer=3 children=213,533,1011,694 grandchildren=2131,5332,10112,6949
HASH_ROUTE token=223 layer=4 children=187,503,254,294 grandchildren=1876,5036,2543,2944
HASH_ROUTE token=223 layer=5 children=1238,112,1165,1132 grandchildren=12386,1126,11651,11327
HASH_ROUTE token=223 layer=6 children=416,1052,404,895 grandchildren=4163,10524,4049,8958
HASH_ROUTE token=223 layer=7 children=587,542,490,567 grandchildren=5875,5426,4905,5671
HASH_ROUTE token=223 layer=8 children=561,614,585,608 grandchildren=5618,6145,5851,6087
HASH_ROUTE token=223 layer=9 children=445,762,289,605 grandchildren=4457,7625,2896,6053
HASH_ROUTE token=223 layer=10 children=670,752,728,994 grandchildren=6705,7523,7287,9948
HASH_ROUTE token=223 layer=11 children=540,709,538,512 grandchildren=5403,7091,5384,5127
HASH_ROUTE token=223 layer=12 children=564,596,527,531 grandchildren=5647,5963,5276,5311
HASH_ROUTE token=223 layer=13 children=973,11,333,654 grandchildren=9734,117,3336,6542
HASH_ROUTE token=223 layer=14 children=429,261,387,447 grandchildren=4292,2616,3871,4478
HASH_ROUTE token=223 layer=15 children=1186,700,1159,1237 grandchildren=11868,7008,11594,12377
HASH_ROUTE token=223 layer=16 children=227,169,265,869 grandchildren=2273,1695,2656,8693
HASH_ROUTE token=223 layer=17 children=533,484,52,545 grandchildren=5338,4849,528,5452
HASH_ROUTE token=223 layer=18 children=921,958,762,943 grandchildren=9218,9589,7621,9433
HASH_ROUTE token=223 layer=19 children=783,755,462,764 grandchildren=7832,7557,4628,7642
HASH_ROUTE token=223 layer=20 children=171,254,229,1136 grandchildren=1711,2544,2293,11363
HASH_ROUTE token=223 layer=21 children=551,718,874,230 grandchildren=5515,7189,8743,2302
HASH_ROUTE token=223 layer=22 children=157,631,102,581 grandchildren=1574,6317,1025,5817
HASH_ROUTE token=223 layer=23 children=1043,985,962,729 grandchildren=10432,9851,9627,7296
HASH_ROUTE token=224 layer=0 children=49,360,206,680 grandchildren=491,3608,2061,6804
HASH_ROUTE token=224 layer=1 children=297,455,279,209 grandchildren=2974,4556,2796,2096
HASH_ROUTE token=224 layer=2 children=1163,1241,41,1217 grandchildren=11639,12419,413,12178
HASH_ROUTE token=224 layer=3 children=553,587,878,614 grandchildren=5535,5879,8785,6141
HASH_ROUTE token=224 layer=4 children=243,186,881,827 grandchildren=2438,1869,8817,8278
HASH_ROUTE token=224 layer=5 children=891,853,905,94 grandchildren=8912,8537,9058,948
HASH_ROUTE token=224 layer=6 children=1092,1054,450,990 grandchildren=10929,10541,4505,9907
HASH_ROUTE token=224 layer=7 children=601,445,508,125 grandchildren=6014,4452,5081,1256
HASH_ROUTE token=224 layer=8 children=1277,1161,631,1208 grandchildren=12772,11612,6315,12081
HASH_ROUTE token=224 layer=9 children=314,950,202,241 grandchildren=3148,9506,2027,2418
HASH_ROUTE token=224 layer=10 children=653,752,720,1133 grandchildren=6531,7529,7205,11337
HASH_ROUTE token=224 layer=11 children=34,152,673,74 grandchildren=348,1521,6735,744
HASH_ROUTE token=224 layer=12 children=533,510,509,541 grandchildren=5332,5109,5091,5411
HASH_ROUTE token=224 layer=13 children=139,27,774,35 grandchildren=1391,272,7744,351
HASH_ROUTE token=224 layer=14 children=835,936,871,858 grandchildren=8352,9369,8711,8588
HASH_ROUTE token=224 layer=15 children=991,1019,976,1086 grandchildren=9911,10194,9765,10862
HASH_ROUTE token=224 layer=16 children=410,389,256,92 grandchildren=4103,3899,2567,928
HASH_ROUTE token=224 layer=17 children=981,824,181,509 grandchildren=9819,8243,1815,5095
HASH_ROUTE token=224 layer=18 children=165,1128,277,962 grandchildren=1654,11283,2776,9627
HASH_ROUTE token=224 layer=19 children=660,653,719,783 grandchildren=6601,6538,7197,7832
HASH_ROUTE token=224 layer=20 children=210,278,183,206 grandchildren=2101,2788,1835,2067
HASH_ROUTE token=224 layer=21 children=553,233,577,259 grandchildren=5532,2339,5775,2594
HASH_ROUTE token=224 layer=22 children=489,969,583,1066 grandchildren=4892,9695,5835,10663
HASH_ROUTE token=224 layer=23 children=513,39,584,606 grandchildren=5132,391,5845,6068
HASH_ROUTE token=225 layer=0 children=153,50,72,65 grandchildren=1532,501,729,658
HASH_ROUTE token=225 layer=1 children=175,297,653,333 grandchildren=1751,2973,6538,3333
HASH_ROUTE token=225 layer=2 children=905,424,588,100 grandchildren=9058,4247,5884,1003
HASH_ROUTE token=225 layer=3 children=106,68,18,900 grandchildren=1068,688,186,9008
HASH_ROUTE token=225 layer=4 children=186,294,312,194 grandchildren=1862,2941,3127,1945
HASH_ROUTE token=225 layer=5 children=1210,1274,1179,1130 grandchildren=12106,12741,11793,11301
HASH_ROUTE token=225 layer=6 children=129,442,760,289 grandchildren=1299,4429,7605,2899
HASH_ROUTE token=225 layer=7 children=137,931,617,459 grandchildren=1373,9319,6172,4594
HASH_ROUTE token=225 layer=8 children=1110,953,314,1274 grandchildren=11104,9534,3141,12748
HASH_ROUTE token=225 layer=9 children=955,311,897,915 grandchildren=9553,3112,8979,9156
HASH_ROUTE token=225 layer=10 children=347,1147,180,446 grandchildren=3474,11473,1806,4464
HASH_ROUTE token=225 layer=11 children=24,1142,32,1154 grandchildren=243,11429,329,11548
HASH_ROUTE token=225 layer=12 children=374,327,478,219 grandchildren=3744,3277,4784,2191
HASH_ROUTE token=225 layer=13 children=148,786,944,463 grandchildren=1482,7863,9447,4639
HASH_ROUTE token=225 layer=14 children=693,777,537,792 grandchildren=6936,7772,5376,7927
HASH_ROUTE token=225 layer=15 children=995,831,1024,1040 grandchildren=9958,8311,10248,10404
HASH_ROUTE token=225 layer=16 children=431,365,346,1076 grandchildren=4316,3652,3468,10765
HASH_ROUTE token=225 layer=17 children=981,186,1144,349 grandchildren=9813,1864,11446,3495
HASH_ROUTE token=225 layer=18 children=382,320,454,704 grandchildren=3827,3205,4548,7047
HASH_ROUTE token=225 layer=19 children=606,446,768,120 grandchildren=6065,4468,7681,1207
HASH_ROUTE token=225 layer=20 children=764,730,642,603 grandchildren=7646,7301,6428,6031
HASH_ROUTE token=225 layer=21 children=552,1030,870,230 grandchildren=5528,10301,8709,2307
HASH_ROUTE token=225 layer=22 children=178,13,265,333 grandchildren=1787,133,2657,3332
HASH_ROUTE token=225 layer=23 children=945,879,620,811 grandchildren=9459,8799,6202,8119
HASH_ROUTE token=226 layer=0 children=755,649,779,713 grandchildren=7558,6494,7795,7137
HASH_ROUTE token=226 layer=1 children=527,689,504,663 grandchildren=5278,6892,5044,6639
HASH_ROUTE token=226 layer=2 children=352,830,36,991 grandchildren=3525,8305,367,9912
HASH_ROUTE token=226 layer=3 children=623,613,535,554 grandchildren=6232,6131,5352,5547
HASH_ROUTE token=226 layer=4 children=465,434,1260,452 grandchildren=4655,4347,12608,4521
HASH_ROUTE token=226 layer=5 children=320,809,963,168 grandchildren=3205,8091,9632,1689
HASH_ROUTE token=226 layer=6 children=461,785,620,946 grandchildren=4612,7859,6209,9461
HASH_ROUTE token=226 layer=7 children=148,99,38,621 grandchildren=1484,993,386,6211
HASH_ROUTE token=226 layer=8 children=1014,697,1100,786 grandchildren=10144,6978,11001,7867
HASH_ROUTE token=226 layer=9 children=131,55,938,156 grandchildren=1317,558,9385,1567
HASH_ROUTE token=226 layer=10 children=616,626,540,587 grandchildren=6168,6262,5407,5877
HASH_ROUTE token=226 layer=11 children=916,1077,866,753 grandchildren=9167,10779,8664,7531
HASH_ROUTE token=226 layer=12 children=359,839,1151,512 grandchildren=3597,8397,11517,5125
HASH_ROUTE token=226 layer=13 children=324,167,489,361 grandchildren=3247,1671,4893,3611
HASH_ROUTE token=226 layer=14 children=1102,1264,1096,947 grandchildren=11024,12647,10961,9475
HASH_ROUTE token=226 layer=15 children=767,127,1080,678 grandchildren=7679,1273,10806,6786
HASH_ROUTE token=226 layer=16 children=921,600,889,124 grandchildren=9218,6004,8898,1248
HASH_ROUTE token=226 layer=17 children=893,954,801,91 grandchildren=8938,9548,8017,917
HASH_ROUTE token=226 layer=18 children=740,1226,268,721 grandchildren=7406,12266,2689,7212
HASH_ROUTE token=226 layer=19 children=322,647,1121,482 grandchildren=3226,6476,11213,4825
HASH_ROUTE token=226 layer=20 children=1264,309,1223,786 grandchildren=12643,3093,12233,7861
HASH_ROUTE token=226 layer=21 children=1180,1238,700,65 grandchildren=11803,12385,7006,656
HASH_ROUTE token=226 layer=22 children=939,295,1090,772 grandchildren=9391,2955,10909,7727
HASH_ROUTE token=226 layer=23 children=109,45,71,261 grandchildren=1097,452,715,2612
HASH_ROUTE token=227 layer=0 children=645,751,776,711 grandchildren=6453,7514,7767,7115
HASH_ROUTE token=227 layer=1 children=205,521,689,40 grandchildren=2051,5212,6893,409
HASH_ROUTE token=227 layer=2 children=730,418,572,892 grandchildren=7303,4185,5726,8924
HASH_ROUTE token=227 layer=3 children=751,696,110,783 grandchildren=7516,6961,1107,7831
HASH_ROUTE token=227 layer=4 children=195,184,237,296 grandchildren=1951,1845,2375,2962
HASH_ROUTE token=227 layer=5 children=898,856,921,861 grandchildren=8989,8562,9216,8617
HASH_ROUTE token=227 layer=6 children=417,251,892,446 grandchildren=4177,2514,8929,4467
HASH_ROUTE token=227 layer=7 children=771,683,134,48 grandchildren=7711,6836,1341,487
HASH_ROUTE token=227 layer=8 children=1112,631,959,790 grandchildren=11121,6319,9591,7902
HASH_ROUTE token=227 layer=9 children=917,833,921,898 grandchildren=9174,8331,9216,8981
HASH_ROUTE token=227 layer=10 children=985,186,1045,244 grandchildren=9859,1863,10454,2443
HASH_ROUTE token=227 layer=11 children=54,1172,150,856 grandchildren=541,11726,1506,8563
HASH_ROUTE token=227 layer=12 children=403,326,422,476 grandchildren=4039,3266,4224,4767
HASH_ROUTE token=227 layer=13 children=727,786,715,756 grandchildren=7271,7866,7153,7562
HASH_ROUTE token=227 layer=14 children=265,580,1224,317 grandchildren=2653,5802,12247,3173
HASH_ROUTE token=227 layer=15 children=995,838,352,199 grandchildren=9956,8386,3526,1994
HASH_ROUTE token=227 layer=16 children=489,511,578,322 grandchildren=4897,5119,5788,3223
HASH_ROUTE token=227 layer=17 children=983,1022,1017,663 grandchildren=9834,10228,10179,6634
HASH_ROUTE token=227 layer=18 children=317,159,262,109 grandchildren=3179,1593,2625,1093
HASH_ROUTE token=227 layer=19 children=768,794,128,157 grandchildren=7687,7945,1288,1575
HASH_ROUTE token=227 layer=20 children=656,11,813,979 grandchildren=6569,119,8139,9794
HASH_ROUTE token=227 layer=21 children=34,74,831,870 grandchildren=346,742,8314,8703
HASH_ROUTE token=227 layer=22 children=286,263,212,176 grandchildren=2862,2633,2126,1769
HASH_ROUTE token=227 layer=23 children=41,78,682,527 grandchildren=414,786,6826,5278
HASH_ROUTE token=228 layer=0 children=280,444,163,209 grandchildren=2806,4448,1632,2094
HASH_ROUTE token=228 layer=1 children=297,180,171,265 grandchildren=2977,1807,1717,2656
HASH_ROUTE token=228 layer=2 children=738,98,259,1217 grandchildren=7384,989,2593,12174
HASH_ROUTE token=228 layer=3 children=21,109,51,15 grandchildren=217,1095,517,154
HASH_ROUTE token=228 layer=4 children=317,186,163,477 grandchildren=3176,1866,1637,4771
HASH_ROUTE token=228 layer=5 children=1212,1170,1138,574 grandchildren=12127,11706,11388,5745
HASH_ROUTE token=228 layer=6 children=683,1168,204,1000 grandchildren=6836,11682,2049,10003
HASH_ROUTE token=228 layer=7 children=57,695,7,137 grandchildren=578,6953,73,1372
HASH_ROUTE token=228 layer=8 children=411,471,384,365 grandchildren=4116,4712,3848,3657
HASH_ROUTE token=228 layer=9 children=252,315,209,161 grandchildren=2523,3152,2094,1617
HASH_ROUTE token=228 layer=10 children=1051,1006,982,1048 grandchildren=10516,10067,9824,10482
HASH_ROUTE token=228 layer=11 children=52,117,854,916 grandchildren=525,1179,8545,9168
HASH_ROUTE token=228 layer=12 children=727,241,560,1204 grandchildren=7271,2414,5608,12043
HASH_ROUTE token=228 layer=13 children=731,96,722,785 grandchildren=7316,968,7223,7851
HASH_ROUTE token=228 layer=14 children=565,510,586,617 grandchildren=5654,5109,5862,6179
HASH_ROUTE token=228 layer=15 children=334,323,409,380 grandchildren=3347,3236,4096,3801
HASH_ROUTE token=228 layer=16 children=201,275,251,191 grandchildren=2012,2759,2511,1911
HASH_ROUTE token=228 layer=17 children=188,246,509,562 grandchildren=1888,2468,5093,5624
HASH_ROUTE token=228 layer=18 children=100,1061,903,421 grandchildren=1001,10613,9032,4212
HASH_ROUTE token=228 layer=19 children=877,833,946,710 grandchildren=8773,8332,9469,7102
HASH_ROUTE token=228 layer=20 children=399,239,452,373 grandchildren=3997,2399,4522,3731
HASH_ROUTE token=228 layer=21 children=871,883,835,559 grandchildren=8713,8836,8359,5599
HASH_ROUTE token=228 layer=22 children=1058,251,1061,269 grandchildren=10583,2513,10614,2696
HASH_ROUTE token=228 layer=23 children=851,825,847,871 grandchildren=8513,8258,8472,8716
HASH_ROUTE token=229 layer=0 children=122,49,153,4 grandchildren=1228,491,1532,48
HASH_ROUTE token=229 layer=1 children=297,180,174,454 grandchildren=2973,1807,1749,4549
HASH_ROUTE token=229 layer=2 children=819,880,801,908 grandchildren=8194,8803,8018,9088
HASH_ROUTE token=229 layer=3 children=673,699,758,836 grandchildren=6736,6992,7583,8364
HASH_ROUTE token=229 layer=4 children=294,457,193,302 grandchildren=2947,4574,1935,3026
HASH_ROUTE token=229 layer=5 children=850,379,53,910 grandchildren=8509,3791,534,9102
HASH_ROUTE token=229 layer=6 children=304,1101,469,949 grandchildren=3043,11015,4698,9498
HASH_ROUTE token=229 layer=7 children=965,329,1043,404 grandchildren=9657,3297,10438,4046
HASH_ROUTE token=229 layer=8 children=1048,1060,1010,560 grandchildren=10489,10603,10109,5606
HASH_ROUTE token=229 layer=9 children=314,955,188,821 grandchildren=3143,9554,1883,8213
HASH_ROUTE token=229 layer=10 children=477,1272,402,1203 grandchildren=4774,12726,4028,12032
HASH_ROUTE token=229 layer=11 children=695,532,792,703 grandchildren=6954,5329,7926,7036
HASH_ROUTE token=229 layer=12 children=560,620,887,518 grandchildren=5605,6206,8877,5181
HASH_ROUTE token=229 layer=13 children=731,895,767,664 grandchildren=7314,8953,7679,6641
HASH_ROUTE token=229 layer=14 children=931,884,831,295 grandchildren=9319,8848,8313,2959
HASH_ROUTE token=229 layer=15 children=673,838,1150,514 grandchildren=6731,8382,11504,5148
HASH_ROUTE token=229 layer=16 children=318,479,278,439 grandchildren=3185,4795,2789,4394
HASH_ROUTE token=229 layer=17 children=264,184,292,220 grandchildren=2644,1845,2922,2207
HASH_ROUTE token=229 layer=18 children=991,1072,1083,1051 grandchildren=9915,10721,10832,10512
HASH_ROUTE token=229 layer=19 children=670,789,794,714 grandchildren=6705,7895,7941,7145
HASH_ROUTE token=229 layer=20 children=277,219,595,165 grandchildren=2774,2199,5953,1655
HASH_ROUTE token=229 layer=21 children=253,230,99,162 grandchildren=2532,2308,992,1624
HASH_ROUTE token=229 layer=22 children=971,1107,1094,1060 grandchildren=9711,11073,10946,10604
HASH_ROUTE token=229 layer=23 children=1241,1221,1174,1166 grandchildren=12415,12211,11745,11666
HASH_ROUTE token=230 layer=0 children=50,41,150,7 grandchildren=502,418,1507,71
HASH_ROUTE token=230 layer=1 children=297,457,171,137 grandchildren=2977,4577,1717,1372
HASH_ROUTE token=230 layer=2 children=431,448,758,1237 grandchildren=4314,4483,7585,12372
HASH_ROUTE token=230 layer=3 children=932,291,459,831 grandchildren=9328,2912,4596,8318
HASH_ROUTE token=230 layer=4 children=266,187,237,294 grandchildren=2663,1878,2373,2943
HASH_ROUTE token=230 layer=5 children=949,958,855,927 grandchildren=9496,9588,8556,9276
HASH_ROUTE token=230 layer=6 children=351,442,420,432 grandchildren=3511,4428,4206,4326
HASH_ROUTE token=230 layer=7 children=563,617,503,528 grandchildren=5638,6177,5039,5281
HASH_ROUTE token=230 layer=8 children=368,1167,400,846 grandchildren=3683,11675,4009,8467
HASH_ROUTE token=230 layer=9 children=1075,968,999,1053 grandchildren=10756,9687,9998,10532
HASH_ROUTE token=230 layer=10 children=153,66,1279,111 grandchildren=1536,669,12792,1115
HASH_ROUTE token=230 layer=11 children=157,58,1275,1171 grandchildren=1574,584,12757,11719
HASH_ROUTE token=230 layer=12 children=89,1045,246,405 grandchildren=897,10454,2469,4054
HASH_ROUTE token=230 layer=13 children=651,498,739,674 grandchildren=6512,4986,7399,6743
HASH_ROUTE token=230 layer=14 children=901,588,880,562 grandchildren=9017,5888,8804,5622
HASH_ROUTE token=230 layer=15 children=1182,1243,546,604 grandchildren=11828,12431,5462,6044
HASH_ROUTE token=230 layer=16 children=386,336,464,376 grandchildren=3864,3362,4646,3761
HASH_ROUTE token=230 layer=17 children=594,535,484,527 grandchildren=5949,5352,4849,5277
HASH_ROUTE token=230 layer=18 children=670,777,1154,720 grandchildren=6709,7773,11541,7209
HASH_ROUTE token=230 layer=19 children=783,745,944,738 grandchildren=7836,7458,9446,7384
HASH_ROUTE token=230 layer=20 children=474,313,632,1278 grandchildren=4743,3135,6323,12784
HASH_ROUTE token=230 layer=21 children=905,103,744,940 grandchildren=9051,1037,7448,9408
HASH_ROUTE token=230 layer=22 children=798,789,312,656 grandchildren=7989,7898,3126,6561
HASH_ROUTE token=230 layer=23 children=513,194,31,672 grandchildren=5131,1946,317,6729
HASH_ROUTE token=231 layer=0 children=50,41,379,150 grandchildren=505,415,3791,1501
HASH_ROUTE token=231 layer=1 children=457,297,137,440 grandchildren=4577,2972,1379,4409
HASH_ROUTE token=231 layer=2 children=416,332,737,1213 grandchildren=4167,3326,7379,12135
HASH_ROUTE token=231 layer=3 children=932,453,1090,291 grandchildren=9323,4538,10905,2911
HASH_ROUTE token=231 layer=4 children=264,297,187,234 grandchildren=2642,2976,1871,2344
HASH_ROUTE token=231 layer=5 children=475,445,378,958 grandchildren=4754,4457,3782,9585
HASH_ROUTE token=231 layer=6 children=432,442,403,275 grandchildren=4328,4426,4034,2751
HASH_ROUTE token=231 layer=7 children=135,936,777,459 grandchildren=1354,9363,7771,4597
HASH_ROUTE token=231 layer=8 children=404,562,411,365 grandchildren=4043,5625,4111,3656
HASH_ROUTE token=231 layer=9 children=934,1090,898,777 grandchildren=9346,10906,8986,7774
HASH_ROUTE token=231 layer=10 children=1187,384,869,1277 grandchildren=11879,3844,8697,12776
HASH_ROUTE token=231 layer=11 children=699,535,1013,57 grandchildren=6999,5358,10131,579
HASH_ROUTE token=231 layer=12 children=506,20,534,56 grandchildren=5066,209,5346,561
HASH_ROUTE token=231 layer=13 children=781,653,675,625 grandchildren=7815,6533,6756,6256
HASH_ROUTE token=231 layer=14 children=848,901,870,835 grandchildren=8484,9012,8705,8353
HASH_ROUTE token=231 layer=15 children=1205,1181,1128,1243 grandchildren=12053,11814,11289,12434
HASH_ROUTE token=231 layer=16 children=417,339,379,369 grandchildren=4174,3391,3795,3693
HASH_ROUTE token=231 layer=17 children=509,983,594,574 grandchildren=5096,9833,5948,5749
HASH_ROUTE token=231 layer=18 children=1236,1077,756,1128 grandchildren=12368,10773,7564,11285
HASH_ROUTE token=231 layer=19 children=783,764,654,1108 grandchildren=7838,7644,6545,11082
HASH_ROUTE token=231 layer=20 children=315,955,633,474 grandchildren=3156,9559,6338,4745
HASH_ROUTE token=231 layer=21 children=942,140,920,125 grandchildren=9427,1406,9207,1259
HASH_ROUTE token=231 layer=22 children=585,563,499,634 grandchildren=5857,5632,4996,6345
HASH_ROUTE token=231 layer=23 children=518,194,534,585 grandchildren=5186,1949,5343,5853
HASH_ROUTE token=232 layer=0 children=117,41,157,914 grandchildren=1177,414,1575,9144
HASH_ROUTE token=232 layer=1 children=246,297,273,265 grandchildren=2462,2974,2737,2658
HASH_ROUTE token=232 layer=2 children=740,1061,730,1055 grandchildren=7401,10612,7302,10556
HASH_ROUTE token=232 layer=3 children=932,135,1250,892 grandchildren=9324,1356,12503,8923
HASH_ROUTE token=232 layer=4 children=251,295,186,266 grandchildren=2518,2954,1861,2663
HASH_ROUTE token=232 layer=5 children=948,959,808,927 grandchildren=9484,9597,8088,9271
HASH_ROUTE token=232 layer=6 children=418,358,255,195 grandchildren=4181,3583,2554,1951
HASH_ROUTE token=232 layer=7 children=49,23,208,187 grandchildren=492,236,2083,1874
HASH_ROUTE token=232 layer=8 children=948,1268,464,306 grandchildren=9483,12681,4647,3062
HASH_ROUTE token=232 layer=9 children=868,897,921,955 grandchildren=8689,8974,9212,9552
HASH_ROUTE token=232 layer=10 children=708,786,227,300 grandchildren=7088,7864,2272,3006
HASH_ROUTE token=232 layer=11 children=1159,1134,1272,1182 grandchildren=11598,11347,12721,11828
HASH_ROUTE token=232 layer=12 children=526,206,481,162 grandchildren=5267,2067,4817,1621
HASH_ROUTE token=232 layer=13 children=998,673,971,1058 grandchildren=9988,6731,9713,10581
HASH_ROUTE token=232 layer=14 children=934,929,858,458 grandchildren=9344,9291,8588,4581
HASH_ROUTE token=232 layer=15 children=444,604,768,1246 grandchildren=4444,6048,7689,12463
HASH_ROUTE token=232 layer=16 children=360,419,206,256 grandchildren=3603,4196,2069,2564
HASH_ROUTE token=232 layer=17 children=587,1066,533,261 grandchildren=5877,10667,5334,2613
HASH_ROUTE token=232 layer=18 children=1236,1278,1155,1265 grandchildren=12361,12789,11553,12654
HASH_ROUTE token=232 layer=19 children=460,303,1263,393 grandchildren=4607,3039,12638,3931
HASH_ROUTE token=232 layer=20 children=313,271,632,593 grandchildren=3136,2717,6324,5938
HASH_ROUTE token=232 layer=21 children=49,13,1161,103 grandchildren=494,133,11613,1039
HASH_ROUTE token=232 layer=22 children=631,1270,795,1110 grandchildren=6319,12708,7958,11103
HASH_ROUTE token=232 layer=23 children=193,511,38,838 grandchildren=1934,5114,388,8387
HASH_ROUTE token=233 layer=0 children=41,117,844,153 grandchildren=415,1176,8449,1537
HASH_ROUTE token=233 layer=1 children=246,267,80,885 grandchildren=2461,2675,809,8853
HASH_ROUTE token=233 layer=2 children=1061,1072,1055,1037 grandchildren=10613,10727,10556,10378
HASH_ROUTE token=233 layer=3 children=932,917,1096,291 grandchildren=9322,9179,10962,2917
HASH_ROUTE token=233 layer=4 children=252,266,295,173 grandchildren=2522,2663,2952,1734
HASH_ROUTE token=233 layer=5 children=913,809,754,643 grandchildren=9135,8092,7545,6434
HASH_ROUTE token=233 layer=6 children=358,997,199,448 grandchildren=3587,9973,1998,4487
HASH_ROUTE token=233 layer=7 children=989,347,1004,366 grandchildren=9897,3476,10042,3668
HASH_ROUTE token=233 layer=8 children=389,465,862,944 grandchildren=3894,4655,8623,9446
HASH_ROUTE token=233 layer=9 children=930,1256,893,868 grandchildren=9309,12561,8931,8682
HASH_ROUTE token=233 layer=10 children=230,265,227,179 grandchildren=2303,2655,2277,1791
HASH_ROUTE token=233 layer=11 children=1135,15,1272,157 grandchildren=11356,151,12723,1572
HASH_ROUTE token=233 layer=12 children=54,213,27,185 grandchildren=549,2132,274,1859
HASH_ROUTE token=233 layer=13 children=971,1094,11,1059 grandchildren=9713,10945,114,10598
HASH_ROUTE token=233 layer=14 children=745,721,651,692 grandchildren=7458,7214,6515,6925
HASH_ROUTE token=233 layer=15 children=444,920,472,439 grandchildren=4443,9204,4721,4391
HASH_ROUTE token=233 layer=16 children=417,360,384,406 grandchildren=4172,3608,3843,4068
HASH_ROUTE token=233 layer=17 children=901,261,1064,848 grandchildren=9016,2615,10642,8483
HASH_ROUTE token=233 layer=18 children=1231,910,1265,947 grandchildren=12312,9102,12658,9478
HASH_ROUTE token=233 layer=19 children=358,197,387,464 grandchildren=3581,1979,3871,4643
HASH_ROUTE token=233 layer=20 children=190,311,513,632 grandchildren=1902,3112,5137,6321
HASH_ROUTE token=233 layer=21 children=138,42,103,13 grandchildren=1382,422,1032,131
HASH_ROUTE token=233 layer=22 children=1273,631,1110,155 grandchildren=12735,6315,11103,1555
HASH_ROUTE token=233 layer=23 children=518,624,193,591 grandchildren=5185,6247,1938,5914
HASH_ROUTE token=234 layer=0 children=850,844,923,52 grandchildren=8503,8445,9237,523
HASH_ROUTE token=234 layer=1 children=340,189,457,297 grandchildren=3408,1899,4578,2972
HASH_ROUTE token=234 layer=2 children=689,1000,523,733 grandchildren=6897,10001,5238,7331
HASH_ROUTE token=234 layer=3 children=1099,932,1061,978 grandchildren=10998,9329,10618,9783
HASH_ROUTE token=234 layer=4 children=169,7,246,804 grandchildren=1691,73,2464,8042
HASH_ROUTE token=234 layer=5 children=865,929,884,802 grandchildren=8651,9295,8845,8029
HASH_ROUTE token=234 layer=6 children=1117,999,983,1098 grandchildren=11179,9999,9837,10983
HASH_ROUTE token=234 layer=7 children=97,26,251,184 grandchildren=973,261,2515,1842
HASH_ROUTE token=234 layer=8 children=279,306,754,1235 grandchildren=2797,3065,7549,12351
HASH_ROUTE token=234 layer=9 children=947,953,805,876 grandchildren=9471,9534,8059,8768
HASH_ROUTE token=234 layer=10 children=584,741,267,426 grandchildren=5841,7414,2678,4262
HASH_ROUTE token=234 layer=11 children=1015,56,1052,994 grandchildren=10156,562,10528,9941
HASH_ROUTE token=234 layer=12 children=218,206,191,230 grandchildren=2188,2062,1919,2301
HASH_ROUTE token=234 layer=13 children=1037,1058,712,735 grandchildren=10371,10582,7124,7357
HASH_ROUTE token=234 layer=14 children=168,235,316,969 grandchildren=1683,2357,3163,9696
HASH_ROUTE token=234 layer=15 children=281,609,766,173 grandchildren=2817,6095,7665,1737
HASH_ROUTE token=234 layer=16 children=286,182,250,211 grandchildren=2863,1828,2505,2116
HASH_ROUTE token=234 layer=17 children=504,608,824,584 grandchildren=5043,6084,8241,5841
HASH_ROUTE token=234 layer=18 children=277,1075,296,1091 grandchildren=2777,10754,2962,10914
HASH_ROUTE token=234 layer=19 children=654,679,794,171 grandchildren=6549,6792,7941,1717
HASH_ROUTE token=234 layer=20 children=215,538,227,234 grandchildren=2157,5389,2278,2341
HASH_ROUTE token=234 layer=21 children=814,884,849,826 grandchildren=8143,8846,8491,8263
HASH_ROUTE token=234 layer=22 children=491,337,14,1136 grandchildren=4919,3372,148,11367
HASH_ROUTE token=234 layer=23 children=46,845,34,50 grandchildren=464,8457,349,509
HASH_ROUTE token=235 layer=0 children=153,50,72,65 grandchildren=1532,505,723,658
HASH_ROUTE token=235 layer=1 children=175,297,653,333 grandchildren=1757,2972,6534,3334
HASH_ROUTE token=235 layer=2 children=905,1060,424,747 grandchildren=9053,10605,4244,7478
HASH_ROUTE token=235 layer=3 children=106,68,18,900 grandchildren=1065,684,184,9008
HASH_ROUTE token=235 layer=4 children=186,294,312,194 grandchildren=1868,2946,3128,1944
HASH_ROUTE token=235 layer=5 children=1272,1210,1179,1166 grandchildren=12722,12105,11798,11666
HASH_ROUTE token=235 layer=6 children=129,448,760,289 grandchildren=1291,4485,7603,2898
HASH_ROUTE token=235 layer=7 children=137,934,617,459 grandchildren=1371,9347,6171,4591
HASH_ROUTE token=235 layer=8 children=1110,953,314,1274 grandchildren=11105,9531,3145,12744
HASH_ROUTE token=235 layer=9 children=955,314,897,917 grandchildren=9551,3147,8972,9176
HASH_ROUTE token=235 layer=10 children=347,1147,180,446 grandchildren=3471,11474,1801,4465
HASH_ROUTE token=235 layer=11 children=24,1142,32,1154 grandchildren=245,11425,323,11543
HASH_ROUTE token=235 layer=12 children=374,327,478,219 grandchildren=3742,3274,4785,2195
HASH_ROUTE token=235 layer=13 children=145,786,943,463 grandchildren=1459,7861,9437,4634
HASH_ROUTE token=235 layer=14 children=693,777,537,616 grandchildren=6938,7778,5376,6169
HASH_ROUTE token=235 layer=15 children=995,1024,831,1040 grandchildren=9957,10247,8315,10407
HASH_ROUTE token=235 layer=16 children=437,365,346,1076 grandchildren=4373,3659,3461,10765
HASH_ROUTE token=235 layer=17 children=981,188,1144,509 grandchildren=9812,1889,11442,5091
HASH_ROUTE token=235 layer=18 children=382,320,364,456 grandchildren=3828,3209,3644,4562
HASH_ROUTE token=235 layer=19 children=606,446,120,523 grandchildren=6062,4461,1205,5231
HASH_ROUTE token=235 layer=20 children=766,648,929,779 grandchildren=7661,6489,9299,7791
HASH_ROUTE token=235 layer=21 children=1030,552,233,870 grandchildren=10304,5526,2332,8704
HASH_ROUTE token=235 layer=22 children=178,265,13,102 grandchildren=1783,2654,137,1024
HASH_ROUTE token=235 layer=23 children=945,1109,624,1265 grandchildren=9458,11097,6241,12656
HASH_ROUTE token=236 layer=0 children=755,649,779,713 grandchildren=7551,6493,7795,7135
HASH_ROUTE token=236 layer=1 children=527,689,504,663 grandchildren=5275,6896,5041,6632
HASH_ROUTE token=236 layer=2 children=352,830,36,991 grandchildren=3528,8303,365,9916
HASH_ROUTE token=236 layer=3 children=623,613,535,554 grandchildren=6231,6138,5351,5544
HASH_ROUTE token=236 layer=4 children=465,434,1260,452 grandchildren=4653,4342,12604,4527
HASH_ROUTE token=236 layer=5 children=320,809,963,168 grandchildren=3203,8099,9631,1688
HASH_ROUTE token=236 layer=6 children=461,785,620,946 grandchildren=4619,7856,6207,9464
HASH_ROUTE token=236 layer=7 children=148,99,38,621 grandchildren=1483,993,381,6214
HASH_ROUTE token=236 layer=8 children=1014,697,1100,786 grandchildren=10146,6971,11008,7864
HASH_ROUTE token=236 layer=9 children=131,55,938,156 grandchildren=1311,553,9382,1561
HASH_ROUTE token=236 layer=10 children=616,626,540,587 grandchildren=6165,6262,5405,5871
HASH_ROUTE token=236 layer=11 children=916,1077,866,753 grandchildren=9161,10778,8669,7539
HASH_ROUTE token=236 layer=12 children=359,839,1151,512 grandchildren=3597,8396,11513,5126
HASH_ROUTE token=236 layer=13 children=324,167,489,361 grandchildren=3244,1675,4893,3617
HASH_ROUTE token=236 layer=14 children=1102,1264,1096,947 grandchildren=11021,12648,10963,9473
HASH_ROUTE token=236 layer=15 children=767,127,1080,678 grandchildren=7671,1277,10806,6789
HASH_ROUTE token=236 layer=16 children=921,600,889,124 grandchildren=9217,6003,8894,1247
HASH_ROUTE token=236 layer=17 children=893,954,801,91 grandchildren=8935,9543,8016,915
HASH_ROUTE token=236 layer=18 children=740,1226,268,721 grandchildren=7402,12269,2681,7218
HASH_ROUTE token=236 layer=19 children=322,647,1121,482 grandchildren=3226,6478,11219,4828
HASH_ROUTE token=236 layer=20 children=1264,309,1223,786 grandchildren=12646,3092,12235,7864
HASH_ROUTE token=236 layer=21 children=1180,1238,700,65 grandchildren=11807,12381,7008,654
HASH_ROUTE token=236 layer=22 children=939,295,1090,772 grandchildren=9398,2953,10904,7724
HASH_ROUTE token=236 layer=23 children=109,45,71,261 grandchildren=1095,454,718,2618
HASH_ROUTE token=237 layer=0 children=125,153,41,449 grandchildren=1256,1538,414,4491
HASH_ROUTE token=237 layer=1 children=189,171,297,261 grandchildren=1894,1711,2971,2617
HASH_ROUTE token=237 layer=2 children=818,945,822,863 grandchildren=8182,9455,8225,8636
HASH_ROUTE token=237 layer=3 children=106,4,26,741 grandchildren=1062,41,266,7412
HASH_ROUTE token=237 layer=4 children=299,167,180,213 grandchildren=2993,1672,1806,2136
HASH_ROUTE token=237 layer=5 children=897,1210,252,576 grandchildren=8978,12105,2522,5763
HASH_ROUTE token=237 layer=6 children=1160,682,200,1209 grandchildren=11604,6829,2004,12097
HASH_ROUTE token=237 layer=7 children=948,937,622,825 grandchildren=9489,9376,6225,8251
HASH_ROUTE token=237 layer=8 children=953,942,882,1276 grandchildren=9536,9424,8824,12769
HASH_ROUTE token=237 layer=9 children=257,314,1217,897 grandchildren=2571,3146,12173,8975
HASH_ROUTE token=237 layer=10 children=724,750,641,666 grandchildren=7244,7504,6417,6666
HASH_ROUTE token=237 layer=11 children=56,134,78,67 grandchildren=562,1344,789,674
HASH_ROUTE token=237 layer=12 children=634,955,504,820 grandchildren=6348,9554,5043,8202
HASH_ROUTE token=237 layer=13 children=760,731,127,91 grandchildren=7607,7316,1272,913
HASH_ROUTE token=237 layer=14 children=631,314,525,200 grandchildren=6317,3146,5255,2003
HASH_ROUTE token=237 layer=15 children=380,345,439,371 grandchildren=3802,3459,4394,3714
HASH_ROUTE token=237 layer=16 children=419,328,437,474 grandchildren=4192,3287,4376,4742
HASH_ROUTE token=237 layer=17 children=184,343,190,223 grandchildren=1848,3437,1909,2233
HASH_ROUTE token=237 layer=18 children=308,210,261,196 grandchildren=3081,2101,2618,1964
HASH_ROUTE token=237 layer=19 children=744,266,900,705 grandchildren=7443,2666,9005,7051
HASH_ROUTE token=237 layer=20 children=1163,201,529,1002 grandchildren=11633,2019,5297,10028
HASH_ROUTE token=237 layer=21 children=126,38,18,6 grandchildren=1266,385,188,62
HASH_ROUTE token=237 layer=22 children=281,929,178,1247 grandchildren=2817,9296,1783,12472
HASH_ROUTE token=237 layer=23 children=235,717,289,71 grandchildren=2357,7177,2899,715
HASH_ROUTE token=238 layer=0 children=55,695,123,375 grandchildren=559,6956,1233,3756
HASH_ROUTE token=238 layer=1 children=297,180,200,777 grandchildren=2972,1801,2001,7776
HASH_ROUTE token=238 layer=2 children=109,35,25,423 grandchildren=1099,359,252,4232
HASH_ROUTE token=238 layer=3 children=788,746,759,695 grandchildren=7888,7466,7591,6951
HASH_ROUTE token=238 layer=4 children=296,186,313,160 grandchildren=2963,1862,3135,1605
HASH_ROUTE token=238 layer=5 children=43,56,841,851 grandchildren=432,562,8418,8514
HASH_ROUTE token=238 layer=6 children=765,288,779,681 grandchildren=7657,2883,7792,6818
HASH_ROUTE token=238 layer=7 children=996,834,356,671 grandchildren=9966,8348,3563,6713
HASH_ROUTE token=238 layer=8 children=941,1109,930,1269 grandchildren=9412,11095,9309,12697
HASH_ROUTE token=238 layer=9 children=1183,1174,1131,1211 grandchildren=11839,11742,11311,12116
HASH_ROUTE token=238 layer=10 children=720,798,640,1207 grandchildren=7202,7987,6404,12075
HASH_ROUTE token=238 layer=11 children=353,386,437,376 grandchildren=3531,3868,4372,3765
HASH_ROUTE token=238 layer=12 children=1038,1003,982,979 grandchildren=10386,10037,9829,9794
HASH_ROUTE token=238 layer=13 children=731,1215,899,572 grandchildren=7314,12159,8998,5729
HASH_ROUTE token=238 layer=14 children=178,13,261,242 grandchildren=1781,132,2618,2423
HASH_ROUTE token=238 layer=15 children=1188,1150,1254,706 grandchildren=11885,11501,12547,7066
HASH_ROUTE token=238 layer=16 children=390,470,557,428 grandchildren=3906,4707,5572,4286
HASH_ROUTE token=238 layer=17 children=1017,695,986,532 grandchildren=10179,6959,9861,5329
HASH_ROUTE token=238 layer=18 children=1051,253,1076,1005 grandchildren=10511,2537,10762,10053
HASH_ROUTE token=238 layer=19 children=670,355,650,710 grandchildren=6703,3558,6505,7106
HASH_ROUTE token=238 layer=20 children=457,139,771,932 grandchildren=4574,1397,7711,9326
HASH_ROUTE token=238 layer=21 children=400,395,83,70 grandchildren=4009,3954,831,704
HASH_ROUTE token=238 layer=22 children=504,614,624,539 grandchildren=5041,6143,6249,5395
HASH_ROUTE token=238 layer=23 children=239,72,870,273 grandchildren=2396,728,8701,2738
HASH_ROUTE token=239 layer=0 children=371,1174,327,214 grandchildren=3712,11748,3279,2145
HASH_ROUTE token=239 layer=1 children=925,280,760,907 grandchildren=9258,2807,7606,9079
HASH_ROUTE token=239 layer=2 children=424,332,1225,386 grandchildren=4249,3322,12252,3866
HASH_ROUTE token=239 layer=3 children=863,63,939,824 grandchildren=8636,639,9396,8248
HASH_ROUTE token=239 layer=4 children=228,187,191,292 grandchildren=2288,1874,1912,2921
HASH_ROUTE token=239 layer=5 children=856,915,698,376 grandchildren=8564,9154,6988,3764
HASH_ROUTE token=239 layer=6 children=448,283,414,469 grandchildren=4484,2838,4148,4694
HASH_ROUTE token=239 layer=7 children=777,721,795,455 grandchildren=7771,7212,7953,4551
HASH_ROUTE token=239 layer=8 children=1015,1046,1094,852 grandchildren=10154,10461,10942,8523
HASH_ROUTE token=239 layer=9 children=296,610,934,312 grandchildren=2962,6103,9344,3127
HASH_ROUTE token=239 layer=10 children=368,1167,404,685 grandchildren=3684,11672,4049,6856
HASH_ROUTE token=239 layer=11 children=833,357,34,853 grandchildren=8331,3575,345,8537
HASH_ROUTE token=239 layer=12 children=181,310,1147,283 grandchildren=1819,3102,11471,2836
HASH_ROUTE token=239 layer=13 children=624,562,943,788 grandchildren=6245,5628,9435,7881
HASH_ROUTE token=239 layer=14 children=588,261,1226,901 grandchildren=5887,2616,12261,9018
HASH_ROUTE token=239 layer=15 children=993,831,671,518 grandchildren=9932,8316,6714,5188
HASH_ROUTE token=239 layer=16 children=206,365,522,272 grandchildren=2061,3654,5228,2725
HASH_ROUTE token=239 layer=17 children=507,186,545,983 grandchildren=5076,1869,5456,9834
HASH_ROUTE token=239 layer=18 children=647,165,770,1128 grandchildren=6474,1656,7706,11289
HASH_ROUTE token=239 layer=19 children=789,768,742,709 grandchildren=7899,7683,7426,7093
HASH_ROUTE token=239 layer=20 children=311,283,219,169 grandchildren=3119,2836,2192,1697
HASH_ROUTE token=239 layer=21 children=838,878,888,517 grandchildren=8382,8789,8881,5171
HASH_ROUTE token=239 layer=22 children=331,179,971,492 grandchildren=3311,1791,9719,4922
HASH_ROUTE token=239 layer=23 children=582,508,621,634 grandchildren=5822,5084,6213,6346
HASH_ROUTE token=240 layer=0 children=805,955,932,877 grandchildren=8051,9558,9328,8777
HASH_ROUTE token=240 layer=1 children=900,261,847,203 grandchildren=9008,2619,8471,2031
HASH_ROUTE token=240 layer=2 children=918,112,808,0 grandchildren=9185,1123,8086,3
HASH_ROUTE token=240 layer=3 children=54,7,106,857 grandchildren=541,78,1065,8574
HASH_ROUTE token=240 layer=4 children=185,162,171,193 grandchildren=1857,1626,1718,1934
HASH_ROUTE token=240 layer=5 children=1140,1220,1212,1234 grandchildren=11408,12202,12121,12348
HASH_ROUTE token=240 layer=6 children=1071,1059,1092,759 grandchildren=10719,10596,10926,7599
HASH_ROUTE token=240 layer=7 children=1256,294,613,1189 grandchildren=12564,2944,6139,11894
HASH_ROUTE token=240 layer=8 children=1169,520,1197,684 grandchildren=11691,5204,11977,6842
HASH_ROUTE token=240 layer=9 children=389,430,222,1182 grandchildren=3897,4301,2228,11823
HASH_ROUTE token=240 layer=10 children=720,798,675,409 grandchildren=7203,7983,6757,4099
HASH_ROUTE token=240 layer=11 children=672,511,752,799 grandchildren=6728,5117,7521,7995
HASH_ROUTE token=240 layer=12 children=1062,1049,981,1226 grandchildren=10629,10494,9819,12268
HASH_ROUTE token=240 layer=13 children=763,1248,799,1276 grandchildren=7639,12488,7995,12762
HASH_ROUTE token=240 layer=14 children=392,321,713,876 grandchildren=3926,3211,7139,8766
HASH_ROUTE token=240 layer=15 children=1243,1150,1186,605 grandchildren=12435,11509,11864,6051
HASH_ROUTE token=240 layer=16 children=221,203,253,213 grandchildren=2217,2038,2535,2132
HASH_ROUTE token=240 layer=17 children=507,484,987,624 grandchildren=5071,4842,9874,6241
HASH_ROUTE token=240 layer=18 children=951,928,1110,940 grandchildren=9514,9289,11102,9409
HASH_ROUTE token=240 layer=19 children=755,765,749,783 grandchildren=7557,7656,7496,7838
HASH_ROUTE token=240 layer=20 children=249,224,1045,160 grandchildren=2499,2242,10456,1605
HASH_ROUTE token=240 layer=21 children=718,75,551,878 grandchildren=7185,754,5519,8784
HASH_ROUTE token=240 layer=22 children=319,1116,179,631 grandchildren=3197,11169,1791,6319
HASH_ROUTE token=240 layer=23 children=245,88,1043,261 grandchildren=2459,883,10431,2619
HASH_ROUTE token=241 layer=0 children=327,375,471,801 grandchildren=3275,3755,4713,8012
HASH_ROUTE token=241 layer=1 children=183,297,209,267 grandchildren=1835,2971,2098,2673
HASH_ROUTE token=241 layer=2 children=424,1061,901,368 grandchildren=4241,10617,9011,3682
HASH_ROUTE token=241 layer=3 children=838,953,199,319 grandchildren=8389,9538,1994,3199
HASH_ROUTE token=241 layer=4 children=296,264,135,105 grandchildren=2961,2642,1354,1059
HASH_ROUTE token=241 layer=5 children=433,462,388,1076 grandchildren=4338,4624,3886,10764
HASH_ROUTE token=241 layer=6 children=448,411,399,120 grandchildren=4485,4118,3994,1204
HASH_ROUTE token=241 layer=7 children=294,1096,937,269 grandchildren=2945,10961,9376,2692
HASH_ROUTE token=241 layer=8 children=573,565,522,546 grandchildren=5738,5659,5227,5465
HASH_ROUTE token=241 layer=9 children=897,924,931,850 grandchildren=8979,9245,9314,8504
HASH_ROUTE token=241 layer=10 children=1279,472,1163,952 grandchildren=12797,4722,11634,9521
HASH_ROUTE token=241 layer=11 children=1014,376,854,996 grandchildren=10149,3769,8543,9966
HASH_ROUTE token=241 layer=12 children=1049,981,1074,1088 grandchildren=10499,9811,10743,10885
HASH_ROUTE token=241 layer=13 children=626,148,606,307 grandchildren=6269,1486,6068,3075
HASH_ROUTE token=241 layer=14 children=588,901,510,562 grandchildren=5888,9017,5107,5627
HASH_ROUTE token=241 layer=15 children=548,525,483,530 grandchildren=5482,5251,4838,5307
HASH_ROUTE token=241 layer=16 children=201,365,1004,294 grandchildren=2019,3654,10044,2942
HASH_ROUTE token=241 layer=17 children=547,486,501,490 grandchildren=5473,4868,5012,4907
HASH_ROUTE token=241 layer=18 children=1257,1128,295,1238 grandchildren=12579,11289,2954,12389
HASH_ROUTE token=241 layer=19 children=749,760,900,424 grandchildren=7496,7603,9006,4245
HASH_ROUTE token=241 layer=20 children=271,919,219,854 grandchildren=2716,9193,2194,8543
HASH_ROUTE token=241 layer=21 children=1039,1063,552,583 grandchildren=10399,10637,5524,5834
HASH_ROUTE token=241 layer=22 children=179,337,972,499 grandchildren=1799,3371,9726,4996
HASH_ROUTE token=241 layer=23 children=513,199,535,626 grandchildren=5134,1991,5354,6264
HASH_ROUTE token=242 layer=0 children=371,327,1174,214 grandchildren=3715,3275,11741,2144
HASH_ROUTE token=242 layer=1 children=666,821,697,851 grandchildren=6663,8211,6973,8518
HASH_ROUTE token=242 layer=2 children=978,1134,495,332 grandchildren=9782,11341,4958,3321
HASH_ROUTE token=242 layer=3 children=854,1178,830,1154 grandchildren=8541,11787,8302,11545
HASH_ROUTE token=242 layer=4 children=195,297,234,286 grandchildren=1955,2976,2347,2865
HASH_ROUTE token=242 layer=5 children=850,378,1174,842 grandchildren=8501,3788,11741,8427
HASH_ROUTE token=242 layer=6 children=440,124,289,761 grandchildren=4409,1242,2899,7613
HASH_ROUTE token=242 layer=7 children=777,661,721,795 grandchildren=7779,6613,7216,7954
HASH_ROUTE token=242 layer=8 children=405,881,87,565 grandchildren=4051,8818,877,5655
HASH_ROUTE token=242 layer=9 children=1254,772,296,1216 grandchildren=12547,7725,2967,12165
HASH_ROUTE token=242 layer=10 children=1141,1274,340,507 grandchildren=11416,12741,3404,5076
HASH_ROUTE token=242 layer=11 children=835,891,32,996 grandchildren=8358,8916,325,9969
HASH_ROUTE token=242 layer=12 children=508,189,22,980 grandchildren=5083,1893,224,9805
HASH_ROUTE token=242 layer=13 children=566,728,551,626 grandchildren=5665,7281,5515,6261
HASH_ROUTE token=242 layer=14 children=588,1225,1068,901 grandchildren=5885,12257,10685,9011
HASH_ROUTE token=242 layer=15 children=993,519,831,354 grandchildren=9934,5193,8318,3546
HASH_ROUTE token=242 layer=16 children=345,439,337,188 grandchildren=3455,4394,3375,1883
HASH_ROUTE token=242 layer=17 children=504,186,983,486 grandchildren=5048,1869,9832,4865
HASH_ROUTE token=242 layer=18 children=679,516,647,481 grandchildren=6793,5164,6472,4816
HASH_ROUTE token=242 layer=19 children=768,747,789,654 grandchildren=7688,7478,7899,6542
HASH_ROUTE token=242 layer=20 children=311,633,795,955 grandchildren=3111,6334,7955,9553
HASH_ROUTE token=242 layer=21 children=874,232,830,559 grandchildren=8747,2325,8301,5593
HASH_ROUTE token=242 layer=22 children=179,334,301,469 grandchildren=1792,3342,3012,4697
HASH_ROUTE token=242 layer=23 children=584,626,508,1069 grandchildren=5843,6264,5084,10692
HASH_ROUTE token=243 layer=0 children=327,801,379,856 grandchildren=3279,8016,3792,8561
HASH_ROUTE token=243 layer=1 children=184,342,668,821 grandchildren=1841,3428,6682,8217
HASH_ROUTE token=243 layer=2 children=970,819,332,12 grandchildren=9708,8195,3329,123
HASH_ROUTE token=243 layer=3 children=828,857,187,838 grandchildren=8288,8577,1877,8381
HASH_ROUTE token=243 layer=4 children=295,266,190,133 grandchildren=2959,2667,1909,1336
HASH_ROUTE token=243 layer=5 children=362,378,433,384 grandchildren=3622,3788,4334,3844
HASH_ROUTE token=243 layer=6 children=448,289,411,399 grandchildren=4487,2899,4111,3996
HASH_ROUTE token=243 layer=7 children=617,137,528,49 grandchildren=6175,1377,5287,494
HASH_ROUTE token=243 layer=8 children=573,565,627,546 grandchildren=5733,5659,6277,5461
HASH_ROUTE token=243 layer=9 children=604,614,923,125 grandchildren=6049,6149,9238,1255
HASH_ROUTE token=243 layer=10 children=477,959,1272,383 grandchildren=4772,9595,12728,3838
HASH_ROUTE token=243 layer=11 children=1203,1171,1141,1219 grandchildren=12037,11719,11412,12197
HASH_ROUTE token=243 layer=12 children=982,1062,1078,184 grandchildren=9824,10623,10782,1845
HASH_ROUTE token=243 layer=13 children=606,124,517,38 grandchildren=6063,1249,5176,387
HASH_ROUTE token=243 layer=14 children=836,510,352,994 grandchildren=8368,5102,3527,9949
HASH_ROUTE token=243 layer=15 children=1017,1078,536,1029 grandchildren=10179,10788,5366,10294
HASH_ROUTE token=243 layer=16 children=365,438,466,201 grandchildren=3652,4387,4664,2013
HASH_ROUTE token=243 layer=17 children=980,962,507,486 grandchildren=9809,9623,5074,4862
HASH_ROUTE token=243 layer=18 children=1177,536,1255,853 grandchildren=11778,5367,12552,8533
HASH_ROUTE token=243 layer=19 children=783,709,742,941 grandchildren=7832,7099,7424,9411
HASH_ROUTE token=243 layer=20 children=271,919,317,218 grandchildren=2715,9195,3178,2185
HASH_ROUTE token=243 layer=21 children=1030,550,874,718 grandchildren=10306,5501,8746,7183
HASH_ROUTE token=243 layer=22 children=179,337,499,312 grandchildren=1793,3372,4995,3122
HASH_ROUTE token=243 layer=23 children=513,199,584,31 grandchildren=5131,1995,5846,317
HASH_ROUTE token=244 layer=0 children=150,479,50,955 grandchildren=1507,4792,507,9554
HASH_ROUTE token=244 layer=1 children=342,446,665,21 grandchildren=3421,4469,6653,216
HASH_ROUTE token=244 layer=2 children=125,444,1241,147 grandchildren=1252,4441,12412,1474
HASH_ROUTE token=244 layer=3 children=931,1095,778,1250 grandchildren=9311,10958,7786,12505
HASH_ROUTE token=244 layer=4 children=186,296,243,668 grandchildren=1868,2966,2436,6685
HASH_ROUTE token=244 layer=5 children=842,528,902,582 grandchildren=8426,5288,9025,5823
HASH_ROUTE token=244 layer=6 children=283,765,442,292 grandchildren=2831,7658,4425,2929
HASH_ROUTE token=244 layer=7 children=587,562,428,404 grandchildren=5875,5627,4281,4046
HASH_ROUTE token=244 layer=8 children=846,1161,522,910 grandchildren=8461,11616,5229,9108
HASH_ROUTE token=244 layer=9 children=804,642,868,967 grandchildren=8041,6425,8684,9679
HASH_ROUTE token=244 layer=10 children=747,101,727,707 grandchildren=7479,1016,7276,7075
HASH_ROUTE token=244 layer=11 children=1154,1136,34,1210 grandchildren=11548,11365,349,12103
HASH_ROUTE token=244 layer=12 children=527,487,585,590 grandchildren=5271,4878,5859,5909
HASH_ROUTE token=244 layer=13 children=1206,724,1186,1168 grandchildren=12064,7243,11868,11683
HASH_ROUTE token=244 layer=14 children=819,937,978,918 grandchildren=8199,9371,9783,9185
HASH_ROUTE token=244 layer=15 children=518,990,535,547 grandchildren=5187,9906,5359,5477
HASH_ROUTE token=244 layer=16 children=385,391,1020,1035 grandchildren=3856,3919,10206,10353
HASH_ROUTE token=244 layer=17 children=507,343,542,564 grandchildren=5072,3438,5424,5646
HASH_ROUTE token=244 layer=18 children=1077,1067,910,903 grandchildren=10774,10674,9107,9039
HASH_ROUTE token=244 layer=19 children=789,742,301,944 grandchildren=7891,7428,3012,9443
HASH_ROUTE token=244 layer=20 children=298,194,612,174 grandchildren=2982,1949,6123,1745
HASH_ROUTE token=244 layer=21 children=1267,144,1198,76 grandchildren=12679,1442,11987,761
HASH_ROUTE token=244 layer=22 children=689,526,1005,660 grandchildren=6895,5261,10055,6603
HASH_ROUTE token=244 layer=23 children=1151,191,514,33 grandchildren=11518,1914,5149,336
HASH_ROUTE token=245 layer=0 children=153,50,72,65 grandchildren=1531,507,724,651
HASH_ROUTE token=245 layer=1 children=177,297,653,333 grandchildren=1771,2971,6531,3331
HASH_ROUTE token=245 layer=2 children=905,427,100,1060 grandchildren=9054,4271,1008,10609
HASH_ROUTE token=245 layer=3 children=106,68,18,900 grandchildren=1066,687,184,9009
HASH_ROUTE token=245 layer=4 children=186,294,312,194 grandchildren=1862,2943,3124,1941
HASH_ROUTE token=245 layer=5 children=1274,1179,1210,1130 grandchildren=12749,11792,12106,11301
HASH_ROUTE token=245 layer=6 children=129,442,288,760 grandchildren=1295,4422,2888,7605
HASH_ROUTE token=245 layer=7 children=931,137,617,459 grandchildren=9316,1372,6172,4596
HASH_ROUTE token=245 layer=8 children=1110,953,319,1043 grandchildren=11109,9533,3198,10436
HASH_ROUTE token=245 layer=9 children=955,311,897,913 grandchildren=9556,3118,8979,9133
HASH_ROUTE token=245 layer=10 children=1147,347,180,1244 grandchildren=11475,3472,1803,12447
HASH_ROUTE token=245 layer=11 children=24,1142,32,1156 grandchildren=242,11429,329,11565
HASH_ROUTE token=245 layer=12 children=378,327,478,219 grandchildren=3786,3273,4781,2191
HASH_ROUTE token=245 layer=13 children=148,782,943,469 grandchildren=1484,7829,9437,4693
HASH_ROUTE token=245 layer=14 children=693,777,537,616 grandchildren=6934,7778,5372,6169
HASH_ROUTE token=245 layer=15 children=995,1024,831,1040 grandchildren=9959,10241,8313,10407
HASH_ROUTE token=245 layer=16 children=431,365,1075,346 grandchildren=4319,3659,10752,3461
HASH_ROUTE token=245 layer=17 children=981,186,1144,1046 grandchildren=9812,1869,11441,10467
HASH_ROUTE token=245 layer=18 children=320,382,364,454 grandchildren=3205,3824,3641,4549
HASH_ROUTE token=245 layer=19 children=606,440,768,523 grandchildren=6066,4405,7689,5234
HASH_ROUTE token=245 layer=20 children=764,929,647,608 grandchildren=7648,9292,6479,6084
HASH_ROUTE token=245 layer=21 children=1030,559,870,236 grandchildren=10303,5593,8709,2365
HASH_ROUTE token=245 layer=22 children=333,178,13,424 grandchildren=3334,1787,137,4244
HASH_ROUTE token=245 layer=23 children=945,624,1109,900 grandchildren=9452,6249,11095,9008
HASH_ROUTE token=246 layer=0 children=755,649,779,713 grandchildren=7553,6492,7797,7136
HASH_ROUTE token=246 layer=1 children=527,689,504,663 grandchildren=5274,6899,5041,6635
HASH_ROUTE token=246 layer=2 children=352,830,36,991 grandchildren=3522,8308,368,9918
HASH_ROUTE token=246 layer=3 children=623,613,535,554 grandchildren=6238,6139,5355,5544
HASH_ROUTE token=246 layer=4 children=465,434,1260,452 grandchildren=4654,4343,12602,4522
HASH_ROUTE token=246 layer=5 children=320,809,963,168 grandchildren=3203,8099,9634,1684
HASH_ROUTE token=246 layer=6 children=461,785,620,946 grandchildren=4612,7859,6208,9466
HASH_ROUTE token=246 layer=7 children=148,99,38,621 grandchildren=1483,998,388,6212
HASH_ROUTE token=246 layer=8 children=1014,697,1100,786 grandchildren=10145,6974,11007,7867
HASH_ROUTE token=246 layer=9 children=131,55,938,156 grandchildren=1319,559,9384,1562
HASH_ROUTE token=246 layer=10 children=616,626,540,587 grandchildren=6166,6267,5401,5879
HASH_ROUTE token=246 layer=11 children=916,1077,866,753 grandchildren=9163,10775,8667,7531
HASH_ROUTE token=246 layer=12 children=359,839,1151,512 grandchildren=3593,8394,11511,5128
HASH_ROUTE token=246 layer=13 children=324,167,489,361 grandchildren=3242,1676,4899,3617
HASH_ROUTE token=246 layer=14 children=1102,1264,1096,947 grandchildren=11023,12646,10967,9479
HASH_ROUTE token=246 layer=15 children=767,127,1080,678 grandchildren=7673,1278,10805,6785
HASH_ROUTE token=246 layer=16 children=921,600,889,124 grandchildren=9213,6001,8896,1242
HASH_ROUTE token=246 layer=17 children=893,954,801,91 grandchildren=8938,9543,8018,917
HASH_ROUTE token=246 layer=18 children=740,1226,268,721 grandchildren=7402,12263,2686,7216
HASH_ROUTE token=246 layer=19 children=322,647,1121,482 grandchildren=3224,6477,11217,4825
HASH_ROUTE token=246 layer=20 children=1264,309,1223,786 grandchildren=12643,3095,12237,7864
HASH_ROUTE token=246 layer=21 children=1180,1238,700,65 grandchildren=11808,12383,7008,653
HASH_ROUTE token=246 layer=22 children=939,295,1090,772 grandchildren=9396,2959,10901,7725
HASH_ROUTE token=246 layer=23 children=109,45,71,261 grandchildren=1097,454,718,2617
HASH_ROUTE token=247 layer=0 children=441,322,414,927 grandchildren=4412,3229,4147,9272
HASH_ROUTE token=247 layer=1 children=879,909,233,937 grandchildren=8799,9092,2336,9371
HASH_ROUTE token=247 layer=2 children=48,117,144,842 grandchildren=489,1172,1444,8423
HASH_ROUTE token=247 layer=3 children=618,554,525,497 grandchildren=6188,5543,5258,4973
HASH_ROUTE token=247 layer=4 children=261,312,164,194 grandchildren=2613,3122,1647,1945
HASH_ROUTE token=247 layer=5 children=1212,1174,252,892 grandchildren=12127,11747,2527,8928
HASH_ROUTE token=247 layer=6 children=725,681,1204,761 grandchildren=7252,6813,12049,7618
HASH_ROUTE token=247 layer=7 children=137,52,773,692 grandchildren=1379,528,7731,6923
HASH_ROUTE token=247 layer=8 children=950,1117,794,823 grandchildren=9504,11173,7942,8232
HASH_ROUTE token=247 layer=9 children=257,314,1219,1277 grandchildren=2574,3143,12195,12774
HASH_ROUTE token=247 layer=10 children=662,1140,676,722 grandchildren=6629,11407,6765,7222
HASH_ROUTE token=247 layer=11 children=61,1,52,40 grandchildren=619,18,521,404
HASH_ROUTE token=247 layer=12 children=803,322,1124,480 grandchildren=8039,3225,11243,4806
HASH_ROUTE token=247 layer=13 children=143,84,98,782 grandchildren=1435,841,981,7824
HASH_ROUTE token=247 layer=14 children=520,200,840,614 grandchildren=5209,2003,8406,6145
HASH_ROUTE token=247 layer=15 children=357,415,338,398 grandchildren=3572,4156,3389,3986
HASH_ROUTE token=247 layer=16 children=1092,456,1083,771 grandchildren=10922,4567,10834,7716
HASH_ROUTE token=247 layer=17 children=1204,1127,1230,1189 grandchildren=12046,11273,12303,11894
HASH_ROUTE token=247 layer=18 children=203,44,364,1006 grandchildren=2037,449,3644,10063
HASH_ROUTE token=247 layer=19 children=305,941,267,903 grandchildren=3053,9412,2678,9032
HASH_ROUTE token=247 layer=20 children=357,1155,349,1147 grandchildren=3579,11558,3496,11476
HASH_ROUTE token=247 layer=21 children=70,130,60,101 grandchildren=702,1302,604,1018
HASH_ROUTE token=247 layer=22 children=178,254,282,495 grandchildren=1788,2546,2829,4951
HASH_ROUTE token=247 layer=23 children=179,245,972,1042 grandchildren=1791,2454,9729,10428
HASH_ROUTE token=248 layer=0 children=857,925,936,842 grandchildren=8574,9252,9362,8424
HASH_ROUTE token=248 layer=1 children=298,453,130,938 grandchildren=2987,4535,1308,9386
HASH_ROUTE token=248 layer=2 children=896,817,418,739 grandchildren=8969,8172,4181,7397
HASH_ROUTE token=248 layer=3 children=936,775,299,616 grandchildren=9362,7751,2998,6163
HASH_ROUTE token=248 layer=4 children=259,220,294,164 grandchildren=2597,2202,2947,1645
HASH_ROUTE token=248 layer=5 children=418,377,897,858 grandchildren=4187,3777,8975,8582
HASH_ROUTE token=248 layer=6 children=251,410,200,367 grandchildren=2514,4102,2009,3672
HASH_ROUTE token=248 layer=7 children=126,13,137,51 grandchildren=1264,131,1378,514
HASH_ROUTE token=248 layer=8 children=953,919,942,314 grandchildren=9537,9192,9424,3145
HASH_ROUTE token=248 layer=9 children=892,801,852,573 grandchildren=8923,8012,8529,5732
HASH_ROUTE token=248 layer=10 children=1149,982,188,349 grandchildren=11491,9828,1883,3495
HASH_ROUTE token=248 layer=11 children=56,34,695,115 grandchildren=563,346,6952,1155
HASH_ROUTE token=248 layer=12 children=487,1125,594,586 grandchildren=4878,11252,5948,5865
HASH_ROUTE token=248 layer=13 children=148,783,88,944 grandchildren=1489,7837,887,9442
HASH_ROUTE token=248 layer=14 children=880,565,242,905 grandchildren=8805,5659,2421,9056
HASH_ROUTE token=248 layer=15 children=972,991,1112,338 grandchildren=9723,9917,11128,3385
HASH_ROUTE token=248 layer=16 children=432,368,390,459 grandchildren=4324,3682,3903,4598
HASH_ROUTE token=248 layer=17 children=981,509,1022,542 grandchildren=9813,5095,10224,5424
HASH_ROUTE token=248 layer=18 children=1024,1094,1033,1084 grandchildren=10248,10943,10337,10846
HASH_ROUTE token=248 layer=19 children=312,162,237,216 grandchildren=3123,1621,2371,2163
HASH_ROUTE token=248 layer=20 children=985,1073,994,342 grandchildren=9851,10731,9945,3426
HASH_ROUTE token=248 layer=21 children=899,410,254,99 grandchildren=8994,4101,2541,997
HASH_ROUTE token=248 layer=22 children=268,1065,742,312 grandchildren=2682,10659,7421,3128
HASH_ROUTE token=248 layer=23 children=756,694,1073,684 grandchildren=7567,6947,10735,6841
HASH_ROUTE token=249 layer=0 children=122,281,1089,1245 grandchildren=1227,2819,10898,12451
HASH_ROUTE token=249 layer=1 children=420,261,446,287 grandchildren=4206,2613,4468,2871
HASH_ROUTE token=249 layer=2 children=1225,1063,1137,424 grandchildren=12254,10635,11375,4248
HASH_ROUTE token=249 layer=3 children=860,843,931,903 grandchildren=8606,8434,9312,9036
HASH_ROUTE token=249 layer=4 children=295,234,191,261 grandchildren=2954,2347,1918,2615
HASH_ROUTE token=249 layer=5 children=434,911,751,1239 grandchildren=4346,9113,7516,12397
HASH_ROUTE token=249 layer=6 children=442,283,402,247 grandchildren=4424,2831,4022,2478
HASH_ROUTE token=249 layer=7 children=777,720,791,667 grandchildren=7771,7202,7914,6675
HASH_ROUTE token=249 layer=8 children=1041,562,1109,1021 grandchildren=10417,5621,11093,10213
HASH_ROUTE token=249 layer=9 children=897,950,252,314 grandchildren=8972,9502,2526,3147
HASH_ROUTE token=249 layer=10 children=798,1277,472,634 grandchildren=7982,12772,4722,6347
HASH_ROUTE token=249 layer=11 children=57,37,97,117 grandchildren=574,379,973,1179
HASH_ROUTE token=249 layer=12 children=667,1149,799,189 grandchildren=6675,11493,7991,1898
HASH_ROUTE token=249 layer=13 children=677,699,736,781 grandchildren=6778,6993,7362,7818
HASH_ROUTE token=249 layer=14 children=267,586,230,553 grandchildren=2673,5862,2303,5534
HASH_ROUTE token=249 layer=15 children=839,995,352,1150 grandchildren=8398,9958,3521,11505
HASH_ROUTE token=249 layer=16 children=430,278,365,349 grandchildren=4302,2784,3655,3498
HASH_ROUTE token=249 layer=17 children=509,983,634,1115 grandchildren=5092,9837,6343,11151
HASH_ROUTE token=249 layer=18 children=969,991,1066,1107 grandchildren=9696,9919,10664,11076
HASH_ROUTE token=249 layer=19 children=764,789,743,654 grandchildren=7646,7891,7438,6544
HASH_ROUTE token=249 layer=20 children=311,633,795,472 grandchildren=3115,6337,7954,4725
HASH_ROUTE token=249 layer=21 children=883,874,833,249 grandchildren=8832,8746,8339,2494
HASH_ROUTE token=249 layer=22 children=179,301,333,269 grandchildren=1793,3018,3338,2696
HASH_ROUTE token=249 layer=23 children=620,504,583,634 grandchildren=6205,5046,5833,6349
HASH_ROUTE token=250 layer=0 children=932,864,805,955 grandchildren=9325,8648,8056,9558
HASH_ROUTE token=250 layer=1 children=746,589,422,260 grandchildren=7461,5899,4225,2607
HASH_ROUTE token=250 layer=2 children=35,354,519,98 grandchildren=354,3542,5196,985
HASH_ROUTE token=250 layer=3 children=530,54,370,597 grandchildren=5308,544,3704,5978
HASH_ROUTE token=250 layer=4 children=181,828,503,28 grandchildren=1811,8283,5034,282
HASH_ROUTE token=250 layer=5 children=1128,164,1134,1212 grandchildren=11287,1641,11343,12122
HASH_ROUTE token=250 layer=6 children=785,733,772,1109 grandchildren=7853,7333,7728,11091
HASH_ROUTE token=250 layer=7 children=514,490,506,677 grandchildren=5144,4903,5069,6779
HASH_ROUTE token=250 layer=8 children=572,540,1215,621 grandchildren=5723,5402,12159,6211
HASH_ROUTE token=250 layer=9 children=562,547,497,608 grandchildren=5621,5472,4974,6086
HASH_ROUTE token=250 layer=10 children=790,750,726,746 grandchildren=7901,7504,7262,7467
HASH_ROUTE token=250 layer=11 children=679,703,752,797 grandchildren=6795,7037,7526,7979
HASH_ROUTE token=250 layer=12 children=506,582,592,527 grandchildren=5067,5824,5922,5272
HASH_ROUTE token=250 layer=13 children=679,993,774,513 grandchildren=6793,9934,7743,5139
HASH_ROUTE token=250 layer=14 children=298,455,1090,618 grandchildren=2988,4559,10907,6189
HASH_ROUTE token=250 layer=15 children=1235,1186,1242,1072 grandchildren=12359,11868,12429,10722
HASH_ROUTE token=250 layer=16 children=1051,1061,256,260 grandchildren=10515,10612,2561,2603
HASH_ROUTE token=250 layer=17 children=591,545,507,564 grandchildren=5918,5454,5079,5645
HASH_ROUTE token=250 layer=18 children=1262,781,943,304 grandchildren=12621,7813,9432,3046
HASH_ROUTE token=250 layer=19 children=783,464,770,661 grandchildren=7837,4641,7701,6619
HASH_ROUTE token=250 layer=20 children=206,194,263,176 grandchildren=2066,1946,2632,1769
HASH_ROUTE token=250 layer=21 children=870,76,884,949 grandchildren=8708,765,8847,9496
HASH_ROUTE token=250 layer=22 children=460,338,621,496 grandchildren=4609,3388,6211,4962
HASH_ROUTE token=250 layer=23 children=577,566,585,895 grandchildren=5776,5668,5859,8958
HASH_ROUTE token=251 layer=0 children=969,646,807,8 grandchildren=9692,6468,8077,85
HASH_ROUTE token=251 layer=1 children=281,928,262,1241 grandchildren=2816,9287,2627,12412
HASH_ROUTE token=251 layer=2 children=420,1223,462,343 grandchildren=4201,12232,4629,3434
HASH_ROUTE token=251 layer=3 children=613,296,621,772 grandchildren=6131,2961,6213,7727
HASH_ROUTE token=251 layer=4 children=179,266,185,291 grandchildren=1799,2667,1853,2915
HASH_ROUTE token=251 layer=5 children=1165,1229,1258,1190 grandchildren=11659,12295,12583,11901
HASH_ROUTE token=251 layer=6 children=198,277,996,257 grandchildren=1983,2778,9969,2579
HASH_ROUTE token=251 layer=7 children=456,368,137,49 grandchildren=4568,3681,1376,498
HASH_ROUTE token=251 layer=8 children=1252,1208,1228,1170 grandchildren=12527,12087,12285,11708
HASH_ROUTE token=251 layer=9 children=664,709,828,184 grandchildren=6646,7095,8289,1844
HASH_ROUTE token=251 layer=10 children=1227,902,106,742 grandchildren=12274,9027,1061,7422
HASH_ROUTE token=251 layer=11 children=388,1186,1021,545 grandchildren=3884,11869,10213,5456
HASH_ROUTE token=251 layer=12 children=581,1221,526,740 grandchildren=5811,12212,5269,7409
HASH_ROUTE token=251 layer=13 children=1255,1243,1210,139 grandchildren=12557,12431,12105,1395
HASH_ROUTE token=251 layer=14 children=447,289,373,1085 grandchildren=4478,2894,3738,10851
HASH_ROUTE token=251 layer=15 children=1273,1251,1235,1179 grandchildren=12731,12511,12353,11793
HASH_ROUTE token=251 layer=16 children=254,417,276,430 grandchildren=2542,4177,2761,4305
HASH_ROUTE token=251 layer=17 children=507,515,987,995 grandchildren=5073,5152,9873,9952
HASH_ROUTE token=251 layer=18 children=304,313,147,184 grandchildren=3047,3134,1476,1843
HASH_ROUTE token=251 layer=19 children=783,1263,666,651 grandchildren=7839,12633,6668,6517
HASH_ROUTE token=251 layer=20 children=298,195,176,1258 grandchildren=2988,1952,1764,12588
HASH_ROUTE token=251 layer=21 children=106,76,149,580 grandchildren=1066,767,1499,5805
HASH_ROUTE token=251 layer=22 children=260,195,315,279 grandchildren=2606,1951,3151,2794
HASH_ROUTE token=251 layer=23 children=277,113,309,163 grandchildren=2771,1134,3098,1638
HASH_ROUTE token=252 layer=0 children=853,801,846,934 grandchildren=8533,8012,8468,9343
HASH_ROUTE token=252 layer=1 children=763,643,744,668 grandchildren=7635,6432,7445,6684
HASH_ROUTE token=252 layer=2 children=994,512,37,1090 grandchildren=9947,5126,379,10902
HASH_ROUTE token=252 layer=3 children=436,462,597,329 grandchildren=4367,4622,5978,3294
HASH_ROUTE token=252 layer=4 children=822,189,900,266 grandchildren=8223,1897,9008,2664
HASH_ROUTE token=252 layer=5 children=1223,1212,1161,1126 grandchildren=12231,12123,11615,11262
HASH_ROUTE token=252 layer=6 children=253,194,416,352 grandchildren=2534,1944,4161,3529
HASH_ROUTE token=252 layer=7 children=528,840,563,504 grandchildren=5284,8404,5639,5048
HASH_ROUTE token=252 layer=8 children=1161,361,42,205 grandchildren=11618,3613,422,2051
HASH_ROUTE token=252 layer=9 children=341,371,457,422 grandchildren=3414,3717,4575,4221
HASH_ROUTE token=252 layer=10 children=153,65,43,106 grandchildren=1538,652,436,1061
HASH_ROUTE token=252 layer=11 children=738,891,673,753 grandchildren=7381,8911,6738,7533
HASH_ROUTE token=252 layer=12 children=215,252,206,188 grandchildren=2159,2527,2064,1888
HASH_ROUTE token=252 layer=13 children=498,654,596,614 grandchildren=4981,6543,5968,6144
HASH_ROUTE token=252 layer=14 children=354,1152,330,407 grandchildren=3542,11524,3305,4072
HASH_ROUTE token=252 layer=15 children=1016,1179,538,993 grandchildren=10163,11798,5382,9936
HASH_ROUTE token=252 layer=16 children=1058,1027,417,970 grandchildren=10582,10278,4172,9701
HASH_ROUTE token=252 layer=17 children=486,494,968,615 grandchildren=4863,4943,9681,6154
HASH_ROUTE token=252 layer=18 children=1249,1272,1264,1256 grandchildren=12499,12724,12648,12561
HASH_ROUTE token=252 layer=19 children=462,783,430,751 grandchildren=4625,7834,4304,7519
HASH_ROUTE token=252 layer=20 children=227,314,271,289 grandchildren=2276,3149,2717,2898
HASH_ROUTE token=252 layer=21 children=72,718,874,555 grandchildren=721,7184,8746,5552
HASH_ROUTE token=252 layer=22 children=634,585,519,626 grandchildren=6341,5857,5192,6264
HASH_ROUTE token=252 layer=23 children=193,513,31,266 grandchildren=1939,5131,318,2667
HASH_ROUTE token=253 layer=0 children=805,482,958,165 grandchildren=8056,4825,9583,1657
HASH_ROUTE token=253 layer=1 children=343,420,452,184 grandchildren=3435,4202,4524,1846
HASH_ROUTE token=253 layer=2 children=494,335,816,560 grandchildren=4947,3351,8166,5607
HASH_ROUTE token=253 layer=3 children=773,936,694,850 grandchildren=7738,9368,6949,8508
HASH_ROUTE token=253 layer=4 children=105,261,135,25 grandchildren=1051,2617,1352,256
HASH_ROUTE token=253 layer=5 children=711,754,687,79 grandchildren=7119,7549,6875,796
HASH_ROUTE token=253 layer=6 children=660,185,712,735 grandchildren=6609,1852,7121,7353
HASH_ROUTE token=253 layer=7 children=74,123,137,9 grandchildren=749,1239,1378,93
HASH_ROUTE token=253 layer=8 children=529,588,1009,548 grandchildren=5292,5881,10091,5486
HASH_ROUTE token=253 layer=9 children=856,800,868,894 grandchildren=8565,8002,8689,8942
HASH_ROUTE token=253 layer=10 children=707,675,759,790 grandchildren=7075,6759,7591,7904
HASH_ROUTE token=253 layer=11 children=997,1073,1051,983 grandchildren=9976,10733,10512,9835
HASH_ROUTE token=253 layer=12 children=260,1069,281,1088 grandchildren=2604,10695,2813,10884
HASH_ROUTE token=253 layer=13 children=756,599,783,687 grandchildren=7569,5998,7835,6878
HASH_ROUTE token=253 layer=14 children=408,358,1049,424 grandchildren=4084,3589,10494,4244
HASH_ROUTE token=253 layer=15 children=991,1033,1153,1197 grandchildren=9911,10337,11531,11972
HASH_ROUTE token=253 layer=16 children=1028,1035,1095,1017 grandchildren=10281,10353,10951,10171
HASH_ROUTE token=253 layer=17 children=484,327,960,544 grandchildren=4845,3275,9602,5449
HASH_ROUTE token=253 layer=18 children=777,1252,690,1094 grandchildren=7775,12525,6909,10944
HASH_ROUTE token=253 layer=19 children=788,667,651,946 grandchildren=7881,6676,6514,9464
HASH_ROUTE token=253 layer=20 children=1274,1138,1227,1205 grandchildren=12744,11383,12278,12057
HASH_ROUTE token=253 layer=21 children=877,76,903,894 grandchildren=8774,761,9036,8948
HASH_ROUTE token=253 layer=22 children=583,635,1062,1110 grandchildren=5835,6354,10621,11107
HASH_ROUTE token=253 layer=23 children=513,197,672,995 grandchildren=5131,1974,6726,9955
HASH_ROUTE token=254 layer=0 children=150,78,477,50 grandchildren=1506,784,4777,505
HASH_ROUTE token=254 layer=1 children=297,250,262,181 grandchildren=2972,2509,2621,1811
HASH_ROUTE token=254 layer=2 children=961,1066,1092,984 grandchildren=9617,10661,10926,9842
HASH_ROUTE token=254 layer=3 children=135,148,111,1099 grandchildren=1356,1486,1111,10996
HASH_ROUTE token=254 layer=4 children=251,299,235,225 grandchildren=2511,2999,2359,2258
HASH_ROUTE token=254 layer=5 children=1215,1160,1188,94 grandchildren=12158,11604,11884,943
HASH_ROUTE token=254 layer=6 children=288,440,1082,265 grandchildren=2886,4403,10829,2652
HASH_ROUTE token=254 layer=7 children=615,504,935,821 grandchildren=6155,5048,9357,8214
HASH_ROUTE token=254 layer=8 children=617,631,133,566 grandchildren=6171,6317,1336,5669
HASH_ROUTE token=254 layer=9 children=923,769,1241,955 grandchildren=9232,7698,12412,9552
HASH_ROUTE token=254 layer=10 children=1162,1153,1277,847 grandchildren=11625,11537,12773,8478
HASH_ROUTE token=254 layer=11 children=193,670,1159,515 grandchildren=1932,6704,11591,5159
HASH_ROUTE token=254 layer=12 children=610,564,515,538 grandchildren=6109,5643,5159,5389
HASH_ROUTE token=254 layer=13 children=667,773,761,687 grandchildren=6676,7731,7617,6879
HASH_ROUTE token=254 layer=14 children=1105,948,462,994 grandchildren=11056,9481,4621,9942
HASH_ROUTE token=254 layer=15 children=497,518,544,597 grandchildren=4977,5185,5444,5972
HASH_ROUTE token=254 layer=16 children=592,522,569,627 grandchildren=5927,5225,5697,6279
HASH_ROUTE token=254 layer=17 children=462,386,357,411 grandchildren=4623,3867,3579,4115
HASH_ROUTE token=254 layer=18 children=642,1128,964,769 grandchildren=6425,11283,9648,7697
HASH_ROUTE token=254 layer=19 children=783,764,746,946 grandchildren=7836,7648,7469,9462
HASH_ROUTE token=254 layer=20 children=318,165,283,632 grandchildren=3185,1653,2838,6326
HASH_ROUTE token=254 layer=21 children=872,718,76,556 grandchildren=8724,7181,766,5562
HASH_ROUTE token=254 layer=22 children=475,1110,336,971 grandchildren=4758,11103,3367,9719
HASH_ROUTE token=254 layer=23 children=566,530,504,579 grandchildren=5662,5304,5043,5792
HASH_ROUTE token=255 layer=0 children=153,50,72,65 grandchildren=1538,505,725,651
HASH_ROUTE token=255 layer=1 children=175,297,653,333 grandchildren=1755,2979,6537,3336
HASH_ROUTE token=255 layer=2 children=1060,905,424,747 grandchildren=10604,9055,4245,7477
HASH_ROUTE token=255 layer=3 children=106,68,12,900 grandchildren=1063,683,123,9009
HASH_ROUTE token=255 layer=4 children=186,299,311,229 grandchildren=1869,2992,3115,2298
HASH_ROUTE token=255 layer=5 children=1210,1272,1174,1130 grandchildren=12101,12721,11746,11306
HASH_ROUTE token=255 layer=6 children=129,442,760,288 grandchildren=1295,4423,7604,2883
HASH_ROUTE token=255 layer=7 children=137,931,617,777 grandchildren=1375,9318,6171,7773
HASH_ROUTE token=255 layer=8 children=1110,953,314,1040 grandchildren=11105,9533,3145,10404
HASH_ROUTE token=255 layer=9 children=955,314,897,915 grandchildren=9553,3142,8973,9153
HASH_ROUTE token=255 layer=10 children=347,1147,180,446 grandchildren=3473,11479,1805,4464
HASH_ROUTE token=255 layer=11 children=24,1149,32,1154 grandchildren=243,11497,327,11541
HASH_ROUTE token=255 layer=12 children=374,327,219,478 grandchildren=3749,3275,2197,4785
HASH_ROUTE token=255 layer=13 children=148,786,948,463 grandchildren=1485,7865,9484,4633
HASH_ROUTE token=255 layer=14 children=693,777,537,616 grandchildren=6938,7775,5379,6162
HASH_ROUTE token=255 layer=15 children=995,1024,831,1040 grandchildren=9954,10246,8317,10402
HASH_ROUTE token=255 layer=16 children=431,365,346,1075 grandchildren=4311,3653,3465,10754
HASH_ROUTE token=255 layer=17 children=981,188,1144,349 grandchildren=9813,1881,11442,3499
HASH_ROUTE token=255 layer=18 children=380,320,364,454 grandchildren=3801,3209,3644,4547
HASH_ROUTE token=255 layer=19 children=606,440,120,926 grandchildren=6065,4402,1208,9266
HASH_ROUTE token=255 layer=20 children=766,737,642,779 grandchildren=7663,7373,6424,7791
HASH_ROUTE token=255 layer=21 children=1030,552,870,236 grandchildren=10308,5521,8707,2369
HASH_ROUTE token=255 layer=22 children=178,333,265,13 grandchildren=1784,3337,2656,137
HASH_ROUTE token=255 layer=23 children=945,624,909,807 grandchildren=9458,6248,9096,8077
HASH_REP rep=0 base_ms=1.560605078 hash_ms=1.564391406
HASH_REP rep=1 base_ms=1.623169922 hash_ms=1.568289844
HASH_REP rep=2 base_ms=1.587266797 hash_ms=1.609071875
HASH_REP rep=3 base_ms=1.654748047 hash_ms=1.664385156
HASH_REP rep=4 base_ms=1.663288281 hash_ms=1.536202734
HASH_LAYER layer=0 coverage=657
HASH_LAYER layer=1 coverage=667
HASH_LAYER layer=2 coverage=809
HASH_LAYER layer=3 coverage=744
HASH_LAYER layer=4 coverage=708
HASH_LAYER layer=5 coverage=704
HASH_LAYER layer=6 coverage=745
HASH_LAYER layer=7 coverage=764
HASH_LAYER layer=8 coverage=780
HASH_LAYER layer=9 coverage=745
HASH_LAYER layer=10 coverage=815
HASH_LAYER layer=11 coverage=787
HASH_LAYER layer=12 coverage=785
HASH_LAYER layer=13 coverage=782
HASH_LAYER layer=14 coverage=756
HASH_LAYER layer=15 coverage=746
HASH_LAYER layer=16 coverage=739
HASH_LAYER layer=17 coverage=633
HASH_LAYER layer=18 coverage=785
HASH_LAYER layer=19 coverage=697
HASH_LAYER layer=20 coverage=758
HASH_LAYER layer=21 coverage=720
HASH_LAYER layer=22 coverage=743
HASH_LAYER layer=23 coverage=776
HASH_SUMMARY states=6144 selections=24576 structural_hits=0 unique_total=17845 base_median_ms=1.623169922 hash_median_ms=1.568289844 ratio=0.966190 table_bytes=916 fixture_bytes=3084 rss_bytes=533876736 elapsed_seconds=5.048417 checksum=197230061.093750000 gate=PASS
