{"stage": "initial_export", "arm": "A", "counter": 27, "durable": 27, "seconds": 106.04700000002049, "initial_92_states_RNG_export_exact": true}
{"stage": "initial27_auxiliary_DEV", "arm": "A", "counter": 27, "durable": 27, "seconds": 106.53100000001723, "operation": "bank_forward", "completed": 1, "total": 496, "site": 0}
{"stage": "initial27_auxiliary_DEV", "arm": "A", "counter": 27, "durable": 27, "seconds": 121.90600000001723, "operation": "auxiliary_DEV", "prefix": "initial27", "id": "broad_dev_apigen_80k_034", "cases": 1}
{"stage": "initial27_auxiliary_DEV", "arm": "A", "counter": 27, "durable": 27, "seconds": 122.25, "operation": "bank_forward", "completed": 1, "total": 583, "site": 0}
{"stage": "initial27_auxiliary_DEV", "arm": "A", "counter": 27, "durable": 27, "seconds": 137.34399999998277, "operation": "bank_forward", "completed": 577, "total": 774, "site": 4}
{"stage": "initial27_auxiliary_DEV", "arm": "A", "counter": 27, "durable": 27, "seconds": 142.65600000001723, "operation": "auxiliary_DEV", "prefix": "initial27", "id": "broad_dev_apigen_80k_033", "cases": 2}
{"stage": "initial27_auxiliary_DEV", "arm": "A", "counter": 27, "durable": 27, "seconds": 152.5, "operation": "bank_forward", "completed": 321, "total": 471, "site": 5}
{"stage": "initial27_auxiliary_DEV", "arm": "A", "counter": 27, "durable": 27, "seconds": 153.2970000000205, "operation": "auxiliary_DEV", "prefix": "initial27", "id": "broad_dev_everyday_conversations_036", "cases": 3}
{"stage": "initial27_auxiliary_DEV", "arm": "A", "counter": 27, "durable": 27, "seconds": 167.625, "operation": "bank_forward", "completed": 577, "total": 685, "site": 4}
{"stage": "initial27_auxiliary_DEV", "arm": "A", "counter": 27, "durable": 27, "seconds": 171.53100000001723, "operation": "auxiliary_DEV", "prefix": "initial27", "id": "broad_dev_everyday_conversations_033", "cases": 4}
{"stage": "initial27_auxiliary_DEV", "arm": "A", "counter": 27, "durable": 27, "seconds": 176.10899999999674, "operation": "auxiliary_DEV", "prefix": "initial27", "id": "broad_dev_explore_instruct_rewriting_035", "cases": 5}
{"stage": "initial27_auxiliary_DEV", "arm": "A", "counter": 27, "durable": 27, "seconds": 182.7029999999795, "operation": "bank_forward", "completed": 449, "total": 670, "site": 2}
{"stage": "initial27_auxiliary_DEV", "arm": "A", "counter": 27, "durable": 27, "seconds": 192.64100000000326, "operation": "auxiliary_DEV", "prefix": "initial27", "id": "broad_dev_explore_instruct_rewriting_038", "cases": 6}
{"stage": "initial27_auxiliary_DEV", "arm": "A", "counter": 27, "durable": 27, "seconds": 197.90600000001723, "operation": "bank_forward", "completed": 129, "total": 368, "site": 3}
{"stage": "initial27_auxiliary_DEV", "arm": "A", "counter": 27, "durable": 27, "seconds": 202.4529999999795, "operation": "auxiliary_DEV", "prefix": "initial27", "id": "broad_dev_metamathqa_50k_035", "cases": 7}
{"stage": "initial27_auxiliary_DEV", "arm": "A", "counter": 27, "durable": 27, "seconds": 213.06199999997625, "operation": "bank_forward", "completed": 129, "total": 530, "site": 5}
{"stage": "initial27_auxiliary_DEV", "arm": "A", "counter": 27, "durable": 27, "seconds": 215.48399999999674, "operation": "auxiliary_DEV", "prefix": "initial27", "id": "broad_dev_metamathqa_50k_037", "cases": 8}
{"stage": "initial27_auxiliary_DEV", "arm": "A", "counter": 27, "durable": 27, "seconds": 225.875, "operation": "auxiliary_DEV", "prefix": "initial27", "id": "broad_dev_numina_cot_100k_038", "cases": 9}
{"stage": "initial27_auxiliary_DEV", "arm": "A", "counter": 27, "durable": 27, "seconds": 228.09399999998277, "operation": "bank_forward", "completed": 1, "total": 480, "site": 1}
{"stage": "initial27_auxiliary_DEV", "arm": "A", "counter": 27, "durable": 27, "seconds": 239.75, "operation": "auxiliary_DEV", "prefix": "initial27", "id": "broad_dev_numina_cot_100k_035", "cases": 10}
{"stage": "initial27_auxiliary_DEV", "arm": "A", "counter": 27, "durable": 27, "seconds": 243.28100000001723, "operation": "bank_forward", "completed": 257, "total": 568, "site": 1}
{"stage": "initial27_auxiliary_DEV", "arm": "A", "counter": 27, "durable": 27, "seconds": 254.71899999998277, "operation": "auxiliary_DEV", "prefix": "initial27", "id": "broad_dev_openhermes_100k_034", "cases": 11}
{"stage": "initial27_auxiliary_DEV", "arm": "A", "counter": 27, "durable": 27, "seconds": 258.375, "operation": "bank_forward", "completed": 65, "total": 530, "site": 1}
{"stage": "initial27_auxiliary_DEV", "arm": "A", "counter": 27, "durable": 27, "seconds": 272.3279999999795, "operation": "auxiliary_DEV", "prefix": "initial27", "id": "broad_dev_openhermes_100k_037", "cases": 12}
{"stage": "initial27_auxiliary_DEV", "arm": "A", "counter": 27, "durable": 27, "seconds": 273.40600000001723, "operation": "bank_forward", "completed": 257, "total": 408, "site": 0}
{"stage": "initial27_auxiliary_DEV", "arm": "A", "counter": 27, "durable": 27, "seconds": 283.09399999998277, "operation": "auxiliary_DEV", "prefix": "initial27", "id": "broad_dev_self_oss_instruct_036", "cases": 13}
{"stage": "initial27_auxiliary_DEV", "arm": "A", "counter": 27, "durable": 27, "seconds": 288.40600000001723, "operation": "bank_forward", "completed": 129, "total": 528, "site": 2}
{"stage": "initial27_auxiliary_DEV", "arm": "A", "counter": 27, "durable": 27, "seconds": 297.1720000000205, "operation": "auxiliary_DEV", "prefix": "initial27", "id": "broad_dev_self_oss_instruct_033", "cases": 14}
{"stage": "initial27_auxiliary_DEV", "arm": "A", "counter": 27, "durable": 27, "seconds": 303.65600000001723, "operation": "bank_forward", "completed": 321, "total": 404, "site": 3}
{"stage": "initial27_auxiliary_DEV", "arm": "A", "counter": 27, "durable": 27, "seconds": 307.75, "operation": "auxiliary_DEV", "prefix": "initial27", "id": "broad_dev_smol_constraints_035", "cases": 15}
{"stage": "initial27_auxiliary_DEV", "arm": "A", "counter": 27, "durable": 27, "seconds": 318.85899999999674, "operation": "bank_forward", "completed": 65, "total": 499, "site": 5}
{"stage": "initial27_auxiliary_DEV", "arm": "A", "counter": 27, "durable": 27, "seconds": 320.71899999998277, "operation": "auxiliary_DEV", "prefix": "initial27", "id": "broad_dev_smol_constraints_034", "cases": 16}
{"stage": "initial27_auxiliary_DEV", "arm": "A", "counter": 27, "durable": 27, "seconds": 334.06199999997625, "operation": "bank_forward", "completed": 385, "total": 952, "site": 3}
{"stage": "initial27_auxiliary_DEV", "arm": "A", "counter": 27, "durable": 27, "seconds": 345.125, "operation": "auxiliary_DEV", "prefix": "initial27", "id": "broad_dev_smol_magpie_ultra_034", "cases": 17}
{"stage": "initial27_auxiliary_DEV", "arm": "A", "counter": 27, "durable": 27, "seconds": 349.15600000001723, "operation": "bank_forward", "completed": 1, "total": 819, "site": 1}
{"stage": "initial27_auxiliary_DEV", "arm": "A", "counter": 27, "durable": 27, "seconds": 364.1720000000205, "operation": "bank_forward", "completed": 833, "total": 913, "site": 4}
{"stage": "initial27_auxiliary_DEV", "arm": "A", "counter": 27, "durable": 27, "seconds": 368.4529999999795, "operation": "auxiliary_DEV", "prefix": "initial27", "id": "broad_dev_smol_magpie_ultra_036", "cases": 18}
{"stage": "initial27_auxiliary_DEV", "arm": "A", "counter": 27, "durable": 27, "seconds": 379.28100000001723, "operation": "bank_forward", "completed": 193, "total": 629, "site": 4}
{"stage": "initial27_auxiliary_DEV", "arm": "A", "counter": 27, "durable": 27, "seconds": 384.46899999998277, "operation": "auxiliary_DEV", "prefix": "initial27", "id": "broad_dev_smol_rewrite_036", "cases": 19}
{"stage": "initial27_auxiliary_DEV", "arm": "A", "counter": 27, "durable": 27, "seconds": 394.35899999999674, "operation": "bank_forward", "completed": 385, "total": 709, "site": 3}
{"stage": "initial27_auxiliary_DEV", "arm": "A", "counter": 27, "durable": 27, "seconds": 402.9220000000205, "operation": "auxiliary_DEV", "prefix": "initial27", "id": "broad_dev_smol_rewrite_032", "cases": 20}
{"stage": "initial27_auxiliary_DEV", "arm": "A", "counter": 27, "durable": 27, "seconds": 409.43699999997625, "operation": "bank_forward", "completed": 449, "total": 600, "site": 2}
{"stage": "initial27_auxiliary_DEV", "arm": "A", "counter": 27, "durable": 27, "seconds": 418.46899999998277, "operation": "auxiliary_DEV", "prefix": "initial27", "id": "broad_dev_smol_summarize_034", "cases": 21}
{"stage": "initial27_auxiliary_DEV", "arm": "A", "counter": 27, "durable": 27, "seconds": 424.5470000000205, "operation": "bank_forward", "completed": 577, "total": 773, "site": 1}
{"stage": "initial27_auxiliary_DEV", "arm": "A", "counter": 27, "durable": 27, "seconds": 439.59399999998277, "operation": "bank_forward", "completed": 257, "total": 901, "site": 5}
{"stage": "initial27_auxiliary_DEV", "arm": "A", "counter": 27, "durable": 27, "seconds": 443.31199999997625, "operation": "auxiliary_DEV", "prefix": "initial27", "id": "broad_dev_smol_summarize_039", "cases": 22}
{"stage": "initial27_auxiliary_DEV", "arm": "A", "counter": 27, "durable": 27, "seconds": 454.7029999999795, "operation": "bank_forward", "completed": 385, "total": 611, "site": 3}
{"stage": "initial27_auxiliary_DEV", "arm": "A", "counter": 27, "durable": 27, "seconds": 461.7029999999795, "operation": "auxiliary_DEV", "prefix": "initial27", "id": "broad_dev_systemchats_30k_039", "cases": 23}
{"stage": "initial27_auxiliary_DEV", "arm": "A", "counter": 27, "durable": 27, "seconds": 469.73399999999674, "operation": "bank_forward", "completed": 677, "total": 677, "site": 1}
{"stage": "initial27_auxiliary_DEV", "arm": "A", "counter": 27, "durable": 27, "seconds": 484.73399999999674, "operation": "bank_forward", "completed": 193, "total": 755, "site": 5}
{"stage": "initial27_auxiliary_DEV", "arm": "A", "counter": 27, "durable": 27, "seconds": 487.2970000000205, "operation": "auxiliary_DEV", "prefix": "initial27", "id": "broad_dev_systemchats_30k_034", "cases": 24}
{"stage": "whole_forward", "arm": "A", "counter": 27, "durable": 27, "seconds": 499.73399999999674, "operation": "bank_forward", "completed": 949, "total": 949, "site": 2}
{"stage": "whole_forward", "arm": "A", "counter": 27, "durable": 27, "seconds": 516.9839999999967, "operation": "forward_complete", "new_index": 1, "id": "broad_fit_smol_magpie_ultra_022", "KL": 5.9210734367370605, "aux": 0.8009129762649536, "loss": 5.9210734367370605}
{"stage": "whole_backward", "arm": "A", "counter": 27, "durable": 27, "seconds": 517.3589999999967, "operation": "bank_forward", "completed": 1, "total": 898, "site": 5}
{"stage": "whole_backward", "arm": "A", "counter": 27, "durable": 27, "seconds": 532.4220000000205, "operation": "bank_backward", "completed": 129, "total": 936, "site": 4}
{"stage": "whole_backward", "arm": "A", "counter": 27, "durable": 27, "seconds": 547.5939999999828, "operation": "bank_backward", "completed": 193, "total": 993, "site": 3}
{"stage": "whole_backward", "arm": "A", "counter": 27, "durable": 27, "seconds": 562.6869999999763, "operation": "bank_backward", "completed": 257, "total": 949, "site": 2}
{"stage": "whole_backward", "arm": "A", "counter": 27, "durable": 27, "seconds": 577.7189999999828, "operation": "bank_backward", "completed": 449, "total": 844, "site": 1}
{"stage": "update_complete", "arm": "A", "counter": 28, "durable": 27, "seconds": 608.5470000000205, "id": "broad_fit_smol_magpie_ultra_022", "new_index": 1, "gradient_norm": 20.07949599515654}
{"stage": "whole_forward", "arm": "A", "counter": 28, "durable": 27, "seconds": 609.0, "operation": "bank_forward", "completed": 1, "total": 555, "site": 0}
{"stage": "whole_forward", "arm": "A", "counter": 28, "durable": 27, "seconds": 624.1720000000205, "operation": "bank_forward", "completed": 641, "total": 690, "site": 4}
{"stage": "whole_forward", "arm": "A", "counter": 28, "durable": 27, "seconds": 627.4839999999967, "operation": "forward_complete", "new_index": 2, "id": "broad_fit_apigen_80k_002", "KL": 8.06722354888916, "aux": 0.8792998194694519, "loss": 8.06722354888916}
{"stage": "whole_backward", "arm": "A", "counter": 28, "durable": 27, "seconds": 639.3279999999795, "operation": "bank_forward", "completed": 449, "total": 690, "site": 4}
{"stage": "whole_backward", "arm": "A", "counter": 28, "durable": 27, "seconds": 654.625, "operation": "bank_backward", "completed": 641, "total": 711, "site": 3}
{"stage": "whole_backward", "arm": "A", "counter": 28, "durable": 27, "seconds": 669.9529999999795, "operation": "bank_backward", "completed": 129, "total": 607, "site": 1}
{"stage": "update_complete", "arm": "A", "counter": 29, "durable": 27, "seconds": 694.5619999999763, "id": "broad_fit_apigen_80k_002", "new_index": 2, "gradient_norm": 87.38265990279868}
{"stage": "whole_forward", "arm": "A", "counter": 29, "durable": 27, "seconds": 694.8439999999828, "operation": "bank_forward", "completed": 1, "total": 518, "site": 0}
{"stage": "whole_forward", "arm": "A", "counter": 29, "durable": 27, "seconds": 709.9839999999967, "operation": "bank_forward", "completed": 449, "total": 591, "site": 5}
{"stage": "whole_forward", "arm": "A", "counter": 29, "durable": 27, "seconds": 710.7029999999795, "operation": "forward_complete", "new_index": 3, "id": "broad_fit_apigen_80k_023", "KL": 7.469534397125244, "aux": 0.8432583212852478, "loss": 7.469534397125244}
{"stage": "whole_backward", "arm": "A", "counter": 29, "durable": 27, "seconds": 725.7810000000172, "operation": "bank_forward", "completed": 1, "total": 614, "site": 3}
{"stage": "whole_backward", "arm": "A", "counter": 29, "durable": 27, "seconds": 741.6560000000172, "operation": "bank_forward", "completed": 1, "total": 555, "site": 1}
{"stage": "update_complete", "arm": "A", "counter": 30, "durable": 27, "seconds": 767.6410000000033, "id": "broad_fit_apigen_80k_023", "new_index": 3, "gradient_norm": 71.93476352289086}
{"stage": "whole_forward", "arm": "A", "counter": 30, "durable": 27, "seconds": 767.8910000000033, "operation": "bank_forward", "completed": 1, "total": 528, "site": 0}
{"stage": "whole_forward", "arm": "A", "counter": 30, "durable": 27, "seconds": 783.0160000000033, "operation": "bank_forward", "completed": 576, "total": 576, "site": 5}
{"stage": "whole_forward", "arm": "A", "counter": 30, "durable": 27, "seconds": 783.0939999999828, "operation": "forward_complete", "new_index": 4, "id": "broad_fit_everyday_conversations_002", "KL": 6.578902244567871, "aux": 0.8330378532409668, "loss": 6.578902244567871}
{"stage": "whole_backward", "arm": "A", "counter": 30, "durable": 27, "seconds": 798.0310000000172, "operation": "bank_forward", "completed": 193, "total": 621, "site": 3}
{"stage": "whole_backward", "arm": "A", "counter": 30, "durable": 27, "seconds": 813.0619999999763, "operation": "bank_backward", "completed": 615, "total": 615, "site": 2}
{"stage": "whole_backward", "arm": "A", "counter": 30, "durable": 27, "seconds": 828.1869999999763, "operation": "bank_backward", "completed": 513, "total": 528, "site": 0}
{"stage": "update_complete", "arm": "A", "counter": 31, "durable": 27, "seconds": 841.7029999999795, "id": "broad_fit_everyday_conversations_002", "new_index": 4, "gradient_norm": 38.82190576784531}
{"stage": "whole_forward", "arm": "A", "counter": 31, "durable": 27, "seconds": 843.3439999999828, "operation": "bank_forward", "completed": 257, "total": 511, "site": 0}
{"stage": "whole_forward", "arm": "A", "counter": 31, "durable": 27, "seconds": 856.5619999999763, "operation": "forward_complete", "new_index": 5, "id": "broad_fit_everyday_conversations_010", "KL": 7.051571369171143, "aux": 0.8298603892326355, "loss": 7.051571369171143}
{"stage": "whole_backward", "arm": "A", "counter": 31, "durable": 27, "seconds": 858.6089999999967, "operation": "bank_forward", "completed": 513, "total": 555, "site": 5}
{"stage": "whole_backward", "arm": "A", "counter": 31, "durable": 27, "seconds": 873.7029999999795, "operation": "bank_backward", "completed": 65, "total": 595, "site": 3}
{"stage": "whole_backward", "arm": "A", "counter": 31, "durable": 27, "seconds": 888.9220000000205, "operation": "bank_backward", "completed": 129, "total": 541, "site": 1}
{"stage": "update_complete", "arm": "A", "counter": 32, "durable": 27, "seconds": 910.0310000000172, "id": "broad_fit_everyday_conversations_010", "new_index": 5, "gradient_norm": 39.35290238545055}
{"stage": "whole_forward", "arm": "A", "counter": 32, "durable": 27, "seconds": 910.0779999999795, "operation": "bank_forward", "completed": 1, "total": 216, "site": 0}
{"stage": "whole_forward", "arm": "A", "counter": 32, "durable": 27, "seconds": 915.9060000000172, "operation": "forward_complete", "new_index": 6, "id": "broad_fit_explore_instruct_rewriting_008", "KL": 6.878273010253906, "aux": 0.9376574754714966, "loss": 6.878273010253906}
{"stage": "whole_backward", "arm": "A", "counter": 32, "durable": 27, "seconds": 925.0939999999828, "operation": "bank_backward", "completed": 65, "total": 220, "site": 2}
{"stage": "update_complete", "arm": "A", "counter": 33, "durable": 27, "seconds": 944.3439999999828, "id": "broad_fit_explore_instruct_rewriting_008", "new_index": 6, "gradient_norm": 85.76616718001168}
{"stage": "durable_snapshot", "arm": "A", "counter": 33, "durable": 33, "snapshot": {"path": "D:\\_THINGS\\Progetti\\SiliconLLM\\results\\native_expert_scaling\\original_joint_history_recovery_20261009\\A.actual033.pt", "bytes": 8652211258, "sha256": "6876807176a074e3211d35a8b056effbbc02c0ab0c929dcc23a19bff9f5d4f2c"}, "save_seconds": 113.51500000001397}
{"stage": "native_DEV_milestone", "arm": "A", "counter": 33, "durable": 33, "seconds": 1076.1869999999763, "operation": "native_DEV", "prefix": "A.actual033", "id": "broad_dev_apigen_80k_034", "cases": 1, "KL": 6.429719317751088}
{"stage": "native_DEV_milestone", "arm": "A", "counter": 33, "durable": 33, "seconds": 1087.6560000000172, "operation": "native_DEV", "prefix": "A.actual033", "id": "broad_dev_apigen_80k_033", "cases": 2, "KL": 6.220176118702839}
{"stage": "native_DEV_milestone", "arm": "A", "counter": 33, "durable": 33, "seconds": 1090.3119999999763, "operation": "native_DEV", "prefix": "A.actual033", "id": "broad_dev_everyday_conversations_036", "cases": 3, "KL": 7.798242097868111}
{"stage": "native_DEV_milestone", "arm": "A", "counter": 33, "durable": 33, "seconds": 1095.0939999999828, "operation": "native_DEV", "prefix": "A.actual033", "id": "broad_dev_everyday_conversations_033", "cases": 4, "KL": 7.593336768414682}
{"stage": "native_DEV_milestone", "arm": "A", "counter": 33, "durable": 33, "seconds": 1096.9839999999967, "operation": "native_DEV", "prefix": "A.actual033", "id": "broad_dev_explore_instruct_rewriting_035", "cases": 5, "KL": 9.139983159506693}
{"stage": "native_DEV_milestone", "arm": "A", "counter": 33, "durable": 33, "seconds": 1102.5939999999828, "operation": "native_DEV", "prefix": "A.actual033", "id": "broad_dev_explore_instruct_rewriting_038", "cases": 6, "KL": 8.146422415480073}
{"stage": "native_DEV_milestone", "arm": "A", "counter": 33, "durable": 33, "seconds": 1106.5310000000172, "operation": "native_DEV", "prefix": "A.actual033", "id": "broad_dev_metamathqa_50k_035", "cases": 7, "KL": 7.642998611239466}
{"stage": "native_DEV_milestone", "arm": "A", "counter": 33, "durable": 33, "seconds": 1112.7970000000205, "operation": "native_DEV", "prefix": "A.actual033", "id": "broad_dev_metamathqa_50k_037", "cases": 8, "KL": 7.563029861839242}
{"stage": "native_DEV_milestone", "arm": "A", "counter": 33, "durable": 33, "seconds": 1117.5, "operation": "native_DEV", "prefix": "A.actual033", "id": "broad_dev_numina_cot_100k_038", "cases": 9, "KL": 7.01002306472382}
{"stage": "native_DEV_milestone", "arm": "A", "counter": 33, "durable": 33, "seconds": 1122.3279999999795, "operation": "native_DEV", "prefix": "A.actual033", "id": "broad_dev_numina_cot_100k_035", "cases": 10, "KL": 7.644217103477275}
{"stage": "native_DEV_milestone", "arm": "A", "counter": 33, "durable": 33, "seconds": 1128.0779999999795, "operation": "native_DEV", "prefix": "A.actual033", "id": "broad_dev_openhermes_100k_034", "cases": 11, "KL": 8.260977281334643}
{"stage": "native_DEV_milestone", "arm": "A", "counter": 33, "durable": 33, "seconds": 1132.5, "operation": "native_DEV", "prefix": "A.actual033", "id": "broad_dev_openhermes_100k_037", "cases": 12, "KL": 7.932441550923855}
{"stage": "native_DEV_milestone", "arm": "A", "counter": 33, "durable": 33, "seconds": 1137.5310000000172, "operation": "native_DEV", "prefix": "A.actual033", "id": "broad_dev_self_oss_instruct_036", "cases": 13, "KL": 8.271715569905957}
{"stage": "native_DEV_milestone", "arm": "A", "counter": 33, "durable": 33, "seconds": 1143.1560000000172, "operation": "native_DEV", "prefix": "A.actual033", "id": "broad_dev_self_oss_instruct_033", "cases": 14, "KL": 7.9333825730922936}
{"stage": "native_DEV_milestone", "arm": "A", "counter": 33, "durable": 33, "seconds": 1146.2029999999795, "operation": "native_DEV", "prefix": "A.actual033", "id": "broad_dev_smol_constraints_035", "cases": 15, "KL": 8.374350396607802}
{"stage": "native_DEV_milestone", "arm": "A", "counter": 33, "durable": 33, "seconds": 1148.9369999999763, "operation": "native_DEV", "prefix": "A.actual033", "id": "broad_dev_smol_constraints_034", "cases": 16, "KL": 8.208469429302056}
{"stage": "native_DEV_milestone", "arm": "A", "counter": 33, "durable": 33, "seconds": 1162.9220000000205, "operation": "native_DEV", "prefix": "A.actual033", "id": "broad_dev_smol_magpie_ultra_034", "cases": 17, "KL": 7.742709957081509}
{"stage": "native_DEV_milestone", "arm": "A", "counter": 33, "durable": 33, "seconds": 1186.7339999999967, "operation": "native_DEV", "prefix": "A.actual033", "id": "broad_dev_smol_magpie_ultra_036", "cases": 18, "KL": 8.25708785665091}
{"stage": "native_DEV_milestone", "arm": "A", "counter": 33, "durable": 33, "seconds": 1194.2810000000172, "operation": "native_DEV", "prefix": "A.actual033", "id": "broad_dev_smol_rewrite_036", "cases": 19, "KL": 7.831393787042669}
{"stage": "native_DEV_milestone", "arm": "A", "counter": 33, "durable": 33, "seconds": 1209.2810000000172, "operation": "native_DEV", "prefix": "A.actual033", "id": "broad_dev_smol_rewrite_032", "cases": 20, "KL": 8.788688454465692}
{"stage": "native_DEV_milestone", "arm": "A", "counter": 33, "durable": 33, "seconds": 1213.8589999999967, "operation": "native_DEV", "prefix": "A.actual033", "id": "broad_dev_smol_summarize_034", "cases": 21, "KL": 9.797929001363553}
{"stage": "native_DEV_milestone", "arm": "A", "counter": 33, "durable": 33, "seconds": 1233.625, "operation": "native_DEV", "prefix": "A.actual033", "id": "broad_dev_smol_summarize_039", "cases": 22, "KL": 8.906530254208336}
{"stage": "native_DEV_milestone", "arm": "A", "counter": 33, "durable": 33, "seconds": 1240.3589999999967, "operation": "native_DEV", "prefix": "A.actual033", "id": "broad_dev_systemchats_30k_039", "cases": 23, "KL": 7.842465190474323}
{"stage": "native_DEV_milestone", "arm": "A", "counter": 33, "durable": 33, "seconds": 1257.3279999999795, "operation": "native_DEV", "prefix": "A.actual033", "id": "broad_dev_systemchats_30k_034", "cases": 24, "KL": 7.847314130889571}
{"stage": "whole_forward", "arm": "A", "counter": 33, "durable": 33, "seconds": 1258.6560000000172, "operation": "bank_forward", "completed": 1, "total": 289, "site": 0}
{"stage": "whole_forward", "arm": "A", "counter": 33, "durable": 33, "seconds": 1269.2029999999795, "operation": "forward_complete", "new_index": 7, "id": "broad_fit_explore_instruct_rewriting_009", "KL": 6.435715198516846, "aux": 0.9191567301750183, "loss": 6.435715198516846}
{"stage": "whole_backward", "arm": "A", "counter": 33, "durable": 33, "seconds": 1273.7970000000205, "operation": "bank_forward", "completed": 65, "total": 272, "site": 4}
{"stage": "whole_backward", "arm": "A", "counter": 33, "durable": 33, "seconds": 1288.8589999999967, "operation": "bank_forward", "completed": 289, "total": 289, "site": 0}
{"stage": "update_complete", "arm": "A", "counter": 34, "durable": 33, "seconds": 1303.8439999999828, "id": "broad_fit_explore_instruct_rewriting_009", "new_index": 7, "gradient_norm": 104.51270985051168}
{"stage": "whole_forward", "arm": "A", "counter": 34, "durable": 33, "seconds": 1304.0310000000172, "operation": "bank_forward", "completed": 1, "total": 336, "site": 0}
{"stage": "whole_forward", "arm": "A", "counter": 34, "durable": 33, "seconds": 1313.0939999999828, "operation": "forward_complete", "new_index": 8, "id": "broad_fit_metamathqa_50k_015", "KL": 7.005646705627441, "aux": 0.9327359199523926, "loss": 7.005646705627441}
{"stage": "whole_backward", "arm": "A", "counter": 34, "durable": 33, "seconds": 1319.4060000000172, "operation": "bank_backward", "completed": 65, "total": 325, "site": 4}
{"stage": "whole_backward", "arm": "A", "counter": 34, "durable": 33, "seconds": 1334.5, "operation": "bank_backward", "completed": 336, "total": 336, "site": 1}
{"stage": "update_complete", "arm": "A", "counter": 35, "durable": 33, "seconds": 1353.2339999999967, "id": "broad_fit_metamathqa_50k_015", "new_index": 8, "gradient_norm": 64.68947961593756}
{"stage": "whole_forward", "arm": "A", "counter": 35, "durable": 33, "seconds": 1353.5779999999795, "operation": "bank_forward", "completed": 1, "total": 387, "site": 0}
{"stage": "whole_forward", "arm": "A", "counter": 35, "durable": 33, "seconds": 1366.0939999999828, "operation": "forward_complete", "new_index": 9, "id": "broad_fit_metamathqa_50k_023", "KL": 6.760990142822266, "aux": 0.9104666113853455, "loss": 6.760990142822266}
{"stage": "whole_backward", "arm": "A", "counter": 35, "durable": 33, "seconds": 1368.9689999999828, "operation": "bank_backward", "completed": 193, "total": 316, "site": 5}
{"stage": "whole_backward", "arm": "A", "counter": 35, "durable": 33, "seconds": 1384.0619999999763, "operation": "bank_backward", "completed": 193, "total": 364, "site": 2}
{"stage": "update_complete", "arm": "A", "counter": 36, "durable": 33, "seconds": 1409.8910000000033, "id": "broad_fit_metamathqa_50k_023", "new_index": 9, "gradient_norm": 72.8882917568485}
{"stage": "whole_forward", "arm": "A", "counter": 36, "durable": 33, "seconds": 1410.1560000000172, "operation": "bank_forward", "completed": 1, "total": 337, "site": 0}
{"stage": "whole_forward", "arm": "A", "counter": 36, "durable": 33, "seconds": 1421.4220000000205, "operation": "forward_complete", "new_index": 10, "id": "broad_fit_numina_cot_100k_015", "KL": 6.71090030670166, "aux": 0.8548674583435059, "loss": 6.71090030670166}
{"stage": "whole_backward", "arm": "A", "counter": 36, "durable": 33, "seconds": 1425.25, "operation": "bank_backward", "completed": 257, "total": 276, "site": 5}
{"stage": "whole_backward", "arm": "A", "counter": 36, "durable": 33, "seconds": 1440.2810000000172, "operation": "bank_backward", "completed": 1, "total": 325, "site": 1}
{"stage": "update_complete", "arm": "A", "counter": 37, "durable": 33, "seconds": 1460.0, "id": "broad_fit_numina_cot_100k_015", "new_index": 10, "gradient_norm": 79.09561562132669}
{"stage": "whole_forward", "arm": "A", "counter": 37, "durable": 33, "seconds": 1460.3439999999828, "operation": "bank_forward", "completed": 1, "total": 404, "site": 0}
{"stage": "whole_forward", "arm": "A", "counter": 37, "durable": 33, "seconds": 1472.3910000000033, "operation": "forward_complete", "new_index": 11, "id": "broad_fit_numina_cot_100k_016", "KL": 6.4433794021606445, "aux": 0.9100863933563232, "loss": 6.4433794021606445}
{"stage": "whole_backward", "arm": "A", "counter": 37, "durable": 33, "seconds": 1475.9529999999795, "operation": "bank_backward", "completed": 193, "total": 331, "site": 5}
{"stage": "whole_backward", "arm": "A", "counter": 37, "durable": 33, "seconds": 1491.2189999999828, "operation": "bank_backward", "completed": 129, "total": 421, "site": 2}
{"stage": "update_complete", "arm": "A", "counter": 38, "durable": 33, "seconds": 1516.5, "id": "broad_fit_numina_cot_100k_016", "new_index": 11, "gradient_norm": 63.66468687815223}
{"stage": "whole_forward", "arm": "A", "counter": 38, "durable": 33, "seconds": 1516.8119999999763, "operation": "bank_forward", "completed": 1, "total": 421, "site": 0}
{"stage": "whole_forward", "arm": "A", "counter": 38, "durable": 33, "seconds": 1527.4839999999967, "operation": "forward_complete", "new_index": 12, "id": "broad_fit_openhermes_100k_004", "KL": 5.808927536010742, "aux": 0.9096311330795288, "loss": 5.808927536010742}
{"stage": "whole_backward", "arm": "A", "counter": 38, "durable": 33, "seconds": 1532.0160000000033, "operation": "bank_forward", "completed": 1, "total": 328, "site": 4}
{"stage": "whole_backward", "arm": "A", "counter": 38, "durable": 33, "seconds": 1547.1720000000205, "operation": "bank_backward", "completed": 385, "total": 389, "site": 2}
{"stage": "update_complete", "arm": "A", "counter": 39, "durable": 33, "seconds": 1570.9839999999967, "id": "broad_fit_openhermes_100k_004", "new_index": 12, "gradient_norm": 55.770045821055064}
{"stage": "durable_snapshot", "arm": "A", "counter": 39, "durable": 39, "snapshot": {"path": "D:\\_THINGS\\Progetti\\SiliconLLM\\results\\native_expert_scaling\\original_joint_history_recovery_20261009\\A.actual039.pt", "bytes": 8652211514, "sha256": "8ff34e8987b737733660f703b84a659514c028d0303420f03d1da9569cc642f3"}, "save_seconds": 111.20299999997951}
{"stage": "native_DEV_milestone", "arm": "A", "counter": 39, "durable": 39, "seconds": 1705.0, "operation": "native_DEV", "prefix": "A.actual039", "id": "broad_dev_apigen_80k_034", "cases": 1, "KL": 5.681242089146444}
{"stage": "native_DEV_milestone", "arm": "A", "counter": 39, "durable": 39, "seconds": 1719.5779999999795, "operation": "native_DEV", "prefix": "A.actual039", "id": "broad_dev_apigen_80k_033", "cases": 2, "KL": 6.381384076215808}
{"stage": "native_DEV_milestone", "arm": "A", "counter": 39, "durable": 39, "seconds": 1727.0939999999828, "operation": "native_DEV", "prefix": "A.actual039", "id": "broad_dev_everyday_conversations_036", "cases": 3, "KL": 7.0902861906086985}
{"stage": "native_DEV_milestone", "arm": "A", "counter": 39, "durable": 39, "seconds": 1732.9839999999967, "operation": "native_DEV", "prefix": "A.actual039", "id": "broad_dev_everyday_conversations_033", "cases": 4, "KL": 6.912984413933191}
{"stage": "native_DEV_milestone", "arm": "A", "counter": 39, "durable": 39, "seconds": 1736.0939999999828, "operation": "native_DEV", "prefix": "A.actual039", "id": "broad_dev_explore_instruct_rewriting_035", "cases": 5, "KL": 8.046486848970892}
{"stage": "native_DEV_milestone", "arm": "A", "counter": 39, "durable": 39, "seconds": 1745.1869999999763, "operation": "native_DEV", "prefix": "A.actual039", "id": "broad_dev_explore_instruct_rewriting_038", "cases": 6, "KL": 7.479378892727336}
{"stage": "native_DEV_milestone", "arm": "A", "counter": 39, "durable": 39, "seconds": 1750.4839999999967, "operation": "native_DEV", "prefix": "A.actual039", "id": "broad_dev_metamathqa_50k_035", "cases": 7, "KL": 6.277361826128433}
{"stage": "native_DEV_milestone", "arm": "A", "counter": 39, "durable": 39, "seconds": 1756.9220000000205, "operation": "native_DEV", "prefix": "A.actual039", "id": "broad_dev_metamathqa_50k_037", "cases": 8, "KL": 6.381317508389717}
{"stage": "native_DEV_milestone", "arm": "A", "counter": 39, "durable": 39, "seconds": 1764.7189999999828, "operation": "native_DEV", "prefix": "A.actual039", "id": "broad_dev_numina_cot_100k_038", "cases": 9, "KL": 5.091118312992643}
{"stage": "native_DEV_milestone", "arm": "A", "counter": 39, "durable": 39, "seconds": 1774.6869999999763, "operation": "native_DEV", "prefix": "A.actual039", "id": "broad_dev_numina_cot_100k_035", "cases": 10, "KL": 6.2604671189212615}
{"stage": "native_DEV_milestone", "arm": "A", "counter": 39, "durable": 39, "seconds": 1779.5619999999763, "operation": "native_DEV", "prefix": "A.actual039", "id": "broad_dev_openhermes_100k_034", "cases": 11, "KL": 7.806052804565052}
{"stage": "native_DEV_milestone", "arm": "A", "counter": 39, "durable": 39, "seconds": 1786.4369999999763, "operation": "native_DEV", "prefix": "A.actual039", "id": "broad_dev_openhermes_100k_037", "cases": 12, "KL": 7.190276732888314}
{"stage": "native_DEV_milestone", "arm": "A", "counter": 39, "durable": 39, "seconds": 1796.2810000000172, "operation": "native_DEV", "prefix": "A.actual039", "id": "broad_dev_self_oss_instruct_036", "cases": 13, "KL": 7.338486099761817}
{"stage": "native_DEV_milestone", "arm": "A", "counter": 39, "durable": 39, "seconds": 1803.1089999999967, "operation": "native_DEV", "prefix": "A.actual039", "id": "broad_dev_self_oss_instruct_033", "cases": 14, "KL": 7.188491374293656}
{"stage": "native_DEV_milestone", "arm": "A", "counter": 39, "durable": 39, "seconds": 1807.4369999999763, "operation": "native_DEV", "prefix": "A.actual039", "id": "broad_dev_smol_constraints_035", "cases": 15, "KL": 7.8387577717503465}
{"stage": "native_DEV_milestone", "arm": "A", "counter": 39, "durable": 39, "seconds": 1810.6869999999763, "operation": "native_DEV", "prefix": "A.actual039", "id": "broad_dev_smol_constraints_034", "cases": 16, "KL": 7.55790035580176}
{"stage": "native_DEV_milestone", "arm": "A", "counter": 39, "durable": 39, "seconds": 1835.6720000000205, "operation": "native_DEV", "prefix": "A.actual039", "id": "broad_dev_smol_magpie_ultra_034", "cases": 17, "KL": 7.1502604994610675}
{"stage": "native_DEV_milestone", "arm": "A", "counter": 39, "durable": 39, "seconds": 1855.5310000000172, "operation": "native_DEV", "prefix": "A.actual039", "id": "broad_dev_smol_magpie_ultra_036", "cases": 18, "KL": 7.7827826950786845}
{"stage": "native_DEV_milestone", "arm": "A", "counter": 39, "durable": 39, "seconds": 1861.1089999999967, "operation": "native_DEV", "prefix": "A.actual039", "id": "broad_dev_smol_rewrite_036", "cases": 19, "KL": 7.0025577063902}
{"stage": "native_DEV_milestone", "arm": "A", "counter": 39, "durable": 39, "seconds": 1869.125, "operation": "native_DEV", "prefix": "A.actual039", "id": "broad_dev_smol_rewrite_032", "cases": 20, "KL": 8.204789587442226}
{"stage": "native_DEV_milestone", "arm": "A", "counter": 39, "durable": 39, "seconds": 1873.5779999999795, "operation": "native_DEV", "prefix": "A.actual039", "id": "broad_dev_smol_summarize_034", "cases": 21, "KL": 9.285511351748458}
{"stage": "native_DEV_milestone", "arm": "A", "counter": 39, "durable": 39, "seconds": 1884.7970000000205, "operation": "native_DEV", "prefix": "A.actual039", "id": "broad_dev_smol_summarize_039", "cases": 22, "KL": 8.58341325916038}
{"stage": "native_DEV_milestone", "arm": "A", "counter": 39, "durable": 39, "seconds": 1891.9220000000205, "operation": "native_DEV", "prefix": "A.actual039", "id": "broad_dev_systemchats_30k_039", "cases": 23, "KL": 7.2945249388624696}
{"stage": "native_DEV_milestone", "arm": "A", "counter": 39, "durable": 39, "seconds": 1906.7970000000205, "operation": "native_DEV", "prefix": "A.actual039", "id": "broad_dev_systemchats_30k_034", "cases": 24, "KL": 6.936945169649734}
{"stage": "whole_forward", "arm": "A", "counter": 39, "durable": 39, "seconds": 1908.8439999999828, "operation": "bank_forward", "completed": 1, "total": 414, "site": 0}
{"stage": "whole_forward", "arm": "A", "counter": 39, "durable": 39, "seconds": 1920.9369999999763, "operation": "forward_complete", "new_index": 13, "id": "broad_fit_openhermes_100k_028", "KL": 6.5044989585876465, "aux": 0.8957858085632324, "loss": 6.5044989585876465}
{"stage": "whole_backward", "arm": "A", "counter": 39, "durable": 39, "seconds": 1924.6410000000033, "operation": "bank_backward", "completed": 193, "total": 292, "site": 5}
{"stage": "whole_backward", "arm": "A", "counter": 39, "durable": 39, "seconds": 1939.75, "operation": "bank_backward", "completed": 193, "total": 414, "site": 2}
{"stage": "update_complete", "arm": "A", "counter": 40, "durable": 39, "seconds": 1966.1410000000033, "id": "broad_fit_openhermes_100k_028", "new_index": 13, "gradient_norm": 70.3520241640158}
{"stage": "whole_forward", "arm": "A", "counter": 40, "durable": 39, "seconds": 1966.625, "operation": "bank_forward", "completed": 1, "total": 458, "site": 0}
{"stage": "whole_forward", "arm": "A", "counter": 40, "durable": 39, "seconds": 1979.3279999999795, "operation": "forward_complete", "new_index": 14, "id": "broad_fit_self_oss_instruct_006", "KL": 6.492088794708252, "aux": 0.8913904428482056, "loss": 6.492088794708252}
{"stage": "whole_backward", "arm": "A", "counter": 40, "durable": 39, "seconds": 1981.6869999999763, "operation": "bank_backward", "completed": 65, "total": 329, "site": 5}
{"stage": "whole_backward", "arm": "A", "counter": 40, "durable": 39, "seconds": 1996.75, "operation": "bank_forward", "completed": 65, "total": 459, "site": 2}
{"stage": "whole_backward", "arm": "A", "counter": 40, "durable": 39, "seconds": 2011.875, "operation": "bank_backward", "completed": 1, "total": 458, "site": 0}
{"stage": "update_complete", "arm": "A", "counter": 41, "durable": 39, "seconds": 2028.6869999999763, "id": "broad_fit_self_oss_instruct_006", "new_index": 14, "gradient_norm": 61.933736328483896}
{"stage": "whole_forward", "arm": "A", "counter": 41, "durable": 39, "seconds": 2028.9839999999967, "operation": "bank_forward", "completed": 1, "total": 416, "site": 0}
{"stage": "whole_forward", "arm": "A", "counter": 41, "durable": 39, "seconds": 2040.8910000000033, "operation": "forward_complete", "new_index": 15, "id": "broad_fit_self_oss_instruct_012", "KL": 6.799213409423828, "aux": 0.8353809118270874, "loss": 6.799213409423828}
{"stage": "whole_backward", "arm": "A", "counter": 41, "durable": 39, "seconds": 2044.0779999999795, "operation": "bank_backward", "completed": 193, "total": 283, "site": 5}
{"stage": "whole_backward", "arm": "A", "counter": 41, "durable": 39, "seconds": 2059.4369999999763, "operation": "bank_backward", "completed": 257, "total": 440, "site": 2}
{"stage": "update_complete", "arm": "A", "counter": 42, "durable": 39, "seconds": 2085.0, "id": "broad_fit_self_oss_instruct_012", "new_index": 15, "gradient_norm": 70.68688383280066}
{"stage": "whole_forward", "arm": "A", "counter": 42, "durable": 39, "seconds": 2085.2810000000172, "operation": "bank_forward", "completed": 1, "total": 482, "site": 0}
{"stage": "whole_forward", "arm": "A", "counter": 42, "durable": 39, "seconds": 2098.0470000000205, "operation": "forward_complete", "new_index": 16, "id": "broad_fit_smol_constraints_005", "KL": 6.621821403503418, "aux": 0.8604148626327515, "loss": 6.621821403503418}
{"stage": "whole_backward", "arm": "A", "counter": 42, "durable": 39, "seconds": 2100.9689999999828, "operation": "bank_backward", "completed": 65, "total": 320, "site": 5}
{"stage": "whole_backward", "arm": "A", "counter": 42, "durable": 39, "seconds": 2116.3279999999795, "operation": "bank_backward", "completed": 129, "total": 478, "site": 2}
{"stage": "update_complete", "arm": "A", "counter": 43, "durable": 39, "seconds": 2143.5470000000205, "id": "broad_fit_smol_constraints_005", "new_index": 16, "gradient_norm": 59.54722903924557}
{"stage": "whole_forward", "arm": "A", "counter": 43, "durable": 39, "seconds": 2143.8589999999967, "operation": "bank_forward", "completed": 1, "total": 491, "site": 0}
{"stage": "whole_forward", "arm": "A", "counter": 43, "durable": 39, "seconds": 2156.8439999999828, "operation": "forward_complete", "new_index": 17, "id": "broad_fit_smol_constraints_021", "KL": 6.664844036102295, "aux": 0.8244051337242126, "loss": 6.664844036102295}
{"stage": "whole_backward", "arm": "A", "counter": 43, "durable": 39, "seconds": 2158.9220000000205, "operation": "bank_backward", "completed": 65, "total": 284, "site": 5}
{"stage": "whole_backward", "arm": "A", "counter": 43, "durable": 39, "seconds": 2174.0779999999795, "operation": "bank_forward", "completed": 488, "total": 488, "site": 2}
{"stage": "whole_backward", "arm": "A", "counter": 43, "durable": 39, "seconds": 2189.3589999999967, "operation": "bank_backward", "completed": 257, "total": 491, "site": 0}
{"stage": "update_complete", "arm": "A", "counter": 44, "durable": 39, "seconds": 2204.7189999999828, "id": "broad_fit_smol_constraints_021", "new_index": 17, "gradient_norm": 53.09729415275953}
{"stage": "whole_forward", "arm": "A", "counter": 44, "durable": 39, "seconds": 2205.3589999999967, "operation": "bank_forward", "completed": 1, "total": 616, "site": 0}
{"stage": "whole_forward", "arm": "A", "counter": 44, "durable": 39, "seconds": 2220.5160000000033, "operation": "bank_forward", "completed": 257, "total": 439, "site": 4}
{"stage": "whole_forward", "arm": "A", "counter": 44, "durable": 39, "seconds": 2223.5, "operation": "forward_complete", "new_index": 18, "id": "broad_fit_smol_magpie_ultra_000", "KL": 6.584033012390137, "aux": 0.8321752548217773, "loss": 6.584033012390137}
{"stage": "whole_backward", "arm": "A", "counter": 44, "durable": 39, "seconds": 2236.875, "operation": "bank_forward", "completed": 1, "total": 591, "site": 3}
{"stage": "whole_backward", "arm": "A", "counter": 44, "durable": 39, "seconds": 2252.2029999999795, "operation": "bank_backward", "completed": 385, "total": 631, "site": 2}
{"stage": "whole_backward", "arm": "A", "counter": 44, "durable": 39, "seconds": 2267.5, "operation": "bank_forward", "completed": 193, "total": 616, "site": 0}
{"stage": "update_complete", "arm": "A", "counter": 45, "durable": 39, "seconds": 2289.0939999999828, "id": "broad_fit_smol_magpie_ultra_000", "new_index": 18, "gradient_norm": 59.060663556886595}
{"stage": "whole_forward", "arm": "A", "counter": 45, "durable": 39, "seconds": 2289.3589999999967, "operation": "bank_forward", "completed": 1, "total": 471, "site": 0}
{"stage": "whole_forward", "arm": "A", "counter": 45, "durable": 39, "seconds": 2300.7810000000172, "operation": "forward_complete", "new_index": 19, "id": "broad_fit_smol_rewrite_004", "KL": 5.808908462524414, "aux": 0.8486320376396179, "loss": 5.808908462524414}
{"stage": "whole_backward", "arm": "A", "counter": 45, "durable": 39, "seconds": 2304.7810000000172, "operation": "bank_backward", "completed": 257, "total": 257, "site": 5}
{"stage": "whole_backward", "arm": "A", "counter": 45, "durable": 39, "seconds": 2320.2189999999828, "operation": "bank_backward", "completed": 385, "total": 440, "site": 2}
{"stage": "update_complete", "arm": "A", "counter": 46, "durable": 39, "seconds": 2344.6560000000172, "id": "broad_fit_smol_rewrite_004", "new_index": 19, "gradient_norm": 51.97161436239338}
{"stage": "whole_forward", "arm": "A", "counter": 46, "durable": 39, "seconds": 2345.0470000000205, "operation": "bank_forward", "completed": 1, "total": 573, "site": 0}
{"stage": "whole_forward", "arm": "A", "counter": 46, "durable": 39, "seconds": 2360.3279999999795, "operation": "bank_forward", "completed": 129, "total": 394, "site": 5}
{"stage": "whole_forward", "arm": "A", "counter": 46, "durable": 39, "seconds": 2361.7660000000033, "operation": "forward_complete", "new_index": 20, "id": "broad_fit_smol_rewrite_015", "KL": 6.795547962188721, "aux": 0.783195972442627, "loss": 6.795547962188721}
{"stage": "whole_backward", "arm": "A", "counter": 46, "durable": 39, "seconds": 2375.5939999999828, "operation": "bank_forward", "completed": 257, "total": 587, "site": 3}
{"stage": "whole_backward", "arm": "A", "counter": 46, "durable": 39, "seconds": 2390.625, "operation": "bank_backward", "completed": 577, "total": 641, "site": 2}
{"stage": "whole_backward", "arm": "A", "counter": 46, "durable": 39, "seconds": 2405.6720000000205, "operation": "bank_backward", "completed": 257, "total": 573, "site": 0}
{"stage": "update_complete", "arm": "A", "counter": 47, "durable": 39, "seconds": 2421.1720000000205, "id": "broad_fit_smol_rewrite_015", "new_index": 20, "gradient_norm": 40.246772648636096}
{"stage": "whole_forward", "arm": "A", "counter": 47, "durable": 39, "seconds": 2421.625, "operation": "bank_forward", "completed": 1, "total": 583, "site": 0}
{"stage": "whole_forward", "arm": "A", "counter": 47, "durable": 39, "seconds": 2436.7970000000205, "operation": "bank_forward", "completed": 193, "total": 414, "site": 5}
{"stage": "whole_forward", "arm": "A", "counter": 47, "durable": 39, "seconds": 2437.875, "operation": "forward_complete", "new_index": 21, "id": "broad_fit_smol_summarize_003", "KL": 7.3149213790893555, "aux": 0.8378729820251465, "loss": 7.3149213790893555}
{"stage": "whole_backward", "arm": "A", "counter": 47, "durable": 39, "seconds": 2453.1089999999967, "operation": "bank_forward", "completed": 1, "total": 591, "site": 3}
{"stage": "whole_backward", "arm": "A", "counter": 47, "durable": 39, "seconds": 2468.5160000000033, "operation": "bank_backward", "completed": 449, "total": 636, "site": 2}
{"stage": "whole_backward", "arm": "A", "counter": 47, "durable": 39, "seconds": 2483.8589999999967, "operation": "bank_backward", "completed": 65, "total": 583, "site": 0}
{"stage": "update_complete", "arm": "A", "counter": 48, "durable": 39, "seconds": 2501.75, "id": "broad_fit_smol_summarize_003", "new_index": 21, "gradient_norm": 52.5062885079507}
{"stage": "whole_forward", "arm": "A", "counter": 48, "durable": 39, "seconds": 2501.9689999999828, "operation": "bank_forward", "completed": 1, "total": 515, "site": 0}
{"stage": "whole_forward", "arm": "A", "counter": 48, "durable": 39, "seconds": 2514.0, "operation": "forward_complete", "new_index": 22, "id": "broad_fit_smol_summarize_024", "KL": 6.024142742156982, "aux": 0.8244397044181824, "loss": 6.024142742156982}
{"stage": "whole_backward", "arm": "A", "counter": 48, "durable": 39, "seconds": 2517.7810000000172, "operation": "bank_backward", "completed": 193, "total": 274, "site": 5}
{"stage": "whole_backward", "arm": "A", "counter": 48, "durable": 39, "seconds": 2533.0160000000033, "operation": "bank_backward", "completed": 321, "total": 491, "site": 2}
{"stage": "whole_backward", "arm": "A", "counter": 48, "durable": 39, "seconds": 2548.0619999999763, "operation": "bank_backward", "completed": 513, "total": 515, "site": 0}
{"stage": "update_complete", "arm": "A", "counter": 49, "durable": 39, "seconds": 2562.5, "id": "broad_fit_smol_summarize_024", "new_index": 22, "gradient_norm": 53.509670727589395}
{"stage": "whole_forward", "arm": "A", "counter": 49, "durable": 39, "seconds": 2563.125, "operation": "bank_forward", "completed": 1, "total": 563, "site": 0}
{"stage": "whole_forward", "arm": "A", "counter": 49, "durable": 39, "seconds": 2578.3910000000033, "operation": "bank_forward", "completed": 257, "total": 395, "site": 4}
{"stage": "whole_forward", "arm": "A", "counter": 49, "durable": 39, "seconds": 2581.1089999999967, "operation": "forward_complete", "new_index": 23, "id": "broad_fit_systemchats_30k_010", "KL": 6.452346324920654, "aux": 0.8375186324119568, "loss": 6.452346324920654}
{"stage": "whole_backward", "arm": "A", "counter": 49, "durable": 39, "seconds": 2594.4220000000205, "operation": "bank_forward", "completed": 1, "total": 493, "site": 3}
{"stage": "whole_backward", "arm": "A", "counter": 49, "durable": 39, "seconds": 2609.5160000000033, "operation": "bank_backward", "completed": 559, "total": 559, "site": 2}
{"stage": "whole_backward", "arm": "A", "counter": 49, "durable": 39, "seconds": 2624.6560000000172, "operation": "bank_backward", "completed": 129, "total": 563, "site": 0}
{"stage": "update_complete", "arm": "A", "counter": 50, "durable": 39, "seconds": 2643.5939999999828, "id": "broad_fit_systemchats_30k_010", "new_index": 23, "gradient_norm": 52.9410730320318}
{"stage": "whole_forward", "arm": "A", "counter": 50, "durable": 39, "seconds": 2643.9529999999795, "operation": "bank_forward", "completed": 1, "total": 545, "site": 0}
{"stage": "whole_forward", "arm": "A", "counter": 50, "durable": 39, "seconds": 2658.3910000000033, "operation": "forward_complete", "new_index": 24, "id": "broad_fit_systemchats_30k_024", "KL": 6.057960510253906, "aux": 0.8353489637374878, "loss": 6.057960510253906}
{"stage": "whole_backward", "arm": "A", "counter": 50, "durable": 39, "seconds": 2659.1869999999763, "operation": "bank_forward", "completed": 193, "total": 321, "site": 5}
{"stage": "whole_backward", "arm": "A", "counter": 50, "durable": 39, "seconds": 2674.4220000000205, "operation": "bank_forward", "completed": 257, "total": 529, "site": 2}
{"stage": "whole_backward", "arm": "A", "counter": 50, "durable": 39, "seconds": 2689.625, "operation": "bank_forward", "completed": 513, "total": 545, "site": 0}
{"stage": "update_complete", "arm": "A", "counter": 51, "durable": 39, "seconds": 2706.3279999999795, "id": "broad_fit_systemchats_30k_024", "new_index": 24, "gradient_norm": 33.3543362786917}
{"stage": "durable_snapshot", "arm": "A", "counter": 51, "durable": 51, "snapshot": {"path": "D:\\_THINGS\\Progetti\\SiliconLLM\\results\\native_expert_scaling\\original_joint_history_recovery_20261009\\A.actual051.pt", "bytes": 8652211962, "sha256": "b1ea18191f65fbd7281a1cb835a94aebf369b923a85c66479d8fcb0c45b0e876"}, "save_seconds": 116.54700000002049}
{"stage": "native_DEV_milestone", "arm": "A", "counter": 51, "durable": 51, "seconds": 2845.8910000000033, "operation": "native_DEV", "prefix": "A.actual051", "id": "broad_dev_apigen_80k_034", "cases": 1, "KL": 5.587258978081198}
{"stage": "native_DEV_milestone", "arm": "A", "counter": 51, "durable": 51, "seconds": 2861.4220000000205, "operation": "native_DEV", "prefix": "A.actual051", "id": "broad_dev_apigen_80k_033", "cases": 2, "KL": 6.240083501445787}
{"stage": "native_DEV_milestone", "arm": "A", "counter": 51, "durable": 51, "seconds": 2865.8279999999795, "operation": "native_DEV", "prefix": "A.actual051", "id": "broad_dev_everyday_conversations_036", "cases": 3, "KL": 6.30729760945859}
{"stage": "native_DEV_milestone", "arm": "A", "counter": 51, "durable": 51, "seconds": 2874.25, "operation": "native_DEV", "prefix": "A.actual051", "id": "broad_dev_everyday_conversations_033", "cases": 4, "KL": 6.279053441741996}
{"stage": "native_DEV_milestone", "arm": "A", "counter": 51, "durable": 51, "seconds": 2875.9529999999795, "operation": "native_DEV", "prefix": "A.actual051", "id": "broad_dev_explore_instruct_rewriting_035", "cases": 5, "KL": 7.234447610304147}
{"stage": "native_DEV_milestone", "arm": "A", "counter": 51, "durable": 51, "seconds": 2882.1410000000033, "operation": "native_DEV", "prefix": "A.actual051", "id": "broad_dev_explore_instruct_rewriting_038", "cases": 6, "KL": 6.88724857748145}
{"stage": "native_DEV_milestone", "arm": "A", "counter": 51, "durable": 51, "seconds": 2886.7660000000033, "operation": "native_DEV", "prefix": "A.actual051", "id": "broad_dev_metamathqa_50k_035", "cases": 7, "KL": 5.608380220750565}
{"stage": "native_DEV_milestone", "arm": "A", "counter": 51, "durable": 51, "seconds": 2892.0619999999763, "operation": "native_DEV", "prefix": "A.actual051", "id": "broad_dev_metamathqa_50k_037", "cases": 8, "KL": 5.477290347975428}
{"stage": "native_DEV_milestone", "arm": "A", "counter": 51, "durable": 51, "seconds": 2896.8439999999828, "operation": "native_DEV", "prefix": "A.actual051", "id": "broad_dev_numina_cot_100k_038", "cases": 9, "KL": 4.458179812269568}
{"stage": "native_DEV_milestone", "arm": "A", "counter": 51, "durable": 51, "seconds": 2905.9369999999763, "operation": "native_DEV", "prefix": "A.actual051", "id": "broad_dev_numina_cot_100k_035", "cases": 10, "KL": 5.637491072958522}
{"stage": "native_DEV_milestone", "arm": "A", "counter": 51, "durable": 51, "seconds": 2910.6089999999967, "operation": "native_DEV", "prefix": "A.actual051", "id": "broad_dev_openhermes_100k_034", "cases": 11, "KL": 7.243597819618461}
{"stage": "native_DEV_milestone", "arm": "A", "counter": 51, "durable": 51, "seconds": 2916.9529999999795, "operation": "native_DEV", "prefix": "A.actual051", "id": "broad_dev_openhermes_100k_037", "cases": 12, "KL": 6.415600070634602}
{"stage": "native_DEV_milestone", "arm": "A", "counter": 51, "durable": 51, "seconds": 2925.2029999999795, "operation": "native_DEV", "prefix": "A.actual051", "id": "broad_dev_self_oss_instruct_036", "cases": 13, "KL": 6.657102239465202}
{"stage": "native_DEV_milestone", "arm": "A", "counter": 51, "durable": 51, "seconds": 2932.0779999999795, "operation": "native_DEV", "prefix": "A.actual051", "id": "broad_dev_self_oss_instruct_033", "cases": 14, "KL": 6.154175537867278}
{"stage": "native_DEV_milestone", "arm": "A", "counter": 51, "durable": 51, "seconds": 2935.625, "operation": "native_DEV", "prefix": "A.actual051", "id": "broad_dev_smol_constraints_035", "cases": 15, "KL": 7.109239932612398}
{"stage": "native_DEV_milestone", "arm": "A", "counter": 51, "durable": 51, "seconds": 2939.2339999999967, "operation": "native_DEV", "prefix": "A.actual051", "id": "broad_dev_smol_constraints_034", "cases": 16, "KL": 7.074498628699862}
{"stage": "native_DEV_milestone", "arm": "A", "counter": 51, "durable": 51, "seconds": 2958.6720000000205, "operation": "native_DEV", "prefix": "A.actual051", "id": "broad_dev_smol_magpie_ultra_034", "cases": 17, "KL": 6.52374834655488}
{"stage": "native_DEV_milestone", "arm": "A", "counter": 51, "durable": 51, "seconds": 2981.8589999999967, "operation": "native_DEV", "prefix": "A.actual051", "id": "broad_dev_smol_magpie_ultra_036", "cases": 18, "KL": 7.216633651132796}
{"stage": "native_DEV_milestone", "arm": "A", "counter": 51, "durable": 51, "seconds": 2988.0470000000205, "operation": "native_DEV", "prefix": "A.actual051", "id": "broad_dev_smol_rewrite_036", "cases": 19, "KL": 6.028512152435036}
{"stage": "native_DEV_milestone", "arm": "A", "counter": 51, "durable": 51, "seconds": 2998.2189999999828, "operation": "native_DEV", "prefix": "A.actual051", "id": "broad_dev_smol_rewrite_032", "cases": 20, "KL": 7.451433320842142}
{"stage": "native_DEV_milestone", "arm": "A", "counter": 51, "durable": 51, "seconds": 3002.25, "operation": "native_DEV", "prefix": "A.actual051", "id": "broad_dev_smol_summarize_034", "cases": 21, "KL": 8.194605717355692}
{"stage": "native_DEV_milestone", "arm": "A", "counter": 51, "durable": 51, "seconds": 3019.0779999999795, "operation": "native_DEV", "prefix": "A.actual051", "id": "broad_dev_smol_summarize_039", "cases": 22, "KL": 7.8598138692080886}
{"stage": "native_DEV_milestone", "arm": "A", "counter": 51, "durable": 51, "seconds": 3023.7029999999795, "operation": "native_DEV", "prefix": "A.actual051", "id": "broad_dev_systemchats_30k_039", "cases": 23, "KL": 6.680249199372324}
{"stage": "native_DEV_milestone", "arm": "A", "counter": 51, "durable": 51, "seconds": 3035.1089999999967, "operation": "native_DEV", "prefix": "A.actual051", "id": "broad_dev_systemchats_30k_034", "cases": 24, "KL": 6.137432786844929}
{"stage": "final_auxiliary_DEV", "arm": "A", "counter": 51, "durable": 51, "seconds": 3036.8279999999795, "operation": "bank_forward", "completed": 1, "total": 490, "site": 0}
{"stage": "final_auxiliary_DEV", "arm": "A", "counter": 51, "durable": 51, "seconds": 3051.1720000000205, "operation": "auxiliary_DEV", "prefix": "A.final", "id": "broad_dev_apigen_80k_034", "cases": 1}
{"stage": "final_auxiliary_DEV", "arm": "A", "counter": 51, "durable": 51, "seconds": 3052.0470000000205, "operation": "bank_forward", "completed": 65, "total": 578, "site": 0}
{"stage": "final_auxiliary_DEV", "arm": "A", "counter": 51, "durable": 51, "seconds": 3067.1410000000033, "operation": "bank_forward", "completed": 193, "total": 396, "site": 5}
{"stage": "final_auxiliary_DEV", "arm": "A", "counter": 51, "durable": 51, "seconds": 3068.3589999999967, "operation": "auxiliary_DEV", "prefix": "A.final", "id": "broad_dev_apigen_80k_033", "cases": 2}
{"stage": "final_auxiliary_DEV", "arm": "A", "counter": 51, "durable": 51, "seconds": 3078.9369999999763, "operation": "auxiliary_DEV", "prefix": "A.final", "id": "broad_dev_everyday_conversations_036", "cases": 3}
{"stage": "final_auxiliary_DEV", "arm": "A", "counter": 51, "durable": 51, "seconds": 3082.3279999999795, "operation": "bank_forward", "completed": 385, "total": 548, "site": 0}
{"stage": "final_auxiliary_DEV", "arm": "A", "counter": 51, "durable": 51, "seconds": 3095.0779999999795, "operation": "auxiliary_DEV", "prefix": "A.final", "id": "broad_dev_everyday_conversations_033", "cases": 4}
{"stage": "final_auxiliary_DEV", "arm": "A", "counter": 51, "durable": 51, "seconds": 3097.5310000000172, "operation": "bank_forward", "completed": 175, "total": 175, "site": 1}
{"stage": "final_auxiliary_DEV", "arm": "A", "counter": 51, "durable": 51, "seconds": 3101.5619999999763, "operation": "auxiliary_DEV", "prefix": "A.final", "id": "broad_dev_explore_instruct_rewriting_035", "cases": 5}
{"stage": "final_auxiliary_DEV", "arm": "A", "counter": 51, "durable": 51, "seconds": 3112.7339999999967, "operation": "bank_forward", "completed": 257, "total": 455, "site": 3}
{"stage": "final_auxiliary_DEV", "arm": "A", "counter": 51, "durable": 51, "seconds": 3118.6720000000205, "operation": "auxiliary_DEV", "prefix": "A.final", "id": "broad_dev_explore_instruct_rewriting_038", "cases": 6}
{"stage": "final_auxiliary_DEV", "arm": "A", "counter": 51, "durable": 51, "seconds": 3128.1869999999763, "operation": "auxiliary_DEV", "prefix": "A.final", "id": "broad_dev_metamathqa_50k_035", "cases": 7}
{"stage": "final_auxiliary_DEV", "arm": "A", "counter": 51, "durable": 51, "seconds": 3128.5160000000033, "operation": "bank_forward", "completed": 1, "total": 449, "site": 0}
{"stage": "final_auxiliary_DEV", "arm": "A", "counter": 51, "durable": 51, "seconds": 3184.9060000000172, "operation": "bank_forward", "completed": 1, "total": 379, "site": 3}
{"stage": "final_auxiliary_DEV", "arm": "A", "counter": 51, "durable": 51, "seconds": 3191.7339999999967, "operation": "auxiliary_DEV", "prefix": "A.final", "id": "broad_dev_metamathqa_50k_037", "cases": 8}
{"stage": "final_auxiliary_DEV", "arm": "A", "counter": 51, "durable": 51, "seconds": 3200.0939999999828, "operation": "bank_forward", "completed": 129, "total": 208, "site": 4}
{"stage": "final_auxiliary_DEV", "arm": "A", "counter": 51, "durable": 51, "seconds": 3201.5, "operation": "auxiliary_DEV", "prefix": "A.final", "id": "broad_dev_numina_cot_100k_038", "cases": 9}
{"stage": "final_auxiliary_DEV", "arm": "A", "counter": 51, "durable": 51, "seconds": 3213.5310000000172, "operation": "auxiliary_DEV", "prefix": "A.final", "id": "broad_dev_numina_cot_100k_035", "cases": 10}
{"stage": "final_auxiliary_DEV", "arm": "A", "counter": 51, "durable": 51, "seconds": 3215.3589999999967, "operation": "bank_forward", "completed": 193, "total": 511, "site": 0}
{"stage": "final_auxiliary_DEV", "arm": "A", "counter": 51, "durable": 51, "seconds": 3228.375, "operation": "auxiliary_DEV", "prefix": "A.final", "id": "broad_dev_openhermes_100k_034", "cases": 11}
{"stage": "final_auxiliary_DEV", "arm": "A", "counter": 51, "durable": 51, "seconds": 3230.875, "operation": "bank_forward", "completed": 321, "total": 488, "site": 0}
{"stage": "final_auxiliary_DEV", "arm": "A", "counter": 51, "durable": 51, "seconds": 3241.75, "operation": "auxiliary_DEV", "prefix": "A.final", "id": "broad_dev_openhermes_100k_037", "cases": 12}
{"stage": "final_auxiliary_DEV", "arm": "A", "counter": 51, "durable": 51, "seconds": 3246.1089999999967, "operation": "bank_forward", "completed": 321, "total": 377, "site": 1}
{"stage": "final_auxiliary_DEV", "arm": "A", "counter": 51, "durable": 51, "seconds": 3253.3439999999828, "operation": "auxiliary_DEV", "prefix": "A.final", "id": "broad_dev_self_oss_instruct_036", "cases": 13}
{"stage": "final_auxiliary_DEV", "arm": "A", "counter": 51, "durable": 51, "seconds": 3261.4220000000205, "operation": "bank_forward", "completed": 321, "total": 365, "site": 3}
{"stage": "final_auxiliary_DEV", "arm": "A", "counter": 51, "durable": 51, "seconds": 3265.8119999999763, "operation": "auxiliary_DEV", "prefix": "A.final", "id": "broad_dev_self_oss_instruct_033", "cases": 14}
{"stage": "final_auxiliary_DEV", "arm": "A", "counter": 51, "durable": 51, "seconds": 3275.6410000000033, "operation": "auxiliary_DEV", "prefix": "A.final", "id": "broad_dev_smol_constraints_035", "cases": 15}
{"stage": "final_auxiliary_DEV", "arm": "A", "counter": 51, "durable": 51, "seconds": 3276.7970000000205, "operation": "bank_forward", "completed": 193, "total": 407, "site": 0}
{"stage": "final_auxiliary_DEV", "arm": "A", "counter": 51, "durable": 51, "seconds": 3286.8589999999967, "operation": "auxiliary_DEV", "prefix": "A.final", "id": "broad_dev_smol_constraints_034", "cases": 16}
{"stage": "final_auxiliary_DEV", "arm": "A", "counter": 51, "durable": 51, "seconds": 3291.875, "operation": "bank_forward", "completed": 1, "total": 738, "site": 1}
{"stage": "final_auxiliary_DEV", "arm": "A", "counter": 51, "durable": 51, "seconds": 3306.9839999999967, "operation": "bank_forward", "completed": 257, "total": 428, "site": 5}
{"stage": "final_auxiliary_DEV", "arm": "A", "counter": 51, "durable": 51, "seconds": 3308.2660000000033, "operation": "auxiliary_DEV", "prefix": "A.final", "id": "broad_dev_smol_magpie_ultra_034", "cases": 17}
{"stage": "final_auxiliary_DEV", "arm": "A", "counter": 51, "durable": 51, "seconds": 3322.2660000000033, "operation": "bank_forward", "completed": 257, "total": 688, "site": 3}
{"stage": "final_auxiliary_DEV", "arm": "A", "counter": 51, "durable": 51, "seconds": 3330.4689999999828, "operation": "auxiliary_DEV", "prefix": "A.final", "id": "broad_dev_smol_magpie_ultra_036", "cases": 18}
{"stage": "final_auxiliary_DEV", "arm": "A", "counter": 51, "durable": 51, "seconds": 3337.5160000000033, "operation": "bank_forward", "completed": 385, "total": 486, "site": 2}
{"stage": "final_auxiliary_DEV", "arm": "A", "counter": 51, "durable": 51, "seconds": 3344.6869999999763, "operation": "auxiliary_DEV", "prefix": "A.final", "id": "broad_dev_smol_rewrite_036", "cases": 19}
{"stage": "final_auxiliary_DEV", "arm": "A", "counter": 51, "durable": 51, "seconds": 3352.7970000000205, "operation": "bank_forward", "completed": 385, "total": 570, "site": 2}
{"stage": "final_auxiliary_DEV", "arm": "A", "counter": 51, "durable": 51, "seconds": 3362.3910000000033, "operation": "auxiliary_DEV", "prefix": "A.final", "id": "broad_dev_smol_rewrite_032", "cases": 20}
{"stage": "final_auxiliary_DEV", "arm": "A", "counter": 51, "durable": 51, "seconds": 3368.2029999999795, "operation": "bank_forward", "completed": 385, "total": 486, "site": 1}
{"stage": "final_auxiliary_DEV", "arm": "A", "counter": 51, "durable": 51, "seconds": 3378.7660000000033, "operation": "auxiliary_DEV", "prefix": "A.final", "id": "broad_dev_smol_summarize_034", "cases": 21}
{"stage": "final_auxiliary_DEV", "arm": "A", "counter": 51, "durable": 51, "seconds": 3383.4839999999967, "operation": "bank_forward", "completed": 129, "total": 692, "site": 1}
{"stage": "final_auxiliary_DEV", "arm": "A", "counter": 51, "durable": 51, "seconds": 3398.6869999999763, "operation": "bank_forward", "completed": 446, "total": 446, "site": 5}
{"stage": "final_auxiliary_DEV", "arm": "A", "counter": 51, "durable": 51, "seconds": 3400.1089999999967, "operation": "auxiliary_DEV", "prefix": "A.final", "id": "broad_dev_smol_summarize_039", "cases": 22}
{"stage": "final_auxiliary_DEV", "arm": "A", "counter": 51, "durable": 51, "seconds": 3413.75, "operation": "bank_forward", "completed": 257, "total": 319, "site": 5}
{"stage": "final_auxiliary_DEV", "arm": "A", "counter": 51, "durable": 51, "seconds": 3414.7189999999828, "operation": "auxiliary_DEV", "prefix": "A.final", "id": "broad_dev_systemchats_30k_039", "cases": 23}
{"stage": "final_auxiliary_DEV", "arm": "A", "counter": 51, "durable": 51, "seconds": 3428.8279999999795, "operation": "bank_forward", "completed": 1, "total": 397, "site": 4}
{"stage": "final_auxiliary_DEV", "arm": "A", "counter": 51, "durable": 51, "seconds": 3434.3910000000033, "operation": "auxiliary_DEV", "prefix": "A.final", "id": "broad_dev_systemchats_30k_034", "cases": 24}
{"stage": "final_native_tasks", "arm": "A", "counter": 51, "durable": 51, "seconds": 3437.5, "operation": "task", "prefix": "A.final", "id": "arithmetic_add", "answer": "The savings investors investors investors investors investors investors investors investors investors investors investors investors investors investors investors investors investors investors investors investors investors investors investors investors investors investors investors investors investors investors investors investors investors investors investors investors investors investors investors investors investors investors investors investors investors investors investors investors investors investors investors investors investors investors investors investors investors investors investors investors investors investors", "correct": false}
{"stage": "final_native_tasks", "arm": "A", "counter": 51, "durable": 51, "seconds": 3439.4220000000205, "operation": "task", "prefix": "A.final", "id": "arithmetic_sub", "answer": "The savings investors investors investors investors investors investors investors investors investors investors investors investors investors investors investors investors investors investors investors investors investors investors investors investors investors investors investors investors investors investors investors investors investors investors investors investors investors investors investors investors investors investors investors investors investors investors investors investors investors investors investors investors investors investors investors investors investors investors investors investors investors investors", "correct": false}
{"stage": "final_native_tasks", "arm": "A", "counter": 51, "durable": 51, "seconds": 3442.1089999999967, "operation": "task", "prefix": "A.final", "id": "arithmetic_mul", "answer": "The savings investors investors investors investors investors investors investors investors investors investors investors investors investors investors investors investors investors investors investors investors investors investors investors investors investors investors investors investors investors investors investors investors investors investors investors investors investors investors investors investors investors investors investors investors investors investors investors investors investors investors investors investors investors investors investors investors investors investors investors investors investors investors", "correct": false}
{"stage": "final_native_tasks", "arm": "A", "counter": 51, "durable": 51, "seconds": 3444.9529999999795, "operation": "task", "prefix": "A.final", "id": "arithmetic_div", "answer": "The savings investors investors investors investors investors investors investors investors investors investors investors investors investors investors investors investors investors investors investors investors investors investors investors investors investors investors investors investors investors investors investors investors investors investors investors investors investors investors investors investors investors investors investors investors investors investors investors investors investors investors investors investors investors investors investors investors investors investors investors investors investors investors", "correct": false}
{"stage": "final_native_tasks", "arm": "A", "counter": 51, "durable": 51, "seconds": 3446.4369999999763, "operation": "task", "prefix": "A.final", "id": "extract_color", "answer": "The savings.\n\n**Add = = = = = = = = = = = = = = = = = = = = = = = = = = = = =", "correct": false}
{"stage": "final_native_tasks", "arm": "A", "counter": 51, "durable": 51, "seconds": 3448.125, "operation": "task", "prefix": "A.final", "id": "extract_city", "answer": "The savings.\n\n**Add = = = = = = = = = = = = = = = = = = = = = = = = = = = = =", "correct": false}
{"stage": "final_native_tasks", "arm": "A", "counter": 51, "durable": 51, "seconds": 3451.3119999999763, "operation": "task", "prefix": "A.final", "id": "extract_name", "answer": "The savings.\n\n**Add = = = = = = = = = = = = = = = = = = = = = = = = = = = = =", "correct": false}
{"stage": "final_native_tasks", "arm": "A", "counter": 51, "durable": 51, "seconds": 3454.7970000000205, "operation": "task", "prefix": "A.final", "id": "extract_animal", "answer": "The savings.\n\n**Add = = = = = = = = = = = = = = = = = = = = = = = = = = = = =", "correct": false}
{"stage": "final_native_tasks", "arm": "A", "counter": 51, "durable": 51, "seconds": 3456.9369999999763, "operation": "task", "prefix": "A.final", "id": "follow_literal", "answer": "The savings investors investors investors investors investors investors investors investors investors investors investors investors investors investors investors investors investors investors investors investors investors investors investors investors investors investors investors investors investors investors investors investors investors investors investors investors investors investors investors investors investors investors investors investors investors investors investors investors investors investors investors investors investors investors investors investors investors investors investors investors investors investors", "correct": false}
{"stage": "final_native_tasks", "arm": "A", "counter": 51, "durable": 51, "seconds": 3458.7810000000172, "operation": "task", "prefix": "A.final", "id": "follow_upper", "answer": "The savings investors investors investors investors investors investors investors investors investors investors investors investors investors investors investors investors investors investors investors investors investors investors investors investors investors investors investors investors investors investors investors investors investors investors investors investors investors investors investors investors investors investors investors investors investors investors investors investors investors investors investors investors investors investors investors investors investors investors investors investors investors investors", "correct": false}
{"stage": "final_native_tasks", "arm": "A", "counter": 51, "durable": 51, "seconds": 3461.4220000000205, "operation": "task", "prefix": "A.final", "id": "follow_lower", "answer": "The savings investors investors investors investors investors investors investors investors investors investors investors investors investors investors investors investors investors investors investors investors investors investors investors investors investors investors investors investors investors investors investors investors investors investors investors investors investors investors investors investors investors investors investors investors investors investors investors investors investors investors investors investors investors investors investors investors investors investors investors investors investors investors", "correct": false}
{"stage": "final_native_tasks", "arm": "A", "counter": 51, "durable": 51, "seconds": 3463.5310000000172, "operation": "task", "prefix": "A.final", "id": "follow_reverse", "answer": "The savings investors investors investors investors investors investors investors investors investors investors investors investors investors investors investors investors investors investors investors investors investors investors investors investors investors investors investors investors investors investors investors investors investors investors investors investors investors investors investors investors investors investors investors investors investors investors investors investors investors investors investors investors investors investors investors investors investors investors investors investors investors investors", "correct": false}
{"stage": "final_native_tasks", "arm": "A", "counter": 51, "durable": 51, "seconds": 3466.1410000000033, "operation": "task", "prefix": "A.final", "id": "history_pet", "answer": "The savings.\n\n**Add = = = = = = = = = = = = = = = = = = = = = = = = = = = = =", "correct": false}
{"stage": "final_native_tasks", "arm": "A", "counter": 51, "durable": 51, "seconds": 3470.875, "operation": "task", "prefix": "A.final", "id": "history_color", "answer": "The savings.\n\n**Add, = = = = = = = = = = = = = = = = = = = = = = = = = = = = ", "correct": false}
{"stage": "final_native_tasks", "arm": "A", "counter": 51, "durable": 51, "seconds": 3472.375, "operation": "task", "prefix": "A.final", "id": "history_city", "answer": "The savings.\n\n**Add = = = = = = = = = = = = = = = = = = = = = = = = = = = = =", "correct": false}
{"stage": "final_native_tasks", "arm": "A", "counter": 51, "durable": 51, "seconds": 3475.3119999999763, "operation": "task", "prefix": "A.final", "id": "history_inventory", "answer": "The savings.\n\n**Add = = = = = = = = = = = = = = = = = = = = = = = = = = = = =", "correct": false}
{"stage": "arm_complete", "arm": "A", "counter": 51, "durable": 51, "seconds": 3475.75, "new_updates": 24, "task_correct": 0, "DEV_KL": 6.51930726854629, "stop": null}
{"stage": "initial_export", "arm": "B", "counter": 27, "durable": 27, "seconds": 3509.6410000000033, "initial_92_states_RNG_export_exact": true}
{"stage": "whole_forward", "arm": "B", "counter": 27, "durable": 27, "seconds": 3511.6410000000033, "operation": "bank_forward", "completed": 1, "total": 685, "site": 0}
{"stage": "whole_forward", "arm": "B", "counter": 27, "durable": 27, "seconds": 3526.7339999999967, "operation": "bank_forward", "completed": 65, "total": 993, "site": 3}
{"stage": "whole_forward", "arm": "B", "counter": 27, "durable": 27, "seconds": 3545.625, "operation": "forward_complete", "new_index": 1, "id": "broad_fit_smol_magpie_ultra_022", "KL": 5.9210734367370605, "aux": 0.8009129762649536, "loss": 6.721986293792725}
{"stage": "whole_backward", "arm": "B", "counter": 27, "durable": 27, "seconds": 3546.1869999999763, "operation": "bank_forward", "completed": 1, "total": 898, "site": 5}
{"stage": "whole_backward", "arm": "B", "counter": 27, "durable": 27, "seconds": 3561.3910000000033, "operation": "bank_forward", "completed": 129, "total": 936, "site": 4}
{"stage": "whole_backward", "arm": "B", "counter": 27, "durable": 27, "seconds": 3576.4839999999967, "operation": "bank_forward", "completed": 65, "total": 993, "site": 3}
{"stage": "whole_backward", "arm": "B", "counter": 27, "durable": 27, "seconds": 3592.5160000000033, "operation": "bank_forward", "completed": 1, "total": 949, "site": 2}
{"stage": "whole_backward", "arm": "B", "counter": 27, "durable": 27, "seconds": 3608.6089999999967, "operation": "bank_forward", "completed": 1, "total": 844, "site": 1}
{"stage": "whole_backward", "arm": "B", "counter": 27, "durable": 27, "seconds": 3624.1720000000205, "operation": "bank_forward", "completed": 1, "total": 685, "site": 0}
{"stage": "update_complete", "arm": "B", "counter": 28, "durable": 27, "seconds": 3650.8119999999763, "id": "broad_fit_smol_magpie_ultra_022", "new_index": 1, "gradient_norm": 20.097708626039942}
{"stage": "whole_forward", "arm": "B", "counter": 28, "durable": 27, "seconds": 3652.2970000000205, "operation": "bank_forward", "completed": 1, "total": 555, "site": 0}
{"stage": "whole_forward", "arm": "B", "counter": 28, "durable": 27, "seconds": 3667.5619999999763, "operation": "bank_forward", "completed": 65, "total": 691, "site": 4}
{"stage": "whole_forward", "arm": "B", "counter": 28, "durable": 27, "seconds": 3674.3119999999763, "operation": "forward_complete", "new_index": 2, "id": "broad_fit_apigen_80k_002", "KL": 8.074913024902344, "aux": 0.8792852759361267, "loss": 8.954197883605957}
{"stage": "whole_backward", "arm": "B", "counter": 28, "durable": 27, "seconds": 3682.8910000000033, "operation": "bank_backward", "completed": 641, "total": 676, "site": 5}
{"stage": "whole_backward", "arm": "B", "counter": 28, "durable": 27, "seconds": 3697.9369999999763, "operation": "bank_forward", "completed": 577, "total": 710, "site": 3}
{"stage": "whole_backward", "arm": "B", "counter": 28, "durable": 27, "seconds": 3713.2810000000172, "operation": "bank_backward", "completed": 513, "total": 688, "site": 2}
{"stage": "whole_backward", "arm": "B", "counter": 28, "durable": 27, "seconds": 3728.3910000000033, "operation": "bank_forward", "completed": 513, "total": 555, "site": 0}
{"stage": "update_complete", "arm": "B", "counter": 29, "durable": 27, "seconds": 3749.2339999999967, "id": "broad_fit_apigen_80k_002", "new_index": 2, "gradient_norm": 88.08953438415249}
{"stage": "whole_forward", "arm": "B", "counter": 29, "durable": 27, "seconds": 3750.4689999999828, "operation": "bank_forward", "completed": 1, "total": 518, "site": 0}
{"stage": "whole_forward", "arm": "B", "counter": 29, "durable": 27, "seconds": 3765.6410000000033, "operation": "bank_forward", "completed": 513, "total": 616, "site": 4}
{"stage": "whole_forward", "arm": "B", "counter": 29, "durable": 27, "seconds": 3770.0779999999795, "operation": "forward_complete", "new_index": 3, "id": "broad_fit_apigen_80k_023", "KL": 7.476236343383789, "aux": 0.8432291746139526, "loss": 8.319465637207031}
{"stage": "whole_backward", "arm": "B", "counter": 29, "durable": 27, "seconds": 3780.9529999999795, "operation": "bank_forward", "completed": 513, "total": 616, "site": 4}
{"stage": "whole_backward", "arm": "B", "counter": 29, "durable": 27, "seconds": 3796.6869999999763, "operation": "bank_forward", "completed": 1, "total": 588, "site": 2}
{"stage": "whole_backward", "arm": "B", "counter": 29, "durable": 27, "seconds": 3812.0470000000205, "operation": "bank_backward", "completed": 513, "total": 556, "site": 1}
{"stage": "update_complete", "arm": "B", "counter": 30, "durable": 27, "seconds": 3833.8439999999828, "id": "broad_fit_apigen_80k_023", "new_index": 3, "gradient_norm": 71.86227467403594}
{"stage": "whole_forward", "arm": "B", "counter": 30, "durable": 27, "seconds": 3834.6869999999763, "operation": "bank_forward", "completed": 1, "total": 527, "site": 0}
{"stage": "whole_forward", "arm": "B", "counter": 30, "durable": 27, "seconds": 3849.9369999999763, "operation": "bank_forward", "completed": 577, "total": 592, "site": 4}
{"stage": "whole_forward", "arm": "B", "counter": 30, "durable": 27, "seconds": 3853.4529999999795, "operation": "forward_complete", "new_index": 4, "id": "broad_fit_everyday_conversations_002", "KL": 6.568689823150635, "aux": 0.8328061103820801, "loss": 7.401495933532715}
{"stage": "whole_backward", "arm": "B", "counter": 30, "durable": 27, "seconds": 3865.0939999999828, "operation": "bank_backward", "completed": 129, "total": 592, "site": 4}
{"stage": "whole_backward", "arm": "B", "counter": 30, "durable": 27, "seconds": 3880.1720000000205, "operation": "bank_forward", "completed": 257, "total": 616, "site": 2}
{"stage": "whole_backward", "arm": "B", "counter": 30, "durable": 27, "seconds": 3896.1560000000172, "operation": "bank_forward", "completed": 1, "total": 527, "site": 0}
{"stage": "update_complete", "arm": "B", "counter": 31, "durable": 27, "seconds": 3918.1720000000205, "id": "broad_fit_everyday_conversations_002", "new_index": 4, "gradient_norm": 38.772214736509355}
{"stage": "whole_forward", "arm": "B", "counter": 31, "durable": 27, "seconds": 3918.9689999999828, "operation": "bank_forward", "completed": 1, "total": 511, "site": 0}
{"stage": "whole_forward", "arm": "B", "counter": 31, "durable": 27, "seconds": 3934.1410000000033, "operation": "bank_forward", "completed": 570, "total": 570, "site": 4}
{"stage": "whole_forward", "arm": "B", "counter": 31, "durable": 27, "seconds": 3937.7810000000172, "operation": "forward_complete", "new_index": 5, "id": "broad_fit_everyday_conversations_010", "KL": 7.04743766784668, "aux": 0.8296679258346558, "loss": 7.877105712890625}
{"stage": "whole_backward", "arm": "B", "counter": 31, "durable": 27, "seconds": 3949.3439999999828, "operation": "bank_backward", "completed": 193, "total": 570, "site": 4}
{"stage": "whole_backward", "arm": "B", "counter": 31, "durable": 27, "seconds": 3964.625, "operation": "bank_forward", "completed": 577, "total": 585, "site": 2}
{"stage": "whole_backward", "arm": "B", "counter": 31, "durable": 27, "seconds": 3979.6720000000205, "operation": "bank_forward", "completed": 193, "total": 511, "site": 0}
{"stage": "update_complete", "arm": "B", "counter": 32, "durable": 27, "seconds": 3998.9839999999967, "id": "broad_fit_everyday_conversations_010", "new_index": 5, "gradient_norm": 39.39298475215116}
{"stage": "whole_forward", "arm": "B", "counter": 32, "durable": 27, "seconds": 3999.2970000000205, "operation": "bank_forward", "completed": 1, "total": 216, "site": 0}
{"stage": "whole_forward", "arm": "B", "counter": 32, "durable": 27, "seconds": 4006.6869999999763, "operation": "forward_complete", "new_index": 6, "id": "broad_fit_explore_instruct_rewriting_008", "KL": 6.875854015350342, "aux": 0.9374017119407654, "loss": 7.813255786895752}
{"stage": "whole_backward", "arm": "B", "counter": 32, "durable": 27, "seconds": 4014.5779999999795, "operation": "bank_forward", "completed": 193, "total": 221, "site": 3}
{"stage": "update_complete", "arm": "B", "counter": 33, "durable": 27, "seconds": 4038.0779999999795, "id": "broad_fit_explore_instruct_rewriting_008", "new_index": 6, "gradient_norm": 85.88270702537213}
{"stage": "durable_snapshot", "arm": "B", "counter": 33, "durable": 33, "snapshot": {"path": "D:\\_THINGS\\Progetti\\SiliconLLM\\results\\native_expert_scaling\\original_joint_history_recovery_20261009\\B.actual033.pt", "bytes": 8652211258, "sha256": "aa599ed7baadf068a7afe7008bdd1b475a7b769a30c93c83151000d248298d61"}, "save_seconds": 108.06300000002375}
{"stage": "native_DEV_milestone", "arm": "B", "counter": 33, "durable": 33, "seconds": 4168.0, "operation": "native_DEV", "prefix": "B.actual033", "id": "broad_dev_apigen_80k_034", "cases": 1, "KL": 6.445663555642659}
{"stage": "native_DEV_milestone", "arm": "B", "counter": 33, "durable": 33, "seconds": 4187.281000000017, "operation": "native_DEV", "prefix": "B.actual033", "id": "broad_dev_apigen_80k_033", "cases": 2, "KL": 6.2326129174470255}
{"stage": "native_DEV_milestone", "arm": "B", "counter": 33, "durable": 33, "seconds": 4191.593999999983, "operation": "native_DEV", "prefix": "B.actual033", "id": "broad_dev_everyday_conversations_036", "cases": 3, "KL": 7.7777507110314446}
{"stage": "native_DEV_milestone", "arm": "B", "counter": 33, "durable": 33, "seconds": 4201.093999999983, "operation": "native_DEV", "prefix": "B.actual033", "id": "broad_dev_everyday_conversations_033", "cases": 4, "KL": 7.589762812266905}
{"stage": "native_DEV_milestone", "arm": "B", "counter": 33, "durable": 33, "seconds": 4202.891000000003, "operation": "native_DEV", "prefix": "B.actual033", "id": "broad_dev_explore_instruct_rewriting_035", "cases": 5, "KL": 9.091075585978583}
{"stage": "native_DEV_milestone", "arm": "B", "counter": 33, "durable": 33, "seconds": 4209.233999999997, "operation": "native_DEV", "prefix": "B.actual033", "id": "broad_dev_explore_instruct_rewriting_038", "cases": 6, "KL": 8.128189104852286}
{"stage": "native_DEV_milestone", "arm": "B", "counter": 33, "durable": 33, "seconds": 4216.6720000000205, "operation": "native_DEV", "prefix": "B.actual033", "id": "broad_dev_metamathqa_50k_035", "cases": 7, "KL": 7.625029388883201}
{"stage": "native_DEV_milestone", "arm": "B", "counter": 33, "durable": 33, "seconds": 4230.358999999997, "operation": "native_DEV", "prefix": "B.actual033", "id": "broad_dev_metamathqa_50k_037", "cases": 8, "KL": 7.541603121638412}
{"stage": "native_DEV_milestone", "arm": "B", "counter": 33, "durable": 33, "seconds": 4237.311999999976, "operation": "native_DEV", "prefix": "B.actual033", "id": "broad_dev_numina_cot_100k_038", "cases": 9, "KL": 6.984037654033461}
{"stage": "native_DEV_milestone", "arm": "B", "counter": 33, "durable": 33, "seconds": 4246.7029999999795, "operation": "native_DEV", "prefix": "B.actual033", "id": "broad_dev_numina_cot_100k_035", "cases": 10, "KL": 7.645882447430078}
{"stage": "native_DEV_milestone", "arm": "B", "counter": 33, "durable": 33, "seconds": 4254.483999999997, "operation": "native_DEV", "prefix": "B.actual033", "id": "broad_dev_openhermes_100k_034", "cases": 11, "KL": 8.255918844375032}
{"stage": "native_DEV_milestone", "arm": "B", "counter": 33, "durable": 33, "seconds": 4265.858999999997, "operation": "native_DEV", "prefix": "B.actual033", "id": "broad_dev_openhermes_100k_037", "cases": 12, "KL": 7.929866580141951}
{"stage": "native_DEV_milestone", "arm": "B", "counter": 33, "durable": 33, "seconds": 4272.0, "operation": "native_DEV", "prefix": "B.actual033", "id": "broad_dev_self_oss_instruct_036", "cases": 13, "KL": 8.273418397632529}
{"stage": "native_DEV_milestone", "arm": "B", "counter": 33, "durable": 33, "seconds": 4282.5779999999795, "operation": "native_DEV", "prefix": "B.actual033", "id": "broad_dev_self_oss_instruct_033", "cases": 14, "KL": 7.941804229879974}
{"stage": "native_DEV_milestone", "arm": "B", "counter": 33, "durable": 33, "seconds": 4285.641000000003, "operation": "native_DEV", "prefix": "B.actual033", "id": "broad_dev_smol_constraints_035", "cases": 15, "KL": 8.360135321600623}
{"stage": "native_DEV_milestone", "arm": "B", "counter": 33, "durable": 33, "seconds": 4293.483999999997, "operation": "native_DEV", "prefix": "B.actual033", "id": "broad_dev_smol_constraints_034", "cases": 16, "KL": 8.175427081219688}
{"stage": "native_DEV_milestone", "arm": "B", "counter": 33, "durable": 33, "seconds": 4312.6720000000205, "operation": "native_DEV", "prefix": "B.actual033", "id": "broad_dev_smol_magpie_ultra_034", "cases": 17, "KL": 7.747247504395837}
{"stage": "native_DEV_milestone", "arm": "B", "counter": 33, "durable": 33, "seconds": 4337.4529999999795, "operation": "native_DEV", "prefix": "B.actual033", "id": "broad_dev_smol_magpie_ultra_036", "cases": 18, "KL": 8.258511014720701}
{"stage": "native_DEV_milestone", "arm": "B", "counter": 33, "durable": 33, "seconds": 4344.031000000017, "operation": "native_DEV", "prefix": "B.actual033", "id": "broad_dev_smol_rewrite_036", "cases": 19, "KL": 7.824677596633547}
{"stage": "native_DEV_milestone", "arm": "B", "counter": 33, "durable": 33, "seconds": 4351.186999999976, "operation": "native_DEV", "prefix": "B.actual033", "id": "broad_dev_smol_rewrite_032", "cases": 20, "KL": 8.787459908346555}
{"stage": "native_DEV_milestone", "arm": "B", "counter": 33, "durable": 33, "seconds": 4356.608999999997, "operation": "native_DEV", "prefix": "B.actual033", "id": "broad_dev_smol_summarize_034", "cases": 21, "KL": 9.817847661306986}
{"stage": "native_DEV_milestone", "arm": "B", "counter": 33, "durable": 33, "seconds": 4372.233999999997, "operation": "native_DEV", "prefix": "B.actual033", "id": "broad_dev_smol_summarize_039", "cases": 22, "KL": 8.90066998160164}
{"stage": "native_DEV_milestone", "arm": "B", "counter": 33, "durable": 33, "seconds": 4378.358999999997, "operation": "native_DEV", "prefix": "B.actual033", "id": "broad_dev_systemchats_30k_039", "cases": 23, "KL": 7.83505996963269}
{"stage": "native_DEV_milestone", "arm": "B", "counter": 33, "durable": 33, "seconds": 4394.516000000003, "operation": "native_DEV", "prefix": "B.actual033", "id": "broad_dev_systemchats_30k_034", "cases": 24, "KL": 7.830050587503152}
{"stage": "whole_forward", "arm": "B", "counter": 33, "durable": 33, "seconds": 4395.436999999976, "operation": "bank_forward", "completed": 1, "total": 290, "site": 0}
{"stage": "whole_forward", "arm": "B", "counter": 33, "durable": 33, "seconds": 4404.811999999976, "operation": "forward_complete", "new_index": 7, "id": "broad_fit_explore_instruct_rewriting_009", "KL": 6.371883869171143, "aux": 0.9185041189193726, "loss": 7.290388107299805}
{"stage": "whole_backward", "arm": "B", "counter": 33, "durable": 33, "seconds": 4410.561999999976, "operation": "bank_backward", "completed": 1, "total": 271, "site": 4}
{"stage": "whole_backward", "arm": "B", "counter": 33, "durable": 33, "seconds": 4425.7970000000205, "operation": "bank_forward", "completed": 129, "total": 290, "site": 0}
{"stage": "update_complete", "arm": "B", "counter": 34, "durable": 33, "seconds": 4442.6720000000205, "id": "broad_fit_explore_instruct_rewriting_009", "new_index": 7, "gradient_norm": 103.67951736476246}
{"stage": "whole_forward", "arm": "B", "counter": 34, "durable": 33, "seconds": 4443.358999999997, "operation": "bank_forward", "completed": 1, "total": 336, "site": 0}
{"stage": "whole_forward", "arm": "B", "counter": 34, "durable": 33, "seconds": 4454.391000000003, "operation": "forward_complete", "new_index": 8, "id": "broad_fit_metamathqa_50k_015", "KL": 6.969142913818359, "aux": 0.9324144124984741, "loss": 7.901557445526123}
{"stage": "whole_backward", "arm": "B", "counter": 34, "durable": 33, "seconds": 4458.811999999976, "operation": "bank_backward", "completed": 193, "total": 271, "site": 5}
{"stage": "whole_backward", "arm": "B", "counter": 34, "durable": 33, "seconds": 4474.4220000000205, "operation": "bank_backward", "completed": 129, "total": 339, "site": 2}
{"stage": "update_complete", "arm": "B", "counter": 35, "durable": 33, "seconds": 4498.4529999999795, "id": "broad_fit_metamathqa_50k_015", "new_index": 8, "gradient_norm": 64.72879657981962}
{"stage": "whole_forward", "arm": "B", "counter": 35, "durable": 33, "seconds": 4499.2029999999795, "operation": "bank_forward", "completed": 1, "total": 387, "site": 0}
{"stage": "whole_forward", "arm": "B", "counter": 35, "durable": 33, "seconds": 4512.436999999976, "operation": "forward_complete", "new_index": 9, "id": "broad_fit_metamathqa_50k_023", "KL": 6.754232406616211, "aux": 0.9100932478904724, "loss": 7.664325714111328}
{"stage": "whole_backward", "arm": "B", "counter": 35, "durable": 33, "seconds": 4514.3279999999795, "operation": "bank_backward", "completed": 1, "total": 318, "site": 5}
{"stage": "whole_backward", "arm": "B", "counter": 35, "durable": 33, "seconds": 4529.656000000017, "operation": "bank_forward", "completed": 65, "total": 364, "site": 2}
{"stage": "whole_backward", "arm": "B", "counter": 35, "durable": 33, "seconds": 4544.8279999999795, "operation": "bank_backward", "completed": 129, "total": 387, "site": 0}
{"stage": "update_complete", "arm": "B", "counter": 36, "durable": 33, "seconds": 4560.391000000003, "id": "broad_fit_metamathqa_50k_023", "new_index": 9, "gradient_norm": 73.59410924303752}
{"stage": "whole_forward", "arm": "B", "counter": 36, "durable": 33, "seconds": 4561.141000000003, "operation": "bank_forward", "completed": 1, "total": 337, "site": 0}
{"stage": "whole_forward", "arm": "B", "counter": 36, "durable": 33, "seconds": 4572.7029999999795, "operation": "forward_complete", "new_index": 10, "id": "broad_fit_numina_cot_100k_015", "KL": 6.672649383544922, "aux": 0.8542303442955017, "loss": 7.526879787445068}
{"stage": "whole_backward", "arm": "B", "counter": 36, "durable": 33, "seconds": 4576.358999999997, "operation": "bank_backward", "completed": 129, "total": 275, "site": 5}
{"stage": "whole_backward", "arm": "B", "counter": 36, "durable": 33, "seconds": 4591.718999999983, "operation": "bank_backward", "completed": 193, "total": 357, "site": 2}
{"stage": "update_complete", "arm": "B", "counter": 37, "durable": 33, "seconds": 4615.186999999976, "id": "broad_fit_numina_cot_100k_015", "new_index": 10, "gradient_norm": 78.54869596981345}
{"stage": "whole_forward", "arm": "B", "counter": 37, "durable": 33, "seconds": 4616.186999999976, "operation": "bank_forward", "completed": 1, "total": 404, "site": 0}
{"stage": "whole_forward", "arm": "B", "counter": 37, "durable": 33, "seconds": 4630.031000000017, "operation": "forward_complete", "new_index": 11, "id": "broad_fit_numina_cot_100k_016", "KL": 6.449478626251221, "aux": 0.909531831741333, "loss": 7.359010696411133}
{"stage": "whole_backward", "arm": "B", "counter": 37, "durable": 33, "seconds": 4631.5, "operation": "bank_forward", "completed": 257, "total": 328, "site": 5}
{"stage": "whole_backward", "arm": "B", "counter": 37, "durable": 33, "seconds": 4647.25, "operation": "bank_backward", "completed": 257, "total": 437, "site": 3}
{"stage": "whole_backward", "arm": "B", "counter": 37, "durable": 33, "seconds": 4663.108999999997, "operation": "bank_forward", "completed": 1, "total": 404, "site": 0}
{"stage": "update_complete", "arm": "B", "counter": 38, "durable": 33, "seconds": 4681.766000000003, "id": "broad_fit_numina_cot_100k_016", "new_index": 11, "gradient_norm": 63.525417959580565}
{"stage": "whole_forward", "arm": "B", "counter": 38, "durable": 33, "seconds": 4682.5, "operation": "bank_forward", "completed": 1, "total": 421, "site": 0}
{"stage": "whole_forward", "arm": "B", "counter": 38, "durable": 33, "seconds": 4695.4529999999795, "operation": "forward_complete", "new_index": 12, "id": "broad_fit_openhermes_100k_004", "KL": 5.816189289093018, "aux": 0.9090738296508789, "loss": 6.7252631187438965}
{"stage": "whole_backward", "arm": "B", "counter": 38, "durable": 33, "seconds": 4697.843999999983, "operation": "bank_backward", "completed": 65, "total": 285, "site": 5}
{"stage": "whole_backward", "arm": "B", "counter": 38, "durable": 33, "seconds": 4713.233999999997, "operation": "bank_forward", "completed": 321, "total": 388, "site": 2}
{"stage": "whole_backward", "arm": "B", "counter": 38, "durable": 33, "seconds": 4728.625, "operation": "bank_backward", "completed": 257, "total": 421, "site": 0}
{"stage": "update_complete", "arm": "B", "counter": 39, "durable": 33, "seconds": 4743.1720000000205, "id": "broad_fit_openhermes_100k_004", "new_index": 12, "gradient_norm": 55.662875830201806}
{"stage": "durable_snapshot", "arm": "B", "counter": 39, "durable": 39, "snapshot": {"path": "D:\\_THINGS\\Progetti\\SiliconLLM\\results\\native_expert_scaling\\original_joint_history_recovery_20261009\\B.actual039.pt", "bytes": 8652211514, "sha256": "61fecbb6fd19e4ea2a2be4cad8427b061627b5060173b641313604b88eb250f8"}, "save_seconds": 116.60899999999674}
{"stage": "native_DEV_milestone", "arm": "B", "counter": 39, "durable": 39, "seconds": 4883.125, "operation": "native_DEV", "prefix": "B.actual039", "id": "broad_dev_apigen_80k_034", "cases": 1, "KL": 5.662384101324334}
{"stage": "native_DEV_milestone", "arm": "B", "counter": 39, "durable": 39, "seconds": 4900.5, "operation": "native_DEV", "prefix": "B.actual039", "id": "broad_dev_apigen_80k_033", "cases": 2, "KL": 6.412508138850811}
{"stage": "native_DEV_milestone", "arm": "B", "counter": 39, "durable": 39, "seconds": 4903.311999999976, "operation": "native_DEV", "prefix": "B.actual039", "id": "broad_dev_everyday_conversations_036", "cases": 3, "KL": 7.120009670256285}
{"stage": "native_DEV_milestone", "arm": "B", "counter": 39, "durable": 39, "seconds": 4911.358999999997, "operation": "native_DEV", "prefix": "B.actual039", "id": "broad_dev_everyday_conversations_033", "cases": 4, "KL": 6.896188066307998}
{"stage": "native_DEV_milestone", "arm": "B", "counter": 39, "durable": 39, "seconds": 4913.5, "operation": "native_DEV", "prefix": "B.actual039", "id": "broad_dev_explore_instruct_rewriting_035", "cases": 5, "KL": 7.970582909305061}
{"stage": "native_DEV_milestone", "arm": "B", "counter": 39, "durable": 39, "seconds": 4918.2970000000205, "operation": "native_DEV", "prefix": "B.actual039", "id": "broad_dev_explore_instruct_rewriting_038", "cases": 6, "KL": 7.4667510979246465}
{"stage": "native_DEV_milestone", "arm": "B", "counter": 39, "durable": 39, "seconds": 4922.1720000000205, "operation": "native_DEV", "prefix": "B.actual039", "id": "broad_dev_metamathqa_50k_035", "cases": 7, "KL": 6.28240036172678}
{"stage": "native_DEV_milestone", "arm": "B", "counter": 39, "durable": 39, "seconds": 4928.233999999997, "operation": "native_DEV", "prefix": "B.actual039", "id": "broad_dev_metamathqa_50k_037", "cases": 8, "KL": 6.382645925854234}
{"stage": "native_DEV_milestone", "arm": "B", "counter": 39, "durable": 39, "seconds": 4932.75, "operation": "native_DEV", "prefix": "B.actual039", "id": "broad_dev_numina_cot_100k_038", "cases": 9, "KL": 5.090268764797914}
{"stage": "native_DEV_milestone", "arm": "B", "counter": 39, "durable": 39, "seconds": 4938.8279999999795, "operation": "native_DEV", "prefix": "B.actual039", "id": "broad_dev_numina_cot_100k_035", "cases": 10, "KL": 6.2571975196753655}
{"stage": "native_DEV_milestone", "arm": "B", "counter": 39, "durable": 39, "seconds": 4944.186999999976, "operation": "native_DEV", "prefix": "B.actual039", "id": "broad_dev_openhermes_100k_034", "cases": 11, "KL": 7.808528911981638}
{"stage": "native_DEV_milestone", "arm": "B", "counter": 39, "durable": 39, "seconds": 4953.266000000003, "operation": "native_DEV", "prefix": "B.actual039", "id": "broad_dev_openhermes_100k_037", "cases": 12, "KL": 7.188084729899122}
{"stage": "native_DEV_milestone", "arm": "B", "counter": 39, "durable": 39, "seconds": 4959.141000000003, "operation": "native_DEV", "prefix": "B.actual039", "id": "broad_dev_self_oss_instruct_036", "cases": 13, "KL": 7.33719750855272}
{"stage": "native_DEV_milestone", "arm": "B", "counter": 39, "durable": 39, "seconds": 4968.343999999983, "operation": "native_DEV", "prefix": "B.actual039", "id": "broad_dev_self_oss_instruct_033", "cases": 14, "KL": 7.168127836620302}
{"stage": "native_DEV_milestone", "arm": "B", "counter": 39, "durable": 39, "seconds": 4971.9529999999795, "operation": "native_DEV", "prefix": "B.actual039", "id": "broad_dev_smol_constraints_035", "cases": 15, "KL": 7.879819669519371}
{"stage": "native_DEV_milestone", "arm": "B", "counter": 39, "durable": 39, "seconds": 4975.266000000003, "operation": "native_DEV", "prefix": "B.actual039", "id": "broad_dev_smol_constraints_034", "cases": 16, "KL": 7.569972207650625}
{"stage": "native_DEV_milestone", "arm": "B", "counter": 39, "durable": 39, "seconds": 4994.5, "operation": "native_DEV", "prefix": "B.actual039", "id": "broad_dev_smol_magpie_ultra_034", "cases": 17, "KL": 7.15226848588816}
{"stage": "native_DEV_milestone", "arm": "B", "counter": 39, "durable": 39, "seconds": 5021.561999999976, "operation": "native_DEV", "prefix": "B.actual039", "id": "broad_dev_smol_magpie_ultra_036", "cases": 18, "KL": 7.790440217295902}
{"stage": "native_DEV_milestone", "arm": "B", "counter": 39, "durable": 39, "seconds": 5028.6720000000205, "operation": "native_DEV", "prefix": "B.actual039", "id": "broad_dev_smol_rewrite_036", "cases": 19, "KL": 6.991901200952217}
{"stage": "native_DEV_milestone", "arm": "B", "counter": 39, "durable": 39, "seconds": 5039.875, "operation": "native_DEV", "prefix": "B.actual039", "id": "broad_dev_smol_rewrite_032", "cases": 20, "KL": 8.234927687777901}
{"stage": "native_DEV_milestone", "arm": "B", "counter": 39, "durable": 39, "seconds": 5044.936999999976, "operation": "native_DEV", "prefix": "B.actual039", "id": "broad_dev_smol_summarize_034", "cases": 21, "KL": 9.275467115744036}
{"stage": "native_DEV_milestone", "arm": "B", "counter": 39, "durable": 39, "seconds": 5059.531000000017, "operation": "native_DEV", "prefix": "B.actual039", "id": "broad_dev_smol_summarize_039", "cases": 22, "KL": 8.582607116004842}
{"stage": "native_DEV_milestone", "arm": "B", "counter": 39, "durable": 39, "seconds": 5064.311999999976, "operation": "native_DEV", "prefix": "B.actual039", "id": "broad_dev_systemchats_30k_039", "cases": 23, "KL": 7.273351869165217}
{"stage": "native_DEV_milestone", "arm": "B", "counter": 39, "durable": 39, "seconds": 5077.656000000017, "operation": "native_DEV", "prefix": "B.actual039", "id": "broad_dev_systemchats_30k_034", "cases": 24, "KL": 6.9514753299094725}
{"stage": "whole_forward", "arm": "B", "counter": 39, "durable": 39, "seconds": 5080.0779999999795, "operation": "bank_forward", "completed": 1, "total": 414, "site": 0}
{"stage": "whole_forward", "arm": "B", "counter": 39, "durable": 39, "seconds": 5094.233999999997, "operation": "forward_complete", "new_index": 13, "id": "broad_fit_openhermes_100k_028", "KL": 6.495521545410156, "aux": 0.8950213193893433, "loss": 7.390542984008789}
{"stage": "whole_backward", "arm": "B", "counter": 39, "durable": 39, "seconds": 5095.4529999999795, "operation": "bank_forward", "completed": 193, "total": 293, "site": 5}
{"stage": "whole_backward", "arm": "B", "counter": 39, "durable": 39, "seconds": 5110.531000000017, "operation": "bank_backward", "completed": 321, "total": 379, "site": 3}
{"stage": "whole_backward", "arm": "B", "counter": 39, "durable": 39, "seconds": 5125.843999999983, "operation": "bank_forward", "completed": 1, "total": 414, "site": 0}
{"stage": "update_complete", "arm": "B", "counter": 40, "durable": 39, "seconds": 5144.811999999976, "id": "broad_fit_openhermes_100k_028", "new_index": 13, "gradient_norm": 69.47097303683614}
{"stage": "whole_forward", "arm": "B", "counter": 40, "durable": 39, "seconds": 5145.641000000003, "operation": "bank_forward", "completed": 1, "total": 457, "site": 0}
{"stage": "whole_forward", "arm": "B", "counter": 40, "durable": 39, "seconds": 5160.7970000000205, "operation": "bank_forward", "completed": 321, "total": 329, "site": 5}
{"stage": "whole_forward", "arm": "B", "counter": 40, "durable": 39, "seconds": 5161.186999999976, "operation": "forward_complete", "new_index": 14, "id": "broad_fit_self_oss_instruct_006", "KL": 6.515737533569336, "aux": 0.8905237913131714, "loss": 7.406261444091797}
{"stage": "whole_backward", "arm": "B", "counter": 40, "durable": 39, "seconds": 5176.0470000000205, "operation": "bank_backward", "completed": 65, "total": 454, "site": 3}
{"stage": "whole_backward", "arm": "B", "counter": 40, "durable": 39, "seconds": 5191.358999999997, "operation": "bank_forward", "completed": 321, "total": 452, "site": 1}
{"stage": "update_complete", "arm": "B", "counter": 41, "durable": 39, "seconds": 5217.031000000017, "id": "broad_fit_self_oss_instruct_006", "new_index": 14, "gradient_norm": 62.50903993029733}
{"stage": "whole_forward", "arm": "B", "counter": 41, "durable": 39, "seconds": 5217.811999999976, "operation": "bank_forward", "completed": 1, "total": 416, "site": 0}
{"stage": "whole_forward", "arm": "B", "counter": 41, "durable": 39, "seconds": 5231.936999999976, "operation": "forward_complete", "new_index": 15, "id": "broad_fit_self_oss_instruct_012", "KL": 6.780879497528076, "aux": 0.8340160250663757, "loss": 7.614895343780518}
{"stage": "whole_backward", "arm": "B", "counter": 41, "durable": 39, "seconds": 5233.0470000000205, "operation": "bank_forward", "completed": 193, "total": 285, "site": 5}
{"stage": "whole_backward", "arm": "B", "counter": 41, "durable": 39, "seconds": 5248.3279999999795, "operation": "bank_backward", "completed": 418, "total": 418, "site": 3}
{"stage": "whole_backward", "arm": "B", "counter": 41, "durable": 39, "seconds": 5263.5779999999795, "operation": "bank_forward", "completed": 65, "total": 416, "site": 0}
{"stage": "update_complete", "arm": "B", "counter": 42, "durable": 39, "seconds": 5282.358999999997, "id": "broad_fit_self_oss_instruct_012", "new_index": 15, "gradient_norm": 69.94119065069245}
{"stage": "whole_forward", "arm": "B", "counter": 42, "durable": 39, "seconds": 5283.1720000000205, "operation": "bank_forward", "completed": 1, "total": 481, "site": 0}
{"stage": "whole_forward", "arm": "B", "counter": 42, "durable": 39, "seconds": 5297.858999999997, "operation": "forward_complete", "new_index": 16, "id": "broad_fit_smol_constraints_005", "KL": 6.595369815826416, "aux": 0.8592809438705444, "loss": 7.45465087890625}
{"stage": "whole_backward", "arm": "B", "counter": 42, "durable": 39, "seconds": 5298.436999999976, "operation": "bank_forward", "completed": 65, "total": 315, "site": 5}
{"stage": "whole_backward", "arm": "B", "counter": 42, "durable": 39, "seconds": 5313.8279999999795, "operation": "bank_backward", "completed": 385, "total": 413, "site": 3}
{"stage": "whole_backward", "arm": "B", "counter": 42, "durable": 39, "seconds": 5329.186999999976, "operation": "bank_forward", "completed": 1, "total": 481, "site": 0}
{"stage": "update_complete", "arm": "B", "counter": 43, "durable": 39, "seconds": 5349.483999999997, "id": "broad_fit_smol_constraints_005", "new_index": 16, "gradient_norm": 59.81030964651305}
{"stage": "whole_forward", "arm": "B", "counter": 43, "durable": 39, "seconds": 5350.1720000000205, "operation": "bank_forward", "completed": 1, "total": 491, "site": 0}
{"stage": "whole_forward", "arm": "B", "counter": 43, "durable": 39, "seconds": 5365.266000000003, "operation": "bank_forward", "completed": 1, "total": 281, "site": 5}
{"stage": "whole_forward", "arm": "B", "counter": 43, "durable": 39, "seconds": 5368.141000000003, "operation": "forward_complete", "new_index": 17, "id": "broad_fit_smol_constraints_021", "KL": 6.652133464813232, "aux": 0.8227767944335938, "loss": 7.474910259246826}
{"stage": "whole_backward", "arm": "B", "counter": 43, "durable": 39, "seconds": 5380.625, "operation": "bank_forward", "completed": 257, "total": 416, "site": 3}
{"stage": "whole_backward", "arm": "B", "counter": 43, "durable": 39, "seconds": 5395.718999999983, "operation": "bank_forward", "completed": 449, "total": 489, "site": 1}
{"stage": "update_complete", "arm": "B", "counter": 44, "durable": 39, "seconds": 5420.375, "id": "broad_fit_smol_constraints_021", "new_index": 17, "gradient_norm": 53.70681922565313}
{"stage": "whole_forward", "arm": "B", "counter": 44, "durable": 39, "seconds": 5421.656000000017, "operation": "bank_forward", "completed": 1, "total": 616, "site": 0}
{"stage": "whole_forward", "arm": "B", "counter": 44, "durable": 39, "seconds": 5436.968999999983, "operation": "bank_forward", "completed": 577, "total": 587, "site": 3}
{"stage": "whole_forward", "arm": "B", "counter": 44, "durable": 39, "seconds": 5442.8279999999795, "operation": "forward_complete", "new_index": 18, "id": "broad_fit_smol_magpie_ultra_000", "KL": 6.572269439697266, "aux": 0.8305360674858093, "loss": 7.402805328369141}
{"stage": "whole_backward", "arm": "B", "counter": 44, "durable": 39, "seconds": 5452.406000000017, "operation": "bank_backward", "completed": 129, "total": 438, "site": 4}
{"stage": "whole_backward", "arm": "B", "counter": 44, "durable": 39, "seconds": 5468.811999999976, "operation": "bank_forward", "completed": 1, "total": 628, "site": 2}
{"stage": "whole_backward", "arm": "B", "counter": 44, "durable": 39, "seconds": 5483.968999999983, "operation": "bank_backward", "completed": 65, "total": 645, "site": 1}
{"stage": "whole_backward", "arm": "B", "counter": 44, "durable": 39, "seconds": 5499.1720000000205, "operation": "bank_backward", "completed": 513, "total": 616, "site": 0}
{"stage": "update_complete", "arm": "B", "counter": 45, "durable": 39, "seconds": 5514.5470000000205, "id": "broad_fit_smol_magpie_ultra_000", "new_index": 18, "gradient_norm": 60.16540045545745}
{"stage": "whole_forward", "arm": "B", "counter": 45, "durable": 39, "seconds": 5515.516000000003, "operation": "bank_forward", "completed": 1, "total": 471, "site": 0}
{"stage": "whole_forward", "arm": "B", "counter": 45, "durable": 39, "seconds": 5530.061999999976, "operation": "forward_complete", "new_index": 19, "id": "broad_fit_smol_rewrite_004", "KL": 5.7943220138549805, "aux": 0.8463516235351562, "loss": 6.640673637390137}
{"stage": "whole_backward", "arm": "B", "counter": 45, "durable": 39, "seconds": 5530.608999999997, "operation": "bank_forward", "completed": 65, "total": 256, "site": 5}
{"stage": "whole_backward", "arm": "B", "counter": 45, "durable": 39, "seconds": 5546.375, "operation": "bank_forward", "completed": 1, "total": 437, "site": 2}
{"stage": "whole_backward", "arm": "B", "counter": 45, "durable": 39, "seconds": 5561.641000000003, "operation": "bank_forward", "completed": 1, "total": 471, "site": 0}
{"stage": "update_complete", "arm": "B", "counter": 46, "durable": 39, "seconds": 5582.108999999997, "id": "broad_fit_smol_rewrite_004", "new_index": 19, "gradient_norm": 51.88416559520244}
{"stage": "whole_forward", "arm": "B", "counter": 46, "durable": 39, "seconds": 5583.093999999983, "operation": "bank_forward", "completed": 1, "total": 573, "site": 0}
{"stage": "whole_forward", "arm": "B", "counter": 46, "durable": 39, "seconds": 5598.2029999999795, "operation": "bank_forward", "completed": 513, "total": 584, "site": 3}
{"stage": "whole_forward", "arm": "B", "counter": 46, "durable": 39, "seconds": 5604.311999999976, "operation": "forward_complete", "new_index": 20, "id": "broad_fit_smol_rewrite_015", "KL": 6.791838645935059, "aux": 0.7808849215507507, "loss": 7.572723388671875}
{"stage": "whole_backward", "arm": "B", "counter": 46, "durable": 39, "seconds": 5613.468999999983, "operation": "bank_backward", "completed": 65, "total": 449, "site": 4}
{"stage": "whole_backward", "arm": "B", "counter": 46, "durable": 39, "seconds": 5628.8279999999795, "operation": "bank_forward", "completed": 257, "total": 639, "site": 2}
{"stage": "whole_backward", "arm": "B", "counter": 46, "durable": 39, "seconds": 5644.0, "operation": "bank_backward", "completed": 321, "total": 631, "site": 1}
{"stage": "update_complete", "arm": "B", "counter": 47, "durable": 39, "seconds": 5668.4529999999795, "id": "broad_fit_smol_rewrite_015", "new_index": 20, "gradient_norm": 40.25749863574795}
{"stage": "whole_forward", "arm": "B", "counter": 47, "durable": 39, "seconds": 5669.311999999976, "operation": "bank_forward", "completed": 1, "total": 583, "site": 0}
{"stage": "whole_forward", "arm": "B", "counter": 47, "durable": 39, "seconds": 5684.5779999999795, "operation": "bank_forward", "completed": 65, "total": 450, "site": 4}
{"stage": "whole_forward", "arm": "B", "counter": 47, "durable": 39, "seconds": 5689.561999999976, "operation": "forward_complete", "new_index": 21, "id": "broad_fit_smol_summarize_003", "KL": 7.286149501800537, "aux": 0.8358018398284912, "loss": 8.12195110321045}
{"stage": "whole_backward", "arm": "B", "counter": 47, "durable": 39, "seconds": 5700.061999999976, "operation": "bank_backward", "completed": 129, "total": 450, "site": 4}
{"stage": "whole_backward", "arm": "B", "counter": 47, "durable": 39, "seconds": 5715.436999999976, "operation": "bank_forward", "completed": 1, "total": 633, "site": 2}
{"stage": "whole_backward", "arm": "B", "counter": 47, "durable": 39, "seconds": 5730.811999999976, "operation": "bank_backward", "completed": 65, "total": 633, "site": 1}
{"stage": "whole_backward", "arm": "B", "counter": 47, "durable": 39, "seconds": 5745.936999999976, "operation": "bank_backward", "completed": 577, "total": 583, "site": 0}
{"stage": "update_complete", "arm": "B", "counter": 48, "durable": 39, "seconds": 5760.2029999999795, "id": "broad_fit_smol_summarize_003", "new_index": 21, "gradient_norm": 52.24583069419852}
{"stage": "whole_forward", "arm": "B", "counter": 48, "durable": 39, "seconds": 5761.281000000017, "operation": "bank_forward", "completed": 65, "total": 515, "site": 0}
{"stage": "whole_forward", "arm": "B", "counter": 48, "durable": 39, "seconds": 5775.983999999997, "operation": "forward_complete", "new_index": 22, "id": "broad_fit_smol_summarize_024", "KL": 6.004248142242432, "aux": 0.8217446804046631, "loss": 6.825992584228516}
{"stage": "whole_backward", "arm": "B", "counter": 48, "durable": 39, "seconds": 5776.608999999997, "operation": "bank_forward", "completed": 65, "total": 272, "site": 5}
{"stage": "whole_backward", "arm": "B", "counter": 48, "durable": 39, "seconds": 5792.406000000017, "operation": "bank_forward", "completed": 1, "total": 485, "site": 2}
{"stage": "whole_backward", "arm": "B", "counter": 48, "durable": 39, "seconds": 5807.516000000003, "operation": "bank_forward", "completed": 65, "total": 515, "site": 0}
{"stage": "update_complete", "arm": "B", "counter": 49, "durable": 39, "seconds": 5827.686999999976, "id": "broad_fit_smol_summarize_024", "new_index": 22, "gradient_norm": 53.488525595747376}
{"stage": "whole_forward", "arm": "B", "counter": 49, "durable": 39, "seconds": 5829.0470000000205, "operation": "bank_forward", "completed": 1, "total": 562, "site": 0}
{"stage": "whole_forward", "arm": "B", "counter": 49, "durable": 39, "seconds": 5844.1720000000205, "operation": "bank_forward", "completed": 65, "total": 396, "site": 4}
{"stage": "whole_forward", "arm": "B", "counter": 49, "durable": 39, "seconds": 5848.5779999999795, "operation": "forward_complete", "new_index": 23, "id": "broad_fit_systemchats_30k_010", "KL": 6.45924186706543, "aux": 0.8343875408172607, "loss": 7.2936296463012695}
{"stage": "whole_backward", "arm": "B", "counter": 49, "durable": 39, "seconds": 5859.608999999997, "operation": "bank_backward", "completed": 385, "total": 396, "site": 4}
{"stage": "whole_backward", "arm": "B", "counter": 49, "durable": 39, "seconds": 5874.843999999983, "operation": "bank_forward", "completed": 555, "total": 555, "site": 2}
{"stage": "whole_backward", "arm": "B", "counter": 49, "durable": 39, "seconds": 5892.0470000000205, "operation": "bank_forward", "completed": 1, "total": 562, "site": 0}
{"stage": "update_complete", "arm": "B", "counter": 50, "durable": 39, "seconds": 5915.968999999983, "id": "broad_fit_systemchats_30k_010", "new_index": 23, "gradient_norm": 53.153996702786706}
{"stage": "whole_forward", "arm": "B", "counter": 50, "durable": 39, "seconds": 5916.75, "operation": "bank_forward", "completed": 1, "total": 545, "site": 0}
{"stage": "whole_forward", "arm": "B", "counter": 50, "durable": 39, "seconds": 5931.8279999999795, "operation": "bank_forward", "completed": 257, "total": 319, "site": 5}
{"stage": "whole_forward", "arm": "B", "counter": 50, "durable": 39, "seconds": 5932.375, "operation": "forward_complete", "new_index": 24, "id": "broad_fit_systemchats_30k_024", "KL": 6.067817211151123, "aux": 0.8320938348770142, "loss": 6.899910926818848}
{"stage": "whole_backward", "arm": "B", "counter": 50, "durable": 39, "seconds": 5947.233999999997, "operation": "bank_backward", "completed": 193, "total": 447, "site": 3}
{"stage": "whole_backward", "arm": "B", "counter": 50, "durable": 39, "seconds": 5962.406000000017, "operation": "bank_backward", "completed": 193, "total": 503, "site": 1}
{"stage": "update_complete", "arm": "B", "counter": 51, "durable": 39, "seconds": 5985.266000000003, "id": "broad_fit_systemchats_30k_024", "new_index": 24, "gradient_norm": 33.54807478926144}
{"stage": "durable_snapshot", "arm": "B", "counter": 51, "durable": 51, "snapshot": {"path": "D:\\_THINGS\\Progetti\\SiliconLLM\\results\\native_expert_scaling\\original_joint_history_recovery_20261009\\B.actual051.pt", "bytes": 8652211962, "sha256": "a824d520126e382ffb51c57750a810a989852d3de8896a60bc90019f9b54224f"}, "save_seconds": 114.60899999999674}
{"stage": "native_DEV_milestone", "arm": "B", "counter": 51, "durable": 51, "seconds": 6121.608999999997, "operation": "native_DEV", "prefix": "B.actual051", "id": "broad_dev_apigen_80k_034", "cases": 1, "KL": 5.609317936118366}
{"stage": "native_DEV_milestone", "arm": "B", "counter": 51, "durable": 51, "seconds": 6142.483999999997, "operation": "native_DEV", "prefix": "B.actual051", "id": "broad_dev_apigen_80k_033", "cases": 2, "KL": 6.309813909752305}
{"stage": "native_DEV_milestone", "arm": "B", "counter": 51, "durable": 51, "seconds": 6146.936999999976, "operation": "native_DEV", "prefix": "B.actual051", "id": "broad_dev_everyday_conversations_036", "cases": 3, "KL": 6.309335263276561}
{"stage": "native_DEV_milestone", "arm": "B", "counter": 51, "durable": 51, "seconds": 6153.343999999983, "operation": "native_DEV", "prefix": "B.actual051", "id": "broad_dev_everyday_conversations_033", "cases": 4, "KL": 6.278150319167647}
{"stage": "native_DEV_milestone", "arm": "B", "counter": 51, "durable": 51, "seconds": 6155.625, "operation": "native_DEV", "prefix": "B.actual051", "id": "broad_dev_explore_instruct_rewriting_035", "cases": 5, "KL": 7.161329030268099}
{"stage": "native_DEV_milestone", "arm": "B", "counter": 51, "durable": 51, "seconds": 6160.6720000000205, "operation": "native_DEV", "prefix": "B.actual051", "id": "broad_dev_explore_instruct_rewriting_038", "cases": 6, "KL": 6.883315952031955}
{"stage": "native_DEV_milestone", "arm": "B", "counter": 51, "durable": 51, "seconds": 6169.843999999983, "operation": "native_DEV", "prefix": "B.actual051", "id": "broad_dev_metamathqa_50k_035", "cases": 7, "KL": 5.616101834688727}
{"stage": "native_DEV_milestone", "arm": "B", "counter": 51, "durable": 51, "seconds": 6179.875, "operation": "native_DEV", "prefix": "B.actual051", "id": "broad_dev_metamathqa_50k_037", "cases": 8, "KL": 5.471591198765985}
{"stage": "native_DEV_milestone", "arm": "B", "counter": 51, "durable": 51, "seconds": 6188.266000000003, "operation": "native_DEV", "prefix": "B.actual051", "id": "broad_dev_numina_cot_100k_038", "cases": 9, "KL": 4.460359767788068}
{"stage": "native_DEV_milestone", "arm": "B", "counter": 51, "durable": 51, "seconds": 6196.233999999997, "operation": "native_DEV", "prefix": "B.actual051", "id": "broad_dev_numina_cot_100k_035", "cases": 10, "KL": 5.6016103648229425}
{"stage": "native_DEV_milestone", "arm": "B", "counter": 51, "durable": 51, "seconds": 6206.875, "operation": "native_DEV", "prefix": "B.actual051", "id": "broad_dev_openhermes_100k_034", "cases": 11, "KL": 7.261770326123822}
{"stage": "native_DEV_milestone", "arm": "B", "counter": 51, "durable": 51, "seconds": 6215.186999999976, "operation": "native_DEV", "prefix": "B.actual051", "id": "broad_dev_openhermes_100k_037", "cases": 12, "KL": 6.412094973303741}
{"stage": "native_DEV_milestone", "arm": "B", "counter": 51, "durable": 51, "seconds": 6222.7029999999795, "operation": "native_DEV", "prefix": "B.actual051", "id": "broad_dev_self_oss_instruct_036", "cases": 13, "KL": 6.6761951047090164}
{"stage": "native_DEV_milestone", "arm": "B", "counter": 51, "durable": 51, "seconds": 6234.6720000000205, "operation": "native_DEV", "prefix": "B.actual051", "id": "broad_dev_self_oss_instruct_033", "cases": 14, "KL": 6.134592927764854}
{"stage": "native_DEV_milestone", "arm": "B", "counter": 51, "durable": 51, "seconds": 6237.093999999983, "operation": "native_DEV", "prefix": "B.actual051", "id": "broad_dev_smol_constraints_035", "cases": 15, "KL": 7.0854362680173155}
{"stage": "native_DEV_milestone", "arm": "B", "counter": 51, "durable": 51, "seconds": 6244.125, "operation": "native_DEV", "prefix": "B.actual051", "id": "broad_dev_smol_constraints_034", "cases": 16, "KL": 7.051721644660827}
{"stage": "native_DEV_milestone", "arm": "B", "counter": 51, "durable": 51, "seconds": 6268.186999999976, "operation": "native_DEV", "prefix": "B.actual051", "id": "broad_dev_smol_magpie_ultra_034", "cases": 17, "KL": 6.5329034770141}
{"stage": "native_DEV_milestone", "arm": "B", "counter": 51, "durable": 51, "seconds": 6291.3279999999795, "operation": "native_DEV", "prefix": "B.actual051", "id": "broad_dev_smol_magpie_ultra_036", "cases": 18, "KL": 7.23009190647733}
{"stage": "native_DEV_milestone", "arm": "B", "counter": 51, "durable": 51, "seconds": 6297.3279999999795, "operation": "native_DEV", "prefix": "B.actual051", "id": "broad_dev_smol_rewrite_036", "cases": 19, "KL": 6.010053078798551}
{"stage": "native_DEV_milestone", "arm": "B", "counter": 51, "durable": 51, "seconds": 6308.7029999999795, "operation": "native_DEV", "prefix": "B.actual051", "id": "broad_dev_smol_rewrite_032", "cases": 20, "KL": 7.439638943611903}
{"stage": "native_DEV_milestone", "arm": "B", "counter": 51, "durable": 51, "seconds": 6313.281000000017, "operation": "native_DEV", "prefix": "B.actual051", "id": "broad_dev_smol_summarize_034", "cases": 21, "KL": 8.17350654578303}
{"stage": "native_DEV_milestone", "arm": "B", "counter": 51, "durable": 51, "seconds": 6328.686999999976, "operation": "native_DEV", "prefix": "B.actual051", "id": "broad_dev_smol_summarize_039", "cases": 22, "KL": 7.869540465485235}
{"stage": "native_DEV_milestone", "arm": "B", "counter": 51, "durable": 51, "seconds": 6333.891000000003, "operation": "native_DEV", "prefix": "B.actual051", "id": "broad_dev_systemchats_30k_039", "cases": 23, "KL": 6.674724953954084}
{"stage": "native_DEV_milestone", "arm": "B", "counter": 51, "durable": 51, "seconds": 6346.093999999983, "operation": "native_DEV", "prefix": "B.actual051", "id": "broad_dev_systemchats_30k_034", "cases": 24, "KL": 6.133562672048732}
{"stage": "final_auxiliary_DEV", "arm": "B", "counter": 51, "durable": 51, "seconds": 6348.218999999983, "operation": "bank_forward", "completed": 1, "total": 489, "site": 0}
{"stage": "final_auxiliary_DEV", "arm": "B", "counter": 51, "durable": 51, "seconds": 6363.531000000017, "operation": "bank_forward", "completed": 257, "total": 278, "site": 5}
{"stage": "final_auxiliary_DEV", "arm": "B", "counter": 51, "durable": 51, "seconds": 6363.936999999976, "operation": "auxiliary_DEV", "prefix": "B.final", "id": "broad_dev_apigen_80k_034", "cases": 1}
{"stage": "final_auxiliary_DEV", "arm": "B", "counter": 51, "durable": 51, "seconds": 6378.6720000000205, "operation": "bank_forward", "completed": 449, "total": 538, "site": 3}
{"stage": "final_auxiliary_DEV", "arm": "B", "counter": 51, "durable": 51, "seconds": 6385.561999999976, "operation": "auxiliary_DEV", "prefix": "B.final", "id": "broad_dev_apigen_80k_033", "cases": 2}
{"stage": "final_auxiliary_DEV", "arm": "B", "counter": 51, "durable": 51, "seconds": 6394.031000000017, "operation": "bank_forward", "completed": 257, "total": 298, "site": 3}
{"stage": "final_auxiliary_DEV", "arm": "B", "counter": 51, "durable": 51, "seconds": 6398.936999999976, "operation": "auxiliary_DEV", "prefix": "B.final", "id": "broad_dev_everyday_conversations_036", "cases": 3}
{"stage": "final_auxiliary_DEV", "arm": "B", "counter": 51, "durable": 51, "seconds": 6409.281000000017, "operation": "bank_forward", "completed": 129, "total": 451, "site": 3}
{"stage": "final_auxiliary_DEV", "arm": "B", "counter": 51, "durable": 51, "seconds": 6416.858999999997, "operation": "auxiliary_DEV", "prefix": "B.final", "id": "broad_dev_everyday_conversations_033", "cases": 4}
{"stage": "final_auxiliary_DEV", "arm": "B", "counter": 51, "durable": 51, "seconds": 6423.9220000000205, "operation": "auxiliary_DEV", "prefix": "B.final", "id": "broad_dev_explore_instruct_rewriting_035", "cases": 5}
{"stage": "final_auxiliary_DEV", "arm": "B", "counter": 51, "durable": 51, "seconds": 6424.641000000003, "operation": "bank_forward", "completed": 65, "total": 538, "site": 0}
{"stage": "final_auxiliary_DEV", "arm": "B", "counter": 51, "durable": 51, "seconds": 6439.7970000000205, "operation": "bank_forward", "completed": 193, "total": 305, "site": 5}
{"stage": "final_auxiliary_DEV", "arm": "B", "counter": 51, "durable": 51, "seconds": 6441.281000000017, "operation": "auxiliary_DEV", "prefix": "B.final", "id": "broad_dev_explore_instruct_rewriting_038", "cases": 6}
{"stage": "final_auxiliary_DEV", "arm": "B", "counter": 51, "durable": 51, "seconds": 6453.0779999999795, "operation": "auxiliary_DEV", "prefix": "B.final", "id": "broad_dev_metamathqa_50k_035", "cases": 7}
{"stage": "final_auxiliary_DEV", "arm": "B", "counter": 51, "durable": 51, "seconds": 6455.718999999983, "operation": "bank_forward", "completed": 193, "total": 449, "site": 0}
{"stage": "final_auxiliary_DEV", "arm": "B", "counter": 51, "durable": 51, "seconds": 6469.186999999976, "operation": "auxiliary_DEV", "prefix": "B.final", "id": "broad_dev_metamathqa_50k_037", "cases": 8}
{"stage": "final_auxiliary_DEV", "arm": "B", "counter": 51, "durable": 51, "seconds": 6471.108999999997, "operation": "bank_forward", "completed": 193, "total": 340, "site": 0}
{"stage": "final_auxiliary_DEV", "arm": "B", "counter": 51, "durable": 51, "seconds": 6481.531000000017, "operation": "auxiliary_DEV", "prefix": "B.final", "id": "broad_dev_numina_cot_100k_038", "cases": 9}
{"stage": "final_auxiliary_DEV", "arm": "B", "counter": 51, "durable": 51, "seconds": 6486.311999999976, "operation": "bank_forward", "completed": 193, "total": 425, "site": 1}
{"stage": "final_auxiliary_DEV", "arm": "B", "counter": 51, "durable": 51, "seconds": 6495.781000000017, "operation": "auxiliary_DEV", "prefix": "B.final", "id": "broad_dev_numina_cot_100k_035", "cases": 10}
{"stage": "final_auxiliary_DEV", "arm": "B", "counter": 51, "durable": 51, "seconds": 6501.436999999976, "operation": "bank_forward", "completed": 257, "total": 510, "site": 1}
{"stage": "final_auxiliary_DEV", "arm": "B", "counter": 51, "durable": 51, "seconds": 6512.4220000000205, "operation": "auxiliary_DEV", "prefix": "B.final", "id": "broad_dev_openhermes_100k_034", "cases": 11}
{"stage": "final_auxiliary_DEV", "arm": "B", "counter": 51, "durable": 51, "seconds": 6516.733999999997, "operation": "bank_forward", "completed": 1, "total": 457, "site": 1}
{"stage": "final_auxiliary_DEV", "arm": "B", "counter": 51, "durable": 51, "seconds": 6528.016000000003, "operation": "auxiliary_DEV", "prefix": "B.final", "id": "broad_dev_openhermes_100k_037", "cases": 12}
{"stage": "final_auxiliary_DEV", "arm": "B", "counter": 51, "durable": 51, "seconds": 6531.936999999976, "operation": "bank_forward", "completed": 1, "total": 378, "site": 1}
{"stage": "final_auxiliary_DEV", "arm": "B", "counter": 51, "durable": 51, "seconds": 6541.5, "operation": "auxiliary_DEV", "prefix": "B.final", "id": "broad_dev_self_oss_instruct_036", "cases": 13}
{"stage": "final_auxiliary_DEV", "arm": "B", "counter": 51, "durable": 51, "seconds": 6547.266000000003, "operation": "bank_forward", "completed": 385, "total": 398, "site": 1}
{"stage": "final_auxiliary_DEV", "arm": "B", "counter": 51, "durable": 51, "seconds": 6556.406000000017, "operation": "auxiliary_DEV", "prefix": "B.final", "id": "broad_dev_self_oss_instruct_033", "cases": 14}
{"stage": "final_auxiliary_DEV", "arm": "B", "counter": 51, "durable": 51, "seconds": 6562.516000000003, "operation": "bank_forward", "completed": 193, "total": 322, "site": 2}
{"stage": "final_auxiliary_DEV", "arm": "B", "counter": 51, "durable": 51, "seconds": 6569.141000000003, "operation": "auxiliary_DEV", "prefix": "B.final", "id": "broad_dev_smol_constraints_035", "cases": 15}
{"stage": "final_auxiliary_DEV", "arm": "B", "counter": 51, "durable": 51, "seconds": 6577.718999999983, "operation": "bank_forward", "completed": 193, "total": 350, "site": 3}
{"stage": "final_auxiliary_DEV", "arm": "B", "counter": 51, "durable": 51, "seconds": 6583.343999999983, "operation": "auxiliary_DEV", "prefix": "B.final", "id": "broad_dev_smol_constraints_034", "cases": 16}
{"stage": "final_auxiliary_DEV", "arm": "B", "counter": 51, "durable": 51, "seconds": 6592.8279999999795, "operation": "bank_forward", "completed": 705, "total": 735, "site": 1}
Traceback (most recent call last):
  File "D:\_THINGS\Progetti\SiliconLLM\benchmarks\native_expert_scaling\original_joint_history_recovery.py", line 386, in <module>
    else:worker(args)
         ^^^^^^^^^^^^
  File "D:\_THINGS\Progetti\SiliconLLM\benchmarks\native_expert_scaling\original_joint_history_recovery.py", line 281, in worker
    final=milestones[-1];stage='final_auxiliary_DEV';aux_result=auxiliary_dev(arm+'.final')
                                                                ^^^^^^^^^^^^^^^^^^^^^^^^^^^
  File "D:\_THINGS\Progetti\SiliconLLM\benchmarks\native_expert_scaling\original_joint_history_recovery.py", line 173, in auxiliary_dev
    logits,aux,terms=model(ids,torch.empty(0,dtype=torch.long,device='cuda'),target);torch.cuda.synchronize()
                     ^^^^^^^^^^^^^^^^^^^^^^^^^^^^^^^^^^^^^^^^^^^^^^^^^^^^^^^^^^^^^^^
  File "D:\_THINGS\Progetti\SiliconLLM\results\native_expert_scaling\chatbot_source_runtime\site\torch\nn\modules\module.py", line 1739, in _wrapped_call_impl
    return self._call_impl(*args, **kwargs)
           ^^^^^^^^^^^^^^^^^^^^^^^^^^^^^^^^
  File "D:\_THINGS\Progetti\SiliconLLM\results\native_expert_scaling\chatbot_source_runtime\site\torch\nn\modules\module.py", line 1750, in _call_impl
    return forward_call(*args, **kwargs)
           ^^^^^^^^^^^^^^^^^^^^^^^^^^^^^
  File "D:\_THINGS\Progetti\SiliconLLM\benchmarks\native_expert_scaling\original_joint_history_learner.py", line 28, in forward
    x=checkpoint(block,x,use_reentrant=False,preserve_rng_state=True) if self.use_checkpoint and torch.is_grad_enabled() else block(x)
                                                                                                                              ^^^^^^^^
  File "D:\_THINGS\Progetti\SiliconLLM\results\native_expert_scaling\chatbot_source_runtime\site\torch\nn\modules\module.py", line 1739, in _wrapped_call_impl
    return self._call_impl(*args, **kwargs)
           ^^^^^^^^^^^^^^^^^^^^^^^^^^^^^^^^
  File "D:\_THINGS\Progetti\SiliconLLM\results\native_expert_scaling\chatbot_source_runtime\site\torch\nn\modules\module.py", line 1750, in _call_impl
    return forward_call(*args, **kwargs)
           ^^^^^^^^^^^^^^^^^^^^^^^^^^^^^
  File "D:\_THINGS\Progetti\SiliconLLM\benchmarks\native_expert_scaling\original_tensor_learner.py", line 152, in forward
    return x+self.bank(norm(x,self.organs['ff_norm']))
             ^^^^^^^^^^^^^^^^^^^^^^^^^^^^^^^^^^^^^^^^^
  File "D:\_THINGS\Progetti\SiliconLLM\results\native_expert_scaling\chatbot_source_runtime\site\torch\nn\modules\module.py", line 1739, in _wrapped_call_impl
    return self._call_impl(*args, **kwargs)
           ^^^^^^^^^^^^^^^^^^^^^^^^^^^^^^^^
  File "D:\_THINGS\Progetti\SiliconLLM\results\native_expert_scaling\chatbot_source_runtime\site\torch\nn\modules\module.py", line 1750, in _call_impl
    return forward_call(*args, **kwargs)
           ^^^^^^^^^^^^^^^^^^^^^^^^^^^^^
  File "D:\_THINGS\Progetti\SiliconLLM\benchmarks\native_expert_scaling\original_falcon_learner.py", line 97, in forward
    return StreamBank.apply(xf,mass,ids,self.gate,self.up,self.down,
           ^^^^^^^^^^^^^^^^^^^^^^^^^^^^^^^^^^^^^^^^^^^^^^^^^^^^^^^^^
  File "D:\_THINGS\Progetti\SiliconLLM\results\native_expert_scaling\chatbot_source_runtime\site\torch\autograd\function.py", line 575, in apply
    return super().apply(*args, **kwargs)  # type: ignore[misc]
           ^^^^^^^^^^^^^^^^^^^^^^^^^^^^^^
  File "D:\_THINGS\Progetti\SiliconLLM\benchmarks\native_expert_scaling\original_falcon_learner.py", line 57, in forward
    progress('bank_forward',ordinal+1,len(grouped))
  File "D:\_THINGS\Progetti\SiliconLLM\benchmarks\native_expert_scaling\original_joint_history_recovery.py", line 222, in <lambda>
    for site,layer in enumerate(model.layers):layer.bank.progress=lambda mode,n,total,site=site:progress(mode,n,total,site)
                                                                                                ^^^^^^^^^^^^^^^^^^^^^^^^^^^
  File "D:\_THINGS\Progetti\SiliconLLM\benchmarks\native_expert_scaling\original_joint_history_recovery.py", line 112, in progress
    guard()
  File "D:\_THINGS\Progetti\SiliconLLM\benchmarks\native_expert_scaling\original_joint_history_recovery.py", line 104, in guard
    lim=b['limits'];assert time.monotonic()-start<=lim['seconds']-(lim['reserve_seconds'] if reserve else 0),'reserve/deadline'
                           ^^^^^^^^^^^^^^^^^^^^^^^^^^^^^^^^^^^^^^^^^^^^^^^^^^^^^^^^^^^^^^^^^^^^^^^^^^^^^^^^^
AssertionError: reserve/deadline
